setup_id,cash_log_id,weights,prediction_type,predicted_variant,recommended_algorithm,chosen_config_hash,n_train_instances,real_score,full_best_score,full_worst_score,action_best_score,action_worst_score,regret_full,regret_action,accuracy_full,accuracy_action,rank_full,rank_action,n_full_configs,n_action_configs,predicted_composite
B0_apdtm_cls_apdtm_features_original,bpi2013_closed_problems,equal,variant,IM,inductive_miner_im,8f8f99e301cae23f,800,0.8326648346142267,0.9163782860150956,0.0,0.8856717323021799,0.7989866614480718,0.083713451400869,0.0530068976879531,0.90864749560479,0.3885118029474256,104,3,196,5,
B0_apdtm_cls_apdtm_features_original,bpi2013_closed_problems,fitn,variant,IM,inductive_miner_im,8f8f99e301cae23f,800,1.0,1.0,0.0,1.0,0.6403632397723371,0.0,0.0,1.0,1.0,1,1,196,5,
B0_apdtm_cls_apdtm_features_original,bpi2013_closed_problems,prec,variant,IM,inductive_miner_im,8f8f99e301cae23f,800,0.793213587855103,1.0,0.0,1.0,0.7923798798798799,0.206786412144897,0.206786412144897,0.793213587855103,0.0040155451925407,185,3,196,5,
B0_apdtm_cls_apdtm_features_original,bpi2013_closed_problems,gene,variant,IM,inductive_miner_im,8f8f99e301cae23f,800,0.8770683921112377,0.9751741745874558,0.0,0.9417621438127408,0.7139696253234955,0.0981057824762181,0.0646937517015031,0.8993966564816778,0.7159970304092427,50,3,196,5,
B0_apdtm_cls_apdtm_features_original,bpi2013_closed_problems,simp,variant,IM,inductive_miner_im,8f8f99e301cae23f,800,0.6603773584905661,1.0,0.0,1.0,0.6190476190476191,0.3396226415094339,0.3396226415094339,0.6603773584905661,0.1084905660377359,171,3,196,5,
B0_apdtm_cls_apdtm_features_original,bpi2013_closed_problems,fit+pre,variant,IM,inductive_miner_im,8f8f99e301cae23f,800,0.8966067939275515,0.9833244744389686,0.0,0.9314647007105864,0.8201816198861686,0.0867176805114171,0.0348579067830349,0.9118117338014052,0.6867636434505833,85,2,196,5,
B0_apdtm_cls_apdtm_features_original,bpi2013_closed_problems,fit+gen,variant,IM,inductive_miner_im,8f8f99e301cae23f,800,0.9385341960556188,0.9768396200213344,0.0,0.9708810719063704,0.7713434646043598,0.0383054239657154,0.0323468758507515,0.9607863735452512,0.8378908302644279,24,2,196,5,
B0_apdtm_cls_apdtm_features_original,bpi2013_closed_problems,fit+sim,variant,IM,inductive_miner_im,8f8f99e301cae23f,800,0.8301886792452831,0.8813768133238105,0.0,0.8421052631578947,0.8067735718489487,0.0511881340785274,0.0119165839126116,0.9419225315384814,0.6627225170623418,53,2,196,5,
B0_apdtm_cls_apdtm_features_original,bpi2013_closed_problems,pre+gen,variant,IM,inductive_miner_im,8f8f99e301cae23f,800,0.8351409899831703,0.9873630729568104,0.0,0.9511618447181912,0.791199751047195,0.15222208297364,0.1160208547350208,0.8458296779139333,0.2746978232627535,158,3,196,5,
B0_apdtm_cls_apdtm_features_original,bpi2013_closed_problems,pre+sim,variant,IM,inductive_miner_im,8f8f99e301cae23f,800,0.7267954731728345,1.0,0.0,1.0,0.7267954731728345,0.2732045268271654,0.2732045268271654,0.7267954731728345,0.0,181,4,196,5,
B0_apdtm_cls_apdtm_features_original,bpi2013_closed_problems,gen+sim,variant,IM,inductive_miner_im,8f8f99e301cae23f,800,0.7687228753009019,0.987587087293728,0.0,0.9511618447181912,0.6665086221855573,0.218864211992826,0.1824389694172893,0.7783848991053773,0.3590834215959958,148,3,196,5,
B0_apdtm_cls_apdtm_features_original,bpi2013_closed_problems,mix-fit,variant,IM,inductive_miner_im,8f8f99e301cae23f,800,0.8577463872657678,0.934116875905002,0.0,0.8687322836083959,0.8463776648525732,0.0763704886392343,0.0109858963426281,0.91824311217454,0.5085625721187211,84,2,196,5,
B0_apdtm_cls_apdtm_features_original,bpi2013_closed_problems,mix-prec,variant,IM,inductive_miner_im,8f8f99e301cae23f,800,0.8464436886244692,0.9478472946591556,0.0,0.8987697547853822,0.822367505140224,0.1014036060346864,0.052326066160913,0.8930169378484633,0.3151240126575368,108,3,196,5,
B0_apdtm_cls_apdtm_features_original,bpi2013_closed_problems,mix-simp,variant,IM,inductive_miner_im,8f8f99e301cae23f,800,0.8188859806039843,0.8876203584183078,0.0,0.8725737098189776,0.7756058177559197,0.0687343778143234,0.0536877292149933,0.9225633153155652,0.4463349870482863,71,3,196,5,
B0_apdtm_cls_apdtm_features_original,bpi2013_closed_problems,mix-gen,variant,IM,inductive_miner_im,8f8f99e301cae23f,800,0.8075832819626856,0.9265291608189076,0.0,0.9249657997517868,0.7444380636628907,0.1189458788562221,0.1173825177891012,0.8716220882340148,0.3497812561539059,147,3,196,5,
B0_apdtm_cls_apdtm_features_original,bpi2013_incidents,equal,variant,AM,alpha_miner_classic,ed85abd9c8a01ce2,800,0.6771578170832514,0.922771311384078,0.0,0.8512319772476271,0.6771578170832514,0.2456134943008264,0.1740741601643757,0.7338305913169024,0.0,178,5,196,5,
B0_apdtm_cls_apdtm_features_original,bpi2013_incidents,fitn,variant,AM,alpha_miner_classic,ed85abd9c8a01ce2,800,0.2261167659340351,1.0,0.0,1.0,0.2261167659340351,0.7738832340659649,0.7738832340659649,0.2261167659340351,0.0,179,5,196,5,
B0_apdtm_cls_apdtm_features_original,bpi2013_incidents,prec,variant,AM,alpha_miner_classic,ed85abd9c8a01ce2,800,0.6000158860441103,1.0,0.0,0.8850810072924525,0.6000158860441103,0.3999841139558897,0.2850651212483422,0.6000158860441103,0.0,177,5,196,5,
B0_apdtm_cls_apdtm_features_original,bpi2013_incidents,gene,variant,AM,alpha_miner_classic,ed85abd9c8a01ce2,800,0.8824986163548602,0.9924026869731328,0.0,0.9374222306098524,0.871132170779936,0.1099040706182726,0.0549236142549922,0.8892545616200572,0.1714653087368996,143,3,196,5,
B0_apdtm_cls_apdtm_features_original,bpi2013_incidents,simp,variant,AM,alpha_miner_classic,ed85abd9c8a01ce2,800,1.0,1.0,0.0,1.0,0.6216216216216216,0.0,0.0,1.0,1.0,1,1,196,5,
B0_apdtm_cls_apdtm_features_original,bpi2013_incidents,fit+pre,variant,AM,alpha_miner_classic,ed85abd9c8a01ce2,800,0.4130663259890726,0.9765794350540196,0.0,0.9404450614048588,0.4130663259890726,0.5635131090649469,0.5273787354157861,0.4229725828357463,0.0,180,5,196,5,
B0_apdtm_cls_apdtm_features_original,bpi2013_incidents,fit+gen,variant,AM,alpha_miner_classic,ed85abd9c8a01ce2,800,0.5543076911444477,0.9948630084104292,0.0,0.9687111153049262,0.5543076911444477,0.4405553172659814,0.4144034241604785,0.5571698680706891,0.0,179,5,196,5,
B0_apdtm_cls_apdtm_features_original,bpi2013_incidents,fit+sim,variant,AM,alpha_miner_classic,ed85abd9c8a01ce2,800,0.6130583829670175,0.8762171658937965,0.0,0.8421052631578947,0.6130583829670175,0.2631587829267789,0.2290468801908771,0.6996648854073287,0.0,172,5,196,5,
B0_apdtm_cls_apdtm_features_original,bpi2013_incidents,pre+gen,variant,AM,alpha_miner_classic,ed85abd9c8a01ce2,800,0.7412572511994853,0.9962013434865664,0.0,0.893748585925811,0.7412572511994853,0.2549440922870811,0.1524913347263257,0.7440837698583981,0.0,172,5,196,5,
B0_apdtm_cls_apdtm_features_original,bpi2013_incidents,pre+sim,variant,AM,alpha_miner_classic,ed85abd9c8a01ce2,800,0.8000079430220551,1.0,0.0,0.8000079430220551,0.6462487440701031,0.1999920569779448,0.0,0.8000079430220551,1.0,111,1,196,5,
B0_apdtm_cls_apdtm_features_original,bpi2013_incidents,gen+sim,variant,AM,alpha_miner_classic,ed85abd9c8a01ce2,800,0.94124930817743,0.9962013434865664,0.0,0.94124930817743,0.7620188930903955,0.0549520353091363,0.0,0.944838424813992,1.0,4,1,196,5,
B0_apdtm_cls_apdtm_features_original,bpi2013_incidents,mix-fit,variant,AM,alpha_miner_classic,ed85abd9c8a01ce2,800,0.5587013338223332,0.9349837317539984,0.0,0.8784138891748832,0.5587013338223332,0.376282397931665,0.3197125553525499,0.597551930421536,0.0,180,5,196,5,
B0_apdtm_cls_apdtm_features_original,bpi2013_incidents,mix-prec,variant,AM,alpha_miner_classic,ed85abd9c8a01ce2,800,0.6499792925109092,0.9521545943141788,0.0,0.8860812375503471,0.6499792925109092,0.3021753018032695,0.2361019450394378,0.6826405043805712,0.0,178,5,196,5,
B0_apdtm_cls_apdtm_features_original,bpi2013_incidents,mix-simp,variant,AM,alpha_miner_classic,ed85abd9c8a01ce2,800,0.7043363416555937,0.893388028453977,0.0,0.8237417114451061,0.7043363416555937,0.1890516867983833,0.1194053697895124,0.788387933599759,0.0,172,5,196,5,
B0_apdtm_cls_apdtm_features_original,bpi2013_incidents,mix-gen,variant,AM,alpha_miner_classic,ed85abd9c8a01ce2,800,0.7956143003441696,0.9176337438459292,0.0,0.8240500653203712,0.7736190326066823,0.1220194435017596,0.0284357649762015,0.8670281642103097,0.436145495222368,159,3,196,5,
B0_apdtm_cls_apdtm_features_original,bpi2013_open_problems,equal,variant,IM,inductive_miner_im,16728b2313b05e00,801,0.8830533310680836,0.9162455491114012,0.0,0.9162455491114012,0.7971612190845068,0.0331922180433176,0.0331922180433176,0.9637736651757728,0.7212713206194185,21,2,196,5,
B0_apdtm_cls_apdtm_features_original,bpi2013_open_problems,fitn,variant,IM,inductive_miner_im,16728b2313b05e00,801,1.0,1.0,0.0,1.0,0.5167192429022083,0.0,0.0,1.0,1.0,1,1,196,5,
B0_apdtm_cls_apdtm_features_original,bpi2013_open_problems,prec,variant,IM,inductive_miner_im,16728b2313b05e00,801,0.9065645824471856,1.0,0.0,1.0,0.9065645824471856,0.0934354175528143,0.0934354175528143,0.9065645824471856,0.0,170,4,196,5,
B0_apdtm_cls_apdtm_features_original,bpi2013_open_problems,gene,variant,IM,inductive_miner_im,16728b2313b05e00,801,0.933341049517457,0.9656228232165908,0.0,0.96197551956781,0.8611132579521872,0.0322817736991337,0.028634470050353,0.9665689615831576,0.7161032323518933,64,3,196,5,
B0_apdtm_cls_apdtm_features_original,bpi2013_open_problems,simp,variant,IM,inductive_miner_im,16728b2313b05e00,801,0.6923076923076922,1.0,0.0,0.7391304347826086,0.625,0.3076923076923078,0.0468227424749164,0.6923076923076922,0.5897435897435889,97,3,196,5,
B0_apdtm_cls_apdtm_features_original,bpi2013_open_problems,fit+pre,variant,IM,inductive_miner_im,16728b2313b05e00,801,0.9532822912235928,0.9819381210475931,0.0,0.9819381210475931,0.7583596214511041,0.0286558298240005,0.0286558298240005,0.9708170716567875,0.871831012929606,44,3,196,5,
B0_apdtm_cls_apdtm_features_original,bpi2013_open_problems,fit+gen,variant,IM,inductive_miner_im,16728b2313b05e00,801,0.9666705247587284,0.9828114116082952,0.0,0.975860335679935,0.7371795810261562,0.0161408868495668,0.0091898109212065,0.9835768219020234,0.96149747835959,18,2,196,5,
B0_apdtm_cls_apdtm_features_original,bpi2013_open_problems,fit+sim,variant,IM,inductive_miner_im,16728b2313b05e00,801,0.846153846153846,0.8644377932873344,0.0,0.8644377932873344,0.6155024785939613,0.0182839471334883,0.0182839471334883,0.9788487416035374,0.9265514129403069,3,2,196,5,
B0_apdtm_cls_apdtm_features_original,bpi2013_open_problems,pre+gen,variant,IM,inductive_miner_im,16728b2313b05e00,801,0.9199528159823214,0.9793652708841788,0.0,0.978819959575052,0.9115847807508796,0.0594124549018574,0.0588671435927307,0.939335754832087,0.124459180116487,69,3,196,5,
B0_apdtm_cls_apdtm_features_original,bpi2013_open_problems,pre+sim,variant,IM,inductive_miner_im,16728b2313b05e00,801,0.7994361373774389,0.9951923076923076,0.0,0.8571428571428572,0.7935281517747859,0.1957561703148688,0.0577067197654183,0.8032981477029337,0.0928713819936718,147,3,196,5,
B0_apdtm_cls_apdtm_features_original,bpi2013_open_problems,gen+sim,variant,IM,inductive_miner_im,16728b2313b05e00,801,0.8128243709125746,0.978819959575052,0.0,0.8505529771752094,0.7430566289760936,0.1659955886624774,0.0377286062626347,0.8304125421241478,0.6490242980835969,58,3,196,5,
B0_apdtm_cls_apdtm_features_original,bpi2013_open_problems,mix-fit,variant,IM,inductive_miner_im,16728b2313b05e00,801,0.90376501814744,0.9321610267210648,0.0,0.9321610267210648,0.7453088319330367,0.0283960085736247,0.0283960085736247,0.969537442824112,0.8480295690086046,29,2,196,5,
B0_apdtm_cls_apdtm_features_original,bpi2013_open_problems,mix-prec,variant,IM,inductive_miner_im,16728b2313b05e00,801,0.9118589170648804,0.9501071658282664,0.0,0.9501071658282664,0.8620643957540444,0.0382482487633859,0.0382482487633859,0.959743226723227,0.5655719517781894,46,2,196,5,
B0_apdtm_cls_apdtm_features_original,bpi2013_open_problems,mix-simp,variant,IM,inductive_miner_im,16728b2313b05e00,801,0.8542477450712869,0.8823839323945362,0.0,0.8823839323945362,0.7322580424149691,0.0281361873232492,0.0281361873232492,0.9681134409973948,0.812582710902971,13,2,196,5,
B0_apdtm_cls_apdtm_features_original,bpi2013_open_problems,mix-gen,variant,IM,inductive_miner_im,16728b2313b05e00,801,0.8623416439887276,0.9253321454132266,0.0,0.9003300715017378,0.823835292661598,0.062990501424499,0.0379884275130102,0.931926604153183,0.5033853540200546,50,2,196,5,
B0_apdtm_cls_apdtm_features_original,bpi2017,equal,variant,AM,alpha_miner_classic,9a9cd65c1066e3fa,801,0.5001675983519174,0.8802301190425359,0.0,0.7897159833979309,0.5001675983519174,0.3800625206906185,0.2895483850460135,0.5682236809801182,0.0,176,5,196,5,
B0_apdtm_cls_apdtm_features_original,bpi2017,fitn,variant,AM,alpha_miner_classic,9a9cd65c1066e3fa,801,0.495774473479623,1.0,0.0,1.0,0.495774473479623,0.504225526520377,0.504225526520377,0.495774473479623,0.0,176,5,196,5,
B0_apdtm_cls_apdtm_features_original,bpi2017,prec,variant,AM,alpha_miner_classic,9a9cd65c1066e3fa,801,0.1259019512485154,0.9982184707429071,0.0,0.9977548056712652,0.1259019512485154,0.8723165194943918,0.8718528544227497,0.1261266495648142,0.0,176,5,196,5,
B0_apdtm_cls_apdtm_features_original,bpi2017,gene,variant,AM,alpha_miner_classic,9a9cd65c1066e3fa,801,0.9869939686795314,0.99095165942404,0.0,0.988416241415834,0.8436482021383097,0.0039576907445085,0.0014222727363025,0.9960061717371674,0.9901755059790784,19,2,196,5,
B0_apdtm_cls_apdtm_features_original,bpi2017,simp,variant,AM,alpha_miner_classic,9a9cd65c1066e3fa,801,0.392,0.7701149425287357,0.0,0.6170212765957447,0.392,0.3781149425287357,0.2250212765957446,0.5090149253731343,0.0,165,5,196,5,
B0_apdtm_cls_apdtm_features_original,bpi2017,fit+pre,variant,AM,alpha_miner_classic,9a9cd65c1066e3fa,801,0.3108382123640691,0.9550451175767803,0.0,0.9168671249859665,0.3108382123640691,0.6442069052127113,0.6060289126218972,0.3254696627869829,0.0,176,5,196,5,
B0_apdtm_cls_apdtm_features_original,bpi2017,fit+gen,variant,AM,alpha_miner_classic,9a9cd65c1066e3fa,801,0.7413842210795771,0.9949668505231788,0.0,0.994208120707917,0.7413842210795771,0.2535826294436016,0.2528238996283398,0.7451345948759384,0.0,170,5,196,5,
B0_apdtm_cls_apdtm_features_original,bpi2017,fit+sim,variant,AM,alpha_miner_classic,9a9cd65c1066e3fa,801,0.4438872367398115,0.8402404432249244,0.0,0.8085106382978724,0.4438872367398115,0.3963532064851129,0.3646234015580609,0.5282859689973136,0.0,176,5,196,5,
B0_apdtm_cls_apdtm_features_original,bpi2017,pre+gen,variant,AM,alpha_miner_classic,9a9cd65c1066e3fa,801,0.5564479599640234,0.98591999350851,0.0,0.9207015039047874,0.5564479599640234,0.4294720335444865,0.364253543940764,0.5643946401612561,0.0,175,5,196,5,
B0_apdtm_cls_apdtm_features_original,bpi2017,pre+sim,variant,AM,alpha_miner_classic,9a9cd65c1066e3fa,801,0.2589509756242577,0.8723812160130642,0.0,0.7396181435763733,0.2589509756242577,0.6134302403888064,0.4806671679521156,0.296832360522054,0.0,176,5,196,5,
B0_apdtm_cls_apdtm_features_original,bpi2017,gen+sim,variant,AM,alpha_miner_classic,9a9cd65c1066e3fa,801,0.6894969843397657,0.8792604640175905,0.0,0.7963457765194307,0.6625648418098955,0.1897634796778248,0.106848792179665,0.7841783095639924,0.2013152515965386,107,4,196,5,
B0_apdtm_cls_apdtm_features_original,bpi2017,mix-fit,variant,AM,alpha_miner_classic,9a9cd65c1066e3fa,801,0.413179771634357,0.8744182289149186,0.0,0.8143793359317738,0.413179771634357,0.4612384572805616,0.4011995642974168,0.4725196227291364,0.0,176,5,196,5,
B0_apdtm_cls_apdtm_features_original,bpi2017,mix-prec,variant,AM,alpha_miner_classic,9a9cd65c1066e3fa,801,0.4848138657991901,0.9247332260272324,0.0,0.8675404199182807,0.4848138657991901,0.4399193602280423,0.3827265541190905,0.5242743011214273,0.0,176,5,196,5,
B0_apdtm_cls_apdtm_features_original,bpi2017,mix-simp,variant,AM,alpha_miner_classic,9a9cd65c1066e3fa,801,0.5155213309046448,0.8548318499663207,0.0,0.7712039241360872,0.5155213309046448,0.3393105190616758,0.2556825932314424,0.6030675283390011,0.0,176,5,196,5,
B0_apdtm_cls_apdtm_features_original,bpi2017,mix-gen,variant,AM,alpha_miner_classic,9a9cd65c1066e3fa,801,0.587155425069478,0.8969137795391169,0.0,0.7650526308640881,0.587155425069478,0.3097583544696388,0.1778972057946101,0.6546397641155546,0.0,173,5,196,5,
B0_apdtm_cls_apdtm_features_original,bpi2020_domestic,equal,variant,IM,inductive_miner_im,df7d13e54451760d,801,0.7115532738517909,0.9013014428805918,0.0,0.782697276145632,0.5280586222617515,0.1897481690288008,0.0711440022938411,0.7894731329594249,0.7206080019324798,148,2,196,5,
B0_apdtm_cls_apdtm_features_original,bpi2020_domestic,fitn,variant,IM,inductive_miner_im,df7d13e54451760d,801,1.0,1.0,0.0,1.0,0.723032771051894,0.0,0.0,1.0,1.0,1,1,196,5,
B0_apdtm_cls_apdtm_features_original,bpi2020_domestic,prec,variant,IM,inductive_miner_im,df7d13e54451760d,801,0.3908057925066429,0.986007752461474,0.0,0.8670356093278883,0.1975518121669374,0.595201959954831,0.4762298168212454,0.3963516428050729,0.2886611762065471,156,2,196,5,
B0_apdtm_cls_apdtm_features_original,bpi2020_domestic,gene,variant,IM,inductive_miner_im,df7d13e54451760d,801,0.8554073029005208,0.9326053854610896,0.0,0.8554073029005208,0.7516056740657073,0.0771980825605688,0.0,0.9172232074100652,1.0,76,1,196,5,
B0_apdtm_cls_apdtm_features_original,bpi2020_domestic,simp,variant,IM,inductive_miner_im,df7d13e54451760d,801,0.6000000000000001,0.875,0.0,0.6000000000000001,0.3541666666666666,0.2749999999999999,0.0,0.6857142857142858,1.0,125,1,196,5,
B0_apdtm_cls_apdtm_features_original,bpi2020_domestic,fit+pre,variant,IM,inductive_miner_im,df7d13e54451760d,801,0.6954028962533214,0.980580685505521,0.0,0.896113454388845,0.4865074575922279,0.2851777892521996,0.2007105581355236,0.7091745804628191,0.5099911629585271,153,2,196,5,
B0_apdtm_cls_apdtm_features_original,bpi2020_domestic,fit+gen,variant,IM,inductive_miner_im,df7d13e54451760d,801,0.9277036514502603,0.9529492086056026,0.0,0.9277036514502603,0.7540428391238887,0.0252455571553422,0.0,0.97350797195972,1.0,32,1,196,5,
B0_apdtm_cls_apdtm_features_original,bpi2020_domestic,fit+sim,variant,IM,inductive_miner_im,df7d13e54451760d,801,0.8,0.892967594352212,0.0,0.8,0.5385997188592803,0.0929675943522119,0.0,0.8958891734255444,1.0,60,1,196,5,
B0_apdtm_cls_apdtm_features_original,bpi2020_domestic,pre+gen,variant,IM,inductive_miner_im,df7d13e54451760d,801,0.6231065477035819,0.957510356458128,0.0,0.8093206416967977,0.5175175256642226,0.3344038087545461,0.1862140939932158,0.6507569798080094,0.3618502210496339,155,2,196,5,
B0_apdtm_cls_apdtm_features_original,bpi2020_domestic,pre+sim,variant,IM,inductive_miner_im,df7d13e54451760d,801,0.4954028962533214,0.8607303005919194,0.0,0.7269960655335093,0.3020744053996142,0.3653274043385979,0.2315931692801878,0.5755611204957415,0.4549744317406376,159,2,196,5,
B0_apdtm_cls_apdtm_features_original,bpi2020_domestic,gen+sim,variant,IM,inductive_miner_im,df7d13e54451760d,801,0.7277036514502604,0.836843156586478,0.0,0.7277036514502604,0.569609786931275,0.1091395051362176,0.0,0.8695818872661841,1.0,120,1,196,5,
B0_apdtm_cls_apdtm_features_original,bpi2020_domestic,mix-fit,variant,IM,inductive_miner_im,df7d13e54451760d,801,0.7227824680420449,0.9217713572150562,0.0,0.822739074332684,0.5135463757134479,0.1989888891730112,0.099956606290639,0.7841233754819464,0.6767174427565207,146,2,196,5,
B0_apdtm_cls_apdtm_features_original,bpi2020_domestic,mix-prec,variant,IM,inductive_miner_im,df7d13e54451760d,801,0.6729445078728135,0.939640856836592,0.0,0.8160298580147409,0.5155319506888352,0.2666963489637786,0.1430853501419274,0.7161720384726116,0.5238391128403304,151,2,196,5,
B0_apdtm_cls_apdtm_features_original,bpi2020_domestic,mix-simp,variant,IM,inductive_miner_im,df7d13e54451760d,801,0.7501620398307685,0.8629620289245914,0.0,0.7501620398307685,0.5405852938346677,0.1127999890938229,0.0,0.8692874248077955,1.0,156,1,196,5,
B0_apdtm_cls_apdtm_features_original,bpi2020_domestic,mix-gen,variant,IM,inductive_miner_im,df7d13e54451760d,801,0.700324079661537,0.88113234738198,0.0,0.7426554779585799,0.5425708688100551,0.180808267720443,0.0423313982970429,0.7948001020985548,0.7884325112401829,152,2,196,5,
B0_apdtm_cls_apdtm_features_original,bpi2020_international,equal,variant,IM,inductive_miner_im,6150b352c065731b,801,0.673835984258307,0.8501918473231604,0.0,0.748944593081187,0.4273062136187044,0.1763558630648534,0.0751086088228799,0.7925693317101169,0.7664811987039595,157,2,196,5,
B0_apdtm_cls_apdtm_features_original,bpi2020_international,fitn,variant,IM,inductive_miner_im,6150b352c065731b,801,0.9707533277618512,1.0,0.0,1.0,0.543631678095892,0.0292466722381488,0.0292466722381488,0.9707533277618512,0.9359143243857884,11,2,196,5,
B0_apdtm_cls_apdtm_features_original,bpi2020_international,prec,variant,IM,inductive_miner_im,6150b352c065731b,801,0.225696298955442,1.0,0.0,0.914192461570857,0.0,0.774303701044558,0.688496162615415,0.225696298955442,0.2468805075986166,171,2,196,5,
B0_apdtm_cls_apdtm_features_original,bpi2020_international,gene,variant,IM,inductive_miner_im,6150b352c065731b,801,0.8766720880937127,0.9418786896404474,0.0,0.9085268002629592,0.6807656098412334,0.0652066015467347,0.0318547121692465,0.9307696391648624,0.8601398591644877,55,3,196,5,
B0_apdtm_cls_apdtm_features_original,bpi2020_international,simp,variant,IM,inductive_miner_im,6150b352c065731b,801,0.6222222222222222,0.726190476190476,0.0,0.6222222222222222,0.2668810289389067,0.1039682539682538,0.0,0.8568306010928963,1.0,55,1,196,5,
B0_apdtm_cls_apdtm_features_original,bpi2020_international,fit+pre,variant,IM,inductive_miner_im,6150b352c065731b,801,0.5982248133586466,0.9444725618292222,0.0,0.9075063812417572,0.271815839047946,0.3462477484705756,0.3092815678831107,0.6333956512193697,0.5134714969712166,166,2,196,5,
B0_apdtm_cls_apdtm_features_original,bpi2020_international,fit+gen,variant,IM,inductive_miner_im,6150b352c065731b,801,0.923712707927782,0.9642924535411258,0.0,0.9542634001314796,0.7211719127679556,0.0405797456133438,0.0305506922036976,0.9579175949533518,0.8689326129012531,18,2,196,5,
B0_apdtm_cls_apdtm_features_original,bpi2020_international,fit+sim,variant,IM,inductive_miner_im,6150b352c065731b,801,0.7964877749920367,0.8252695672008914,0.0,0.7964877749920367,0.4052563535173993,0.0287817922088546,0.0,0.9651243746858674,1.0,18,1,196,5,
B0_apdtm_cls_apdtm_features_original,bpi2020_international,pre+gen,variant,IM,inductive_miner_im,6150b352c065731b,801,0.5511841935245774,0.9244692854293904,0.0,0.7974790357060452,0.4493560737200096,0.3732850919048129,0.2462948421814678,0.5962168805517076,0.2925061858133118,170,2,196,5,
B0_apdtm_cls_apdtm_features_original,bpi2020_international,pre+sim,variant,IM,inductive_miner_im,6150b352c065731b,801,0.4239592605888321,0.863095238095238,0.0,0.7070962307854285,0.1334405144694533,0.4391359775064059,0.2831369701965964,0.4912079708891296,0.5064339774823375,170,2,196,5,
B0_apdtm_cls_apdtm_features_original,bpi2020_international,gen+sim,variant,IM,inductive_miner_im,6150b352c065731b,801,0.7494471551579674,0.8021013140485984,0.0,0.7494471551579674,0.5827965881894629,0.0526541588906309,0.0,0.934354728051922,1.0,45,1,196,5,
B0_apdtm_cls_apdtm_features_original,bpi2020_international,mix-fit,variant,IM,inductive_miner_im,6150b352c065731b,801,0.6681218740451889,0.8651430903153831,0.0,0.8026624198204434,0.36070009177014,0.1970212162701942,0.1345405457752545,0.772267479824209,0.6955836793403319,159,2,196,5,
B0_apdtm_cls_apdtm_features_original,bpi2020_international,mix-prec,variant,IM,inductive_miner_im,6150b352c065731b,801,0.6096530337848831,0.8789785552291676,0.0,0.8000707277632444,0.4050280827450748,0.2693255214442844,0.1904176939783612,0.6935926140154058,0.5179819283318052,168,2,196,5,
B0_apdtm_cls_apdtm_features_original,bpi2020_international,mix-simp,variant,IM,inductive_miner_im,6150b352c065731b,801,0.7380189347317311,0.8280233355013684,0.0,0.7380189347317311,0.4495843444923341,0.0900044007696373,0.0,0.8913020963169599,1.0,76,1,196,5,
B0_apdtm_cls_apdtm_features_original,bpi2020_international,mix-gen,variant,IM,inductive_miner_im,6150b352c065731b,801,0.6795500944714253,0.8352406043309378,0.0,0.6952267663419306,0.4939123354672689,0.1556905098595125,0.0156766718705052,0.8135980110973807,0.9221284246618884,135,2,196,5,
B0_apdtm_cls_apdtm_features_original,bpi2020_payment,equal,variant,IM,inductive_miner_im,d6c08269cc6ee4f8,801,0.6900806255881581,0.8696763776738392,0.0,0.7459843675155176,0.4539079536155171,0.1795957520856811,0.0559037419273594,0.7934912840037651,0.808598917040595,159,2,196,5,
B0_apdtm_cls_apdtm_features_original,bpi2020_payment,fitn,variant,IM,inductive_miner_im,d6c08269cc6ee4f8,801,1.0,1.0,0.0,1.0,0.6986954515961711,0.0,0.0,1.0,1.0,1,1,196,5,
B0_apdtm_cls_apdtm_features_original,bpi2020_payment,prec,variant,IM,inductive_miner_im,d6c08269cc6ee4f8,801,0.2933515233338684,1.0,0.0,0.8082905921163525,0.0,0.7066484766661316,0.5149390687824841,0.2933515233338684,0.3629282911307729,166,2,196,5,
B0_apdtm_cls_apdtm_features_original,bpi2020_payment,gene,variant,IM,inductive_miner_im,d6c08269cc6ee4f8,801,0.8669709790187637,0.9042989365923124,0.0,0.8669709790187637,0.6750512131653676,0.0373279575735486,0.0,0.9587216615401404,1.0,4,1,196,5,
B0_apdtm_cls_apdtm_features_original,bpi2020_payment,simp,variant,IM,inductive_miner_im,d6c08269cc6ee4f8,801,0.6000000000000001,0.8214285714285714,0.0,0.6000000000000001,0.3333333333333333,0.2214285714285713,0.0,0.7304347826086958,1.0,105,1,196,5,
B0_apdtm_cls_apdtm_features_original,bpi2020_payment,fit+pre,variant,IM,inductive_miner_im,d6c08269cc6ee4f8,801,0.6466757616669342,0.9825892284678608,0.0,0.8729305234063345,0.3493477257980855,0.3359134668009267,0.2262547617394003,0.6581343891539373,0.567872048560528,164,2,196,5,
B0_apdtm_cls_apdtm_features_original,bpi2020_payment,fit+gen,variant,IM,inductive_miner_im,d6c08269cc6ee4f8,801,0.9334854895093818,0.951497082337022,0.0,0.9334854895093818,0.7411492405643676,0.0180115928276403,0.0,0.9810702595289088,1.0,2,1,196,5,
B0_apdtm_cls_apdtm_features_original,bpi2020_payment,fit+sim,variant,IM,inductive_miner_im,d6c08269cc6ee4f8,801,0.8,0.8691224178435837,0.0,0.8,0.5160143924647522,0.0691224178435836,0.0,0.9204687206031502,1.0,56,1,196,5,
B0_apdtm_cls_apdtm_features_original,bpi2020_payment,pre+gen,variant,IM,inductive_miner_im,d6c08269cc6ee4f8,801,0.5801612511763161,0.916868426053467,0.0,0.7416709026408601,0.391801514766282,0.3367071748771508,0.161509651464544,0.6327639110374209,0.5383715836195355,155,2,196,5,
B0_apdtm_cls_apdtm_features_original,bpi2020_payment,pre+sim,variant,IM,inductive_miner_im,d6c08269cc6ee4f8,801,0.4466757616669342,0.87,0.0,0.6856579011001931,0.1666666666666666,0.4233242383330657,0.2389821394332588,0.5134204157091198,0.5395256729256606,170,2,196,5,
B0_apdtm_cls_apdtm_features_original,bpi2020_payment,gen+sim,variant,IM,inductive_miner_im,d6c08269cc6ee4f8,801,0.7334854895093819,0.7955758933524278,0.0,0.7334854895093819,0.5584681814329486,0.0620904038430459,0.0,0.921955398143844,1.0,54,1,196,5,
B0_apdtm_cls_apdtm_features_original,bpi2020_payment,mix-fit,variant,IM,inductive_miner_im,d6c08269cc6ee4f8,801,0.6947025549020369,0.9053177010011466,0.0,0.7976255228467759,0.4245051502583915,0.2106151460991097,0.1029229679447389,0.7673577509130765,0.7241561289437266,163,2,196,5,
B0_apdtm_cls_apdtm_features_original,bpi2020_payment,mix-prec,variant,IM,inductive_miner_im,d6c08269cc6ee4f8,801,0.6374319030391765,0.9102277500261444,0.0,0.769648212743818,0.4081533325123367,0.272795846986968,0.1322163097046415,0.7002993514764492,0.634251224747699,163,2,196,5,
B0_apdtm_cls_apdtm_features_original,bpi2020_payment,mix-simp,variant,IM,inductive_miner_im,d6c08269cc6ee4f8,801,0.7427293481371395,0.829125005321534,0.0,0.7427293481371395,0.4996625747186974,0.0863956571843944,0.0,0.895798996978881,1.0,147,1,196,5,
B0_apdtm_cls_apdtm_features_original,bpi2020_payment,mix-gen,variant,IM,inductive_miner_im,d6c08269cc6ee4f8,801,0.6854586962742792,0.836099433132433,0.0,0.6943432121842593,0.4833107569726427,0.1506407368581537,0.00888451590998,0.8198291603980873,0.9578997652229796,154,2,196,5,
B0_apdtm_cls_apdtm_features_original,bpi2020_permit,equal,variant,IM,inductive_miner_im,1e49d93937c2bb45,801,0.6385929380704242,0.8429076490043279,0.0,0.6953084541835005,0.0,0.2043147109339037,0.0567155161130763,0.7576072406327699,0.918431142650671,127,2,196,5,
B0_apdtm_cls_apdtm_features_original,bpi2020_permit,fitn,variant,IM,inductive_miner_im,1e49d93937c2bb45,801,1.0,1.0,0.0,1.0,0.0,0.0,0.0,1.0,1.0,1,1,196,5,
B0_apdtm_cls_apdtm_features_original,bpi2020_permit,prec,variant,IM,inductive_miner_im,1e49d93937c2bb45,801,0.0980371653000842,0.9911533085603246,0.0,0.8137442437123628,0.0,0.8931161432602404,0.7157070784122785,0.0989122111114028,0.120476631395672,170,2,196,5,
B0_apdtm_cls_apdtm_features_original,bpi2020_permit,gene,variant,IM,inductive_miner_im,1e49d93937c2bb45,801,0.8616797985629043,0.9078165537742844,0.0,0.8652393738255396,0.0,0.04613675521138,0.0035595752626352,0.9491783279126552,0.9958860225617135,48,2,196,5,
B0_apdtm_cls_apdtm_features_original,bpi2020_permit,simp,variant,IM,inductive_miner_im,1e49d93937c2bb45,801,0.5946547884187082,0.7142857142857143,0.0,0.5946547884187082,0.0,0.119630925867006,0.0,0.8325167037861915,1.0,73,1,196,5,
B0_apdtm_cls_apdtm_features_original,bpi2020_permit,fit+pre,variant,IM,inductive_miner_im,1e49d93937c2bb45,801,0.5490185826500421,0.9243881790529204,0.0,0.8512783359444481,0.0,0.3753695964028783,0.302259753294406,0.5939264424741321,0.6449342823236951,152,2,196,5,
B0_apdtm_cls_apdtm_features_original,bpi2020_permit,fit+gen,variant,IM,inductive_miner_im,1e49d93937c2bb45,801,0.9308398992814522,0.9448808304983668,0.0,0.93261968691277,0.0,0.0140409312169146,0.0017797876313176,0.9851399978032056,0.9980916254971955,10,2,196,5,
B0_apdtm_cls_apdtm_features_original,bpi2020_permit,fit+sim,variant,IM,inductive_miner_im,1e49d93937c2bb45,801,0.7973273942093542,0.8272924879786688,0.0,0.7973273942093542,0.0,0.0299650937693146,0.0,0.9637793232686922,1.0,15,1,196,5,
B0_apdtm_cls_apdtm_features_original,bpi2020_permit,pre+gen,variant,IM,inductive_miner_im,1e49d93937c2bb45,801,0.4798584819314943,0.9322600772514232,0.0,0.7082588870498185,0.0,0.4524015953199288,0.2284004051183242,0.5147259800572584,0.6775184762316174,170,2,196,5,
B0_apdtm_cls_apdtm_features_original,bpi2020_permit,pre+sim,variant,IM,inductive_miner_im,1e49d93937c2bb45,801,0.3463459768593962,0.816594001468874,0.0,0.644823929085097,0.0,0.4702480246094777,0.2984779522257008,0.4241348531049647,0.5371171280054794,166,2,196,5,
B0_apdtm_cls_apdtm_features_original,bpi2020_permit,gen+sim,variant,IM,inductive_miner_im,1e49d93937c2bb45,801,0.7281672934908063,0.7992898469819344,0.0,0.7281672934908063,0.0,0.071122553491128,0.0,0.9110178194309836,1.0,55,1,196,5,
B0_apdtm_cls_apdtm_features_original,bpi2020_permit,mix-fit,variant,IM,inductive_miner_im,1e49d93937c2bb45,801,0.6345100871300573,0.8639118088087243,0.0,0.755106320314616,0.0,0.229401721678667,0.1205962331845587,0.7344616437238005,0.8402923801057418,133,2,196,5,
B0_apdtm_cls_apdtm_features_original,bpi2020_permit,mix-prec,variant,IM,inductive_miner_im,1e49d93937c2bb45,801,0.5571842845307758,0.8885842618048088,0.0,0.7316826036822173,0.0,0.3313999772740329,0.1744983191514414,0.6270472126065744,0.7615109088650287,157,2,196,5,
B0_apdtm_cls_apdtm_features_original,bpi2020_permit,mix-simp,variant,IM,inductive_miner_im,1e49d93937c2bb45,801,0.7200015916100726,0.81761289182125,0.0,0.7200015916100726,0.0,0.0976113002111773,0.0,0.8806142843543646,1.0,72,1,196,5,
B0_apdtm_cls_apdtm_features_original,bpi2020_permit,mix-gen,variant,IM,inductive_miner_im,1e49d93937c2bb45,801,0.642675789010791,0.8269571869508153,0.0,0.642675789010791,0.0,0.1842813979400243,0.0,0.7771572690243942,1.0,123,1,196,5,
B0_apdtm_cls_apdtm_features_original,bpic15_1,equal,variant,IMf,inductive_miner_imf,9354ec4533f0ae50,801,0.0,0.7538067736145151,0.0,0.5006533211257762,0.0,0.7538067736145151,0.5006533211257762,0.0,0.0,145,2,196,5,
B0_apdtm_cls_apdtm_features_original,bpic15_1,fitn,variant,IMf,inductive_miner_imf,9354ec4533f0ae50,801,0.0,1.0,0.0,1.0,0.0,1.0,1.0,0.0,0.0,145,2,196,5,
B0_apdtm_cls_apdtm_features_original,bpic15_1,prec,variant,IMf,inductive_miner_imf,9354ec4533f0ae50,801,0.0,0.9967132292522596,0.0,0.0055144083252097,0.0,0.9967132292522596,0.0055144083252097,0.0,0.0,145,2,196,5,
B0_apdtm_cls_apdtm_features_original,bpic15_1,gene,variant,IMf,inductive_miner_imf,9354ec4533f0ae50,801,0.0,0.7947596517508088,0.0,0.6526451647517064,0.0,0.7947596517508088,0.6526451647517064,0.0,0.0,145,2,196,5,
B0_apdtm_cls_apdtm_features_original,bpic15_1,simp,variant,IMf,inductive_miner_imf,9354ec4533f0ae50,801,0.0,1.0,0.0,0.3444537114261885,0.0,1.0,0.3444537114261885,0.0,0.0,145,2,196,5,
B0_apdtm_cls_apdtm_features_original,bpic15_1,fit+pre,variant,IMf,inductive_miner_imf,9354ec4533f0ae50,801,0.0,0.8688577238297088,0.0,0.5027572041626048,0.0,0.8688577238297088,0.5027572041626048,0.0,0.0,145,2,196,5,
B0_apdtm_cls_apdtm_features_original,bpic15_1,fit+gen,variant,IMf,inductive_miner_imf,9354ec4533f0ae50,801,0.0,0.871727415992749,0.0,0.8263225823758532,0.0,0.871727415992749,0.8263225823758532,0.0,0.0,145,2,196,5,
B0_apdtm_cls_apdtm_features_original,bpic15_1,fit+sim,variant,IMf,inductive_miner_imf,9354ec4533f0ae50,801,0.0,0.8645266546833184,0.0,0.6722268557130943,0.0,0.8645266546833184,0.6722268557130943,0.0,0.0,145,2,196,5,
B0_apdtm_cls_apdtm_features_original,bpic15_1,pre+gen,variant,IMf,inductive_miner_imf,9354ec4533f0ae50,801,0.0,0.8387467991159434,0.0,0.329079786538458,0.0,0.8387467991159434,0.329079786538458,0.0,0.0,145,2,196,5,
B0_apdtm_cls_apdtm_features_original,bpic15_1,pre+sim,variant,IMf,inductive_miner_imf,9354ec4533f0ae50,801,0.0,0.8214077863143173,0.0,0.1749840598756991,0.0,0.8214077863143173,0.1749840598756991,0.0,0.0,145,2,196,5,
B0_apdtm_cls_apdtm_features_original,bpic15_1,gen+sim,variant,IMf,inductive_miner_imf,9354ec4533f0ae50,801,0.0,0.8973798258754044,0.0,0.4985494380889474,0.0,0.8973798258754044,0.4985494380889474,0.0,0.0,145,2,196,5,
B0_apdtm_cls_apdtm_features_original,bpic15_1,mix-fit,variant,IMf,inductive_miner_imf,9354ec4533f0ae50,801,0.0,0.7829881701741386,0.0,0.5358095812579713,0.0,0.7829881701741386,0.5358095812579713,0.0,0.0,145,2,196,5,
B0_apdtm_cls_apdtm_features_original,bpic15_1,mix-prec,variant,IMf,inductive_miner_imf,9354ec4533f0ae50,801,0.0,0.8104949307104619,0.0,0.4324446838982146,0.0,0.8104949307104619,0.4324446838982146,0.0,0.0,145,2,196,5,
B0_apdtm_cls_apdtm_features_original,bpic15_1,mix-simp,variant,IMf,inductive_miner_imf,9354ec4533f0ae50,801,0.0,0.7694736087116352,0.0,0.5688619583533376,0.0,0.7694736087116352,0.5688619583533376,0.0,0.0,145,2,196,5,
B0_apdtm_cls_apdtm_features_original,bpic15_1,mix-gen,variant,IMf,inductive_miner_imf,9354ec4533f0ae50,801,0.0,0.7344918748892888,0.0,0.465497060993581,0.0,0.7344918748892888,0.465497060993581,0.0,0.0,145,2,196,5,
B0_apdtm_cls_apdtm_features_original,bpic15_2,equal,variant,IMf,inductive_miner_imf,27f9bd2b058a6d8e,801,0.0,0.739796087901852,0.0,0.4958761568622505,0.0,0.739796087901852,0.4958761568622505,0.0,0.0,145,2,196,5,
B0_apdtm_cls_apdtm_features_original,bpic15_2,fitn,variant,IMf,inductive_miner_imf,27f9bd2b058a6d8e,801,0.0,1.0,0.0,1.0,0.0,1.0,1.0,0.0,0.0,145,2,196,5,
B0_apdtm_cls_apdtm_features_original,bpic15_2,prec,variant,IMf,inductive_miner_imf,27f9bd2b058a6d8e,801,0.0,0.9964080459770116,0.0,0.0047466811844114,0.0,0.9964080459770116,0.0047466811844114,0.0,0.0,145,2,196,5,
B0_apdtm_cls_apdtm_features_original,bpic15_2,gene,variant,IMf,inductive_miner_imf,27f9bd2b058a6d8e,801,0.0,0.8434264748464657,0.0,0.630479323366272,0.0,0.8434264748464657,0.630479323366272,0.0,0.0,145,2,196,5,
B0_apdtm_cls_apdtm_features_original,bpic15_2,simp,variant,IMf,inductive_miner_imf,27f9bd2b058a6d8e,801,0.0,1.0,0.0,0.3482786228983187,0.0,1.0,0.3482786228983187,0.0,0.0,145,2,196,5,
B0_apdtm_cls_apdtm_features_original,bpic15_2,fit+pre,variant,IMf,inductive_miner_imf,27f9bd2b058a6d8e,801,0.0,0.8552632687420797,0.0,0.5023733405922057,0.0,0.8552632687420797,0.5023733405922057,0.0,0.0,145,2,196,5,
B0_apdtm_cls_apdtm_features_original,bpic15_2,fit+gen,variant,IMf,inductive_miner_imf,27f9bd2b058a6d8e,801,0.0,0.888226048940476,0.0,0.815239661683136,0.0,0.888226048940476,0.815239661683136,0.0,0.0,145,2,196,5,
B0_apdtm_cls_apdtm_features_original,bpic15_2,fit+sim,variant,IMf,inductive_miner_imf,27f9bd2b058a6d8e,801,0.0,0.8502937315725136,0.0,0.6741393114491594,0.0,0.8502937315725136,0.6741393114491594,0.0,0.0,145,2,196,5,
B0_apdtm_cls_apdtm_features_original,bpic15_2,pre+gen,variant,IMf,inductive_miner_imf,27f9bd2b058a6d8e,801,0.0,0.8135744140072105,0.0,0.3176130022753416,0.0,0.8135744140072105,0.3176130022753416,0.0,0.0,145,2,196,5,
B0_apdtm_cls_apdtm_features_original,bpic15_2,pre+sim,variant,IMf,inductive_miner_imf,27f9bd2b058a6d8e,801,0.0,0.7980406242956953,0.0,0.176512652041365,0.0,0.7980406242956953,0.176512652041365,0.0,0.0,145,2,196,5,
B0_apdtm_cls_apdtm_features_original,bpic15_2,gen+sim,variant,IMf,inductive_miner_imf,27f9bd2b058a6d8e,801,0.0,0.9217132374232327,0.0,0.4893789731322953,0.0,0.9217132374232327,0.4893789731322953,0.0,0.0,145,2,196,5,
B0_apdtm_cls_apdtm_features_original,bpic15_2,mix-fit,variant,IMf,inductive_miner_imf,27f9bd2b058a6d8e,801,0.0,0.7675374461630222,0.0,0.5341276612716144,0.0,0.7675374461630222,0.5341276612716144,0.0,0.0,145,2,196,5,
B0_apdtm_cls_apdtm_features_original,bpic15_2,mix-prec,variant,IMf,inductive_miner_imf,27f9bd2b058a6d8e,801,0.0,0.7904532226862232,0.0,0.425870331773478,0.0,0.7904532226862232,0.425870331773478,0.0,0.0,145,2,196,5,
B0_apdtm_cls_apdtm_features_original,bpic15_2,mix-simp,variant,IMf,inductive_miner_imf,27f9bd2b058a6d8e,801,0.0,0.7666984383330109,0.0,0.565881981951023,0.0,0.7666984383330109,0.565881981951023,0.0,0.0,145,2,196,5,
B0_apdtm_cls_apdtm_features_original,bpic15_2,mix-gen,variant,IMf,inductive_miner_imf,27f9bd2b058a6d8e,801,0.0,0.7177077196779903,0.0,0.4576246524528867,0.0,0.7177077196779903,0.4576246524528867,0.0,0.0,145,2,196,5,
B0_apdtm_cls_apdtm_features_original,bpic15_3,equal,variant,IMf,inductive_miner_imf,b99875d9f62f1ca7,801,0.0,0.7711497484903616,0.0,0.5062291863779904,0.0,0.7711497484903616,0.5062291863779904,0.0,0.0,143,2,196,5,
B0_apdtm_cls_apdtm_features_original,bpic15_3,fitn,variant,IMf,inductive_miner_imf,b99875d9f62f1ca7,801,0.0,1.0,0.0,1.0,0.0,1.0,1.0,0.0,0.0,143,2,196,5,
B0_apdtm_cls_apdtm_features_original,bpic15_3,prec,variant,IMf,inductive_miner_imf,b99875d9f62f1ca7,801,0.0,0.9713690786048932,0.0,0.0056460981272722,0.0,0.9713690786048932,0.0056460981272722,0.0,0.0,143,2,196,5,
B0_apdtm_cls_apdtm_features_original,bpic15_3,gene,variant,IMf,inductive_miner_imf,b99875d9f62f1ca7,801,0.0,0.7690804510999736,0.0,0.6755746197508381,0.0,0.7690804510999736,0.6755746197508381,0.0,0.0,143,2,196,5,
B0_apdtm_cls_apdtm_features_original,bpic15_3,simp,variant,IMf,inductive_miner_imf,b99875d9f62f1ca7,801,0.0,1.0,0.0,0.3436960276338515,0.0,1.0,0.3436960276338515,0.0,0.0,143,2,196,5,
B0_apdtm_cls_apdtm_features_original,bpic15_3,fit+pre,variant,IMf,inductive_miner_imf,b99875d9f62f1ca7,801,0.0,0.8737992058502052,0.0,0.5028230490636361,0.0,0.8737992058502052,0.5028230490636361,0.0,0.0,143,2,196,5,
B0_apdtm_cls_apdtm_features_original,bpic15_3,fit+gen,variant,IMf,inductive_miner_imf,b99875d9f62f1ca7,801,0.0,0.8764050391703524,0.0,0.837787309875419,0.0,0.8764050391703524,0.837787309875419,0.0,0.0,143,2,196,5,
B0_apdtm_cls_apdtm_features_original,bpic15_3,fit+sim,variant,IMf,inductive_miner_imf,b99875d9f62f1ca7,801,0.0,0.8866318702272058,0.0,0.6718480138169257,0.0,0.8866318702272058,0.6718480138169257,0.0,0.0,143,2,196,5,
B0_apdtm_cls_apdtm_features_original,bpic15_3,pre+gen,variant,IMf,inductive_miner_imf,b99875d9f62f1ca7,801,0.0,0.8335999035488251,0.0,0.3406103589390551,0.0,0.8335999035488251,0.3406103589390551,0.0,0.0,143,2,196,5,
B0_apdtm_cls_apdtm_features_original,bpic15_3,pre+sim,variant,IMf,inductive_miner_imf,b99875d9f62f1ca7,801,0.0,0.806269466186586,0.0,0.1746710628805618,0.0,0.806269466186586,0.1746710628805618,0.0,0.0,143,2,196,5,
B0_apdtm_cls_apdtm_features_original,bpic15_3,gen+sim,variant,IMf,inductive_miner_imf,b99875d9f62f1ca7,801,0.0,0.8774480269684266,0.0,0.5096353236923448,0.0,0.8774480269684266,0.5096353236923448,0.0,0.0,143,2,196,5,
B0_apdtm_cls_apdtm_features_original,bpic15_3,mix-fit,variant,IMf,inductive_miner_imf,b99875d9f62f1ca7,801,0.0,0.7997195004226063,0.0,0.5379904969400358,0.0,0.7997195004226063,0.5379904969400358,0.0,0.0,143,2,196,5,
B0_apdtm_cls_apdtm_features_original,bpic15_3,mix-prec,variant,IMf,inductive_miner_imf,b99875d9f62f1ca7,801,0.0,0.8166597019857158,0.0,0.4393004279395454,0.0,0.8166597019857158,0.4393004279395454,0.0,0.0,143,2,196,5,
B0_apdtm_cls_apdtm_features_original,bpic15_3,mix-simp,variant,IMf,inductive_miner_imf,b99875d9f62f1ca7,801,0.0,0.7807894458056361,0.0,0.5731579448164354,0.0,0.7807894458056361,0.5731579448164354,0.0,0.0,143,2,196,5,
B0_apdtm_cls_apdtm_features_original,bpic15_3,mix-gen,variant,IMf,inductive_miner_imf,b99875d9f62f1ca7,801,0.0,0.742579996558117,0.0,0.4744678758159452,0.0,0.742579996558117,0.4744678758159452,0.0,0.0,143,2,196,5,
B0_apdtm_cls_apdtm_features_original,bpic15_4,equal,variant,IMf,inductive_miner_imf,508c9b8c394f9b3f,801,0.0,0.7570912404815519,0.0,0.5004532568394435,0.0,0.7570912404815519,0.5004532568394435,0.0,0.0,150,2,196,5,
B0_apdtm_cls_apdtm_features_original,bpic15_4,fitn,variant,IMf,inductive_miner_imf,508c9b8c394f9b3f,801,0.0,1.0,0.0,1.0,0.0,1.0,1.0,0.0,0.0,150,2,196,5,
B0_apdtm_cls_apdtm_features_original,bpic15_4,prec,variant,IMf,inductive_miner_imf,508c9b8c394f9b3f,801,0.0,0.9771181199752628,0.0,0.0063677194723514,0.0,0.9771181199752628,0.0063677194723514,0.0,0.0,150,2,196,5,
B0_apdtm_cls_apdtm_features_original,bpic15_4,gene,variant,IMf,inductive_miner_imf,508c9b8c394f9b3f,801,0.0,0.8125621208083507,0.0,0.6484303825122886,0.0,0.8125621208083507,0.6484303825122886,0.0,0.0,150,2,196,5,
B0_apdtm_cls_apdtm_features_original,bpic15_4,simp,variant,IMf,inductive_miner_imf,508c9b8c394f9b3f,801,0.0,1.0,0.0,0.3470149253731343,0.0,1.0,0.3470149253731343,0.0,0.0,150,2,196,5,
B0_apdtm_cls_apdtm_features_original,bpic15_4,fit+pre,variant,IMf,inductive_miner_imf,508c9b8c394f9b3f,801,0.0,0.8685599938464359,0.0,0.5031838597361757,0.0,0.8685599938464359,0.5031838597361757,0.0,0.0,150,2,196,5,
B0_apdtm_cls_apdtm_features_original,bpic15_4,fit+gen,variant,IMf,inductive_miner_imf,508c9b8c394f9b3f,801,0.0,0.8717994934557993,0.0,0.8242151912561443,0.0,0.8717994934557993,0.8242151912561443,0.0,0.0,150,2,196,5,
B0_apdtm_cls_apdtm_features_original,bpic15_4,fit+sim,variant,IMf,inductive_miner_imf,508c9b8c394f9b3f,801,0.0,0.8675538703293734,0.0,0.6735074626865671,0.0,0.8675538703293734,0.6735074626865671,0.0,0.0,150,2,196,5,
B0_apdtm_cls_apdtm_features_original,bpic15_4,pre+gen,variant,IMf,inductive_miner_imf,508c9b8c394f9b3f,801,0.0,0.8247132962569865,0.0,0.32739905099232,0.0,0.8247132962569865,0.32739905099232,0.0,0.0,150,2,196,5,
B0_apdtm_cls_apdtm_features_original,bpic15_4,pre+sim,variant,IMf,inductive_miner_imf,508c9b8c394f9b3f,801,0.0,0.7904575186873295,0.0,0.1766913224227428,0.0,0.7904575186873295,0.1766913224227428,0.0,0.0,150,2,196,5,
B0_apdtm_cls_apdtm_features_original,bpic15_4,gen+sim,variant,IMf,inductive_miner_imf,508c9b8c394f9b3f,801,0.0,0.8981830671938409,0.0,0.4977226539427114,0.0,0.8981830671938409,0.4977226539427114,0.0,0.0,150,2,196,5,
B0_apdtm_cls_apdtm_features_original,bpic15_4,mix-fit,variant,IMf,inductive_miner_imf,508c9b8c394f9b3f,801,0.0,0.7881543306724185,0.0,0.5361563391675611,0.0,0.7881543306724185,0.5361563391675611,0.0,0.0,150,2,196,5,
B0_apdtm_cls_apdtm_features_original,bpic15_4,mix-prec,variant,IMf,inductive_miner_imf,508c9b8c394f9b3f,801,0.0,0.8064338134647027,0.0,0.4317776950799405,0.0,0.8064338134647027,0.4317776950799405,0.0,0.0,150,2,196,5,
B0_apdtm_cls_apdtm_features_original,bpic15_4,mix-simp,variant,IMf,inductive_miner_imf,508c9b8c394f9b3f,801,0.0,0.7784157949851235,0.0,0.5691288185989466,0.0,0.7784157949851235,0.5691288185989466,0.0,0.0,150,2,196,5,
B0_apdtm_cls_apdtm_features_original,bpic15_4,mix-gen,variant,IMf,inductive_miner_imf,508c9b8c394f9b3f,801,0.0,0.7260281502906851,0.0,0.464750174511326,0.0,0.7260281502906851,0.464750174511326,0.0,0.0,150,2,196,5,
B0_apdtm_cls_apdtm_features_original,bpic15_5,equal,variant,IMf,inductive_miner_imf,7dbd84574fcdda7f,801,0.0,0.7432661612580866,0.0,0.4980303762681133,0.0,0.7432661612580866,0.4980303762681133,0.0,0.0,147,2,196,5,
B0_apdtm_cls_apdtm_features_original,bpic15_5,fitn,variant,IMf,inductive_miner_imf,7dbd84574fcdda7f,801,0.0,1.0,0.0,1.0,0.0,1.0,1.0,0.0,0.0,147,2,196,5,
B0_apdtm_cls_apdtm_features_original,bpic15_5,prec,variant,IMf,inductive_miner_imf,7dbd84574fcdda7f,801,0.0,0.9914236706689536,0.0,0.0050756012401533,0.0,0.9914236706689536,0.0050756012401533,0.0,0.0,147,2,196,5,
B0_apdtm_cls_apdtm_features_original,bpic15_5,gene,variant,IMf,inductive_miner_imf,7dbd84574fcdda7f,801,0.0,0.8420322364834529,0.0,0.6480339787897107,0.0,0.8420322364834529,0.6480339787897107,0.0,0.0,147,2,196,5,
B0_apdtm_cls_apdtm_features_original,bpic15_5,simp,variant,IMf,inductive_miner_imf,7dbd84574fcdda7f,801,0.0,1.0,0.0,0.3390119250425894,0.0,1.0,0.3390119250425894,0.0,0.0,147,2,196,5,
B0_apdtm_cls_apdtm_features_original,bpic15_5,fit+pre,variant,IMf,inductive_miner_imf,7dbd84574fcdda7f,801,0.0,0.8302814710249038,0.0,0.5025378006200767,0.0,0.8302814710249038,0.5025378006200767,0.0,0.0,147,2,196,5,
B0_apdtm_cls_apdtm_features_original,bpic15_5,fit+gen,variant,IMf,inductive_miner_imf,7dbd84574fcdda7f,801,0.0,0.8491470544465778,0.0,0.8240169893948553,0.0,0.8491470544465778,0.8240169893948553,0.0,0.0,147,2,196,5,
B0_apdtm_cls_apdtm_features_original,bpic15_5,fit+sim,variant,IMf,inductive_miner_imf,7dbd84574fcdda7f,801,0.0,0.8492461162887588,0.0,0.6695059625212947,0.0,0.8492461162887588,0.6695059625212947,0.0,0.0,147,2,196,5,
B0_apdtm_cls_apdtm_features_original,bpic15_5,pre+gen,variant,IMf,inductive_miner_imf,7dbd84574fcdda7f,801,0.0,0.8116192280976056,0.0,0.326554790014932,0.0,0.8116192280976056,0.326554790014932,0.0,0.0,147,2,196,5,
B0_apdtm_cls_apdtm_features_original,bpic15_5,pre+sim,variant,IMf,inductive_miner_imf,7dbd84574fcdda7f,801,0.0,0.7827816467542539,0.0,0.1720437631413713,0.0,0.7827816467542539,0.1720437631413713,0.0,0.0,147,2,196,5,
B0_apdtm_cls_apdtm_features_original,bpic15_5,gen+sim,variant,IMf,inductive_miner_imf,7dbd84574fcdda7f,801,0.0,0.9210161182417264,0.0,0.49352295191615,0.0,0.9210161182417264,0.49352295191615,0.0,0.0,147,2,196,5,
B0_apdtm_cls_apdtm_features_original,bpic15_5,mix-fit,variant,IMf,inductive_miner_imf,7dbd84574fcdda7f,801,0.0,0.7619159908588385,0.0,0.534128463259535,0.0,0.7619159908588385,0.534128463259535,0.0,0.0,147,2,196,5,
B0_apdtm_cls_apdtm_features_original,bpic15_5,mix-prec,variant,IMf,inductive_miner_imf,7dbd84574fcdda7f,801,0.0,0.7845385057794599,0.0,0.4303416266372334,0.0,0.7845385057794599,0.4303416266372334,0.0,0.0,147,2,196,5,
B0_apdtm_cls_apdtm_features_original,bpic15_5,mix-simp,variant,IMf,inductive_miner_imf,7dbd84574fcdda7f,801,0.0,0.7677189214161869,0.0,0.5657191258989932,0.0,0.7677189214161869,0.5657191258989932,0.0,0.0,147,2,196,5,
B0_apdtm_cls_apdtm_features_original,bpic15_5,mix-gen,variant,IMf,inductive_miner_imf,7dbd84574fcdda7f,801,0.0,0.7246163316573346,0.0,0.4619322892766918,0.0,0.7246163316573346,0.4619322892766918,0.0,0.0,147,2,196,5,
B0_apdtm_cls_apdtm_features_original,hospital_billing,equal,variant,IM,inductive_miner_im,d281a0841299287f,801,0.7728985458636999,0.8734035144022313,0.0,0.7728985458636999,0.7080210029131718,0.1005049685385314,0.0,0.8849272222045977,1.0,93,1,196,5,
B0_apdtm_cls_apdtm_features_original,hospital_billing,fitn,variant,IM,inductive_miner_im,d281a0841299287f,801,1.0,1.0,0.0,1.0,0.6797553093982478,0.0,0.0,1.0,1.0,1,1,196,5,
B0_apdtm_cls_apdtm_features_original,hospital_billing,prec,variant,IM,inductive_miner_im,d281a0841299287f,801,0.5304980616975126,1.0,0.0,0.9123900422661322,0.3867395245470101,0.4695019383024874,0.3818919805686196,0.5304980616975126,0.2734869125104123,142,2,196,5,
B0_apdtm_cls_apdtm_features_original,hospital_billing,gene,variant,IM,inductive_miner_im,d281a0841299287f,801,0.9349278974582218,0.974570314262808,0.0,0.9406716490462892,0.7467548005194038,0.0396424168045862,0.0057437515880673,0.9593231845620366,0.970380337594693,14,2,196,5,
B0_apdtm_cls_apdtm_features_original,hospital_billing,simp,variant,IM,inductive_miner_im,d281a0841299287f,801,0.6261682242990655,1.0,0.0,1.0,0.4729241877256318,0.3738317757009345,0.3738317757009345,0.6261682242990655,0.2907438228139804,24,2,196,5,
B0_apdtm_cls_apdtm_features_original,hospital_billing,fit+pre,variant,IM,inductive_miner_im,d281a0841299287f,801,0.7652490308487563,0.989140582975968,0.0,0.9148592576033848,0.5332474169726289,0.2238915521272118,0.1496102267546284,0.7736504234275752,0.6079518221778921,135,2,196,5,
B0_apdtm_cls_apdtm_features_original,hospital_billing,fit+gen,variant,IM,inductive_miner_im,d281a0841299287f,801,0.9674639487291108,0.9872657861978588,0.0,0.9703358245231446,0.7961812639516811,0.0198018374687479,0.0028718757940336,0.9799427492114272,0.983509614766274,10,2,196,5,
B0_apdtm_cls_apdtm_features_original,hospital_billing,fit+sim,variant,IM,inductive_miner_im,d281a0841299287f,801,0.8130841121495327,0.8398776546991239,0.0,0.8398776546991239,0.6951263303331345,0.0267935425495912,0.0267935425495912,0.9680982790771,0.8148994997666039,12,2,196,5,
B0_apdtm_cls_apdtm_features_original,hospital_billing,pre+gen,variant,IM,inductive_miner_im,d281a0841299287f,801,0.7327129795778672,0.9583893297505974,0.0,0.829572421392768,0.6496733715260623,0.2256763501727302,0.0968594418149008,0.7645253936294781,0.4615900312610445,138,2,196,5,
B0_apdtm_cls_apdtm_features_original,hospital_billing,pre+sim,variant,IM,inductive_miner_im,d281a0841299287f,801,0.578333142998289,0.8030539885899708,0.0,0.6933697622735051,0.4457061813031991,0.2247208455916818,0.1150366192752161,0.7201672007304836,0.5355125738531229,142,3,196,5,
B0_apdtm_cls_apdtm_features_original,hospital_billing,gen+sim,variant,IM,inductive_miner_im,d281a0841299287f,801,0.7805480608786437,0.9594156800838196,0.0,0.9563036092525572,0.6098394941225178,0.178867619205176,0.1757555483739135,0.8135660872359839,0.4927164439297078,16,2,196,5,
B0_apdtm_cls_apdtm_features_original,hospital_billing,mix-fit,variant,IM,inductive_miner_im,d281a0841299287f,801,0.7778758531148892,0.8999403930024692,0.0,0.8099087194531612,0.6791847029739135,0.12206453988758,0.032032866338272,0.864363750269797,0.7549580620225416,119,2,196,5,
B0_apdtm_cls_apdtm_features_original,hospital_billing,mix-prec,variant,IM,inductive_miner_im,d281a0841299287f,801,0.7552944163463781,0.9266041872906544,0.0,0.8197405704229648,0.6644290372499878,0.1713097709442764,0.0644461540765867,0.8151208754568896,0.5850523605042883,128,2,196,5,
B0_apdtm_cls_apdtm_features_original,hospital_billing,mix-simp,variant,IM,inductive_miner_im,d281a0841299287f,801,0.7905026753810218,0.8448731726232275,0.0,0.8251219889751983,0.704958181302938,0.0543704972422056,0.0346193135941764,0.9356465573721652,0.7118989963384099,37,2,196,5,
B0_apdtm_cls_apdtm_features_original,hospital_billing,mix-gen,variant,IM,inductive_miner_im,d281a0841299287f,801,0.7679212386125109,0.8574303226558113,0.0,0.8103663232512726,0.7045511321397954,0.0895090840433003,0.0424450846387616,0.8956077459844735,0.5988753203304678,76,2,196,5,
B0_apdtm_cls_apdtm_features_original,road_traffic_fines,equal,variant,IM,inductive_miner_im,bc38a80ef2ff6b06,801,0.7953185937601113,0.9091484776358276,0.0,0.8472976270289231,0.7357034000201228,0.1138298838757163,0.0519790332688118,0.8747950563897743,0.5342139583554554,140,2,196,5,
B0_apdtm_cls_apdtm_features_original,road_traffic_fines,fitn,variant,IM,inductive_miner_im,bc38a80ef2ff6b06,801,1.0,1.0,0.0,1.0,0.637766272135165,0.0,0.0,1.0,1.0,1,1,196,5,
B0_apdtm_cls_apdtm_features_original,road_traffic_fines,prec,variant,IM,inductive_miner_im,bc38a80ef2ff6b06,801,0.5822525881810321,1.0,0.0,0.9913926579538832,0.5080563293025482,0.4177474118189679,0.4091400697728511,0.5822525881810321,0.1535085498032302,164,3,196,5,
B0_apdtm_cls_apdtm_features_original,road_traffic_fines,gene,variant,IM,inductive_miner_im,bc38a80ef2ff6b06,801,0.9752594106217892,0.9916370973254746,0.0,0.988255529682136,0.9232130142183954,0.0163776867036853,0.0129961190603468,0.9834841932115516,0.8001903990384293,25,3,196,5,
B0_apdtm_cls_apdtm_features_original,road_traffic_fines,simp,variant,IM,inductive_miner_im,bc38a80ef2ff6b06,801,0.6237623762376238,0.8,0.0,0.6571428571428571,0.5135135135135136,0.1762376237623762,0.0333804809052333,0.7797029702970296,0.7675928883210901,66,2,196,5,
B0_apdtm_cls_apdtm_features_original,road_traffic_fines,fit+pre,variant,IM,inductive_miner_im,bc38a80ef2ff6b06,801,0.791126294090516,0.9901742494392978,0.0,0.9598795032511696,0.6500603519943688,0.1990479553487817,0.1687532091606535,0.7989768412362815,0.4553170503627823,158,2,196,5,
B0_apdtm_cls_apdtm_features_original,road_traffic_fines,fit+gen,variant,IM,inductive_miner_im,bc38a80ef2ff6b06,801,0.9876297053108948,0.9953412031561972,0.0,0.994127764841068,0.8116581555420307,0.0077114978453026,0.0064980595301733,0.992252407696125,0.9643882641326638,9,2,196,5,
B0_apdtm_cls_apdtm_features_original,road_traffic_fines,fit+sim,variant,IM,inductive_miner_im,bc38a80ef2ff6b06,801,0.8118811881188119,0.869886942078606,0.0,0.8118811881188119,0.6474545646390111,0.058005753959794,0.0,0.9333180541586376,1.0,17,1,196,5,
B0_apdtm_cls_apdtm_features_original,road_traffic_fines,pre+gen,variant,IM,inductive_miner_im,bc38a80ef2ff6b06,801,0.7787559994014106,0.9899221054016768,0.0,0.9573028360861392,0.7481559294923421,0.211166106000266,0.1785468366847287,0.7866841190352224,0.1463089768212523,169,3,196,5,
B0_apdtm_cls_apdtm_features_original,road_traffic_fines,pre+sim,variant,IM,inductive_miner_im,bc38a80ef2ff6b06,801,0.6030074822093279,0.8710629687671056,0.0,0.7688055726744205,0.5107849214080309,0.2680554865577778,0.1657980904650926,0.6922662354282136,0.357423176589393,163,3,196,5,
B0_apdtm_cls_apdtm_features_original,road_traffic_fines,gen+sim,variant,IM,inductive_miner_im,bc38a80ef2ff6b06,801,0.7995108934297065,0.8875669341178665,0.0,0.8213464480458768,0.7347157508066766,0.0880560406881599,0.0218355546161702,0.900789408321439,0.747946682734423,47,2,196,5,
B0_apdtm_cls_apdtm_features_original,road_traffic_fines,mix-fit,variant,IM,inductive_miner_im,bc38a80ef2ff6b06,801,0.7969541927640134,0.917489504487446,0.0,0.8703293357063786,0.683796413733599,0.1205353117234326,0.0733751429423652,0.8686248604110522,0.6066370366885008,152,2,196,5,
B0_apdtm_cls_apdtm_features_original,road_traffic_fines,mix-prec,variant,IM,inductive_miner_im,bc38a80ef2ff6b06,801,0.787855096082712,0.9485628625742424,0.0,0.913816085896259,0.7510505419770115,0.1607077664915305,0.1259609898135469,0.8305776318762931,0.2261200572275927,159,2,196,5,
B0_apdtm_cls_apdtm_features_original,road_traffic_fines,mix-simp,variant,IM,inductive_miner_im,bc38a80ef2ff6b06,801,0.8027820914375106,0.8891275547093468,0.0,0.8027820914375106,0.717532475472829,0.0863454632718362,0.0,0.9028874284521952,1.0,73,1,196,5,
B0_apdtm_cls_apdtm_features_original,road_traffic_fines,mix-gen,variant,IM,inductive_miner_im,bc38a80ef2ff6b06,801,0.7936829947562092,0.9083681673400874,0.0,0.8242659183514679,0.750967531787418,0.1146851725838782,0.0305829235952587,0.873745936166276,0.5827612990016549,119,2,196,5,
B0_apdtm_cls_apdtm_features_original,sepsis,equal,variant,AM,alpha_miner_classic,3cde4651154418a0,800,0.5249929107876445,0.835724100545018,0.0,0.7189961247213809,0.5249929107876445,0.3107311897573734,0.1940032139337363,0.6281892677802041,0.0,181,5,196,5,
B0_apdtm_cls_apdtm_features_original,sepsis,fitn,variant,AM,alpha_miner_classic,3cde4651154418a0,800,0.2658896119719338,1.0,0.0,1.0,0.2658896119719338,0.7341103880280662,0.7341103880280662,0.2658896119719338,0.0,181,5,196,5,
B0_apdtm_cls_apdtm_features_original,sepsis,prec,variant,AM,alpha_miner_classic,3cde4651154418a0,800,0.4426422388436003,1.0,0.0,0.7033112582781457,0.179251018798475,0.5573577611563997,0.2606690194345453,0.4426422388436003,0.5025972210878684,148,2,196,5,
B0_apdtm_cls_apdtm_features_original,sepsis,gene,variant,AM,alpha_miner_classic,3cde4651154418a0,800,0.9131789227698268,0.9290801678868448,0.0,0.9266596408851776,0.841792203394476,0.0159012451170179,0.0134807181153507,0.982884959052366,0.84115558906998,15,2,196,5,
B0_apdtm_cls_apdtm_features_original,sepsis,simp,variant,AM,alpha_miner_classic,3cde4651154418a0,800,0.4782608695652174,0.7567567567567567,0.0,0.6223776223776223,0.4331983805668016,0.2784958871915393,0.1441167528124048,0.6319875776397517,0.2381999661647778,138,3,196,5,
B0_apdtm_cls_apdtm_features_original,sepsis,fit+pre,variant,AM,alpha_miner_classic,3cde4651154418a0,800,0.354265925407767,0.9487189551442284,0.0,0.8004969574621229,0.354265925407767,0.5944530297364615,0.4462310320543559,0.3734150387602511,0.0,181,5,196,5,
B0_apdtm_cls_apdtm_features_original,sepsis,fit+gen,variant,AM,alpha_miner_classic,3cde4651154418a0,800,0.5895342673708803,0.9633298204425887,0.0,0.9633298204425887,0.5895342673708803,0.3737955530717085,0.3737955530717085,0.611975519557805,0.0,181,5,196,5,
B0_apdtm_cls_apdtm_features_original,sepsis,fit+sim,variant,AM,alpha_miner_classic,3cde4651154418a0,800,0.3720752407685755,0.8140244733789898,0.0,0.8111888111888111,0.3720752407685755,0.4419492326104142,0.4391135704202356,0.4570811479710223,0.0,181,5,196,5,
B0_apdtm_cls_apdtm_features_original,sepsis,pre+gen,variant,AM,alpha_miner_classic,3cde4651154418a0,800,0.6779105808067136,0.9381130457761724,0.0,0.7725517308363108,0.5529553298418263,0.2602024649694587,0.0946411500295971,0.72263207921368,0.5690223081935928,140,2,196,5,
B0_apdtm_cls_apdtm_features_original,sepsis,pre+sim,variant,AM,alpha_miner_classic,3cde4651154418a0,800,0.4604515542044088,0.8491941359263719,0.0,0.5682548194224737,0.3168982366719647,0.3887425817219631,0.1078032652180648,0.5422217779472887,0.57111421535728,160,2,196,5,
B0_apdtm_cls_apdtm_features_original,sepsis,gen+sim,variant,AM,alpha_miner_classic,3cde4651154418a0,800,0.6957198961675222,0.8216829410862796,0.0,0.7624155479965967,0.6374952919806388,0.1259630449187574,0.0666956518290745,0.8467011561025813,0.4660941791493404,76,3,196,5,
B0_apdtm_cls_apdtm_features_original,sepsis,mix-fit,variant,AM,alpha_miner_classic,3cde4651154418a0,800,0.4261185826318798,0.8604442533384715,0.0,0.7408853365946917,0.4261185826318798,0.4343256707065917,0.3147667539628119,0.4952309007568655,0.0,181,5,196,5,
B0_apdtm_cls_apdtm_features_original,sepsis,mix-prec,variant,AM,alpha_miner_classic,3cde4651154418a0,800,0.5520145817192967,0.899278649557322,0.0,0.7567185337155014,0.5520145817192967,0.3472640678380252,0.2047039519962046,0.6138415295315094,0.0,181,5,196,5,
B0_apdtm_cls_apdtm_features_original,sepsis,mix-simp,variant,AM,alpha_miner_classic,3cde4651154418a0,800,0.4979712398559925,0.7905131280697297,0.0,0.7552038190935039,0.4979712398559925,0.2925418882137372,0.2572325792375113,0.6299341809438835,0.0,181,5,196,5,
B0_apdtm_cls_apdtm_features_original,sepsis,mix-gen,variant,AM,alpha_miner_classic,3cde4651154418a0,800,0.6238672389434095,0.8286673700233692,0.0,0.6992188269981966,0.6238672389434095,0.2048001310799597,0.0753515880547871,0.7528560451533355,0.0,171,5,196,5,
B1_apdtm_cls_apdtm_features_original_plus_cash_real,bpi2013_closed_problems,equal,variant,IM,inductive_miner_im,8f8f99e301cae23f,815,0.8326648346142267,0.9163782860150956,0.0,0.8856717323021799,0.7989866614480718,0.083713451400869,0.0530068976879531,0.90864749560479,0.3885118029474256,104,3,196,5,
B1_apdtm_cls_apdtm_features_original_plus_cash_real,bpi2013_closed_problems,fitn,variant,IM,inductive_miner_im,8f8f99e301cae23f,815,1.0,1.0,0.0,1.0,0.6403632397723371,0.0,0.0,1.0,1.0,1,1,196,5,
B1_apdtm_cls_apdtm_features_original_plus_cash_real,bpi2013_closed_problems,prec,variant,IM,inductive_miner_im,8f8f99e301cae23f,815,0.793213587855103,1.0,0.0,1.0,0.7923798798798799,0.206786412144897,0.206786412144897,0.793213587855103,0.0040155451925407,185,3,196,5,
B1_apdtm_cls_apdtm_features_original_plus_cash_real,bpi2013_closed_problems,gene,variant,IM,inductive_miner_im,8f8f99e301cae23f,815,0.8770683921112377,0.9751741745874558,0.0,0.9417621438127408,0.7139696253234955,0.0981057824762181,0.0646937517015031,0.8993966564816778,0.7159970304092427,50,3,196,5,
B1_apdtm_cls_apdtm_features_original_plus_cash_real,bpi2013_closed_problems,simp,variant,IM,inductive_miner_im,8f8f99e301cae23f,815,0.6603773584905661,1.0,0.0,1.0,0.6190476190476191,0.3396226415094339,0.3396226415094339,0.6603773584905661,0.1084905660377359,171,3,196,5,
B1_apdtm_cls_apdtm_features_original_plus_cash_real,bpi2013_closed_problems,fit+pre,variant,IM,inductive_miner_im,8f8f99e301cae23f,815,0.8966067939275515,0.9833244744389686,0.0,0.9314647007105864,0.8201816198861686,0.0867176805114171,0.0348579067830349,0.9118117338014052,0.6867636434505833,85,2,196,5,
B1_apdtm_cls_apdtm_features_original_plus_cash_real,bpi2013_closed_problems,fit+gen,variant,IM,inductive_miner_im,8f8f99e301cae23f,815,0.9385341960556188,0.9768396200213344,0.0,0.9708810719063704,0.7713434646043598,0.0383054239657154,0.0323468758507515,0.9607863735452512,0.8378908302644279,24,2,196,5,
B1_apdtm_cls_apdtm_features_original_plus_cash_real,bpi2013_closed_problems,fit+sim,variant,IM,inductive_miner_im,8f8f99e301cae23f,815,0.8301886792452831,0.8813768133238105,0.0,0.8421052631578947,0.8067735718489487,0.0511881340785274,0.0119165839126116,0.9419225315384814,0.6627225170623418,53,2,196,5,
B1_apdtm_cls_apdtm_features_original_plus_cash_real,bpi2013_closed_problems,pre+gen,variant,IM,inductive_miner_im,8f8f99e301cae23f,815,0.8351409899831703,0.9873630729568104,0.0,0.9511618447181912,0.791199751047195,0.15222208297364,0.1160208547350208,0.8458296779139333,0.2746978232627535,158,3,196,5,
B1_apdtm_cls_apdtm_features_original_plus_cash_real,bpi2013_closed_problems,pre+sim,variant,IM,inductive_miner_im,8f8f99e301cae23f,815,0.7267954731728345,1.0,0.0,1.0,0.7267954731728345,0.2732045268271654,0.2732045268271654,0.7267954731728345,0.0,181,4,196,5,
B1_apdtm_cls_apdtm_features_original_plus_cash_real,bpi2013_closed_problems,gen+sim,variant,IM,inductive_miner_im,8f8f99e301cae23f,815,0.7687228753009019,0.987587087293728,0.0,0.9511618447181912,0.6665086221855573,0.218864211992826,0.1824389694172893,0.7783848991053773,0.3590834215959958,148,3,196,5,
B1_apdtm_cls_apdtm_features_original_plus_cash_real,bpi2013_closed_problems,mix-fit,variant,IM,inductive_miner_im,8f8f99e301cae23f,815,0.8577463872657678,0.934116875905002,0.0,0.8687322836083959,0.8463776648525732,0.0763704886392343,0.0109858963426281,0.91824311217454,0.5085625721187211,84,2,196,5,
B1_apdtm_cls_apdtm_features_original_plus_cash_real,bpi2013_closed_problems,mix-prec,variant,IM,inductive_miner_im,8f8f99e301cae23f,815,0.8464436886244692,0.9478472946591556,0.0,0.8987697547853822,0.822367505140224,0.1014036060346864,0.052326066160913,0.8930169378484633,0.3151240126575368,108,3,196,5,
B1_apdtm_cls_apdtm_features_original_plus_cash_real,bpi2013_closed_problems,mix-simp,variant,IM,inductive_miner_im,8f8f99e301cae23f,815,0.8188859806039843,0.8876203584183078,0.0,0.8725737098189776,0.7756058177559197,0.0687343778143234,0.0536877292149933,0.9225633153155652,0.4463349870482863,71,3,196,5,
B1_apdtm_cls_apdtm_features_original_plus_cash_real,bpi2013_closed_problems,mix-gen,variant,IM,inductive_miner_im,8f8f99e301cae23f,815,0.8075832819626856,0.9265291608189076,0.0,0.9249657997517868,0.7444380636628907,0.1189458788562221,0.1173825177891012,0.8716220882340148,0.3497812561539059,147,3,196,5,
B1_apdtm_cls_apdtm_features_original_plus_cash_real,bpi2013_incidents,equal,variant,IM,inductive_miner_im,1d6773312dd28578,815,0.7909074147300356,0.922771311384078,0.0,0.8512319772476271,0.6771578170832514,0.1318638966540423,0.0603245625175915,0.8571001340990351,0.6534548122442301,150,3,196,5,
B1_apdtm_cls_apdtm_features_original_plus_cash_real,bpi2013_incidents,fitn,variant,IM,inductive_miner_im,1d6773312dd28578,815,1.0,1.0,0.0,1.0,0.2261167659340351,0.0,0.0,1.0,1.0,1,1,196,5,
B1_apdtm_cls_apdtm_features_original_plus_cash_real,bpi2013_incidents,prec,variant,IM,inductive_miner_im,1d6773312dd28578,815,0.6258308214735396,1.0,0.0,0.8850810072924525,0.6000158860441103,0.3741691785264603,0.2592501858189129,0.6258308214735396,0.09055802869317,168,2,196,5,
B1_apdtm_cls_apdtm_features_original_plus_cash_real,bpi2013_incidents,gene,variant,IM,inductive_miner_im,1d6773312dd28578,815,0.871132170779936,0.9924026869731328,0.0,0.9374222306098524,0.871132170779936,0.1212705161931968,0.0662900598299164,0.8778011005158837,0.0,149,4,196,5,
B1_apdtm_cls_apdtm_features_original_plus_cash_real,bpi2013_incidents,simp,variant,IM,inductive_miner_im,1d6773312dd28578,815,0.6666666666666666,1.0,0.0,1.0,0.6216216216216216,0.3333333333333333,0.3333333333333333,0.6666666666666666,0.119047619047619,110,3,196,5,
B1_apdtm_cls_apdtm_features_original_plus_cash_real,bpi2013_incidents,fit+pre,variant,IM,inductive_miner_im,1d6773312dd28578,815,0.8129154107367698,0.9765794350540196,0.0,0.9404450614048588,0.4130663259890726,0.1636640243172498,0.1275296506680889,0.8324109453439426,0.7581820386300854,100,2,196,5,
B1_apdtm_cls_apdtm_features_original_plus_cash_real,bpi2013_incidents,fit+gen,variant,IM,inductive_miner_im,1d6773312dd28578,815,0.935566085389968,0.9948630084104292,0.0,0.9687111153049262,0.5543076911444477,0.059296923020461,0.0331450299149581,0.9403968963373114,0.9200174805936868,60,3,196,5,
B1_apdtm_cls_apdtm_features_original_plus_cash_real,bpi2013_incidents,fit+sim,variant,IM,inductive_miner_im,1d6773312dd28578,815,0.8333333333333333,0.8762171658937965,0.0,0.8421052631578947,0.6130583829670175,0.0428838325604632,0.0087719298245614,0.9510579862736208,0.9617024697422148,24,2,196,5,
B1_apdtm_cls_apdtm_features_original_plus_cash_real,bpi2013_incidents,pre+gen,variant,IM,inductive_miner_im,1d6773312dd28578,815,0.7484814961267379,0.9962013434865664,0.0,0.893748585925811,0.7412572511994853,0.2477198473598285,0.1452670897990731,0.7513355618525434,0.0473747897886647,170,3,196,5,
B1_apdtm_cls_apdtm_features_original_plus_cash_real,bpi2013_incidents,pre+sim,variant,IM,inductive_miner_im,1d6773312dd28578,815,0.6462487440701031,1.0,0.0,0.8000079430220551,0.6462487440701031,0.3537512559298968,0.153759198951952,0.6462487440701031,0.0,173,4,196,5,
B1_apdtm_cls_apdtm_features_original_plus_cash_real,bpi2013_incidents,gen+sim,variant,IM,inductive_miner_im,1d6773312dd28578,815,0.7688994187233014,0.9962013434865664,0.0,0.94124930817743,0.7620188930903955,0.227301924763265,0.1723498894541286,0.771831340873583,0.0383892746639272,165,3,196,5,
B1_apdtm_cls_apdtm_features_original_plus_cash_real,bpi2013_incidents,mix-fit,variant,IM,inductive_miner_im,1d6773312dd28578,815,0.8081957968533888,0.9349837317539984,0.0,0.8784138891748832,0.5587013338223332,0.1267879349006094,0.0702180923214943,0.8643955711798754,0.7803711767150833,99,3,196,5,
B1_apdtm_cls_apdtm_features_original_plus_cash_real,bpi2013_incidents,mix-prec,variant,IM,inductive_miner_im,1d6773312dd28578,815,0.7783386464900632,0.9521545943141788,0.0,0.8860812375503471,0.6499792925109092,0.1738159478241155,0.1077425910602838,0.8174498670047249,0.5436607223109203,150,3,196,5,
B1_apdtm_cls_apdtm_features_original_plus_cash_real,bpi2013_incidents,mix-simp,variant,IM,inductive_miner_im,1d6773312dd28578,815,0.8034761829700079,0.893388028453977,0.0,0.8237417114451061,0.7043363416555937,0.0899118454839691,0.0202655284750982,0.8993585736317028,0.8302795886749293,95,3,196,5,
B1_apdtm_cls_apdtm_features_original_plus_cash_real,bpi2013_incidents,mix-gen,variant,IM,inductive_miner_im,1d6773312dd28578,815,0.7736190326066823,0.9176337438459292,0.0,0.8240500653203712,0.7736190326066823,0.1440147112392469,0.0504310327136888,0.8430586143926427,0.0,171,4,196,5,
B1_apdtm_cls_apdtm_features_original_plus_cash_real,bpi2013_open_problems,equal,variant,IM,inductive_miner_im,16728b2313b05e00,816,0.8830533310680836,0.9162455491114012,0.0,0.9162455491114012,0.7971612190845068,0.0331922180433176,0.0331922180433176,0.9637736651757728,0.7212713206194185,21,2,196,5,
B1_apdtm_cls_apdtm_features_original_plus_cash_real,bpi2013_open_problems,fitn,variant,IM,inductive_miner_im,16728b2313b05e00,816,1.0,1.0,0.0,1.0,0.5167192429022083,0.0,0.0,1.0,1.0,1,1,196,5,
B1_apdtm_cls_apdtm_features_original_plus_cash_real,bpi2013_open_problems,prec,variant,IM,inductive_miner_im,16728b2313b05e00,816,0.9065645824471856,1.0,0.0,1.0,0.9065645824471856,0.0934354175528143,0.0934354175528143,0.9065645824471856,0.0,170,4,196,5,
B1_apdtm_cls_apdtm_features_original_plus_cash_real,bpi2013_open_problems,gene,variant,IM,inductive_miner_im,16728b2313b05e00,816,0.933341049517457,0.9656228232165908,0.0,0.96197551956781,0.8611132579521872,0.0322817736991337,0.028634470050353,0.9665689615831576,0.7161032323518933,64,3,196,5,
B1_apdtm_cls_apdtm_features_original_plus_cash_real,bpi2013_open_problems,simp,variant,IM,inductive_miner_im,16728b2313b05e00,816,0.6923076923076922,1.0,0.0,0.7391304347826086,0.625,0.3076923076923078,0.0468227424749164,0.6923076923076922,0.5897435897435889,97,3,196,5,
B1_apdtm_cls_apdtm_features_original_plus_cash_real,bpi2013_open_problems,fit+pre,variant,IM,inductive_miner_im,16728b2313b05e00,816,0.9532822912235928,0.9819381210475931,0.0,0.9819381210475931,0.7583596214511041,0.0286558298240005,0.0286558298240005,0.9708170716567875,0.871831012929606,44,3,196,5,
B1_apdtm_cls_apdtm_features_original_plus_cash_real,bpi2013_open_problems,fit+gen,variant,IM,inductive_miner_im,16728b2313b05e00,816,0.9666705247587284,0.9828114116082952,0.0,0.975860335679935,0.7371795810261562,0.0161408868495668,0.0091898109212065,0.9835768219020234,0.96149747835959,18,2,196,5,
B1_apdtm_cls_apdtm_features_original_plus_cash_real,bpi2013_open_problems,fit+sim,variant,IM,inductive_miner_im,16728b2313b05e00,816,0.846153846153846,0.8644377932873344,0.0,0.8644377932873344,0.6155024785939613,0.0182839471334883,0.0182839471334883,0.9788487416035374,0.9265514129403069,3,2,196,5,
B1_apdtm_cls_apdtm_features_original_plus_cash_real,bpi2013_open_problems,pre+gen,variant,IM,inductive_miner_im,16728b2313b05e00,816,0.9199528159823214,0.9793652708841788,0.0,0.978819959575052,0.9115847807508796,0.0594124549018574,0.0588671435927307,0.939335754832087,0.124459180116487,69,3,196,5,
B1_apdtm_cls_apdtm_features_original_plus_cash_real,bpi2013_open_problems,pre+sim,variant,IM,inductive_miner_im,16728b2313b05e00,816,0.7994361373774389,0.9951923076923076,0.0,0.8571428571428572,0.7935281517747859,0.1957561703148688,0.0577067197654183,0.8032981477029337,0.0928713819936718,147,3,196,5,
B1_apdtm_cls_apdtm_features_original_plus_cash_real,bpi2013_open_problems,gen+sim,variant,IM,inductive_miner_im,16728b2313b05e00,816,0.8128243709125746,0.978819959575052,0.0,0.8505529771752094,0.7430566289760936,0.1659955886624774,0.0377286062626347,0.8304125421241478,0.6490242980835969,58,3,196,5,
B1_apdtm_cls_apdtm_features_original_plus_cash_real,bpi2013_open_problems,mix-fit,variant,IM,inductive_miner_im,16728b2313b05e00,816,0.90376501814744,0.9321610267210648,0.0,0.9321610267210648,0.7453088319330367,0.0283960085736247,0.0283960085736247,0.969537442824112,0.8480295690086046,29,2,196,5,
B1_apdtm_cls_apdtm_features_original_plus_cash_real,bpi2013_open_problems,mix-prec,variant,IM,inductive_miner_im,16728b2313b05e00,816,0.9118589170648804,0.9501071658282664,0.0,0.9501071658282664,0.8620643957540444,0.0382482487633859,0.0382482487633859,0.959743226723227,0.5655719517781894,46,2,196,5,
B1_apdtm_cls_apdtm_features_original_plus_cash_real,bpi2013_open_problems,mix-simp,variant,IM,inductive_miner_im,16728b2313b05e00,816,0.8542477450712869,0.8823839323945362,0.0,0.8823839323945362,0.7322580424149691,0.0281361873232492,0.0281361873232492,0.9681134409973948,0.812582710902971,13,2,196,5,
B1_apdtm_cls_apdtm_features_original_plus_cash_real,bpi2013_open_problems,mix-gen,variant,IM,inductive_miner_im,16728b2313b05e00,816,0.8623416439887276,0.9253321454132266,0.0,0.9003300715017378,0.823835292661598,0.062990501424499,0.0379884275130102,0.931926604153183,0.5033853540200546,50,2,196,5,
B1_apdtm_cls_apdtm_features_original_plus_cash_real,bpi2017,equal,variant,AM,alpha_miner_classic,9a9cd65c1066e3fa,816,0.5001675983519174,0.8802301190425359,0.0,0.7897159833979309,0.5001675983519174,0.3800625206906185,0.2895483850460135,0.5682236809801182,0.0,176,5,196,5,
B1_apdtm_cls_apdtm_features_original_plus_cash_real,bpi2017,fitn,variant,AM,alpha_miner_classic,9a9cd65c1066e3fa,816,0.495774473479623,1.0,0.0,1.0,0.495774473479623,0.504225526520377,0.504225526520377,0.495774473479623,0.0,176,5,196,5,
B1_apdtm_cls_apdtm_features_original_plus_cash_real,bpi2017,prec,variant,AM,alpha_miner_classic,9a9cd65c1066e3fa,816,0.1259019512485154,0.9982184707429071,0.0,0.9977548056712652,0.1259019512485154,0.8723165194943918,0.8718528544227497,0.1261266495648142,0.0,176,5,196,5,
B1_apdtm_cls_apdtm_features_original_plus_cash_real,bpi2017,gene,variant,AM,alpha_miner_classic,9a9cd65c1066e3fa,816,0.9869939686795314,0.99095165942404,0.0,0.988416241415834,0.8436482021383097,0.0039576907445085,0.0014222727363025,0.9960061717371674,0.9901755059790784,19,2,196,5,
B1_apdtm_cls_apdtm_features_original_plus_cash_real,bpi2017,simp,variant,AM,alpha_miner_classic,9a9cd65c1066e3fa,816,0.392,0.7701149425287357,0.0,0.6170212765957447,0.392,0.3781149425287357,0.2250212765957446,0.5090149253731343,0.0,165,5,196,5,
B1_apdtm_cls_apdtm_features_original_plus_cash_real,bpi2017,fit+pre,variant,AM,alpha_miner_classic,9a9cd65c1066e3fa,816,0.3108382123640691,0.9550451175767803,0.0,0.9168671249859665,0.3108382123640691,0.6442069052127113,0.6060289126218972,0.3254696627869829,0.0,176,5,196,5,
B1_apdtm_cls_apdtm_features_original_plus_cash_real,bpi2017,fit+gen,variant,AM,alpha_miner_classic,9a9cd65c1066e3fa,816,0.7413842210795771,0.9949668505231788,0.0,0.994208120707917,0.7413842210795771,0.2535826294436016,0.2528238996283398,0.7451345948759384,0.0,170,5,196,5,
B1_apdtm_cls_apdtm_features_original_plus_cash_real,bpi2017,fit+sim,variant,AM,alpha_miner_classic,9a9cd65c1066e3fa,816,0.4438872367398115,0.8402404432249244,0.0,0.8085106382978724,0.4438872367398115,0.3963532064851129,0.3646234015580609,0.5282859689973136,0.0,176,5,196,5,
B1_apdtm_cls_apdtm_features_original_plus_cash_real,bpi2017,pre+gen,variant,AM,alpha_miner_classic,9a9cd65c1066e3fa,816,0.5564479599640234,0.98591999350851,0.0,0.9207015039047874,0.5564479599640234,0.4294720335444865,0.364253543940764,0.5643946401612561,0.0,175,5,196,5,
B1_apdtm_cls_apdtm_features_original_plus_cash_real,bpi2017,pre+sim,variant,AM,alpha_miner_classic,9a9cd65c1066e3fa,816,0.2589509756242577,0.8723812160130642,0.0,0.7396181435763733,0.2589509756242577,0.6134302403888064,0.4806671679521156,0.296832360522054,0.0,176,5,196,5,
B1_apdtm_cls_apdtm_features_original_plus_cash_real,bpi2017,gen+sim,variant,AM,alpha_miner_classic,9a9cd65c1066e3fa,816,0.6894969843397657,0.8792604640175905,0.0,0.7963457765194307,0.6625648418098955,0.1897634796778248,0.106848792179665,0.7841783095639924,0.2013152515965386,107,4,196,5,
B1_apdtm_cls_apdtm_features_original_plus_cash_real,bpi2017,mix-fit,variant,AM,alpha_miner_classic,9a9cd65c1066e3fa,816,0.413179771634357,0.8744182289149186,0.0,0.8143793359317738,0.413179771634357,0.4612384572805616,0.4011995642974168,0.4725196227291364,0.0,176,5,196,5,
B1_apdtm_cls_apdtm_features_original_plus_cash_real,bpi2017,mix-prec,variant,AM,alpha_miner_classic,9a9cd65c1066e3fa,816,0.4848138657991901,0.9247332260272324,0.0,0.8675404199182807,0.4848138657991901,0.4399193602280423,0.3827265541190905,0.5242743011214273,0.0,176,5,196,5,
B1_apdtm_cls_apdtm_features_original_plus_cash_real,bpi2017,mix-simp,variant,AM,alpha_miner_classic,9a9cd65c1066e3fa,816,0.5155213309046448,0.8548318499663207,0.0,0.7712039241360872,0.5155213309046448,0.3393105190616758,0.2556825932314424,0.6030675283390011,0.0,176,5,196,5,
B1_apdtm_cls_apdtm_features_original_plus_cash_real,bpi2017,mix-gen,variant,AM,alpha_miner_classic,9a9cd65c1066e3fa,816,0.587155425069478,0.8969137795391169,0.0,0.7650526308640881,0.587155425069478,0.3097583544696388,0.1778972057946101,0.6546397641155546,0.0,173,5,196,5,
B1_apdtm_cls_apdtm_features_original_plus_cash_real,bpi2020_domestic,equal,variant,IM,inductive_miner_im,df7d13e54451760d,816,0.7115532738517909,0.9013014428805918,0.0,0.782697276145632,0.5280586222617515,0.1897481690288008,0.0711440022938411,0.7894731329594249,0.7206080019324798,148,2,196,5,
B1_apdtm_cls_apdtm_features_original_plus_cash_real,bpi2020_domestic,fitn,variant,IM,inductive_miner_im,df7d13e54451760d,816,1.0,1.0,0.0,1.0,0.723032771051894,0.0,0.0,1.0,1.0,1,1,196,5,
B1_apdtm_cls_apdtm_features_original_plus_cash_real,bpi2020_domestic,prec,variant,IM,inductive_miner_im,df7d13e54451760d,816,0.3908057925066429,0.986007752461474,0.0,0.8670356093278883,0.1975518121669374,0.595201959954831,0.4762298168212454,0.3963516428050729,0.2886611762065471,156,2,196,5,
B1_apdtm_cls_apdtm_features_original_plus_cash_real,bpi2020_domestic,gene,variant,IM,inductive_miner_im,df7d13e54451760d,816,0.8554073029005208,0.9326053854610896,0.0,0.8554073029005208,0.7516056740657073,0.0771980825605688,0.0,0.9172232074100652,1.0,76,1,196,5,
B1_apdtm_cls_apdtm_features_original_plus_cash_real,bpi2020_domestic,simp,variant,IM,inductive_miner_im,df7d13e54451760d,816,0.6000000000000001,0.875,0.0,0.6000000000000001,0.3541666666666666,0.2749999999999999,0.0,0.6857142857142858,1.0,125,1,196,5,
B1_apdtm_cls_apdtm_features_original_plus_cash_real,bpi2020_domestic,fit+pre,variant,IM,inductive_miner_im,df7d13e54451760d,816,0.6954028962533214,0.980580685505521,0.0,0.896113454388845,0.4865074575922279,0.2851777892521996,0.2007105581355236,0.7091745804628191,0.5099911629585271,153,2,196,5,
B1_apdtm_cls_apdtm_features_original_plus_cash_real,bpi2020_domestic,fit+gen,variant,IM,inductive_miner_im,df7d13e54451760d,816,0.9277036514502603,0.9529492086056026,0.0,0.9277036514502603,0.7540428391238887,0.0252455571553422,0.0,0.97350797195972,1.0,32,1,196,5,
B1_apdtm_cls_apdtm_features_original_plus_cash_real,bpi2020_domestic,fit+sim,variant,IM,inductive_miner_im,df7d13e54451760d,816,0.8,0.892967594352212,0.0,0.8,0.5385997188592803,0.0929675943522119,0.0,0.8958891734255444,1.0,60,1,196,5,
B1_apdtm_cls_apdtm_features_original_plus_cash_real,bpi2020_domestic,pre+gen,variant,IM,inductive_miner_im,df7d13e54451760d,816,0.6231065477035819,0.957510356458128,0.0,0.8093206416967977,0.5175175256642226,0.3344038087545461,0.1862140939932158,0.6507569798080094,0.3618502210496339,155,2,196,5,
B1_apdtm_cls_apdtm_features_original_plus_cash_real,bpi2020_domestic,pre+sim,variant,IM,inductive_miner_im,df7d13e54451760d,816,0.4954028962533214,0.8607303005919194,0.0,0.7269960655335093,0.3020744053996142,0.3653274043385979,0.2315931692801878,0.5755611204957415,0.4549744317406376,159,2,196,5,
B1_apdtm_cls_apdtm_features_original_plus_cash_real,bpi2020_domestic,gen+sim,variant,IM,inductive_miner_im,df7d13e54451760d,816,0.7277036514502604,0.836843156586478,0.0,0.7277036514502604,0.569609786931275,0.1091395051362176,0.0,0.8695818872661841,1.0,120,1,196,5,
B1_apdtm_cls_apdtm_features_original_plus_cash_real,bpi2020_domestic,mix-fit,variant,IM,inductive_miner_im,df7d13e54451760d,816,0.7227824680420449,0.9217713572150562,0.0,0.822739074332684,0.5135463757134479,0.1989888891730112,0.099956606290639,0.7841233754819464,0.6767174427565207,146,2,196,5,
B1_apdtm_cls_apdtm_features_original_plus_cash_real,bpi2020_domestic,mix-prec,variant,IM,inductive_miner_im,df7d13e54451760d,816,0.6729445078728135,0.939640856836592,0.0,0.8160298580147409,0.5155319506888352,0.2666963489637786,0.1430853501419274,0.7161720384726116,0.5238391128403304,151,2,196,5,
B1_apdtm_cls_apdtm_features_original_plus_cash_real,bpi2020_domestic,mix-simp,variant,IM,inductive_miner_im,df7d13e54451760d,816,0.7501620398307685,0.8629620289245914,0.0,0.7501620398307685,0.5405852938346677,0.1127999890938229,0.0,0.8692874248077955,1.0,156,1,196,5,
B1_apdtm_cls_apdtm_features_original_plus_cash_real,bpi2020_domestic,mix-gen,variant,IM,inductive_miner_im,df7d13e54451760d,816,0.700324079661537,0.88113234738198,0.0,0.7426554779585799,0.5425708688100551,0.180808267720443,0.0423313982970429,0.7948001020985548,0.7884325112401829,152,2,196,5,
B1_apdtm_cls_apdtm_features_original_plus_cash_real,bpi2020_international,equal,variant,IM,inductive_miner_im,6150b352c065731b,816,0.673835984258307,0.8501918473231604,0.0,0.748944593081187,0.4273062136187044,0.1763558630648534,0.0751086088228799,0.7925693317101169,0.7664811987039595,157,2,196,5,
B1_apdtm_cls_apdtm_features_original_plus_cash_real,bpi2020_international,fitn,variant,IM,inductive_miner_im,6150b352c065731b,816,0.9707533277618512,1.0,0.0,1.0,0.543631678095892,0.0292466722381488,0.0292466722381488,0.9707533277618512,0.9359143243857884,11,2,196,5,
B1_apdtm_cls_apdtm_features_original_plus_cash_real,bpi2020_international,prec,variant,IM,inductive_miner_im,6150b352c065731b,816,0.225696298955442,1.0,0.0,0.914192461570857,0.0,0.774303701044558,0.688496162615415,0.225696298955442,0.2468805075986166,171,2,196,5,
B1_apdtm_cls_apdtm_features_original_plus_cash_real,bpi2020_international,gene,variant,IM,inductive_miner_im,6150b352c065731b,816,0.8766720880937127,0.9418786896404474,0.0,0.9085268002629592,0.6807656098412334,0.0652066015467347,0.0318547121692465,0.9307696391648624,0.8601398591644877,55,3,196,5,
B1_apdtm_cls_apdtm_features_original_plus_cash_real,bpi2020_international,simp,variant,IM,inductive_miner_im,6150b352c065731b,816,0.6222222222222222,0.726190476190476,0.0,0.6222222222222222,0.2668810289389067,0.1039682539682538,0.0,0.8568306010928963,1.0,55,1,196,5,
B1_apdtm_cls_apdtm_features_original_plus_cash_real,bpi2020_international,fit+pre,variant,IM,inductive_miner_im,6150b352c065731b,816,0.5982248133586466,0.9444725618292222,0.0,0.9075063812417572,0.271815839047946,0.3462477484705756,0.3092815678831107,0.6333956512193697,0.5134714969712166,166,2,196,5,
B1_apdtm_cls_apdtm_features_original_plus_cash_real,bpi2020_international,fit+gen,variant,IM,inductive_miner_im,6150b352c065731b,816,0.923712707927782,0.9642924535411258,0.0,0.9542634001314796,0.7211719127679556,0.0405797456133438,0.0305506922036976,0.9579175949533518,0.8689326129012531,18,2,196,5,
B1_apdtm_cls_apdtm_features_original_plus_cash_real,bpi2020_international,fit+sim,variant,IM,inductive_miner_im,6150b352c065731b,816,0.7964877749920367,0.8252695672008914,0.0,0.7964877749920367,0.4052563535173993,0.0287817922088546,0.0,0.9651243746858674,1.0,18,1,196,5,
B1_apdtm_cls_apdtm_features_original_plus_cash_real,bpi2020_international,pre+gen,variant,IM,inductive_miner_im,6150b352c065731b,816,0.5511841935245774,0.9244692854293904,0.0,0.7974790357060452,0.4493560737200096,0.3732850919048129,0.2462948421814678,0.5962168805517076,0.2925061858133118,170,2,196,5,
B1_apdtm_cls_apdtm_features_original_plus_cash_real,bpi2020_international,pre+sim,variant,IM,inductive_miner_im,6150b352c065731b,816,0.4239592605888321,0.863095238095238,0.0,0.7070962307854285,0.1334405144694533,0.4391359775064059,0.2831369701965964,0.4912079708891296,0.5064339774823375,170,2,196,5,
B1_apdtm_cls_apdtm_features_original_plus_cash_real,bpi2020_international,gen+sim,variant,IM,inductive_miner_im,6150b352c065731b,816,0.7494471551579674,0.8021013140485984,0.0,0.7494471551579674,0.5827965881894629,0.0526541588906309,0.0,0.934354728051922,1.0,45,1,196,5,
B1_apdtm_cls_apdtm_features_original_plus_cash_real,bpi2020_international,mix-fit,variant,IM,inductive_miner_im,6150b352c065731b,816,0.6681218740451889,0.8651430903153831,0.0,0.8026624198204434,0.36070009177014,0.1970212162701942,0.1345405457752545,0.772267479824209,0.6955836793403319,159,2,196,5,
B1_apdtm_cls_apdtm_features_original_plus_cash_real,bpi2020_international,mix-prec,variant,IM,inductive_miner_im,6150b352c065731b,816,0.6096530337848831,0.8789785552291676,0.0,0.8000707277632444,0.4050280827450748,0.2693255214442844,0.1904176939783612,0.6935926140154058,0.5179819283318052,168,2,196,5,
B1_apdtm_cls_apdtm_features_original_plus_cash_real,bpi2020_international,mix-simp,variant,IM,inductive_miner_im,6150b352c065731b,816,0.7380189347317311,0.8280233355013684,0.0,0.7380189347317311,0.4495843444923341,0.0900044007696373,0.0,0.8913020963169599,1.0,76,1,196,5,
B1_apdtm_cls_apdtm_features_original_plus_cash_real,bpi2020_international,mix-gen,variant,IM,inductive_miner_im,6150b352c065731b,816,0.6795500944714253,0.8352406043309378,0.0,0.6952267663419306,0.4939123354672689,0.1556905098595125,0.0156766718705052,0.8135980110973807,0.9221284246618884,135,2,196,5,
B1_apdtm_cls_apdtm_features_original_plus_cash_real,bpi2020_payment,equal,variant,IM,inductive_miner_im,d6c08269cc6ee4f8,816,0.6900806255881581,0.8696763776738392,0.0,0.7459843675155176,0.4539079536155171,0.1795957520856811,0.0559037419273594,0.7934912840037651,0.808598917040595,159,2,196,5,
B1_apdtm_cls_apdtm_features_original_plus_cash_real,bpi2020_payment,fitn,variant,IM,inductive_miner_im,d6c08269cc6ee4f8,816,1.0,1.0,0.0,1.0,0.6986954515961711,0.0,0.0,1.0,1.0,1,1,196,5,
B1_apdtm_cls_apdtm_features_original_plus_cash_real,bpi2020_payment,prec,variant,IM,inductive_miner_im,d6c08269cc6ee4f8,816,0.2933515233338684,1.0,0.0,0.8082905921163525,0.0,0.7066484766661316,0.5149390687824841,0.2933515233338684,0.3629282911307729,166,2,196,5,
B1_apdtm_cls_apdtm_features_original_plus_cash_real,bpi2020_payment,gene,variant,IM,inductive_miner_im,d6c08269cc6ee4f8,816,0.8669709790187637,0.9042989365923124,0.0,0.8669709790187637,0.6750512131653676,0.0373279575735486,0.0,0.9587216615401404,1.0,4,1,196,5,
B1_apdtm_cls_apdtm_features_original_plus_cash_real,bpi2020_payment,simp,variant,IM,inductive_miner_im,d6c08269cc6ee4f8,816,0.6000000000000001,0.8214285714285714,0.0,0.6000000000000001,0.3333333333333333,0.2214285714285713,0.0,0.7304347826086958,1.0,105,1,196,5,
B1_apdtm_cls_apdtm_features_original_plus_cash_real,bpi2020_payment,fit+pre,variant,IM,inductive_miner_im,d6c08269cc6ee4f8,816,0.6466757616669342,0.9825892284678608,0.0,0.8729305234063345,0.3493477257980855,0.3359134668009267,0.2262547617394003,0.6581343891539373,0.567872048560528,164,2,196,5,
B1_apdtm_cls_apdtm_features_original_plus_cash_real,bpi2020_payment,fit+gen,variant,IM,inductive_miner_im,d6c08269cc6ee4f8,816,0.9334854895093818,0.951497082337022,0.0,0.9334854895093818,0.7411492405643676,0.0180115928276403,0.0,0.9810702595289088,1.0,2,1,196,5,
B1_apdtm_cls_apdtm_features_original_plus_cash_real,bpi2020_payment,fit+sim,variant,IM,inductive_miner_im,d6c08269cc6ee4f8,816,0.8,0.8691224178435837,0.0,0.8,0.5160143924647522,0.0691224178435836,0.0,0.9204687206031502,1.0,56,1,196,5,
B1_apdtm_cls_apdtm_features_original_plus_cash_real,bpi2020_payment,pre+gen,variant,IM,inductive_miner_im,d6c08269cc6ee4f8,816,0.5801612511763161,0.916868426053467,0.0,0.7416709026408601,0.391801514766282,0.3367071748771508,0.161509651464544,0.6327639110374209,0.5383715836195355,155,2,196,5,
B1_apdtm_cls_apdtm_features_original_plus_cash_real,bpi2020_payment,pre+sim,variant,IM,inductive_miner_im,d6c08269cc6ee4f8,816,0.4466757616669342,0.87,0.0,0.6856579011001931,0.1666666666666666,0.4233242383330657,0.2389821394332588,0.5134204157091198,0.5395256729256606,170,2,196,5,
B1_apdtm_cls_apdtm_features_original_plus_cash_real,bpi2020_payment,gen+sim,variant,IM,inductive_miner_im,d6c08269cc6ee4f8,816,0.7334854895093819,0.7955758933524278,0.0,0.7334854895093819,0.5584681814329486,0.0620904038430459,0.0,0.921955398143844,1.0,54,1,196,5,
B1_apdtm_cls_apdtm_features_original_plus_cash_real,bpi2020_payment,mix-fit,variant,IM,inductive_miner_im,d6c08269cc6ee4f8,816,0.6947025549020369,0.9053177010011466,0.0,0.7976255228467759,0.4245051502583915,0.2106151460991097,0.1029229679447389,0.7673577509130765,0.7241561289437266,163,2,196,5,
B1_apdtm_cls_apdtm_features_original_plus_cash_real,bpi2020_payment,mix-prec,variant,IM,inductive_miner_im,d6c08269cc6ee4f8,816,0.6374319030391765,0.9102277500261444,0.0,0.769648212743818,0.4081533325123367,0.272795846986968,0.1322163097046415,0.7002993514764492,0.634251224747699,163,2,196,5,
B1_apdtm_cls_apdtm_features_original_plus_cash_real,bpi2020_payment,mix-simp,variant,IM,inductive_miner_im,d6c08269cc6ee4f8,816,0.7427293481371395,0.829125005321534,0.0,0.7427293481371395,0.4996625747186974,0.0863956571843944,0.0,0.895798996978881,1.0,147,1,196,5,
B1_apdtm_cls_apdtm_features_original_plus_cash_real,bpi2020_payment,mix-gen,variant,IM,inductive_miner_im,d6c08269cc6ee4f8,816,0.6854586962742792,0.836099433132433,0.0,0.6943432121842593,0.4833107569726427,0.1506407368581537,0.00888451590998,0.8198291603980873,0.9578997652229796,154,2,196,5,
B1_apdtm_cls_apdtm_features_original_plus_cash_real,bpi2020_permit,equal,variant,IMd,inductive_miner_imd,83bfdaba62b71641,816,0.577599409149261,0.8429076490043279,0.0,0.6953084541835005,0.0,0.2653082398550669,0.1177090450342395,0.6852463728755359,0.830709601866606,168,3,196,5,
B1_apdtm_cls_apdtm_features_original_plus_cash_real,bpi2020_permit,fitn,variant,IMd,inductive_miner_imd,83bfdaba62b71641,816,1.0,1.0,0.0,1.0,0.0,0.0,0.0,1.0,1.0,1,1,196,5,
B1_apdtm_cls_apdtm_features_original_plus_cash_real,bpi2020_permit,prec,variant,IMd,inductive_miner_imd,83bfdaba62b71641,816,0.0701582627715042,0.9911533085603246,0.0,0.8137442437123628,0.0,0.9209950457888204,0.7435859809408586,0.0707844711464575,0.0862166009942348,173,3,196,5,
B1_apdtm_cls_apdtm_features_original_plus_cash_real,bpi2020_permit,gene,variant,IMd,inductive_miner_imd,83bfdaba62b71641,816,0.8652393738255396,0.9078165537742844,0.0,0.8652393738255396,0.0,0.0425771799487447,0.0,0.9530993571644752,1.0,41,1,196,5,
B1_apdtm_cls_apdtm_features_original_plus_cash_real,bpi2020_permit,simp,variant,IMd,inductive_miner_imd,83bfdaba62b71641,816,0.375,0.7142857142857143,0.0,0.5946547884187082,0.0,0.3392857142857143,0.2196547884187082,0.525,0.6306179775280899,163,4,196,5,
B1_apdtm_cls_apdtm_features_original_plus_cash_real,bpi2020_permit,fit+pre,variant,IMd,inductive_miner_imd,83bfdaba62b71641,816,0.5350791313857521,0.9243881790529204,0.0,0.8512783359444481,0.0,0.3893090476671683,0.316199204558696,0.5788467913273903,0.6285595542521475,164,3,196,5,
B1_apdtm_cls_apdtm_features_original_plus_cash_real,bpi2020_permit,fit+gen,variant,IMd,inductive_miner_imd,83bfdaba62b71641,816,0.93261968691277,0.9448808304983668,0.0,0.93261968691277,0.0,0.0122611435855969,0.0,0.9870236084913164,1.0,7,1,196,5,
B1_apdtm_cls_apdtm_features_original_plus_cash_real,bpi2020_permit,fit+sim,variant,IMd,inductive_miner_imd,83bfdaba62b71641,816,0.6875,0.8272924879786688,0.0,0.7973273942093542,0.0,0.1397924879786688,0.1098273942093541,0.8310241057304593,0.8622555865921787,114,2,196,5,
B1_apdtm_cls_apdtm_features_original_plus_cash_real,bpi2020_permit,pre+gen,variant,IMd,inductive_miner_imd,83bfdaba62b71641,816,0.4676988182985219,0.9322600772514232,0.0,0.7082588870498185,0.0,0.4645612589529012,0.2405600687512966,0.5016827704104154,0.6603500878706576,172,3,196,5,
B1_apdtm_cls_apdtm_features_original_plus_cash_real,bpi2020_permit,pre+sim,variant,IMd,inductive_miner_imd,83bfdaba62b71641,816,0.2225791313857521,0.816594001468874,0.0,0.644823929085097,0.0,0.5940148700831218,0.4222447976993448,0.2725701278547001,0.3451781507264419,172,3,196,5,
B1_apdtm_cls_apdtm_features_original_plus_cash_real,bpi2020_permit,gen+sim,variant,IMd,inductive_miner_imd,83bfdaba62b71641,816,0.6201196869127699,0.7992898469819344,0.0,0.7281672934908063,0.0,0.1791701600691645,0.1080476065780364,0.7758383135408272,0.8516170562123707,131,3,196,5,
B1_apdtm_cls_apdtm_features_original_plus_cash_real,bpi2020_permit,mix-fit,variant,IMd,inductive_miner_imd,83bfdaba62b71641,816,0.5825714162140052,0.8639118088087243,0.0,0.755106320314616,0.0,0.2813403925947191,0.1725349041006108,0.6743413046029914,0.7715091246637641,169,3,196,5,
B1_apdtm_cls_apdtm_features_original_plus_cash_real,bpi2020_permit,mix-prec,variant,IMd,inductive_miner_imd,83bfdaba62b71641,816,0.5251351172562636,0.8885842618048088,0.0,0.7316826036822173,0.0,0.3634491445485451,0.2065474864259536,0.5909795388336707,0.7177089008451253,172,3,196,5,
B1_apdtm_cls_apdtm_features_original_plus_cash_real,bpi2020_permit,mix-simp,variant,IMd,inductive_miner_imd,83bfdaba62b71641,816,0.6300637010422584,0.81761289182125,0.0,0.7200015916100726,0.0,0.1875491907789915,0.0899378905678142,0.7706137064922964,0.8750865392301502,148,3,196,5,
B1_apdtm_cls_apdtm_features_original_plus_cash_real,bpi2020_permit,mix-gen,variant,IMd,inductive_miner_imd,83bfdaba62b71641,816,0.5726274020845168,0.8269571869508153,0.0,0.642675789010791,0.0,0.2543297848662985,0.0700483869262742,0.6924510858850239,0.8910050944441318,160,3,196,5,
B1_apdtm_cls_apdtm_features_original_plus_cash_real,bpic15_1,equal,variant,IMd,inductive_miner_imd,8ec8a2cb08851acf,816,0.5006533211257762,0.7538067736145151,0.0,0.5006533211257762,0.0,0.2531534524887389,0.0,0.6641666520521378,1.0,124,1,196,5,
B1_apdtm_cls_apdtm_features_original_plus_cash_real,bpic15_1,fitn,variant,IMd,inductive_miner_imd,8ec8a2cb08851acf,816,1.0,1.0,0.0,1.0,0.0,0.0,0.0,1.0,1.0,1,1,196,5,
B1_apdtm_cls_apdtm_features_original_plus_cash_real,bpic15_1,prec,variant,IMd,inductive_miner_imd,8ec8a2cb08851acf,816,0.0055144083252097,0.9967132292522596,0.0,0.0055144083252097,0.0,0.99119882092705,0.0,0.0055325926890191,1.0,141,1,196,5,
B1_apdtm_cls_apdtm_features_original_plus_cash_real,bpic15_1,gene,variant,IMd,inductive_miner_imd,8ec8a2cb08851acf,816,0.6526451647517064,0.7947596517508088,0.0,0.6526451647517064,0.0,0.1421144869991023,0.0,0.8211855789532942,1.0,112,1,196,5,
B1_apdtm_cls_apdtm_features_original_plus_cash_real,bpic15_1,simp,variant,IMd,inductive_miner_imd,8ec8a2cb08851acf,816,0.3444537114261885,1.0,0.0,0.3444537114261885,0.0,0.6555462885738115,0.0,0.3444537114261885,1.0,137,1,196,5,
B1_apdtm_cls_apdtm_features_original_plus_cash_real,bpic15_1,fit+pre,variant,IMd,inductive_miner_imd,8ec8a2cb08851acf,816,0.5027572041626048,0.8688577238297088,0.0,0.5027572041626048,0.0,0.366100519667104,0.0,0.5786415777563397,1.0,74,1,196,5,
B1_apdtm_cls_apdtm_features_original_plus_cash_real,bpic15_1,fit+gen,variant,IMd,inductive_miner_imd,8ec8a2cb08851acf,816,0.8263225823758532,0.871727415992749,0.0,0.8263225823758532,0.0,0.0454048336168958,0.0,0.9479139547708414,1.0,4,1,196,5,
B1_apdtm_cls_apdtm_features_original_plus_cash_real,bpic15_1,fit+sim,variant,IMd,inductive_miner_imd,8ec8a2cb08851acf,816,0.6722268557130943,0.8645266546833184,0.0,0.6722268557130943,0.0,0.1922997989702241,0.0,0.7775663735426819,1.0,85,1,196,5,
B1_apdtm_cls_apdtm_features_original_plus_cash_real,bpic15_1,pre+gen,variant,IMd,inductive_miner_imd,8ec8a2cb08851acf,816,0.329079786538458,0.8387467991159434,0.0,0.329079786538458,0.0,0.5096670125774854,0.0,0.3923469954047097,1.0,126,1,196,5,
B1_apdtm_cls_apdtm_features_original_plus_cash_real,bpic15_1,pre+sim,variant,IMd,inductive_miner_imd,8ec8a2cb08851acf,816,0.1749840598756991,0.8214077863143173,0.0,0.1749840598756991,0.0,0.6464237264386182,0.0,0.2130294633081798,1.0,142,1,196,5,
B1_apdtm_cls_apdtm_features_original_plus_cash_real,bpic15_1,gen+sim,variant,IMd,inductive_miner_imd,8ec8a2cb08851acf,816,0.4985494380889474,0.8973798258754044,0.0,0.4985494380889474,0.0,0.3988303877864569,0.0,0.5555612280481197,1.0,131,1,196,5,
B1_apdtm_cls_apdtm_features_original_plus_cash_real,bpic15_1,mix-fit,variant,IMd,inductive_miner_imd,8ec8a2cb08851acf,816,0.5358095812579713,0.7829881701741386,0.0,0.5358095812579713,0.0,0.2471785889161672,0.0,0.6843137631808739,1.0,94,1,196,5,
B1_apdtm_cls_apdtm_features_original_plus_cash_real,bpic15_1,mix-prec,variant,IMd,inductive_miner_imd,8ec8a2cb08851acf,816,0.4324446838982146,0.8104949307104619,0.0,0.4324446838982146,0.0,0.3780502468122472,0.0,0.5335563092530922,1.0,118,1,196,5,
B1_apdtm_cls_apdtm_features_original_plus_cash_real,bpic15_1,mix-simp,variant,IMd,inductive_miner_imd,8ec8a2cb08851acf,816,0.5688619583533376,0.7694736087116352,0.0,0.5688619583533376,0.0,0.2006116503582975,0.0,0.7392871593163659,1.0,121,1,196,5,
B1_apdtm_cls_apdtm_features_original_plus_cash_real,bpic15_1,mix-gen,variant,IMd,inductive_miner_imd,8ec8a2cb08851acf,816,0.465497060993581,0.7344918748892888,0.0,0.465497060993581,0.0,0.2689948138957077,0.0,0.6337674750503486,1.0,131,1,196,5,
B1_apdtm_cls_apdtm_features_original_plus_cash_real,bpic15_2,equal,variant,IMd,inductive_miner_imd,2bd4a2c68f811174,816,0.4958761568622505,0.739796087901852,0.0,0.4958761568622505,0.0,0.2439199310396015,0.0,0.6702876170494672,1.0,123,1,196,5,
B1_apdtm_cls_apdtm_features_original_plus_cash_real,bpic15_2,fitn,variant,IMd,inductive_miner_imd,2bd4a2c68f811174,816,1.0,1.0,0.0,1.0,0.0,0.0,0.0,1.0,1.0,1,1,196,5,
B1_apdtm_cls_apdtm_features_original_plus_cash_real,bpic15_2,prec,variant,IMd,inductive_miner_imd,2bd4a2c68f811174,816,0.0047466811844114,0.9964080459770116,0.0,0.0047466811844114,0.0,0.9916613647926004,0.0,0.0047637925080754,1.0,141,1,196,5,
B1_apdtm_cls_apdtm_features_original_plus_cash_real,bpic15_2,gene,variant,IMd,inductive_miner_imd,2bd4a2c68f811174,816,0.630479323366272,0.8434264748464657,0.0,0.630479323366272,0.0,0.2129471514801937,0.0,0.7475213811388149,1.0,119,1,196,5,
B1_apdtm_cls_apdtm_features_original_plus_cash_real,bpic15_2,simp,variant,IMd,inductive_miner_imd,2bd4a2c68f811174,816,0.3482786228983187,1.0,0.0,0.3482786228983187,0.0,0.6517213771016813,0.0,0.3482786228983187,1.0,133,1,196,5,
B1_apdtm_cls_apdtm_features_original_plus_cash_real,bpic15_2,fit+pre,variant,IMd,inductive_miner_imd,2bd4a2c68f811174,816,0.5023733405922057,0.8552632687420797,0.0,0.5023733405922057,0.0,0.3528899281498739,0.0,0.587390291332277,1.0,62,1,196,5,
B1_apdtm_cls_apdtm_features_original_plus_cash_real,bpic15_2,fit+gen,variant,IMd,inductive_miner_imd,2bd4a2c68f811174,816,0.815239661683136,0.888226048940476,0.0,0.815239661683136,0.0,0.0729863872573399,0.0,0.9178290398661444,1.0,6,1,196,5,
B1_apdtm_cls_apdtm_features_original_plus_cash_real,bpic15_2,fit+sim,variant,IMd,inductive_miner_imd,2bd4a2c68f811174,816,0.6741393114491594,0.8502937315725136,0.0,0.6741393114491594,0.0,0.1761544201233542,0.0,0.7928310963817429,1.0,81,1,196,5,
B1_apdtm_cls_apdtm_features_original_plus_cash_real,bpic15_2,pre+gen,variant,IMd,inductive_miner_imd,2bd4a2c68f811174,816,0.3176130022753416,0.8135744140072105,0.0,0.3176130022753416,0.0,0.4959614117318688,0.0,0.3903920733088918,1.0,136,1,196,5,
B1_apdtm_cls_apdtm_features_original_plus_cash_real,bpic15_2,pre+sim,variant,IMd,inductive_miner_imd,2bd4a2c68f811174,816,0.176512652041365,0.7980406242956953,0.0,0.176512652041365,0.0,0.6215279722543303,0.0,0.2211825396697629,1.0,138,1,196,5,
B1_apdtm_cls_apdtm_features_original_plus_cash_real,bpic15_2,gen+sim,variant,IMd,inductive_miner_imd,2bd4a2c68f811174,816,0.4893789731322953,0.9217132374232327,0.0,0.4893789731322953,0.0,0.4323342642909375,0.0,0.5309449330470905,1.0,131,1,196,5,
B1_apdtm_cls_apdtm_features_original_plus_cash_real,bpic15_2,mix-fit,variant,IMd,inductive_miner_imd,2bd4a2c68f811174,816,0.5341276612716144,0.7675374461630222,0.0,0.5341276612716144,0.0,0.2334097848914078,0.0,0.695897853507681,1.0,88,1,196,5,
B1_apdtm_cls_apdtm_features_original_plus_cash_real,bpic15_2,mix-prec,variant,IMd,inductive_miner_imd,2bd4a2c68f811174,816,0.425870331773478,0.7904532226862232,0.0,0.425870331773478,0.0,0.3645828909127451,0.0,0.5387672787596828,1.0,118,1,196,5,
B1_apdtm_cls_apdtm_features_original_plus_cash_real,bpic15_2,mix-simp,variant,IMd,inductive_miner_imd,2bd4a2c68f811174,816,0.565881981951023,0.7666984383330109,0.0,0.565881981951023,0.0,0.2008164563819878,0.0,0.7380763461334137,1.0,118,1,196,5,
B1_apdtm_cls_apdtm_features_original_plus_cash_real,bpic15_2,mix-gen,variant,IMd,inductive_miner_imd,2bd4a2c68f811174,816,0.4576246524528867,0.7177077196779903,0.0,0.4576246524528867,0.0,0.2600830672251036,0.0,0.6376197996842036,1.0,136,1,196,5,
B1_apdtm_cls_apdtm_features_original_plus_cash_real,bpic15_3,equal,variant,IMd,inductive_miner_imd,1e1739de3216125c,816,0.5062291863779904,0.7711497484903616,0.0,0.5062291863779904,0.0,0.2649205621123711,0.0,0.6564602885094731,1.0,126,1,196,5,
B1_apdtm_cls_apdtm_features_original_plus_cash_real,bpic15_3,fitn,variant,IMd,inductive_miner_imd,1e1739de3216125c,816,1.0,1.0,0.0,1.0,0.0,0.0,0.0,1.0,1.0,1,1,196,5,
B1_apdtm_cls_apdtm_features_original_plus_cash_real,bpic15_3,prec,variant,IMd,inductive_miner_imd,1e1739de3216125c,816,0.0056460981272722,0.9713690786048932,0.0,0.0056460981272722,0.0,0.965722980477621,0.0,0.0058125158105519,1.0,139,1,196,5,
B1_apdtm_cls_apdtm_features_original_plus_cash_real,bpic15_3,gene,variant,IMd,inductive_miner_imd,1e1739de3216125c,816,0.6755746197508381,0.7690804510999736,0.0,0.6755746197508381,0.0,0.0935058313491354,0.0,0.8784186606025427,1.0,104,1,196,5,
B1_apdtm_cls_apdtm_features_original_plus_cash_real,bpic15_3,simp,variant,IMd,inductive_miner_imd,1e1739de3216125c,816,0.3436960276338515,1.0,0.0,0.3436960276338515,0.0,0.6563039723661486,0.0,0.3436960276338515,1.0,133,1,196,5,
B1_apdtm_cls_apdtm_features_original_plus_cash_real,bpic15_3,fit+pre,variant,IMd,inductive_miner_imd,1e1739de3216125c,816,0.5028230490636361,0.8737992058502052,0.0,0.5028230490636361,0.0,0.3709761567865691,0.0,0.5754446166775696,1.0,68,1,196,5,
B1_apdtm_cls_apdtm_features_original_plus_cash_real,bpic15_3,fit+gen,variant,IMd,inductive_miner_imd,1e1739de3216125c,816,0.837787309875419,0.8764050391703524,0.0,0.837787309875419,0.0,0.0386177292949333,0.0,0.955936208067116,1.0,8,1,196,5,
B1_apdtm_cls_apdtm_features_original_plus_cash_real,bpic15_3,fit+sim,variant,IMd,inductive_miner_imd,1e1739de3216125c,816,0.6718480138169257,0.8866318702272058,0.0,0.6718480138169257,0.0,0.21478385641028,0.0,0.7577530611941119,1.0,98,1,196,5,
B1_apdtm_cls_apdtm_features_original_plus_cash_real,bpic15_3,pre+gen,variant,IMd,inductive_miner_imd,1e1739de3216125c,816,0.3406103589390551,0.8335999035488251,0.0,0.3406103589390551,0.0,0.4929895446097699,0.0,0.4086017254668566,1.0,124,1,196,5,
B1_apdtm_cls_apdtm_features_original_plus_cash_real,bpic15_3,pre+sim,variant,IMd,inductive_miner_imd,1e1739de3216125c,816,0.1746710628805618,0.806269466186586,0.0,0.1746710628805618,0.0,0.6315984033060242,0.0,0.2166410489370307,1.0,139,1,196,5,
B1_apdtm_cls_apdtm_features_original_plus_cash_real,bpic15_3,gen+sim,variant,IMd,inductive_miner_imd,1e1739de3216125c,816,0.5096353236923448,0.8774480269684266,0.0,0.5096353236923448,0.0,0.3678127032760818,0.0,0.5808153965006101,1.0,130,1,196,5,
B1_apdtm_cls_apdtm_features_original_plus_cash_real,bpic15_3,mix-fit,variant,IMd,inductive_miner_imd,1e1739de3216125c,816,0.5379904969400358,0.7997195004226063,0.0,0.5379904969400358,0.0,0.2617290034825705,0.0,0.6727239946703042,1.0,101,1,196,5,
B1_apdtm_cls_apdtm_features_original_plus_cash_real,bpic15_3,mix-prec,variant,IMd,inductive_miner_imd,1e1739de3216125c,816,0.4393004279395454,0.8166597019857158,0.0,0.4393004279395454,0.0,0.3773592740461703,0.0,0.5379234788632061,1.0,117,1,196,5,
B1_apdtm_cls_apdtm_features_original_plus_cash_real,bpic15_3,mix-simp,variant,IMd,inductive_miner_imd,1e1739de3216125c,816,0.5731579448164354,0.7807894458056361,0.0,0.5731579448164354,0.0,0.2076315009892007,0.0,0.7340749134038795,1.0,122,1,196,5,
B1_apdtm_cls_apdtm_features_original_plus_cash_real,bpic15_3,mix-gen,variant,IMd,inductive_miner_imd,1e1739de3216125c,816,0.4744678758159452,0.742579996558117,0.0,0.4744678758159452,0.0,0.2681121207421718,0.0,0.6389451345513205,1.0,133,1,196,5,
B1_apdtm_cls_apdtm_features_original_plus_cash_real,bpic15_4,equal,variant,IMd,inductive_miner_imd,f68041a3f2d86846,816,0.5004532568394435,0.7570912404815519,0.0,0.5004532568394435,0.0,0.2566379836421083,0.0,0.6610210633544348,1.0,134,1,196,5,
B1_apdtm_cls_apdtm_features_original_plus_cash_real,bpic15_4,fitn,variant,IMd,inductive_miner_imd,f68041a3f2d86846,816,1.0,1.0,0.0,1.0,0.0,0.0,0.0,1.0,1.0,1,1,196,5,
B1_apdtm_cls_apdtm_features_original_plus_cash_real,bpic15_4,prec,variant,IMd,inductive_miner_imd,f68041a3f2d86846,816,0.0063677194723514,0.9771181199752628,0.0,0.0063677194723514,0.0,0.9707504005029114,0.0,0.0065168369536659,1.0,146,1,196,5,
B1_apdtm_cls_apdtm_features_original_plus_cash_real,bpic15_4,gene,variant,IMd,inductive_miner_imd,f68041a3f2d86846,816,0.6484303825122886,0.8125621208083507,0.0,0.6484303825122886,0.0,0.1641317382960621,0.0,0.7980071503545094,1.0,113,1,196,5,
B1_apdtm_cls_apdtm_features_original_plus_cash_real,bpic15_4,simp,variant,IMd,inductive_miner_imd,f68041a3f2d86846,816,0.3470149253731343,1.0,0.0,0.3470149253731343,0.0,0.6529850746268657,0.0,0.3470149253731343,1.0,143,1,196,5,
B1_apdtm_cls_apdtm_features_original_plus_cash_real,bpic15_4,fit+pre,variant,IMd,inductive_miner_imd,f68041a3f2d86846,816,0.5031838597361757,0.8685599938464359,0.0,0.5031838597361757,0.0,0.3653761341102601,0.0,0.5793311496052398,1.0,84,1,196,5,
B1_apdtm_cls_apdtm_features_original_plus_cash_real,bpic15_4,fit+gen,variant,IMd,inductive_miner_imd,f68041a3f2d86846,816,0.8242151912561443,0.8717994934557993,0.0,0.8242151912561443,0.0,0.047584302199655,0.0,0.94541829565531,1.0,5,1,196,5,
B1_apdtm_cls_apdtm_features_original_plus_cash_real,bpic15_4,fit+sim,variant,IMd,inductive_miner_imd,f68041a3f2d86846,816,0.6735074626865671,0.8675538703293734,0.0,0.6735074626865671,0.0,0.1940464076428062,0.0,0.7763292698248986,1.0,95,1,196,5,
B1_apdtm_cls_apdtm_features_original_plus_cash_real,bpic15_4,pre+gen,variant,IMd,inductive_miner_imd,f68041a3f2d86846,816,0.32739905099232,0.8247132962569865,0.0,0.32739905099232,0.0,0.4973142452646665,0.0,0.3969852947421137,1.0,138,1,196,5,
B1_apdtm_cls_apdtm_features_original_plus_cash_real,bpic15_4,pre+sim,variant,IMd,inductive_miner_imd,f68041a3f2d86846,816,0.1766913224227428,0.7904575186873295,0.0,0.1766913224227428,0.0,0.6137661962645866,0.0,0.2235304469191015,1.0,146,1,196,5,
B1_apdtm_cls_apdtm_features_original_plus_cash_real,bpic15_4,gen+sim,variant,IMd,inductive_miner_imd,f68041a3f2d86846,816,0.4977226539427114,0.8981830671938409,0.0,0.4977226539427114,0.0,0.4004604132511294,0.0,0.5541438846066508,1.0,135,1,196,5,
B1_apdtm_cls_apdtm_features_original_plus_cash_real,bpic15_4,mix-fit,variant,IMd,inductive_miner_imd,f68041a3f2d86846,816,0.5361563391675611,0.7881543306724185,0.0,0.5361563391675611,0.0,0.2519979915048573,0.0,0.6802682143611851,1.0,112,1,196,5,
B1_apdtm_cls_apdtm_features_original_plus_cash_real,bpic15_4,mix-prec,variant,IMd,inductive_miner_imd,f68041a3f2d86846,816,0.4317776950799405,0.8064338134647027,0.0,0.4317776950799405,0.0,0.3746561183847621,0.0,0.5354161592318193,1.0,128,1,196,5,
B1_apdtm_cls_apdtm_features_original_plus_cash_real,bpic15_4,mix-simp,variant,IMd,inductive_miner_imd,f68041a3f2d86846,816,0.5691288185989466,0.7784157949851235,0.0,0.5691288185989466,0.0,0.2092869763861768,0.0,0.7311372948307445,1.0,129,1,196,5,
B1_apdtm_cls_apdtm_features_original_plus_cash_real,bpic15_4,mix-gen,variant,IMd,inductive_miner_imd,f68041a3f2d86846,816,0.464750174511326,0.7260281502906851,0.0,0.464750174511326,0.0,0.2612779757793591,0.0,0.6401269349201552,1.0,141,1,196,5,
B1_apdtm_cls_apdtm_features_original_plus_cash_real,bpic15_5,equal,variant,IMd,inductive_miner_imd,a0710095115a2fbb,816,0.4980303762681133,0.7432661612580866,0.0,0.4980303762681133,0.0,0.2452357849899732,0.0,0.6700565722313042,1.0,128,1,196,5,
B1_apdtm_cls_apdtm_features_original_plus_cash_real,bpic15_5,fitn,variant,IMd,inductive_miner_imd,a0710095115a2fbb,816,1.0,1.0,0.0,1.0,0.0,0.0,0.0,1.0,1.0,1,1,196,5,
B1_apdtm_cls_apdtm_features_original_plus_cash_real,bpic15_5,prec,variant,IMd,inductive_miner_imd,a0710095115a2fbb,816,0.0050756012401533,0.9914236706689536,0.0,0.0050756012401533,0.0,0.9863480694288004,0.0,0.0051195078252757,1.0,141,1,196,5,
B1_apdtm_cls_apdtm_features_original_plus_cash_real,bpic15_5,gene,variant,IMd,inductive_miner_imd,a0710095115a2fbb,816,0.6480339787897107,0.8420322364834529,0.0,0.6480339787897107,0.0,0.1939982576937422,0.0,0.7696070895053498,1.0,117,1,196,5,
B1_apdtm_cls_apdtm_features_original_plus_cash_real,bpic15_5,simp,variant,IMd,inductive_miner_imd,a0710095115a2fbb,816,0.3390119250425894,1.0,0.0,0.3390119250425894,0.0,0.6609880749574106,0.0,0.3390119250425894,1.0,135,1,196,5,
B1_apdtm_cls_apdtm_features_original_plus_cash_real,bpic15_5,fit+pre,variant,IMd,inductive_miner_imd,a0710095115a2fbb,816,0.5025378006200767,0.8302814710249038,0.0,0.5025378006200767,0.0,0.3277436704048271,0.0,0.6052619721836516,1.0,69,1,196,5,
B1_apdtm_cls_apdtm_features_original_plus_cash_real,bpic15_5,fit+gen,variant,IMd,inductive_miner_imd,a0710095115a2fbb,816,0.8240169893948553,0.8491470544465778,0.0,0.8240169893948553,0.0,0.0251300650517224,0.0,0.9704055205513248,1.0,2,1,196,5,
B1_apdtm_cls_apdtm_features_original_plus_cash_real,bpic15_5,fit+sim,variant,IMd,inductive_miner_imd,a0710095115a2fbb,816,0.6695059625212947,0.8492461162887588,0.0,0.6695059625212947,0.0,0.1797401537674641,0.0,0.7883532814339662,1.0,85,1,196,5,
B1_apdtm_cls_apdtm_features_original_plus_cash_real,bpic15_5,pre+gen,variant,IMd,inductive_miner_imd,a0710095115a2fbb,816,0.326554790014932,0.8116192280976056,0.0,0.326554790014932,0.0,0.4850644380826736,0.0,0.4023497456810627,1.0,132,1,196,5,
B1_apdtm_cls_apdtm_features_original_plus_cash_real,bpic15_5,pre+sim,variant,IMd,inductive_miner_imd,a0710095115a2fbb,816,0.1720437631413713,0.7827816467542539,0.0,0.1720437631413713,0.0,0.6107378836128825,0.0,0.2197851263564214,1.0,141,1,196,5,
B1_apdtm_cls_apdtm_features_original_plus_cash_real,bpic15_5,gen+sim,variant,IMd,inductive_miner_imd,a0710095115a2fbb,816,0.49352295191615,0.9210161182417264,0.0,0.49352295191615,0.0,0.4274931663255764,0.0,0.535846161800419,1.0,133,1,196,5,
B1_apdtm_cls_apdtm_features_original_plus_cash_real,bpic15_5,mix-fit,variant,IMd,inductive_miner_imd,a0710095115a2fbb,816,0.534128463259535,0.7619159908588385,0.0,0.534128463259535,0.0,0.2277875275993035,0.0,0.7010332761981549,1.0,95,1,196,5,
B1_apdtm_cls_apdtm_features_original_plus_cash_real,bpic15_5,mix-prec,variant,IMd,inductive_miner_imd,a0710095115a2fbb,816,0.4303416266372334,0.7845385057794599,0.0,0.4303416266372334,0.0,0.3541968791422265,0.0,0.5485283685466497,1.0,123,1,196,5,
B1_apdtm_cls_apdtm_features_original_plus_cash_real,bpic15_5,mix-simp,variant,IMd,inductive_miner_imd,a0710095115a2fbb,816,0.5657191258989932,0.7677189214161869,0.0,0.5657191258989932,0.0,0.2019997955171937,0.0,0.736883135373854,1.0,123,1,196,5,
B1_apdtm_cls_apdtm_features_original_plus_cash_real,bpic15_5,mix-gen,variant,IMd,inductive_miner_imd,a0710095115a2fbb,816,0.4619322892766918,0.7246163316573346,0.0,0.4619322892766918,0.0,0.2626840423806428,0.0,0.6374853409944063,1.0,136,1,196,5,
B1_apdtm_cls_apdtm_features_original_plus_cash_real,hospital_billing,equal,variant,IMf,inductive_miner_imf,9d5b737243960680,816,0.7728985458636999,0.8734035144022313,0.0,0.7728985458636999,0.7080210029131718,0.1005049685385314,0.0,0.8849272222045977,1.0,93,1,196,5,
B1_apdtm_cls_apdtm_features_original_plus_cash_real,hospital_billing,fitn,variant,IMf,inductive_miner_imf,9d5b737243960680,816,1.0,1.0,0.0,1.0,0.6797553093982478,0.0,0.0,1.0,1.0,1,1,196,5,
B1_apdtm_cls_apdtm_features_original_plus_cash_real,hospital_billing,prec,variant,IMf,inductive_miner_imf,9d5b737243960680,816,0.5304980616975126,1.0,0.0,0.9123900422661322,0.3867395245470101,0.4695019383024874,0.3818919805686196,0.5304980616975126,0.2734869125104123,142,2,196,5,
B1_apdtm_cls_apdtm_features_original_plus_cash_real,hospital_billing,gene,variant,IMf,inductive_miner_imf,9d5b737243960680,816,0.9349278974582218,0.974570314262808,0.0,0.9406716490462892,0.7467548005194038,0.0396424168045862,0.0057437515880673,0.9593231845620366,0.970380337594693,14,2,196,5,
B1_apdtm_cls_apdtm_features_original_plus_cash_real,hospital_billing,simp,variant,IMf,inductive_miner_imf,9d5b737243960680,816,0.6261682242990655,1.0,0.0,1.0,0.4729241877256318,0.3738317757009345,0.3738317757009345,0.6261682242990655,0.2907438228139804,24,2,196,5,
B1_apdtm_cls_apdtm_features_original_plus_cash_real,hospital_billing,fit+pre,variant,IMf,inductive_miner_imf,9d5b737243960680,816,0.7652490308487563,0.989140582975968,0.0,0.9148592576033848,0.5332474169726289,0.2238915521272118,0.1496102267546284,0.7736504234275752,0.6079518221778921,135,2,196,5,
B1_apdtm_cls_apdtm_features_original_plus_cash_real,hospital_billing,fit+gen,variant,IMf,inductive_miner_imf,9d5b737243960680,816,0.9674639487291108,0.9872657861978588,0.0,0.9703358245231446,0.7961812639516811,0.0198018374687479,0.0028718757940336,0.9799427492114272,0.983509614766274,10,2,196,5,
B1_apdtm_cls_apdtm_features_original_plus_cash_real,hospital_billing,fit+sim,variant,IMf,inductive_miner_imf,9d5b737243960680,816,0.8130841121495327,0.8398776546991239,0.0,0.8398776546991239,0.6951263303331345,0.0267935425495912,0.0267935425495912,0.9680982790771,0.8148994997666039,12,2,196,5,
B1_apdtm_cls_apdtm_features_original_plus_cash_real,hospital_billing,pre+gen,variant,IMf,inductive_miner_imf,9d5b737243960680,816,0.7327129795778672,0.9583893297505974,0.0,0.829572421392768,0.6496733715260623,0.2256763501727302,0.0968594418149008,0.7645253936294781,0.4615900312610445,138,2,196,5,
B1_apdtm_cls_apdtm_features_original_plus_cash_real,hospital_billing,pre+sim,variant,IMf,inductive_miner_imf,9d5b737243960680,816,0.578333142998289,0.8030539885899708,0.0,0.6933697622735051,0.4457061813031991,0.2247208455916818,0.1150366192752161,0.7201672007304836,0.5355125738531229,142,3,196,5,
B1_apdtm_cls_apdtm_features_original_plus_cash_real,hospital_billing,gen+sim,variant,IMf,inductive_miner_imf,9d5b737243960680,816,0.7805480608786437,0.9594156800838196,0.0,0.9563036092525572,0.6098394941225178,0.178867619205176,0.1757555483739135,0.8135660872359839,0.4927164439297078,16,2,196,5,
B1_apdtm_cls_apdtm_features_original_plus_cash_real,hospital_billing,mix-fit,variant,IMf,inductive_miner_imf,9d5b737243960680,816,0.7778758531148892,0.8999403930024692,0.0,0.8099087194531612,0.6791847029739135,0.12206453988758,0.032032866338272,0.864363750269797,0.7549580620225416,119,2,196,5,
B1_apdtm_cls_apdtm_features_original_plus_cash_real,hospital_billing,mix-prec,variant,IMf,inductive_miner_imf,9d5b737243960680,816,0.7552944163463781,0.9266041872906544,0.0,0.8197405704229648,0.6644290372499878,0.1713097709442764,0.0644461540765867,0.8151208754568896,0.5850523605042883,128,2,196,5,
B1_apdtm_cls_apdtm_features_original_plus_cash_real,hospital_billing,mix-simp,variant,IMf,inductive_miner_imf,9d5b737243960680,816,0.7905026753810218,0.8448731726232275,0.0,0.8251219889751983,0.704958181302938,0.0543704972422056,0.0346193135941764,0.9356465573721652,0.7118989963384099,37,2,196,5,
B1_apdtm_cls_apdtm_features_original_plus_cash_real,hospital_billing,mix-gen,variant,IMf,inductive_miner_imf,9d5b737243960680,816,0.7679212386125109,0.8574303226558113,0.0,0.8103663232512726,0.7045511321397954,0.0895090840433003,0.0424450846387616,0.8956077459844735,0.5988753203304678,76,2,196,5,
B1_apdtm_cls_apdtm_features_original_plus_cash_real,road_traffic_fines,equal,variant,IM,inductive_miner_im,bc38a80ef2ff6b06,816,0.7953185937601113,0.9091484776358276,0.0,0.8472976270289231,0.7357034000201228,0.1138298838757163,0.0519790332688118,0.8747950563897743,0.5342139583554554,140,2,196,5,
B1_apdtm_cls_apdtm_features_original_plus_cash_real,road_traffic_fines,fitn,variant,IM,inductive_miner_im,bc38a80ef2ff6b06,816,1.0,1.0,0.0,1.0,0.637766272135165,0.0,0.0,1.0,1.0,1,1,196,5,
B1_apdtm_cls_apdtm_features_original_plus_cash_real,road_traffic_fines,prec,variant,IM,inductive_miner_im,bc38a80ef2ff6b06,816,0.5822525881810321,1.0,0.0,0.9913926579538832,0.5080563293025482,0.4177474118189679,0.4091400697728511,0.5822525881810321,0.1535085498032302,164,3,196,5,
B1_apdtm_cls_apdtm_features_original_plus_cash_real,road_traffic_fines,gene,variant,IM,inductive_miner_im,bc38a80ef2ff6b06,816,0.9752594106217892,0.9916370973254746,0.0,0.988255529682136,0.9232130142183954,0.0163776867036853,0.0129961190603468,0.9834841932115516,0.8001903990384293,25,3,196,5,
B1_apdtm_cls_apdtm_features_original_plus_cash_real,road_traffic_fines,simp,variant,IM,inductive_miner_im,bc38a80ef2ff6b06,816,0.6237623762376238,0.8,0.0,0.6571428571428571,0.5135135135135136,0.1762376237623762,0.0333804809052333,0.7797029702970296,0.7675928883210901,66,2,196,5,
B1_apdtm_cls_apdtm_features_original_plus_cash_real,road_traffic_fines,fit+pre,variant,IM,inductive_miner_im,bc38a80ef2ff6b06,816,0.791126294090516,0.9901742494392978,0.0,0.9598795032511696,0.6500603519943688,0.1990479553487817,0.1687532091606535,0.7989768412362815,0.4553170503627823,158,2,196,5,
B1_apdtm_cls_apdtm_features_original_plus_cash_real,road_traffic_fines,fit+gen,variant,IM,inductive_miner_im,bc38a80ef2ff6b06,816,0.9876297053108948,0.9953412031561972,0.0,0.994127764841068,0.8116581555420307,0.0077114978453026,0.0064980595301733,0.992252407696125,0.9643882641326638,9,2,196,5,
B1_apdtm_cls_apdtm_features_original_plus_cash_real,road_traffic_fines,fit+sim,variant,IM,inductive_miner_im,bc38a80ef2ff6b06,816,0.8118811881188119,0.869886942078606,0.0,0.8118811881188119,0.6474545646390111,0.058005753959794,0.0,0.9333180541586376,1.0,17,1,196,5,
B1_apdtm_cls_apdtm_features_original_plus_cash_real,road_traffic_fines,pre+gen,variant,IM,inductive_miner_im,bc38a80ef2ff6b06,816,0.7787559994014106,0.9899221054016768,0.0,0.9573028360861392,0.7481559294923421,0.211166106000266,0.1785468366847287,0.7866841190352224,0.1463089768212523,169,3,196,5,
B1_apdtm_cls_apdtm_features_original_plus_cash_real,road_traffic_fines,pre+sim,variant,IM,inductive_miner_im,bc38a80ef2ff6b06,816,0.6030074822093279,0.8710629687671056,0.0,0.7688055726744205,0.5107849214080309,0.2680554865577778,0.1657980904650926,0.6922662354282136,0.357423176589393,163,3,196,5,
B1_apdtm_cls_apdtm_features_original_plus_cash_real,road_traffic_fines,gen+sim,variant,IM,inductive_miner_im,bc38a80ef2ff6b06,816,0.7995108934297065,0.8875669341178665,0.0,0.8213464480458768,0.7347157508066766,0.0880560406881599,0.0218355546161702,0.900789408321439,0.747946682734423,47,2,196,5,
B1_apdtm_cls_apdtm_features_original_plus_cash_real,road_traffic_fines,mix-fit,variant,IM,inductive_miner_im,bc38a80ef2ff6b06,816,0.7969541927640134,0.917489504487446,0.0,0.8703293357063786,0.683796413733599,0.1205353117234326,0.0733751429423652,0.8686248604110522,0.6066370366885008,152,2,196,5,
B1_apdtm_cls_apdtm_features_original_plus_cash_real,road_traffic_fines,mix-prec,variant,IM,inductive_miner_im,bc38a80ef2ff6b06,816,0.787855096082712,0.9485628625742424,0.0,0.913816085896259,0.7510505419770115,0.1607077664915305,0.1259609898135469,0.8305776318762931,0.2261200572275927,159,2,196,5,
B1_apdtm_cls_apdtm_features_original_plus_cash_real,road_traffic_fines,mix-simp,variant,IM,inductive_miner_im,bc38a80ef2ff6b06,816,0.8027820914375106,0.8891275547093468,0.0,0.8027820914375106,0.717532475472829,0.0863454632718362,0.0,0.9028874284521952,1.0,73,1,196,5,
B1_apdtm_cls_apdtm_features_original_plus_cash_real,road_traffic_fines,mix-gen,variant,IM,inductive_miner_im,bc38a80ef2ff6b06,816,0.7936829947562092,0.9083681673400874,0.0,0.8242659183514679,0.750967531787418,0.1146851725838782,0.0305829235952587,0.873745936166276,0.5827612990016549,119,2,196,5,
B1_apdtm_cls_apdtm_features_original_plus_cash_real,sepsis,equal,variant,IMf,inductive_miner_imf,bfdf4a37618d0c44,815,0.6956129625466503,0.835724100545018,0.0,0.7189961247213809,0.5249929107876445,0.1401111379983677,0.0233831621747305,0.8323476157897156,0.8794702329894528,135,2,196,5,
B1_apdtm_cls_apdtm_features_original_plus_cash_real,sepsis,fitn,variant,IMf,inductive_miner_imf,bfdf4a37618d0c44,815,1.0,1.0,0.0,1.0,0.2658896119719338,0.0,0.0,1.0,1.0,1,1,196,5,
B1_apdtm_cls_apdtm_features_original_plus_cash_real,sepsis,prec,variant,IMf,inductive_miner_imf,bfdf4a37618d0c44,815,0.2576207541934074,1.0,0.0,0.7033112582781457,0.179251018798475,0.7423792458065925,0.4456905040847382,0.2576207541934074,0.1495433720992537,173,3,196,5,
B1_apdtm_cls_apdtm_features_original_plus_cash_real,sepsis,gene,variant,IMf,inductive_miner_imf,bfdf4a37618d0c44,815,0.9024534736155712,0.9290801678868448,0.0,0.9266596408851776,0.841792203394476,0.0266266942712736,0.0242061672696064,0.9713408000820478,0.7147767390495492,23,3,196,5,
B1_apdtm_cls_apdtm_features_original_plus_cash_real,sepsis,simp,variant,IMf,inductive_miner_imf,bfdf4a37618d0c44,815,0.6223776223776223,0.7567567567567567,0.0,0.6223776223776223,0.4331983805668016,0.1343791343791344,0.0,0.8224275724275724,1.0,30,1,196,5,
B1_apdtm_cls_apdtm_features_original_plus_cash_real,sepsis,fit+pre,variant,IMf,inductive_miner_imf,bfdf4a37618d0c44,815,0.6288103770967037,0.9487189551442284,0.0,0.8004969574621229,0.354265925407767,0.3199085780475248,0.1716865803654191,0.6627994240940502,0.6152518134496172,149,2,196,5,
B1_apdtm_cls_apdtm_features_original_plus_cash_real,sepsis,fit+gen,variant,IMf,inductive_miner_imf,bfdf4a37618d0c44,815,0.9512267368077856,0.9633298204425887,0.0,0.9633298204425887,0.5895342673708803,0.0121030836348032,0.0121030836348032,0.9874361995466489,0.9676211139074696,7,2,196,5,
B1_apdtm_cls_apdtm_features_original_plus_cash_real,sepsis,fit+sim,variant,IMf,inductive_miner_imf,bfdf4a37618d0c44,815,0.8111888111888111,0.8140244733789898,0.0,0.8111888111888111,0.3720752407685755,0.0028356621901786,0.0,0.9965164902494787,1.0,5,1,196,5,
B1_apdtm_cls_apdtm_features_original_plus_cash_real,sepsis,pre+gen,variant,IMf,inductive_miner_imf,bfdf4a37618d0c44,815,0.5800371139044893,0.9381130457761724,0.0,0.7725517308363108,0.5529553298418263,0.3580759318716831,0.1925146169318214,0.6183019376141181,0.1233252637111445,169,3,196,5,
B1_apdtm_cls_apdtm_features_original_plus_cash_real,sepsis,pre+sim,variant,IMf,inductive_miner_imf,bfdf4a37618d0c44,815,0.4399991882855149,0.8491941359263719,0.0,0.5682548194224737,0.3168982366719647,0.409194947640857,0.1282556311369588,0.5181373371184752,0.4897462810263356,169,3,196,5,
B1_apdtm_cls_apdtm_features_original_plus_cash_real,sepsis,gen+sim,variant,IMf,inductive_miner_imf,bfdf4a37618d0c44,815,0.7624155479965967,0.8216829410862796,0.0,0.7624155479965967,0.6374952919806388,0.0592673930896828,0.0,0.9278707271063332,1.0,19,1,196,5,
B1_apdtm_cls_apdtm_features_original_plus_cash_real,sepsis,mix-fit,variant,IMf,inductive_miner_imf,bfdf4a37618d0c44,815,0.6920070980951039,0.8604442533384715,0.0,0.7408853365946917,0.4261185826318798,0.1684371552433676,0.0488782384995878,0.8042439651495821,0.844716006743957,136,2,196,5,
B1_apdtm_cls_apdtm_features_original_plus_cash_real,sepsis,mix-prec,variant,IMf,inductive_miner_imf,bfdf4a37618d0c44,815,0.6360221059997965,0.899278649557322,0.0,0.7567185337155014,0.5520145817192967,0.2632565435575255,0.1206964277157048,0.7072580966009636,0.4103854540241475,153,2,196,5,
B1_apdtm_cls_apdtm_features_original_plus_cash_real,sepsis,mix-simp,variant,IMf,inductive_miner_imf,bfdf4a37618d0c44,815,0.7552038190935039,0.7905131280697297,0.0,0.7552038190935039,0.4979712398559925,0.0353093089762258,0.0,0.9553336842584208,1.0,39,1,196,5,
B1_apdtm_cls_apdtm_features_original_plus_cash_real,sepsis,mix-gen,variant,IMf,inductive_miner_imf,bfdf4a37618d0c44,815,0.6992188269981966,0.8286673700233692,0.0,0.6992188269981966,0.6238672389434095,0.1294485430251726,0.0,0.8437870879101683,1.0,120,1,196,5,
B2_apdtm_cls_cash_features_cash_real_default,bpi2012,equal,variant,HM,heuristics_miner,338af92936f97ac9,16,0.8264055189438223,0.8454937775108162,0.0,0.8264055189438223,0.6421431792744381,0.0190882585669939,0.0,0.9774235374940418,1.0,8,1,196,5,
B2_apdtm_cls_cash_features_cash_real_default,bpi2012,fitn,variant,HM,heuristics_miner,338af92936f97ac9,16,0.9013689583939556,1.0,0.0,1.0,0.631230892297019,0.0986310416060444,0.0986310416060444,0.9013689583939556,0.7325398479812871,51,4,196,5,
B2_apdtm_cls_cash_features_cash_real_default,bpi2012,prec,variant,HM,heuristics_miner,338af92936f97ac9,16,0.9158179923584578,1.0,0.0,0.9158179923584578,0.1394427299083702,0.0841820076415421,0.0,0.9158179923584578,1.0,58,1,196,5,
B2_apdtm_cls_cash_features_cash_real_default,bpi2012,gene,variant,HM,heuristics_miner,338af92936f97ac9,16,0.945799466108147,0.9846855427449372,0.0,0.9846855427449372,0.945799466108147,0.0388860766367902,0.0388860766367902,0.9605091423111684,0.0,43,5,196,5,
B2_apdtm_cls_cash_features_cash_real_default,bpi2012,simp,variant,HM,heuristics_miner,338af92936f97ac9,16,0.5426356589147286,0.853658536585366,0.0,0.853658536585366,0.4444444444444444,0.3110228776706373,0.3110228776706373,0.6356589147286821,0.23995071615586,131,4,196,5,
B2_apdtm_cls_cash_features_cash_real_default,bpi2012,fit+pre,variant,HM,heuristics_miner,338af92936f97ac9,16,0.9085934753762068,0.9301612956045748,0.0,0.9085934753762068,0.3882467160435721,0.0215678202283681,0.0,0.9768128169487532,1.0,6,1,196,5,
B2_apdtm_cls_cash_features_cash_real_default,bpi2012,fit+gen,variant,HM,heuristics_miner,338af92936f97ac9,16,0.9235842122510514,0.9923427713724686,0.0,0.9923427713724686,0.8072637946190873,0.0687585591214172,0.0687585591214172,0.9307108782318028,0.6284907106816439,29,4,196,5,
B2_apdtm_cls_cash_features_cash_real_default,bpi2012,fit+sim,variant,HM,heuristics_miner,338af92936f97ac9,16,0.7220023086543421,0.8121921418178204,0.0,0.7950530873536228,0.7220023086543421,0.0901898331634782,0.0730507786992806,0.8889550532197732,0.0,74,5,196,5,
B2_apdtm_cls_cash_features_cash_real_default,bpi2012,pre+gen,variant,HM,heuristics_miner,338af92936f97ac9,16,0.9308087292333024,0.9634656515705696,0.0,0.9308087292333024,0.5620641363266538,0.032656922337267,0.0,0.9661047362881778,1.0,37,1,196,5,
B2_apdtm_cls_cash_features_cash_real_default,bpi2012,pre+sim,variant,HM,heuristics_miner,338af92936f97ac9,16,0.7292268256365932,0.8077460186427269,0.0,0.7292268256365932,0.2919435871764073,0.0785191930061336,0.0,0.9027922252862712,1.0,69,1,196,5,
B2_apdtm_cls_cash_features_cash_real_default,bpi2012,gen+sim,variant,HM,heuristics_miner,338af92936f97ac9,16,0.7442175625114378,0.9184776167632608,0.0,0.9184776167632608,0.7145649935946908,0.174260054251823,0.174260054251823,0.8102729439766644,0.1454180151085293,77,4,196,5,
B2_apdtm_cls_cash_features_cash_real_default,bpi2012,mix-fit,variant,HM,heuristics_miner,338af92936f97ac9,16,0.83840005945888,0.8579335371394458,0.0,0.83840005945888,0.565132495867034,0.0195334776805657,0.0,0.9772319453256308,1.0,6,1,196,5,
B2_apdtm_cls_cash_features_cash_real_default,bpi2012,mix-prec,variant,HM,heuristics_miner,338af92936f97ac9,16,0.8846043943460913,0.9094815824532986,0.0,0.8846043943460913,0.5647060571163371,0.0248771881072072,0.0,0.9726468478447888,1.0,6,1,196,5,
B2_apdtm_cls_cash_features_cash_real_default,bpi2012,mix-simp,variant,HM,heuristics_miner,338af92936f97ac9,16,0.7682066435415533,0.8154342316428806,0.0,0.7682066435415533,0.6886591593176022,0.0472275881013273,0.0,0.9420828973463912,1.0,22,1,196,5,
B2_apdtm_cls_cash_features_cash_real_default,bpi2012,mix-gen,variant,HM,heuristics_miner,338af92936f97ac9,16,0.8144109784287645,0.858090575541927,0.0,0.8144109784287645,0.6550960964129823,0.0436795971131624,0.0,0.9490967523031276,1.0,14,1,196,5,
B2_apdtm_cls_cash_features_cash_real_default,bpi2013_closed_problems,equal,variant,HM,heuristics_miner,596eb63f26ecfd51,16,0.7989866614480718,0.9163782860150956,0.0,0.8856717323021799,0.7989866614480718,0.1173916245670239,0.086685070854108,0.8718961084537417,0.0,159,5,196,5,
B2_apdtm_cls_cash_features_cash_real_default,bpi2013_closed_problems,fitn,variant,HM,heuristics_miner,596eb63f26ecfd51,16,0.9944995246502784,1.0,0.0,1.0,0.6403632397723371,0.0055004753497216,0.0055004753497216,0.9944995246502784,0.9847054696348626,17,4,196,5,
B2_apdtm_cls_cash_features_cash_real_default,bpi2013_closed_problems,prec,variant,HM,heuristics_miner,596eb63f26ecfd51,16,0.8684298767708944,1.0,0.0,1.0,0.7923798798798799,0.1315701232291055,0.1315701232291055,0.8684298767708944,0.3662939644145051,165,2,196,5,
B2_apdtm_cls_cash_features_cash_real_default,bpi2013_closed_problems,gene,variant,HM,heuristics_miner,596eb63f26ecfd51,16,0.7139696253234955,0.9751741745874558,0.0,0.9417621438127408,0.7139696253234955,0.2612045492639603,0.2277925184892453,0.7321457478358038,0.0,171,5,196,5,
B2_apdtm_cls_cash_features_cash_real_default,bpi2013_closed_problems,simp,variant,HM,heuristics_miner,596eb63f26ecfd51,16,0.6190476190476191,1.0,0.0,1.0,0.6190476190476191,0.3809523809523809,0.3809523809523809,0.6190476190476191,0.0,182,5,196,5,
B2_apdtm_cls_cash_features_cash_real_default,bpi2013_closed_problems,fit+pre,variant,HM,heuristics_miner,596eb63f26ecfd51,16,0.9314647007105864,0.9833244744389686,0.0,0.9314647007105864,0.8201816198861686,0.0518597737283822,0.0,0.9472607719257974,1.0,49,1,196,5,
B2_apdtm_cls_cash_features_cash_real_default,bpi2013_closed_problems,fit+gen,variant,HM,heuristics_miner,596eb63f26ecfd51,16,0.8542345749868869,0.9768396200213344,0.0,0.9708810719063704,0.7713434646043598,0.1226050450344473,0.1166464969194834,0.8744880505238213,0.4154159784880407,94,4,196,5,
B2_apdtm_cls_cash_features_cash_real_default,bpi2013_closed_problems,fit+sim,variant,HM,heuristics_miner,596eb63f26ecfd51,16,0.8067735718489487,0.8813768133238105,0.0,0.8421052631578947,0.8067735718489487,0.0746032414748617,0.0353316913089459,0.9153560198690488,0.0,69,5,196,5,
B2_apdtm_cls_cash_features_cash_real_default,bpi2013_closed_problems,pre+gen,variant,HM,heuristics_miner,596eb63f26ecfd51,16,0.791199751047195,0.9873630729568104,0.0,0.9511618447181912,0.791199751047195,0.1961633219096153,0.1599620936709962,0.8013260498773018,0.0,189,5,196,5,
B2_apdtm_cls_cash_features_cash_real_default,bpi2013_closed_problems,pre+sim,variant,HM,heuristics_miner,596eb63f26ecfd51,16,0.7437387479092568,1.0,0.0,1.0,0.7267954731728345,0.2562612520907432,0.2562612520907432,0.7437387479092568,0.0620168155088471,173,2,196,5,
B2_apdtm_cls_cash_features_cash_real_default,bpi2013_closed_problems,gen+sim,variant,HM,heuristics_miner,596eb63f26ecfd51,16,0.6665086221855573,0.987587087293728,0.0,0.9511618447181912,0.6665086221855573,0.3210784651081706,0.2846532225326339,0.674885922224826,0.0,182,5,196,5,
B2_apdtm_cls_cash_features_cash_real_default,bpi2013_closed_problems,mix-fit,variant,HM,heuristics_miner,596eb63f26ecfd51,16,0.853535259233253,0.934116875905002,0.0,0.8687322836083959,0.8463776648525732,0.0805816166717491,0.0151970243751429,0.9137349739092562,0.320184139969531,90,4,196,5,
B2_apdtm_cls_cash_features_cash_real_default,bpi2013_closed_problems,mix-prec,variant,HM,heuristics_miner,596eb63f26ecfd51,16,0.822367505140224,0.9478472946591556,0.0,0.8987697547853822,0.822367505140224,0.1254797895189315,0.0764022496451581,0.8676160282083688,0.0,164,5,196,5,
B2_apdtm_cls_cash_features_cash_real_default,bpi2013_closed_problems,mix-simp,variant,HM,heuristics_miner,596eb63f26ecfd51,16,0.7756058177559197,0.8876203584183078,0.0,0.8725737098189776,0.7756058177559197,0.112014540662388,0.0969678920630578,0.8738035472034553,0.0,156,5,196,5,
B2_apdtm_cls_cash_features_cash_real_default,bpi2013_closed_problems,mix-gen,variant,HM,heuristics_miner,596eb63f26ecfd51,16,0.7444380636628907,0.9265291608189076,0.0,0.9249657997517868,0.7444380636628907,0.182091097156017,0.1805277360888961,0.8034696533511403,0.0,172,5,196,5,
B2_apdtm_cls_cash_features_cash_real_default,bpi2013_incidents,equal,variant,HM,heuristics_miner,10cce99744388f4f,16,0.8512319772476271,0.922771311384078,0.0,0.8512319772476271,0.6771578170832514,0.0715393341364507,0.0,0.9224733872261938,1.0,76,1,196,5,
B2_apdtm_cls_cash_features_cash_real_default,bpi2013_incidents,fitn,variant,HM,heuristics_miner,10cce99744388f4f,16,0.995809115517265,1.0,0.0,1.0,0.2261167659340351,0.0041908844827349,0.0041908844827349,0.995809115517265,0.9945846035961832,11,4,196,5,
B2_apdtm_cls_cash_features_cash_real_default,bpi2013_incidents,prec,variant,HM,heuristics_miner,10cce99744388f4f,16,0.8850810072924525,1.0,0.0,0.8850810072924525,0.6000158860441103,0.1149189927075474,0.0,0.8850810072924525,1.0,125,1,196,5,
B2_apdtm_cls_cash_features_cash_real_default,bpi2013_incidents,gene,variant,HM,heuristics_miner,10cce99744388f4f,16,0.9024161645591694,0.9924026869731328,0.0,0.9374222306098524,0.871132170779936,0.0899865224139634,0.035006066050683,0.9093245880979768,0.4719258642924783,120,2,196,5,
B2_apdtm_cls_cash_features_cash_real_default,bpi2013_incidents,simp,variant,HM,heuristics_miner,10cce99744388f4f,16,0.6216216216216216,1.0,0.0,1.0,0.6216216216216216,0.3783783783783784,0.3783783783783784,0.6216216216216216,0.0,171,5,196,5,
B2_apdtm_cls_cash_features_cash_real_default,bpi2013_incidents,fit+pre,variant,HM,heuristics_miner,10cce99744388f4f,16,0.9404450614048588,0.9765794350540196,0.0,0.9404450614048588,0.4130663259890726,0.0361343736491608,0.0,0.9629990430351812,1.0,49,1,196,5,
B2_apdtm_cls_cash_features_cash_real_default,bpi2013_incidents,fit+gen,variant,HM,heuristics_miner,10cce99744388f4f,16,0.9491126400382172,0.9948630084104292,0.0,0.9687111153049262,0.5543076911444477,0.0457503683722118,0.0195984752667088,0.954013398844419,0.9527067728592916,39,2,196,5,
B2_apdtm_cls_cash_features_cash_real_default,bpi2013_incidents,fit+sim,variant,HM,heuristics_miner,10cce99744388f4f,16,0.8087153685694433,0.8762171658937965,0.0,0.8421052631578947,0.6130583829670175,0.0675017973243532,0.0333898945884514,0.9229622518802206,0.8542224431931759,54,4,196,5,
B2_apdtm_cls_cash_features_cash_real_default,bpi2013_incidents,pre+gen,variant,HM,heuristics_miner,10cce99744388f4f,16,0.893748585925811,0.9962013434865664,0.0,0.893748585925811,0.7412572511994853,0.1024527575607554,0.0,0.8971565755952657,1.0,132,1,196,5,
B2_apdtm_cls_cash_features_cash_real_default,bpi2013_incidents,pre+sim,variant,HM,heuristics_miner,10cce99744388f4f,16,0.7533513144570371,1.0,0.0,0.8000079430220551,0.6462487440701031,0.2466486855429629,0.046656628565018,0.7533513144570371,0.6965604082029737,154,2,196,5,
B2_apdtm_cls_cash_features_cash_real_default,bpi2013_incidents,gen+sim,variant,HM,heuristics_miner,10cce99744388f4f,16,0.7620188930903955,0.9962013434865664,0.0,0.94124930817743,0.7620188930903955,0.2341824503961709,0.1792304150870345,0.7649245788240309,0.0,173,5,196,5,
B2_apdtm_cls_cash_features_cash_real_default,bpi2013_incidents,mix-fit,variant,HM,heuristics_miner,10cce99744388f4f,16,0.8784138891748832,0.9349837317539984,0.0,0.8784138891748832,0.5587013338223332,0.0565698425791151,0.0,0.9394964418546706,1.0,55,1,196,5,
B2_apdtm_cls_cash_features_cash_real_default,bpi2013_incidents,mix-prec,variant,HM,heuristics_miner,10cce99744388f4f,16,0.8860812375503471,0.9521545943141788,0.0,0.8860812375503471,0.6499792925109092,0.0660733567638317,0.0,0.9306064822263204,1.0,82,1,196,5,
B2_apdtm_cls_cash_features_cash_real_default,bpi2013_incidents,mix-simp,variant,HM,heuristics_miner,10cce99744388f4f,16,0.8163827169449073,0.893388028453977,0.0,0.8237417114451061,0.7043363416555937,0.0770053115090697,0.0073589945001988,0.9138053017765094,0.9383696519413552,67,2,196,5,
B2_apdtm_cls_cash_features_cash_real_default,bpi2013_incidents,mix-gen,variant,HM,heuristics_miner,10cce99744388f4f,16,0.8240500653203712,0.9176337438459292,0.0,0.8240500653203712,0.7736190326066823,0.093583678525558,0.0,0.8980163064477816,1.0,137,1,196,5,
B2_apdtm_cls_cash_features_cash_real_default,bpi2013_open_problems,equal,variant,HM,heuristics_miner,e69aab0f7954cd28,16,0.8607392123024618,0.9162455491114012,0.0,0.9162455491114012,0.7971612190845068,0.0555063368089394,0.0555063368089394,0.939419801970366,0.5338905060270843,70,4,196,5,
B2_apdtm_cls_cash_features_cash_real_default,bpi2013_open_problems,fitn,variant,HM,heuristics_miner,e69aab0f7954cd28,16,0.994787287708088,1.0,0.0,1.0,0.5167192429022083,0.005212712291912,0.005212712291912,0.994787287708088,0.9892139047223492,19,3,196,5,
B2_apdtm_cls_cash_features_cash_real_default,bpi2013_open_problems,prec,variant,HM,heuristics_miner,e69aab0f7954cd28,16,0.9620563035495716,1.0,0.0,1.0,0.9065645824471856,0.0379436964504283,0.0379436964504283,0.9620563035495716,0.5939045659106653,121,3,196,5,
B2_apdtm_cls_cash_features_cash_real_default,bpi2013_open_problems,gene,variant,HM,heuristics_miner,e69aab0f7954cd28,16,0.8611132579521872,0.9656228232165908,0.0,0.96197551956781,0.8611132579521872,0.1045095652644035,0.1008622616156228,0.8917697855190795,0.0,72,5,196,5,
B2_apdtm_cls_cash_features_cash_real_default,bpi2013_open_problems,simp,variant,HM,heuristics_miner,e69aab0f7954cd28,16,0.625,1.0,0.0,0.7391304347826086,0.625,0.375,0.1141304347826086,0.625,0.0,171,5,196,5,
B2_apdtm_cls_cash_features_cash_real_default,bpi2013_open_problems,fit+pre,variant,HM,heuristics_miner,e69aab0f7954cd28,16,0.9784217956288298,0.9819381210475931,0.0,0.9819381210475931,0.7583596214511041,0.0035163254187634,0.0035163254187634,0.9964189949006031,0.984272524303054,24,2,196,5,
B2_apdtm_cls_cash_features_cash_real_default,bpi2013_open_problems,fit+gen,variant,HM,heuristics_miner,e69aab0f7954cd28,16,0.9279502728301376,0.9828114116082952,0.0,0.975860335679935,0.7371795810261562,0.0548611387781576,0.0479100628497973,0.9441793836231698,0.7992713617849336,30,4,196,5,
B2_apdtm_cls_cash_features_cash_real_default,bpi2013_open_problems,fit+sim,variant,HM,heuristics_miner,e69aab0f7954cd28,16,0.809893643854044,0.8644377932873344,0.0,0.8644377932873344,0.6155024785939613,0.0545441494332903,0.0545441494332903,0.9369021694136408,0.7808902706292384,47,4,196,5,
B2_apdtm_cls_cash_features_cash_real_default,bpi2013_open_problems,pre+gen,variant,HM,heuristics_miner,e69aab0f7954cd28,16,0.9115847807508796,0.9793652708841788,0.0,0.978819959575052,0.9115847807508796,0.0677804901332993,0.0672351788241726,0.9307914093460692,0.0,95,5,196,5,
B2_apdtm_cls_cash_features_cash_real_default,bpi2013_open_problems,pre+sim,variant,HM,heuristics_miner,e69aab0f7954cd28,16,0.7935281517747859,0.9951923076923076,0.0,0.8571428571428572,0.7935281517747859,0.2016641559175218,0.0636147053680713,0.7973616211070312,0.0,157,5,196,5,
B2_apdtm_cls_cash_features_cash_real_default,bpi2013_open_problems,gen+sim,variant,HM,heuristics_miner,e69aab0f7954cd28,16,0.7430566289760936,0.978819959575052,0.0,0.8505529771752094,0.7430566289760936,0.2357633305989585,0.1074963481991158,0.7591351419710388,0.0,170,5,196,5,
B2_apdtm_cls_cash_features_cash_real_default,bpi2013_open_problems,mix-fit,variant,HM,heuristics_miner,e69aab0f7954cd28,16,0.8976431319433255,0.9321610267210648,0.0,0.9321610267210648,0.7453088319330367,0.0345178947777392,0.0345178947777392,0.9629700300825084,0.8152663134789634,45,4,196,5,
B2_apdtm_cls_cash_features_cash_real_default,bpi2013_open_problems,mix-prec,variant,HM,heuristics_miner,e69aab0f7954cd28,16,0.9046139563471024,0.9501071658282664,0.0,0.9501071658282664,0.8620643957540444,0.0454932094811639,0.0454932094811639,0.9521178124769696,0.4832828471569882,64,4,196,5,
B2_apdtm_cls_cash_features_cash_real_default,bpi2013_open_problems,mix-simp,variant,HM,heuristics_miner,e69aab0f7954cd28,16,0.816864468257821,0.8823839323945362,0.0,0.8823839323945362,0.7322580424149691,0.0655194641367151,0.0655194641367151,0.9257472153205304,0.5635698536366199,73,4,196,5,
B2_apdtm_cls_cash_features_cash_real_default,bpi2013_open_problems,mix-gen,variant,HM,heuristics_miner,e69aab0f7954cd28,16,0.823835292661598,0.9253321454132266,0.0,0.9003300715017378,0.823835292661598,0.1014968527516285,0.0764947788401397,0.8903130586625163,0.0,91,5,196,5,
B2_apdtm_cls_cash_features_cash_real_default,bpi2017,equal,variant,HM,heuristics_miner,811f4a70bfa6226f,16,0.7897159833979309,0.8802301190425359,0.0,0.7897159833979309,0.5001675983519174,0.0905141356446049,0.0,0.8971699176312428,1.0,51,1,196,5,
B2_apdtm_cls_cash_features_cash_real_default,bpi2017,fitn,variant,HM,heuristics_miner,811f4a70bfa6226f,16,0.8359794443006674,1.0,0.0,1.0,0.495774473479623,0.1640205556993326,0.1640205556993326,0.8359794443006674,0.6747079489782553,119,4,196,5,
B2_apdtm_cls_cash_features_cash_real_default,bpi2017,prec,variant,HM,heuristics_miner,811f4a70bfa6226f,16,0.9977548056712652,0.9982184707429071,0.0,0.9977548056712652,0.1259019512485154,0.0004636650716419,0.0,0.9995355074212392,1.0,4,1,196,5,
B2_apdtm_cls_cash_features_cash_real_default,bpi2017,gene,variant,HM,heuristics_miner,811f4a70bfa6226f,16,0.8436482021383097,0.99095165942404,0.0,0.988416241415834,0.8436482021383097,0.1473034572857302,0.1447680392775242,0.8513515206469852,0.0,108,5,196,5,
B2_apdtm_cls_cash_features_cash_real_default,bpi2017,simp,variant,HM,heuristics_miner,811f4a70bfa6226f,16,0.4814814814814814,0.7701149425287357,0.0,0.6170212765957447,0.392,0.2886334610472543,0.1355397951142632,0.6252072968490877,0.3976578696699721,109,3,196,5,
B2_apdtm_cls_cash_features_cash_real_default,bpi2017,fit+pre,variant,HM,heuristics_miner,811f4a70bfa6226f,16,0.9168671249859665,0.9550451175767803,0.0,0.9168671249859665,0.3108382123640691,0.0381779925908141,0.0,0.9600249329710386,1.0,30,1,196,5,
B2_apdtm_cls_cash_features_cash_real_default,bpi2017,fit+gen,variant,HM,heuristics_miner,811f4a70bfa6226f,16,0.8398138232194885,0.9949668505231788,0.0,0.994208120707917,0.7413842210795771,0.1551530273036903,0.1543942974884284,0.8440621140070075,0.3893207971422258,109,4,196,5,
B2_apdtm_cls_cash_features_cash_real_default,bpi2017,fit+sim,variant,HM,heuristics_miner,811f4a70bfa6226f,16,0.6587304628910744,0.8402404432249244,0.0,0.8085106382978724,0.4438872367398115,0.18150998033385,0.149780175406798,0.783978524483781,0.589219521383496,117,4,196,5,
B2_apdtm_cls_cash_features_cash_real_default,bpi2017,pre+gen,variant,HM,heuristics_miner,811f4a70bfa6226f,16,0.9207015039047874,0.98591999350851,0.0,0.9207015039047874,0.5564479599640234,0.0652184896037224,0.0,0.9338501196515602,1.0,37,1,196,5,
B2_apdtm_cls_cash_features_cash_real_default,bpi2017,pre+sim,variant,HM,heuristics_miner,811f4a70bfa6226f,16,0.7396181435763733,0.8723812160130642,0.0,0.7396181435763733,0.2589509756242577,0.1327630724366908,0.0,0.8478153013845926,1.0,45,1,196,5,
B2_apdtm_cls_cash_features_cash_real_default,bpi2017,gen+sim,variant,HM,heuristics_miner,811f4a70bfa6226f,16,0.6625648418098955,0.8792604640175905,0.0,0.7963457765194307,0.6625648418098955,0.216695622207695,0.1337809347095352,0.7535478608721342,0.0,119,5,196,5,
B2_apdtm_cls_cash_features_cash_real_default,bpi2017,mix-fit,variant,HM,heuristics_miner,811f4a70bfa6226f,16,0.8143793359317738,0.8744182289149186,0.0,0.8143793359317738,0.413179771634357,0.0600388929831448,0.0,0.9313384705421248,1.0,49,1,196,5,
B2_apdtm_cls_cash_features_cash_real_default,bpi2017,mix-prec,variant,HM,heuristics_miner,811f4a70bfa6226f,16,0.8675404199182807,0.9247332260272324,0.0,0.8675404199182807,0.4848138657991901,0.0571928061089518,0.0,0.938152102142302,1.0,38,1,196,5,
B2_apdtm_cls_cash_features_cash_real_default,bpi2017,mix-simp,variant,HM,heuristics_miner,811f4a70bfa6226f,16,0.7118915468775813,0.8548318499663207,0.0,0.7712039241360872,0.5155213309046448,0.1429403030887394,0.0593123772585059,0.8327854734303933,0.7680234054697,99,3,196,5,
B2_apdtm_cls_cash_features_cash_real_default,bpi2017,mix-gen,variant,HM,heuristics_miner,811f4a70bfa6226f,16,0.7650526308640881,0.8969137795391169,0.0,0.7650526308640881,0.587155425069478,0.1318611486750287,0.0,0.8529834732355365,1.0,60,1,196,5,
B2_apdtm_cls_cash_features_cash_real_default,bpi2020_domestic,equal,variant,HM,heuristics_miner,7ff65ee42a91cefb,16,0.782697276145632,0.9013014428805918,0.0,0.782697276145632,0.5280586222617515,0.1186041667349597,0.0,0.868407880990519,1.0,137,1,196,5,
B2_apdtm_cls_cash_features_cash_real_default,bpi2020_domestic,fitn,variant,HM,heuristics_miner,7ff65ee42a91cefb,16,0.9251912994498018,1.0,0.0,1.0,0.723032771051894,0.0748087005501981,0.0748087005501981,0.9251912994498018,0.7299005343183951,112,4,196,5,
B2_apdtm_cls_cash_features_cash_real_default,bpi2020_domestic,prec,variant,HM,heuristics_miner,7ff65ee42a91cefb,16,0.8670356093278883,0.986007752461474,0.0,0.8670356093278883,0.1975518121669374,0.1189721431335857,0.0,0.8793395459248843,1.0,108,1,196,5,
B2_apdtm_cls_cash_features_cash_real_default,bpi2020_domestic,gene,variant,HM,heuristics_miner,7ff65ee42a91cefb,16,0.7516056740657073,0.9326053854610896,0.0,0.8554073029005208,0.7516056740657073,0.1809997113953823,0.1038016288348134,0.8059203665161185,0.0,181,5,196,5,
B2_apdtm_cls_cash_features_cash_real_default,bpi2020_domestic,simp,variant,HM,heuristics_miner,7ff65ee42a91cefb,16,0.5869565217391304,0.875,0.0,0.6000000000000001,0.3541666666666666,0.2880434782608696,0.0130434782608697,0.670807453416149,0.9469417833456149,154,3,196,5,
B2_apdtm_cls_cash_features_cash_real_default,bpi2020_domestic,fit+pre,variant,HM,heuristics_miner,7ff65ee42a91cefb,16,0.896113454388845,0.980580685505521,0.0,0.896113454388845,0.4865074575922279,0.0844672311166759,0.0,0.9138599889175562,1.0,125,1,196,5,
B2_apdtm_cls_cash_features_cash_real_default,bpi2020_domestic,fit+gen,variant,HM,heuristics_miner,7ff65ee42a91cefb,16,0.8383984867577545,0.9529492086056026,0.0,0.9277036514502603,0.7540428391238887,0.114550721847848,0.0893051646925058,0.8797934655767606,0.4857494704984506,174,4,196,5,
B2_apdtm_cls_cash_features_cash_real_default,bpi2020_domestic,fit+sim,variant,HM,heuristics_miner,7ff65ee42a91cefb,16,0.756073910594466,0.892967594352212,0.0,0.8,0.5385997188592803,0.1368936837577459,0.043926089405534,0.8466980385138689,0.8319585227152558,141,3,196,5,
B2_apdtm_cls_cash_features_cash_real_default,bpi2020_domestic,pre+gen,variant,HM,heuristics_miner,7ff65ee42a91cefb,16,0.8093206416967977,0.957510356458128,0.0,0.8093206416967977,0.5175175256642226,0.1481897147613302,0.0,0.8452343478461263,1.0,134,1,196,5,
B2_apdtm_cls_cash_features_cash_real_default,bpi2020_domestic,pre+sim,variant,HM,heuristics_miner,7ff65ee42a91cefb,16,0.7269960655335093,0.8607303005919194,0.0,0.7269960655335093,0.3020744053996142,0.1337342350584101,0.0,0.8446270161902726,1.0,128,1,196,5,
B2_apdtm_cls_cash_features_cash_real_default,bpi2020_domestic,gen+sim,variant,HM,heuristics_miner,7ff65ee42a91cefb,16,0.6692810979024189,0.836843156586478,0.0,0.7277036514502604,0.569609786931275,0.1675620586840591,0.0584225535478415,0.7997688606697191,0.6304565409568719,166,3,196,5,
B2_apdtm_cls_cash_features_cash_real_default,bpi2020_domestic,mix-fit,variant,HM,heuristics_miner,7ff65ee42a91cefb,16,0.822739074332684,0.9217713572150562,0.0,0.822739074332684,0.5135463757134479,0.0990322828823722,0.0,0.8925630720598892,1.0,129,1,196,5,
B2_apdtm_cls_cash_features_cash_real_default,bpi2020_domestic,mix-prec,variant,HM,heuristics_miner,7ff65ee42a91cefb,16,0.8160298580147409,0.939640856836592,0.0,0.8160298580147409,0.5155319506888352,0.1236109988218511,0.0,0.86844867597818,1.0,131,1,196,5,
B2_apdtm_cls_cash_features_cash_real_default,bpi2020_domestic,mix-simp,variant,HM,heuristics_miner,7ff65ee42a91cefb,16,0.749364694276523,0.8629620289245914,0.0,0.7501620398307685,0.5405852938346677,0.1135973346480684,0.0007973455542454,0.8683634611483063,0.9961954483525556,158,3,196,5,
B2_apdtm_cls_cash_features_cash_real_default,bpi2020_domestic,mix-gen,variant,HM,heuristics_miner,7ff65ee42a91cefb,16,0.7426554779585799,0.88113234738198,0.0,0.7426554779585799,0.5425708688100551,0.1384768694234001,0.0,0.8428421452976473,1.0,140,1,196,5,
B2_apdtm_cls_cash_features_cash_real_default,bpi2020_international,equal,variant,HM,heuristics_miner,a8fc09154990e706,16,0.748944593081187,0.8501918473231604,0.0,0.748944593081187,0.4273062136187044,0.1012472542419734,0.0,0.8809124616276295,1.0,74,1,196,5,
B2_apdtm_cls_cash_features_cash_real_default,bpi2020_international,fitn,variant,HM,heuristics_miner,a8fc09154990e706,16,0.9008203009126576,1.0,0.0,1.0,0.543631678095892,0.0991796990873423,0.0991796990873423,0.9008203009126576,0.7826761974329542,91,4,196,5,
B2_apdtm_cls_cash_features_cash_real_default,bpi2020_international,prec,variant,HM,heuristics_miner,a8fc09154990e706,16,0.914192461570857,1.0,0.0,0.914192461570857,0.0,0.085807538429143,0.0,0.914192461570857,1.0,28,1,196,5,
B2_apdtm_cls_cash_features_cash_real_default,bpi2020_international,gene,variant,HM,heuristics_miner,a8fc09154990e706,16,0.6807656098412334,0.9418786896404474,0.0,0.9085268002629592,0.6807656098412334,0.261113079799214,0.2277611904217258,0.7227741930344647,0.0,167,5,196,5,
B2_apdtm_cls_cash_features_cash_real_default,bpi2020_international,simp,variant,HM,heuristics_miner,a8fc09154990e706,16,0.5,0.726190476190476,0.0,0.6222222222222222,0.2668810289389067,0.226190476190476,0.1222222222222222,0.6885245901639345,0.6560426302030967,148,3,196,5,
B2_apdtm_cls_cash_features_cash_real_default,bpi2020_international,fit+pre,variant,HM,heuristics_miner,a8fc09154990e706,16,0.9075063812417572,0.9444725618292222,0.0,0.9075063812417572,0.271815839047946,0.0369661805874649,0.0,0.9608605034371036,1.0,33,1,196,5,
B2_apdtm_cls_cash_features_cash_real_default,bpi2020_international,fit+gen,variant,HM,heuristics_miner,a8fc09154990e706,16,0.7907929553769455,0.9642924535411258,0.0,0.9542634001314796,0.7211719127679556,0.1734994981641803,0.1634704447545341,0.8200758519606306,0.2986854792359302,159,4,196,5,
B2_apdtm_cls_cash_features_cash_real_default,bpi2020_international,fit+sim,variant,HM,heuristics_miner,a8fc09154990e706,16,0.7004101504563288,0.8252695672008914,0.0,0.7964877749920367,0.4052563535173993,0.1248594167445625,0.0960776245357079,0.8487046878899769,0.7544225252318176,136,3,196,5,
B2_apdtm_cls_cash_features_cash_real_default,bpi2020_international,pre+gen,variant,HM,heuristics_miner,a8fc09154990e706,16,0.7974790357060452,0.9244692854293904,0.0,0.7974790357060452,0.4493560737200096,0.1269902497233451,0.0,0.8626344306675784,1.0,62,1,196,5,
B2_apdtm_cls_cash_features_cash_real_default,bpi2020_international,pre+sim,variant,HM,heuristics_miner,a8fc09154990e706,16,0.7070962307854285,0.863095238095238,0.0,0.7070962307854285,0.1334405144694533,0.1559990073098095,0.0,0.8192563225651862,1.0,49,1,196,5,
B2_apdtm_cls_cash_features_cash_real_default,bpi2020_international,gen+sim,variant,HM,heuristics_miner,a8fc09154990e706,16,0.5903828049206167,0.8021013140485984,0.0,0.7494471551579674,0.5827965881894629,0.2117185091279817,0.1590643502373507,0.7360451785581367,0.0455216977004795,163,4,196,5,
B2_apdtm_cls_cash_features_cash_real_default,bpi2020_international,mix-fit,variant,HM,heuristics_miner,a8fc09154990e706,16,0.8026624198204434,0.8651430903153831,0.0,0.8026624198204434,0.36070009177014,0.0624806704949396,0.0,0.9277799577961576,1.0,55,1,196,5,
B2_apdtm_cls_cash_features_cash_real_default,bpi2020_international,mix-prec,variant,HM,heuristics_miner,a8fc09154990e706,16,0.8000707277632444,0.8789785552291676,0.0,0.8000707277632444,0.4050280827450748,0.0789078274659231,0.0,0.910227812730482,1.0,61,1,196,5,
B2_apdtm_cls_cash_features_cash_real_default,bpi2020_international,mix-simp,variant,HM,heuristics_miner,a8fc09154990e706,16,0.6978184583991296,0.8280233355013684,0.0,0.7380189347317311,0.4495843444923341,0.1302048771022388,0.0402004763326014,0.8427521646797554,0.8606253282616498,133,3,196,5,
B2_apdtm_cls_cash_features_cash_real_default,bpi2020_international,mix-gen,variant,HM,heuristics_miner,a8fc09154990e706,16,0.6952267663419306,0.8352406043309378,0.0,0.6952267663419306,0.4939123354672689,0.1400138379890072,0.0,0.8323670601465022,1.0,109,1,196,5,
B2_apdtm_cls_cash_features_cash_real_default,bpi2020_payment,equal,variant,HM,heuristics_miner,67cd1ccc54854e66,16,0.7459843675155176,0.8696763776738392,0.0,0.7459843675155176,0.4539079536155171,0.1236920101583216,0.0,0.8577723698910094,1.0,129,1,196,5,
B2_apdtm_cls_cash_features_cash_real_default,bpi2020_payment,fitn,variant,HM,heuristics_miner,67cd1ccc54854e66,16,0.9375704546963164,1.0,0.0,1.0,0.6986954515961711,0.0624295453036836,0.0624295453036836,0.9375704546963164,0.7928025128249598,96,4,196,5,
B2_apdtm_cls_cash_features_cash_real_default,bpi2020_payment,prec,variant,HM,heuristics_miner,67cd1ccc54854e66,16,0.8082905921163525,1.0,0.0,0.8082905921163525,0.0,0.1917094078836475,0.0,0.8082905921163525,1.0,103,1,196,5,
B2_apdtm_cls_cash_features_cash_real_default,bpi2020_payment,gene,variant,HM,heuristics_miner,67cd1ccc54854e66,16,0.6750512131653676,0.9042989365923124,0.0,0.8669709790187637,0.6750512131653676,0.2292477234269447,0.1919197658533961,0.7464912163992766,0.0,180,5,196,5,
B2_apdtm_cls_cash_features_cash_real_default,bpi2020_payment,simp,variant,HM,heuristics_miner,67cd1ccc54854e66,16,0.5630252100840336,0.8214285714285714,0.0,0.6000000000000001,0.3333333333333333,0.2584033613445378,0.0369747899159664,0.6854219948849105,0.8613445378151258,159,3,196,5,
B2_apdtm_cls_cash_features_cash_real_default,bpi2020_payment,fit+pre,variant,HM,heuristics_miner,67cd1ccc54854e66,16,0.8729305234063345,0.9825892284678608,0.0,0.8729305234063345,0.3493477257980855,0.1096587050615264,0.0,0.8883982218769935,1.0,101,1,196,5,
B2_apdtm_cls_cash_features_cash_real_default,bpi2020_payment,fit+gen,variant,HM,heuristics_miner,67cd1ccc54854e66,16,0.806310833930842,0.951497082337022,0.0,0.9334854895093818,0.7411492405643676,0.1451862484061801,0.1271746555785398,0.8474128285821113,0.3387899770526514,171,4,196,5,
B2_apdtm_cls_cash_features_cash_real_default,bpi2020_payment,fit+sim,variant,HM,heuristics_miner,67cd1ccc54854e66,16,0.750297832390175,0.8691224178435837,0.0,0.8,0.5160143924647522,0.1188245854534086,0.049702167609825,0.8632821073143765,0.8249834981385242,151,3,196,5,
B2_apdtm_cls_cash_features_cash_real_default,bpi2020_payment,pre+gen,variant,HM,heuristics_miner,67cd1ccc54854e66,16,0.7416709026408601,0.916868426053467,0.0,0.7416709026408601,0.391801514766282,0.1751975234126068,0.0,0.8089174864852525,1.0,127,1,196,5,
B2_apdtm_cls_cash_features_cash_real_default,bpi2020_payment,pre+sim,variant,HM,heuristics_miner,67cd1ccc54854e66,16,0.6856579011001931,0.87,0.0,0.6856579011001931,0.1666666666666666,0.1843420988998069,0.0,0.788112530000222,1.0,122,1,196,5,
B2_apdtm_cls_cash_features_cash_real_default,bpi2020_payment,gen+sim,variant,HM,heuristics_miner,67cd1ccc54854e66,16,0.6190382116247006,0.7955758933524278,0.0,0.7334854895093819,0.5584681814329486,0.1765376817277272,0.1144472778846812,0.7781007654922448,0.346080229763904,170,4,196,5,
B2_apdtm_cls_cash_features_cash_real_default,bpi2020_payment,mix-fit,variant,HM,heuristics_miner,67cd1ccc54854e66,16,0.7976255228467759,0.9053177010011466,0.0,0.7976255228467759,0.4245051502583915,0.1076921781543707,0.0,0.8810448773560053,1.0,121,1,196,5,
B2_apdtm_cls_cash_features_cash_real_default,bpi2020_payment,mix-prec,variant,HM,heuristics_miner,67cd1ccc54854e66,16,0.769648212743818,0.9102277500261444,0.0,0.769648212743818,0.4081533325123367,0.1405795372823265,0.0,0.8455556455202683,1.0,126,1,196,5,
B2_apdtm_cls_cash_features_cash_real_default,bpi2020_payment,mix-simp,variant,HM,heuristics_miner,67cd1ccc54854e66,16,0.7223205222872171,0.829125005321534,0.0,0.7427293481371395,0.4996625747186974,0.1068044830343168,0.0204088258499224,0.8711841008909167,0.9160361345859952,155,3,196,5,
B2_apdtm_cls_cash_features_cash_real_default,bpi2020_payment,mix-gen,variant,HM,heuristics_miner,67cd1ccc54854e66,16,0.6943432121842593,0.836099433132433,0.0,0.6943432121842593,0.4833107569726427,0.1417562209481736,0.0,0.8304553079086703,1.0,145,1,196,5,
B2_apdtm_cls_cash_features_cash_real_default,bpi2020_permit,equal,variant,HM,heuristics_miner,8dc0dde1f149f92e,16,0.6953084541835005,0.8429076490043279,0.0,0.6953084541835005,0.0,0.1475991948208274,0.0,0.8248928040987922,1.0,86,1,196,5,
B2_apdtm_cls_cash_features_cash_real_default,bpi2020_permit,fitn,variant,HM,heuristics_miner,8dc0dde1f149f92e,16,0.8888124281765335,1.0,0.0,1.0,0.0,0.1111875718234665,0.1111875718234665,0.8888124281765335,0.8888124281765335,74,3,196,5,
B2_apdtm_cls_cash_features_cash_real_default,bpi2020_permit,prec,variant,HM,heuristics_miner,8dc0dde1f149f92e,16,0.8137442437123628,0.9911533085603246,0.0,0.8137442437123628,0.0,0.1774090648479618,0.0,0.8210074432323159,1.0,43,1,196,5,
B2_apdtm_cls_cash_features_cash_real_default,bpi2020_permit,gene,variant,HM,heuristics_miner,8dc0dde1f149f92e,16,0.6027735303872743,0.9078165537742844,0.0,0.8652393738255396,0.0,0.30504302338701,0.2624658434382653,0.6639816468219474,0.6966552246948635,168,4,196,5,
B2_apdtm_cls_cash_features_cash_real_default,bpi2020_permit,simp,variant,HM,heuristics_miner,8dc0dde1f149f92e,16,0.4759036144578313,0.7142857142857143,0.0,0.5946547884187082,0.0,0.238382099827883,0.1187511739608769,0.6662650602409638,0.8003023329272144,130,2,196,5,
B2_apdtm_cls_cash_features_cash_real_default,bpi2020_permit,fit+pre,variant,HM,heuristics_miner,8dc0dde1f149f92e,16,0.8512783359444481,0.9243881790529204,0.0,0.8512783359444481,0.0,0.0731098431084723,0.0,0.9209100194429392,1.0,34,1,196,5,
B2_apdtm_cls_cash_features_cash_real_default,bpi2020_permit,fit+gen,variant,HM,heuristics_miner,8dc0dde1f149f92e,16,0.7457929792819039,0.9448808304983668,0.0,0.93261968691277,0.0,0.1990878512164628,0.1868267076308659,0.7892984545877005,0.7996753550749993,159,3,196,5,
B2_apdtm_cls_cash_features_cash_real_default,bpi2020_permit,fit+sim,variant,HM,heuristics_miner,8dc0dde1f149f92e,16,0.6823580213171824,0.8272924879786688,0.0,0.7973273942093542,0.0,0.1449344666614864,0.1149693728921718,0.8248086755681704,0.8558065686352371,119,3,196,5,
B2_apdtm_cls_cash_features_cash_real_default,bpi2020_permit,pre+gen,variant,HM,heuristics_miner,8dc0dde1f149f92e,16,0.7082588870498185,0.9322600772514232,0.0,0.7082588870498185,0.0,0.2240011902016045,0.0,0.7597224254609014,1.0,78,1,196,5,
B2_apdtm_cls_cash_features_cash_real_default,bpi2020_permit,pre+sim,variant,HM,heuristics_miner,8dc0dde1f149f92e,16,0.644823929085097,0.816594001468874,0.0,0.644823929085097,0.0,0.1717700723837769,0.0,0.7896505826949498,1.0,46,1,196,5,
B2_apdtm_cls_cash_features_cash_real_default,bpi2020_permit,gen+sim,variant,HM,heuristics_miner,8dc0dde1f149f92e,16,0.5393385724225528,0.7992898469819344,0.0,0.7281672934908063,0.0,0.2599512745593816,0.1888287210682535,0.6747722049254843,0.7406794801741015,160,4,196,5,
B2_apdtm_cls_cash_features_cash_real_default,bpi2020_permit,mix-fit,variant,HM,heuristics_miner,8dc0dde1f149f92e,16,0.755106320314616,0.8639118088087243,0.0,0.755106320314616,0.0,0.1088054884941083,0.0,0.8740548660352916,1.0,52,1,196,5,
B2_apdtm_cls_cash_features_cash_real_default,bpi2020_permit,mix-prec,variant,HM,heuristics_miner,8dc0dde1f149f92e,16,0.7316826036822173,0.8885842618048088,0.0,0.7316826036822173,0.0,0.1569016581225915,0.0,0.8234251214354082,1.0,68,1,196,5,
B2_apdtm_cls_cash_features_cash_real_default,bpi2020_permit,mix-simp,variant,HM,heuristics_miner,8dc0dde1f149f92e,16,0.6589343046847838,0.81761289182125,0.0,0.7200015916100726,0.0,0.1586785871364662,0.0610672869252888,0.8059245533873539,0.9151845112054132,130,2,196,5,
B2_apdtm_cls_cash_features_cash_real_default,bpi2020_permit,mix-gen,variant,HM,heuristics_miner,8dc0dde1f149f92e,16,0.6355105880523851,0.8269571869508153,0.0,0.642675789010791,0.0,0.1914465988984302,0.0071652009584058,0.7684927322485235,0.9888509866391036,127,2,196,5,
B2_apdtm_cls_cash_features_cash_real_default,bpi2020_prepaid,equal,variant,HM,heuristics_miner,29f7ad244446d4aa,16,0.7280027250543759,0.8668476328686328,0.0,0.7280027250543759,0.3835715428314981,0.1388449078142568,0.0,0.8398277822426744,1.0,83,1,196,5,
B2_apdtm_cls_cash_features_cash_real_default,bpi2020_prepaid,fitn,variant,HM,heuristics_miner,29f7ad244446d4aa,16,0.9016178004778508,1.0,0.0,1.0,0.4702681384715757,0.0983821995221492,0.0983821995221492,0.9016178004778508,0.8142792483006607,85,4,196,5,
B2_apdtm_cls_cash_features_cash_real_default,bpi2020_prepaid,prec,variant,HM,heuristics_miner,29f7ad244446d4aa,16,0.8877260430015663,0.9997522759645756,0.0,0.8877260430015663,0.0,0.1120262329630092,0.0,0.8879460085700482,1.0,23,1,196,5,
B2_apdtm_cls_cash_features_cash_real_default,bpi2020_prepaid,gene,variant,HM,heuristics_miner,29f7ad244446d4aa,16,0.5988575329285628,0.9112866050560324,0.0,0.8904211520153033,0.5988575329285628,0.3124290721274696,0.2915636190867404,0.6571560797733231,0.0,176,5,196,5,
B2_apdtm_cls_cash_features_cash_real_default,bpi2020_prepaid,simp,variant,HM,heuristics_miner,29f7ad244446d4aa,16,0.5238095238095238,0.8241758241758241,0.0,0.5903614457831325,0.1867088607594936,0.3003663003663003,0.0665519219736087,0.6355555555555557,0.8351257382144319,140,3,196,5,
B2_apdtm_cls_cash_features_cash_real_default,bpi2020_prepaid,fit+pre,variant,HM,heuristics_miner,29f7ad244446d4aa,16,0.8946719217397086,0.9548684615240935,0.0,0.8946719217397086,0.2351340692357878,0.0601965397843851,0.0,0.936958290895582,1.0,27,1,196,5,
B2_apdtm_cls_cash_features_cash_real_default,bpi2020_prepaid,fit+gen,variant,HM,heuristics_miner,29f7ad244446d4aa,16,0.7502376667032068,0.949603353381388,0.0,0.9452105760076516,0.6737886552832494,0.1993656866781812,0.1949729093044448,0.7900537250966191,0.2816611540288324,171,4,196,5,
B2_apdtm_cls_cash_features_cash_real_default,bpi2020_prepaid,fit+sim,variant,HM,heuristics_miner,29f7ad244446d4aa,16,0.7127136621436874,0.8494129668934964,0.0,0.7884684371297543,0.3284884996155346,0.136699304749809,0.0757547749860669,0.8390661432333077,0.8353085236815897,132,3,196,5,
B2_apdtm_cls_cash_features_cash_real_default,bpi2020_prepaid,pre+gen,variant,HM,heuristics_miner,29f7ad244446d4aa,16,0.7432917879650646,0.9409693886867966,0.0,0.7432917879650646,0.4386545860474615,0.197677600721732,0.0,0.7899213267738624,1.0,65,1,196,5,
B2_apdtm_cls_cash_features_cash_real_default,bpi2020_prepaid,pre+sim,variant,HM,heuristics_miner,29f7ad244446d4aa,16,0.7057677834055451,0.8334790489391193,0.0,0.7057677834055451,0.0933544303797468,0.1277112655335741,0.0,0.8467732743898849,1.0,38,1,196,5,
B2_apdtm_cls_cash_features_cash_real_default,bpi2020_prepaid,gen+sim,variant,HM,heuristics_miner,29f7ad244446d4aa,16,0.5613335283690433,0.815098321546149,0.0,0.7379476465690233,0.5320090164272083,0.2537647931771057,0.17661411819998,0.6886697144759877,0.1423944207147598,167,4,196,5,
B2_apdtm_cls_cash_features_cash_real_default,bpi2020_prepaid,mix-fit,variant,HM,heuristics_miner,29f7ad244446d4aa,16,0.7916125911463714,0.8887029376845874,0.0,0.7916125911463714,0.3131799447500213,0.097090346538216,0.0,0.8907505056850902,1.0,40,1,196,5,
B2_apdtm_cls_cash_features_cash_real_default,bpi2020_prepaid,mix-prec,variant,HM,heuristics_miner,29f7ad244446d4aa,16,0.767452189555718,0.9102502378418412,0.0,0.767452189555718,0.3759172653987414,0.142798048286123,0.0,0.843122207114507,1.0,52,1,196,5,
B2_apdtm_cls_cash_features_cash_real_default,bpi2020_prepaid,mix-simp,variant,HM,heuristics_miner,29f7ad244446d4aa,16,0.688553260553034,0.8311667650921324,0.0,0.724823854120391,0.3912258202642548,0.1426135045390983,0.0362705935673569,0.8284177008409497,0.8912745583416759,140,3,196,5,
B2_apdtm_cls_cash_features_cash_real_default,bpi2020_prepaid,mix-gen,variant,HM,heuristics_miner,29f7ad244446d4aa,16,0.6643928589623807,0.8449923280526782,0.0,0.6643928589623807,0.4539631409129749,0.1805994690902975,0.0,0.7862708771492672,1.0,142,1,196,5,
B2_apdtm_cls_cash_features_cash_real_default,bpic15_1,equal,variant,IMd,inductive_miner_imd,8ec8a2cb08851acf,16,0.5006533211257762,0.7538067736145151,0.0,0.5006533211257762,0.0,0.2531534524887389,0.0,0.6641666520521378,1.0,124,1,196,5,
B2_apdtm_cls_cash_features_cash_real_default,bpic15_1,fitn,variant,IMd,inductive_miner_imd,8ec8a2cb08851acf,16,1.0,1.0,0.0,1.0,0.0,0.0,0.0,1.0,1.0,1,1,196,5,
B2_apdtm_cls_cash_features_cash_real_default,bpic15_1,prec,variant,IMd,inductive_miner_imd,8ec8a2cb08851acf,16,0.0055144083252097,0.9967132292522596,0.0,0.0055144083252097,0.0,0.99119882092705,0.0,0.0055325926890191,1.0,141,1,196,5,
B2_apdtm_cls_cash_features_cash_real_default,bpic15_1,gene,variant,IMd,inductive_miner_imd,8ec8a2cb08851acf,16,0.6526451647517064,0.7947596517508088,0.0,0.6526451647517064,0.0,0.1421144869991023,0.0,0.8211855789532942,1.0,112,1,196,5,
B2_apdtm_cls_cash_features_cash_real_default,bpic15_1,simp,variant,IMd,inductive_miner_imd,8ec8a2cb08851acf,16,0.3444537114261885,1.0,0.0,0.3444537114261885,0.0,0.6555462885738115,0.0,0.3444537114261885,1.0,137,1,196,5,
B2_apdtm_cls_cash_features_cash_real_default,bpic15_1,fit+pre,variant,IMd,inductive_miner_imd,8ec8a2cb08851acf,16,0.5027572041626048,0.8688577238297088,0.0,0.5027572041626048,0.0,0.366100519667104,0.0,0.5786415777563397,1.0,74,1,196,5,
B2_apdtm_cls_cash_features_cash_real_default,bpic15_1,fit+gen,variant,IMd,inductive_miner_imd,8ec8a2cb08851acf,16,0.8263225823758532,0.871727415992749,0.0,0.8263225823758532,0.0,0.0454048336168958,0.0,0.9479139547708414,1.0,4,1,196,5,
B2_apdtm_cls_cash_features_cash_real_default,bpic15_1,fit+sim,variant,IMd,inductive_miner_imd,8ec8a2cb08851acf,16,0.6722268557130943,0.8645266546833184,0.0,0.6722268557130943,0.0,0.1922997989702241,0.0,0.7775663735426819,1.0,85,1,196,5,
B2_apdtm_cls_cash_features_cash_real_default,bpic15_1,pre+gen,variant,IMd,inductive_miner_imd,8ec8a2cb08851acf,16,0.329079786538458,0.8387467991159434,0.0,0.329079786538458,0.0,0.5096670125774854,0.0,0.3923469954047097,1.0,126,1,196,5,
B2_apdtm_cls_cash_features_cash_real_default,bpic15_1,pre+sim,variant,IMd,inductive_miner_imd,8ec8a2cb08851acf,16,0.1749840598756991,0.8214077863143173,0.0,0.1749840598756991,0.0,0.6464237264386182,0.0,0.2130294633081798,1.0,142,1,196,5,
B2_apdtm_cls_cash_features_cash_real_default,bpic15_1,gen+sim,variant,IMd,inductive_miner_imd,8ec8a2cb08851acf,16,0.4985494380889474,0.8973798258754044,0.0,0.4985494380889474,0.0,0.3988303877864569,0.0,0.5555612280481197,1.0,131,1,196,5,
B2_apdtm_cls_cash_features_cash_real_default,bpic15_1,mix-fit,variant,IMd,inductive_miner_imd,8ec8a2cb08851acf,16,0.5358095812579713,0.7829881701741386,0.0,0.5358095812579713,0.0,0.2471785889161672,0.0,0.6843137631808739,1.0,94,1,196,5,
B2_apdtm_cls_cash_features_cash_real_default,bpic15_1,mix-prec,variant,IMd,inductive_miner_imd,8ec8a2cb08851acf,16,0.4324446838982146,0.8104949307104619,0.0,0.4324446838982146,0.0,0.3780502468122472,0.0,0.5335563092530922,1.0,118,1,196,5,
B2_apdtm_cls_cash_features_cash_real_default,bpic15_1,mix-simp,variant,IMd,inductive_miner_imd,8ec8a2cb08851acf,16,0.5688619583533376,0.7694736087116352,0.0,0.5688619583533376,0.0,0.2006116503582975,0.0,0.7392871593163659,1.0,121,1,196,5,
B2_apdtm_cls_cash_features_cash_real_default,bpic15_1,mix-gen,variant,IMd,inductive_miner_imd,8ec8a2cb08851acf,16,0.465497060993581,0.7344918748892888,0.0,0.465497060993581,0.0,0.2689948138957077,0.0,0.6337674750503486,1.0,131,1,196,5,
B2_apdtm_cls_cash_features_cash_real_default,bpic15_2,equal,variant,IMd,inductive_miner_imd,2bd4a2c68f811174,16,0.4958761568622505,0.739796087901852,0.0,0.4958761568622505,0.0,0.2439199310396015,0.0,0.6702876170494672,1.0,123,1,196,5,
B2_apdtm_cls_cash_features_cash_real_default,bpic15_2,fitn,variant,IMd,inductive_miner_imd,2bd4a2c68f811174,16,1.0,1.0,0.0,1.0,0.0,0.0,0.0,1.0,1.0,1,1,196,5,
B2_apdtm_cls_cash_features_cash_real_default,bpic15_2,prec,variant,IMd,inductive_miner_imd,2bd4a2c68f811174,16,0.0047466811844114,0.9964080459770116,0.0,0.0047466811844114,0.0,0.9916613647926004,0.0,0.0047637925080754,1.0,141,1,196,5,
B2_apdtm_cls_cash_features_cash_real_default,bpic15_2,gene,variant,IMd,inductive_miner_imd,2bd4a2c68f811174,16,0.630479323366272,0.8434264748464657,0.0,0.630479323366272,0.0,0.2129471514801937,0.0,0.7475213811388149,1.0,119,1,196,5,
B2_apdtm_cls_cash_features_cash_real_default,bpic15_2,simp,variant,IMd,inductive_miner_imd,2bd4a2c68f811174,16,0.3482786228983187,1.0,0.0,0.3482786228983187,0.0,0.6517213771016813,0.0,0.3482786228983187,1.0,133,1,196,5,
B2_apdtm_cls_cash_features_cash_real_default,bpic15_2,fit+pre,variant,IMd,inductive_miner_imd,2bd4a2c68f811174,16,0.5023733405922057,0.8552632687420797,0.0,0.5023733405922057,0.0,0.3528899281498739,0.0,0.587390291332277,1.0,62,1,196,5,
B2_apdtm_cls_cash_features_cash_real_default,bpic15_2,fit+gen,variant,IMd,inductive_miner_imd,2bd4a2c68f811174,16,0.815239661683136,0.888226048940476,0.0,0.815239661683136,0.0,0.0729863872573399,0.0,0.9178290398661444,1.0,6,1,196,5,
B2_apdtm_cls_cash_features_cash_real_default,bpic15_2,fit+sim,variant,IMd,inductive_miner_imd,2bd4a2c68f811174,16,0.6741393114491594,0.8502937315725136,0.0,0.6741393114491594,0.0,0.1761544201233542,0.0,0.7928310963817429,1.0,81,1,196,5,
B2_apdtm_cls_cash_features_cash_real_default,bpic15_2,pre+gen,variant,IMd,inductive_miner_imd,2bd4a2c68f811174,16,0.3176130022753416,0.8135744140072105,0.0,0.3176130022753416,0.0,0.4959614117318688,0.0,0.3903920733088918,1.0,136,1,196,5,
B2_apdtm_cls_cash_features_cash_real_default,bpic15_2,pre+sim,variant,IMd,inductive_miner_imd,2bd4a2c68f811174,16,0.176512652041365,0.7980406242956953,0.0,0.176512652041365,0.0,0.6215279722543303,0.0,0.2211825396697629,1.0,138,1,196,5,
B2_apdtm_cls_cash_features_cash_real_default,bpic15_2,gen+sim,variant,IMd,inductive_miner_imd,2bd4a2c68f811174,16,0.4893789731322953,0.9217132374232327,0.0,0.4893789731322953,0.0,0.4323342642909375,0.0,0.5309449330470905,1.0,131,1,196,5,
B2_apdtm_cls_cash_features_cash_real_default,bpic15_2,mix-fit,variant,IMd,inductive_miner_imd,2bd4a2c68f811174,16,0.5341276612716144,0.7675374461630222,0.0,0.5341276612716144,0.0,0.2334097848914078,0.0,0.695897853507681,1.0,88,1,196,5,
B2_apdtm_cls_cash_features_cash_real_default,bpic15_2,mix-prec,variant,IMd,inductive_miner_imd,2bd4a2c68f811174,16,0.425870331773478,0.7904532226862232,0.0,0.425870331773478,0.0,0.3645828909127451,0.0,0.5387672787596828,1.0,118,1,196,5,
B2_apdtm_cls_cash_features_cash_real_default,bpic15_2,mix-simp,variant,IMd,inductive_miner_imd,2bd4a2c68f811174,16,0.565881981951023,0.7666984383330109,0.0,0.565881981951023,0.0,0.2008164563819878,0.0,0.7380763461334137,1.0,118,1,196,5,
B2_apdtm_cls_cash_features_cash_real_default,bpic15_2,mix-gen,variant,IMd,inductive_miner_imd,2bd4a2c68f811174,16,0.4576246524528867,0.7177077196779903,0.0,0.4576246524528867,0.0,0.2600830672251036,0.0,0.6376197996842036,1.0,136,1,196,5,
B2_apdtm_cls_cash_features_cash_real_default,bpic15_3,equal,variant,IMd,inductive_miner_imd,1e1739de3216125c,16,0.5062291863779904,0.7711497484903616,0.0,0.5062291863779904,0.0,0.2649205621123711,0.0,0.6564602885094731,1.0,126,1,196,5,
B2_apdtm_cls_cash_features_cash_real_default,bpic15_3,fitn,variant,IMd,inductive_miner_imd,1e1739de3216125c,16,1.0,1.0,0.0,1.0,0.0,0.0,0.0,1.0,1.0,1,1,196,5,
B2_apdtm_cls_cash_features_cash_real_default,bpic15_3,prec,variant,IMd,inductive_miner_imd,1e1739de3216125c,16,0.0056460981272722,0.9713690786048932,0.0,0.0056460981272722,0.0,0.965722980477621,0.0,0.0058125158105519,1.0,139,1,196,5,
B2_apdtm_cls_cash_features_cash_real_default,bpic15_3,gene,variant,IMd,inductive_miner_imd,1e1739de3216125c,16,0.6755746197508381,0.7690804510999736,0.0,0.6755746197508381,0.0,0.0935058313491354,0.0,0.8784186606025427,1.0,104,1,196,5,
B2_apdtm_cls_cash_features_cash_real_default,bpic15_3,simp,variant,IMd,inductive_miner_imd,1e1739de3216125c,16,0.3436960276338515,1.0,0.0,0.3436960276338515,0.0,0.6563039723661486,0.0,0.3436960276338515,1.0,133,1,196,5,
B2_apdtm_cls_cash_features_cash_real_default,bpic15_3,fit+pre,variant,IMd,inductive_miner_imd,1e1739de3216125c,16,0.5028230490636361,0.8737992058502052,0.0,0.5028230490636361,0.0,0.3709761567865691,0.0,0.5754446166775696,1.0,68,1,196,5,
B2_apdtm_cls_cash_features_cash_real_default,bpic15_3,fit+gen,variant,IMd,inductive_miner_imd,1e1739de3216125c,16,0.837787309875419,0.8764050391703524,0.0,0.837787309875419,0.0,0.0386177292949333,0.0,0.955936208067116,1.0,8,1,196,5,
B2_apdtm_cls_cash_features_cash_real_default,bpic15_3,fit+sim,variant,IMd,inductive_miner_imd,1e1739de3216125c,16,0.6718480138169257,0.8866318702272058,0.0,0.6718480138169257,0.0,0.21478385641028,0.0,0.7577530611941119,1.0,98,1,196,5,
B2_apdtm_cls_cash_features_cash_real_default,bpic15_3,pre+gen,variant,IMd,inductive_miner_imd,1e1739de3216125c,16,0.3406103589390551,0.8335999035488251,0.0,0.3406103589390551,0.0,0.4929895446097699,0.0,0.4086017254668566,1.0,124,1,196,5,
B2_apdtm_cls_cash_features_cash_real_default,bpic15_3,pre+sim,variant,IMd,inductive_miner_imd,1e1739de3216125c,16,0.1746710628805618,0.806269466186586,0.0,0.1746710628805618,0.0,0.6315984033060242,0.0,0.2166410489370307,1.0,139,1,196,5,
B2_apdtm_cls_cash_features_cash_real_default,bpic15_3,gen+sim,variant,IMd,inductive_miner_imd,1e1739de3216125c,16,0.5096353236923448,0.8774480269684266,0.0,0.5096353236923448,0.0,0.3678127032760818,0.0,0.5808153965006101,1.0,130,1,196,5,
B2_apdtm_cls_cash_features_cash_real_default,bpic15_3,mix-fit,variant,IMd,inductive_miner_imd,1e1739de3216125c,16,0.5379904969400358,0.7997195004226063,0.0,0.5379904969400358,0.0,0.2617290034825705,0.0,0.6727239946703042,1.0,101,1,196,5,
B2_apdtm_cls_cash_features_cash_real_default,bpic15_3,mix-prec,variant,IMd,inductive_miner_imd,1e1739de3216125c,16,0.4393004279395454,0.8166597019857158,0.0,0.4393004279395454,0.0,0.3773592740461703,0.0,0.5379234788632061,1.0,117,1,196,5,
B2_apdtm_cls_cash_features_cash_real_default,bpic15_3,mix-simp,variant,IMd,inductive_miner_imd,1e1739de3216125c,16,0.5731579448164354,0.7807894458056361,0.0,0.5731579448164354,0.0,0.2076315009892007,0.0,0.7340749134038795,1.0,122,1,196,5,
B2_apdtm_cls_cash_features_cash_real_default,bpic15_3,mix-gen,variant,IMd,inductive_miner_imd,1e1739de3216125c,16,0.4744678758159452,0.742579996558117,0.0,0.4744678758159452,0.0,0.2681121207421718,0.0,0.6389451345513205,1.0,133,1,196,5,
B2_apdtm_cls_cash_features_cash_real_default,bpic15_4,equal,variant,IMd,inductive_miner_imd,f68041a3f2d86846,16,0.5004532568394435,0.7570912404815519,0.0,0.5004532568394435,0.0,0.2566379836421083,0.0,0.6610210633544348,1.0,134,1,196,5,
B2_apdtm_cls_cash_features_cash_real_default,bpic15_4,fitn,variant,IMd,inductive_miner_imd,f68041a3f2d86846,16,1.0,1.0,0.0,1.0,0.0,0.0,0.0,1.0,1.0,1,1,196,5,
B2_apdtm_cls_cash_features_cash_real_default,bpic15_4,prec,variant,IMd,inductive_miner_imd,f68041a3f2d86846,16,0.0063677194723514,0.9771181199752628,0.0,0.0063677194723514,0.0,0.9707504005029114,0.0,0.0065168369536659,1.0,146,1,196,5,
B2_apdtm_cls_cash_features_cash_real_default,bpic15_4,gene,variant,IMd,inductive_miner_imd,f68041a3f2d86846,16,0.6484303825122886,0.8125621208083507,0.0,0.6484303825122886,0.0,0.1641317382960621,0.0,0.7980071503545094,1.0,113,1,196,5,
B2_apdtm_cls_cash_features_cash_real_default,bpic15_4,simp,variant,IMd,inductive_miner_imd,f68041a3f2d86846,16,0.3470149253731343,1.0,0.0,0.3470149253731343,0.0,0.6529850746268657,0.0,0.3470149253731343,1.0,143,1,196,5,
B2_apdtm_cls_cash_features_cash_real_default,bpic15_4,fit+pre,variant,IMd,inductive_miner_imd,f68041a3f2d86846,16,0.5031838597361757,0.8685599938464359,0.0,0.5031838597361757,0.0,0.3653761341102601,0.0,0.5793311496052398,1.0,84,1,196,5,
B2_apdtm_cls_cash_features_cash_real_default,bpic15_4,fit+gen,variant,IMd,inductive_miner_imd,f68041a3f2d86846,16,0.8242151912561443,0.8717994934557993,0.0,0.8242151912561443,0.0,0.047584302199655,0.0,0.94541829565531,1.0,5,1,196,5,
B2_apdtm_cls_cash_features_cash_real_default,bpic15_4,fit+sim,variant,IMd,inductive_miner_imd,f68041a3f2d86846,16,0.6735074626865671,0.8675538703293734,0.0,0.6735074626865671,0.0,0.1940464076428062,0.0,0.7763292698248986,1.0,95,1,196,5,
B2_apdtm_cls_cash_features_cash_real_default,bpic15_4,pre+gen,variant,IMd,inductive_miner_imd,f68041a3f2d86846,16,0.32739905099232,0.8247132962569865,0.0,0.32739905099232,0.0,0.4973142452646665,0.0,0.3969852947421137,1.0,138,1,196,5,
B2_apdtm_cls_cash_features_cash_real_default,bpic15_4,pre+sim,variant,IMd,inductive_miner_imd,f68041a3f2d86846,16,0.1766913224227428,0.7904575186873295,0.0,0.1766913224227428,0.0,0.6137661962645866,0.0,0.2235304469191015,1.0,146,1,196,5,
B2_apdtm_cls_cash_features_cash_real_default,bpic15_4,gen+sim,variant,IMd,inductive_miner_imd,f68041a3f2d86846,16,0.4977226539427114,0.8981830671938409,0.0,0.4977226539427114,0.0,0.4004604132511294,0.0,0.5541438846066508,1.0,135,1,196,5,
B2_apdtm_cls_cash_features_cash_real_default,bpic15_4,mix-fit,variant,IMd,inductive_miner_imd,f68041a3f2d86846,16,0.5361563391675611,0.7881543306724185,0.0,0.5361563391675611,0.0,0.2519979915048573,0.0,0.6802682143611851,1.0,112,1,196,5,
B2_apdtm_cls_cash_features_cash_real_default,bpic15_4,mix-prec,variant,IMd,inductive_miner_imd,f68041a3f2d86846,16,0.4317776950799405,0.8064338134647027,0.0,0.4317776950799405,0.0,0.3746561183847621,0.0,0.5354161592318193,1.0,128,1,196,5,
B2_apdtm_cls_cash_features_cash_real_default,bpic15_4,mix-simp,variant,IMd,inductive_miner_imd,f68041a3f2d86846,16,0.5691288185989466,0.7784157949851235,0.0,0.5691288185989466,0.0,0.2092869763861768,0.0,0.7311372948307445,1.0,129,1,196,5,
B2_apdtm_cls_cash_features_cash_real_default,bpic15_4,mix-gen,variant,IMd,inductive_miner_imd,f68041a3f2d86846,16,0.464750174511326,0.7260281502906851,0.0,0.464750174511326,0.0,0.2612779757793591,0.0,0.6401269349201552,1.0,141,1,196,5,
B2_apdtm_cls_cash_features_cash_real_default,bpic15_5,equal,variant,IMd,inductive_miner_imd,a0710095115a2fbb,16,0.4980303762681133,0.7432661612580866,0.0,0.4980303762681133,0.0,0.2452357849899732,0.0,0.6700565722313042,1.0,128,1,196,5,
B2_apdtm_cls_cash_features_cash_real_default,bpic15_5,fitn,variant,IMd,inductive_miner_imd,a0710095115a2fbb,16,1.0,1.0,0.0,1.0,0.0,0.0,0.0,1.0,1.0,1,1,196,5,
B2_apdtm_cls_cash_features_cash_real_default,bpic15_5,prec,variant,IMd,inductive_miner_imd,a0710095115a2fbb,16,0.0050756012401533,0.9914236706689536,0.0,0.0050756012401533,0.0,0.9863480694288004,0.0,0.0051195078252757,1.0,141,1,196,5,
B2_apdtm_cls_cash_features_cash_real_default,bpic15_5,gene,variant,IMd,inductive_miner_imd,a0710095115a2fbb,16,0.6480339787897107,0.8420322364834529,0.0,0.6480339787897107,0.0,0.1939982576937422,0.0,0.7696070895053498,1.0,117,1,196,5,
B2_apdtm_cls_cash_features_cash_real_default,bpic15_5,simp,variant,IMd,inductive_miner_imd,a0710095115a2fbb,16,0.3390119250425894,1.0,0.0,0.3390119250425894,0.0,0.6609880749574106,0.0,0.3390119250425894,1.0,135,1,196,5,
B2_apdtm_cls_cash_features_cash_real_default,bpic15_5,fit+pre,variant,IMd,inductive_miner_imd,a0710095115a2fbb,16,0.5025378006200767,0.8302814710249038,0.0,0.5025378006200767,0.0,0.3277436704048271,0.0,0.6052619721836516,1.0,69,1,196,5,
B2_apdtm_cls_cash_features_cash_real_default,bpic15_5,fit+gen,variant,IMd,inductive_miner_imd,a0710095115a2fbb,16,0.8240169893948553,0.8491470544465778,0.0,0.8240169893948553,0.0,0.0251300650517224,0.0,0.9704055205513248,1.0,2,1,196,5,
B2_apdtm_cls_cash_features_cash_real_default,bpic15_5,fit+sim,variant,IMd,inductive_miner_imd,a0710095115a2fbb,16,0.6695059625212947,0.8492461162887588,0.0,0.6695059625212947,0.0,0.1797401537674641,0.0,0.7883532814339662,1.0,85,1,196,5,
B2_apdtm_cls_cash_features_cash_real_default,bpic15_5,pre+gen,variant,IMd,inductive_miner_imd,a0710095115a2fbb,16,0.326554790014932,0.8116192280976056,0.0,0.326554790014932,0.0,0.4850644380826736,0.0,0.4023497456810627,1.0,132,1,196,5,
B2_apdtm_cls_cash_features_cash_real_default,bpic15_5,pre+sim,variant,IMd,inductive_miner_imd,a0710095115a2fbb,16,0.1720437631413713,0.7827816467542539,0.0,0.1720437631413713,0.0,0.6107378836128825,0.0,0.2197851263564214,1.0,141,1,196,5,
B2_apdtm_cls_cash_features_cash_real_default,bpic15_5,gen+sim,variant,IMd,inductive_miner_imd,a0710095115a2fbb,16,0.49352295191615,0.9210161182417264,0.0,0.49352295191615,0.0,0.4274931663255764,0.0,0.535846161800419,1.0,133,1,196,5,
B2_apdtm_cls_cash_features_cash_real_default,bpic15_5,mix-fit,variant,IMd,inductive_miner_imd,a0710095115a2fbb,16,0.534128463259535,0.7619159908588385,0.0,0.534128463259535,0.0,0.2277875275993035,0.0,0.7010332761981549,1.0,95,1,196,5,
B2_apdtm_cls_cash_features_cash_real_default,bpic15_5,mix-prec,variant,IMd,inductive_miner_imd,a0710095115a2fbb,16,0.4303416266372334,0.7845385057794599,0.0,0.4303416266372334,0.0,0.3541968791422265,0.0,0.5485283685466497,1.0,123,1,196,5,
B2_apdtm_cls_cash_features_cash_real_default,bpic15_5,mix-simp,variant,IMd,inductive_miner_imd,a0710095115a2fbb,16,0.5657191258989932,0.7677189214161869,0.0,0.5657191258989932,0.0,0.2019997955171937,0.0,0.736883135373854,1.0,123,1,196,5,
B2_apdtm_cls_cash_features_cash_real_default,bpic15_5,mix-gen,variant,IMd,inductive_miner_imd,a0710095115a2fbb,16,0.4619322892766918,0.7246163316573346,0.0,0.4619322892766918,0.0,0.2626840423806428,0.0,0.6374853409944063,1.0,136,1,196,5,
B2_apdtm_cls_cash_features_cash_real_default,hospital_billing,equal,variant,HM,heuristics_miner,f0ba1c246feb1617,17,0.7623493758629513,0.8734035144022313,0.0,0.7728985458636999,0.7080210029131718,0.11105413853928,0.0105491700007486,0.8728489905203932,0.8373987435252778,101,3,196,5,
B2_apdtm_cls_cash_features_cash_real_default,hospital_billing,fitn,variant,HM,heuristics_miner,f0ba1c246feb1617,17,0.9173284729406372,1.0,0.0,1.0,0.6797553093982478,0.0826715270593627,0.0826715270593627,0.9173284729406372,0.7418488752958878,135,4,196,5,
B2_apdtm_cls_cash_features_cash_real_default,hospital_billing,prec,variant,HM,heuristics_miner,f0ba1c246feb1617,17,0.9123900422661322,1.0,0.0,0.9123900422661322,0.3867395245470101,0.0876099577338678,0.0,0.9123900422661322,1.0,79,1,196,5,
B2_apdtm_cls_cash_features_cash_real_default,hospital_billing,gene,variant,HM,heuristics_miner,f0ba1c246feb1617,17,0.7467548005194038,0.974570314262808,0.0,0.9406716490462892,0.7467548005194038,0.2278155137434042,0.1939168485268854,0.7662400440385564,0.0,155,5,196,5,
B2_apdtm_cls_cash_features_cash_real_default,hospital_billing,simp,variant,HM,heuristics_miner,f0ba1c246feb1617,17,0.4729241877256318,1.0,0.0,1.0,0.4729241877256318,0.5270758122743682,0.5270758122743682,0.4729241877256318,0.0,132,5,196,5,
B2_apdtm_cls_cash_features_cash_real_default,hospital_billing,fit+pre,variant,HM,heuristics_miner,f0ba1c246feb1617,17,0.9148592576033848,0.989140582975968,0.0,0.9148592576033848,0.5332474169726289,0.0742813253725833,0.0,0.9249031667984974,1.0,84,1,196,5,
B2_apdtm_cls_cash_features_cash_real_default,hospital_billing,fit+gen,variant,HM,heuristics_miner,f0ba1c246feb1617,17,0.8320416367300205,0.9872657861978588,0.0,0.9703358245231446,0.7961812639516811,0.1552241494678383,0.138294187793124,0.8427736971766894,0.2059111898113302,140,4,196,5,
B2_apdtm_cls_cash_features_cash_real_default,hospital_billing,fit+sim,variant,HM,heuristics_miner,f0ba1c246feb1617,17,0.6951263303331345,0.8398776546991239,0.0,0.8398776546991239,0.6951263303331345,0.1447513243659893,0.1447513243659893,0.8276518924439717,0.0,128,5,196,5,
B2_apdtm_cls_cash_features_cash_real_default,hospital_billing,pre+gen,variant,HM,heuristics_miner,f0ba1c246feb1617,17,0.829572421392768,0.9583893297505974,0.0,0.829572421392768,0.6496733715260623,0.1288169083578294,0.0,0.8655902102005334,1.0,100,1,196,5,
B2_apdtm_cls_cash_features_cash_real_default,hospital_billing,pre+sim,variant,HM,heuristics_miner,f0ba1c246feb1617,17,0.692657114995882,0.8030539885899708,0.0,0.6933697622735051,0.4457061813031991,0.1103968735940887,0.0007126472776231,0.8625287027240506,0.9971225188829498,96,2,196,5,
B2_apdtm_cls_cash_features_cash_real_default,hospital_billing,gen+sim,variant,HM,heuristics_miner,f0ba1c246feb1617,17,0.6098394941225178,0.9594156800838196,0.0,0.9563036092525572,0.6098394941225178,0.3495761859613019,0.3464641151300394,0.6356363636554688,0.0,151,5,196,5,
B2_apdtm_cls_cash_features_cash_real_default,hospital_billing,mix-fit,variant,HM,heuristics_miner,f0ba1c246feb1617,17,0.8099087194531612,0.8999403930024692,0.0,0.8099087194531612,0.6791847029739135,0.0900316735493079,0.0,0.899958181398064,1.0,92,1,196,5,
B2_apdtm_cls_cash_features_cash_real_default,hospital_billing,mix-prec,variant,HM,heuristics_miner,f0ba1c246feb1617,17,0.8197405704229648,0.9266041872906544,0.0,0.8197405704229648,0.6644290372499878,0.1068636168676897,0.0,0.8846717742770474,1.0,93,1,196,5,
B2_apdtm_cls_cash_features_cash_real_default,hospital_billing,mix-simp,variant,HM,heuristics_miner,f0ba1c246feb1617,17,0.704958181302938,0.8448731726232275,0.0,0.8251219889751983,0.704958181302938,0.1399149913202895,0.1201638076722603,0.8343952727415044,0.0,126,5,196,5,
B2_apdtm_cls_cash_features_cash_real_default,hospital_billing,mix-gen,variant,HM,heuristics_miner,f0ba1c246feb1617,17,0.7147900322727413,0.8574303226558113,0.0,0.8103663232512726,0.7045511321397954,0.14264029038307,0.0955762909785312,0.8336421203984775,0.0967621002749894,119,4,196,5,
B2_apdtm_cls_cash_features_cash_real_default,road_traffic_fines,equal,variant,HM,heuristics_miner,9fd05dcc49e5b232,16,0.8472976270289231,0.9091484776358276,0.0,0.8472976270289231,0.7357034000201228,0.0618508506069045,0.0,0.9319683724623914,1.0,74,1,196,5,
B2_apdtm_cls_cash_features_cash_real_default,road_traffic_fines,fitn,variant,HM,heuristics_miner,9fd05dcc49e5b232,16,0.928366348548456,1.0,0.0,1.0,0.637766272135165,0.0716336514515439,0.0716336514515439,0.928366348548456,0.802244667072323,90,4,196,5,
B2_apdtm_cls_cash_features_cash_real_default,road_traffic_fines,prec,variant,HM,heuristics_miner,9fd05dcc49e5b232,16,0.9913926579538832,1.0,0.0,0.9913926579538832,0.5080563293025482,0.0086073420461167,0.0,0.9913926579538832,1.0,106,1,196,5,
B2_apdtm_cls_cash_features_cash_real_default,road_traffic_fines,gene,variant,HM,heuristics_miner,9fd05dcc49e5b232,16,0.9232130142183954,0.9916370973254746,0.0,0.988255529682136,0.9232130142183954,0.0684240831070791,0.0650425154637406,0.9309988671343332,0.0,102,5,196,5,
B2_apdtm_cls_cash_features_cash_real_default,road_traffic_fines,simp,variant,HM,heuristics_miner,9fd05dcc49e5b232,16,0.5462184873949579,0.8,0.0,0.6571428571428571,0.5135135135135136,0.2537815126050421,0.1109243697478992,0.6827731092436974,0.2277039848197335,119,4,196,5,
B2_apdtm_cls_cash_features_cash_real_default,road_traffic_fines,fit+pre,variant,HM,heuristics_miner,9fd05dcc49e5b232,16,0.9598795032511696,0.9901742494392978,0.0,0.9598795032511696,0.6500603519943688,0.0302947461881282,0.0,0.969404631351216,1.0,44,1,196,5,
B2_apdtm_cls_cash_features_cash_real_default,road_traffic_fines,fit+gen,variant,HM,heuristics_miner,9fd05dcc49e5b232,16,0.9257896813834255,0.9953412031561972,0.0,0.994127764841068,0.8116581555420307,0.0695515217727716,0.0683380834576423,0.9301229351781822,0.6254823818598328,80,4,196,5,
B2_apdtm_cls_cash_features_cash_real_default,road_traffic_fines,fit+sim,variant,HM,heuristics_miner,9fd05dcc49e5b232,16,0.737292417971707,0.869886942078606,0.0,0.8118811881188119,0.6474545646390111,0.1325945241068989,0.0745887701471049,0.847572692848955,0.5463704808347665,101,4,196,5,
B2_apdtm_cls_cash_features_cash_real_default,road_traffic_fines,pre+gen,variant,HM,heuristics_miner,9fd05dcc49e5b232,16,0.9573028360861392,0.9899221054016768,0.0,0.9573028360861392,0.7481559294923421,0.0326192693155373,0.0,0.9670486504568948,1.0,41,1,196,5,
B2_apdtm_cls_cash_features_cash_real_default,road_traffic_fines,pre+sim,variant,HM,heuristics_miner,9fd05dcc49e5b232,16,0.7688055726744205,0.8710629687671056,0.0,0.7688055726744205,0.5107849214080309,0.1022573960926851,0.0,0.8826061952358975,1.0,108,1,196,5,
B2_apdtm_cls_cash_features_cash_real_default,road_traffic_fines,gen+sim,variant,HM,heuristics_miner,9fd05dcc49e5b232,16,0.7347157508066766,0.8875669341178665,0.0,0.8213464480458768,0.7347157508066766,0.1528511833111898,0.0866306972392001,0.8277863027163069,0.0,103,5,196,5,
B2_apdtm_cls_cash_features_cash_real_default,road_traffic_fines,mix-fit,variant,HM,heuristics_miner,9fd05dcc49e5b232,16,0.8703293357063786,0.917489504487446,0.0,0.8703293357063786,0.683796413733599,0.0471601687810674,0.0,0.9485986830907528,1.0,73,1,196,5,
B2_apdtm_cls_cash_features_cash_real_default,road_traffic_fines,mix-prec,variant,HM,heuristics_miner,9fd05dcc49e5b232,16,0.913816085896259,0.9485628625742424,0.0,0.913816085896259,0.7510505419770115,0.0347467766779835,0.0,0.963369031142874,1.0,65,1,196,5,
B2_apdtm_cls_cash_features_cash_real_default,road_traffic_fines,mix-simp,variant,HM,heuristics_miner,9fd05dcc49e5b232,16,0.7807791681615874,0.8891275547093468,0.0,0.8027820914375106,0.717532475472829,0.1083483865477593,0.0220029232759231,0.8781407842172003,0.7419000305521751,91,3,196,5,
B2_apdtm_cls_cash_features_cash_real_default,road_traffic_fines,mix-gen,variant,HM,heuristics_miner,9fd05dcc49e5b232,16,0.8242659183514679,0.9083681673400874,0.0,0.8242659183514679,0.750967531787418,0.0841022489886195,0.0,0.9074139187033708,1.0,88,1,196,5,
B2_apdtm_cls_cash_features_cash_real_default,sepsis,equal,variant,IMd,inductive_miner_imd,cf73e2e20e689341,16,0.6401140285572768,0.835724100545018,0.0,0.7189961247213809,0.5249929107876445,0.1956100719877411,0.078882096164104,0.7659394148617062,0.5933979929268235,154,4,196,5,
B2_apdtm_cls_cash_features_cash_real_default,sepsis,fitn,variant,IMd,inductive_miner_imd,cf73e2e20e689341,16,1.0,1.0,0.0,1.0,0.2658896119719338,0.0,0.0,1.0,1.0,1,1,196,5,
B2_apdtm_cls_cash_features_cash_real_default,sepsis,prec,variant,IMd,inductive_miner_imd,cf73e2e20e689341,16,0.179251018798475,1.0,0.0,0.7033112582781457,0.179251018798475,0.820748981201525,0.5240602394796707,0.179251018798475,0.0,178,5,196,5,
B2_apdtm_cls_cash_features_cash_real_default,sepsis,gene,variant,IMd,inductive_miner_imd,cf73e2e20e689341,16,0.9266596408851776,0.9290801678868448,0.0,0.9266596408851776,0.841792203394476,0.0024205270016671,0.0,0.9973947059841212,1.0,2,1,196,5,
B2_apdtm_cls_cash_features_cash_real_default,sepsis,simp,variant,IMd,inductive_miner_imd,cf73e2e20e689341,16,0.4545454545454545,0.7567567567567567,0.0,0.6223776223776223,0.4331983805668016,0.3022113022113022,0.1678321678321678,0.6006493506493507,0.1128404669260698,159,4,196,5,
B2_apdtm_cls_cash_features_cash_real_default,sepsis,fit+pre,variant,IMd,inductive_miner_imd,cf73e2e20e689341,16,0.5896255093992375,0.9487189551442284,0.0,0.8004969574621229,0.354265925407767,0.359093445744991,0.2108714480628853,0.621496499255251,0.5274388536089106,157,4,196,5,
B2_apdtm_cls_cash_features_cash_real_default,sepsis,fit+gen,variant,IMd,inductive_miner_imd,cf73e2e20e689341,16,0.9633298204425887,0.9633298204425887,0.0,0.9633298204425887,0.5895342673708803,0.0,0.0,1.0,1.0,1,1,196,5,
B2_apdtm_cls_cash_features_cash_real_default,sepsis,fit+sim,variant,IMd,inductive_miner_imd,cf73e2e20e689341,16,0.7272727272727273,0.8140244733789898,0.0,0.8111888111888111,0.3720752407685755,0.0867517461062624,0.0839160839160838,0.89342857746505,0.8088966281871557,42,3,196,5,
B2_apdtm_cls_cash_features_cash_real_default,sepsis,pre+gen,variant,IMd,inductive_miner_imd,cf73e2e20e689341,16,0.5529553298418263,0.9381130457761724,0.0,0.7725517308363108,0.5529553298418263,0.3851577159343461,0.2195964009944845,0.5894335787477768,0.0,177,5,196,5,
B2_apdtm_cls_cash_features_cash_real_default,sepsis,pre+sim,variant,IMd,inductive_miner_imd,cf73e2e20e689341,16,0.3168982366719647,0.8491941359263719,0.0,0.5682548194224737,0.3168982366719647,0.5322958992544072,0.251356582750509,0.3731752531784332,0.0,174,5,196,5,
B2_apdtm_cls_cash_features_cash_real_default,sepsis,gen+sim,variant,IMd,inductive_miner_imd,cf73e2e20e689341,16,0.690602547715316,0.8216829410862796,0.0,0.7624155479965967,0.6374952919806388,0.1310803933709635,0.0718130002812806,0.8404732691691604,0.4251292578834697,81,4,196,5,
B2_apdtm_cls_cash_features_cash_real_default,sepsis,mix-fit,variant,IMd,inductive_miner_imd,cf73e2e20e689341,16,0.6373503606371512,0.8604442533384715,0.0,0.7408853365946917,0.4261185826318798,0.2230938927013203,0.1035349759575404,0.7407224328180129,0.6710739788936776,149,4,196,5,
B2_apdtm_cls_cash_features_cash_real_default,sepsis,mix-prec,variant,IMd,inductive_miner_imd,cf73e2e20e689341,16,0.5951528452394887,0.899278649557322,0.0,0.7567185337155014,0.5520145817192967,0.3041258043178332,0.1615656884760126,0.6618113813026231,0.2107348837163233,165,4,196,5,
B2_apdtm_cls_cash_features_cash_real_default,sepsis,mix-simp,variant,IMd,inductive_miner_imd,cf73e2e20e689341,16,0.6850752118750648,0.7905131280697297,0.0,0.7552038190935039,0.4979712398559925,0.1054379161946649,0.070128607218439,0.8666209169073225,0.7273727634877579,102,3,196,5,
B2_apdtm_cls_cash_features_cash_real_default,sepsis,mix-gen,variant,IMd,inductive_miner_imd,cf73e2e20e689341,16,0.6428776964774024,0.8286673700233692,0.0,0.6992188269981966,0.6238672389434095,0.1857896735459667,0.0563411305207941,0.7757970444272141,0.2522900714470774,162,4,196,5,
B3_apdtm_cls_cash_features_cash_real_synthetic_default,bpi2012,equal,variant,HM,heuristics_miner,338af92936f97ac9,78,0.8264055189438223,0.8454937775108162,0.0,0.8264055189438223,0.6421431792744381,0.0190882585669939,0.0,0.9774235374940418,1.0,8,1,196,5,
B3_apdtm_cls_cash_features_cash_real_synthetic_default,bpi2012,fitn,variant,HM,heuristics_miner,338af92936f97ac9,78,0.9013689583939556,1.0,0.0,1.0,0.631230892297019,0.0986310416060444,0.0986310416060444,0.9013689583939556,0.7325398479812871,51,4,196,5,
B3_apdtm_cls_cash_features_cash_real_synthetic_default,bpi2012,prec,variant,HM,heuristics_miner,338af92936f97ac9,78,0.9158179923584578,1.0,0.0,0.9158179923584578,0.1394427299083702,0.0841820076415421,0.0,0.9158179923584578,1.0,58,1,196,5,
B3_apdtm_cls_cash_features_cash_real_synthetic_default,bpi2012,gene,variant,HM,heuristics_miner,338af92936f97ac9,78,0.945799466108147,0.9846855427449372,0.0,0.9846855427449372,0.945799466108147,0.0388860766367902,0.0388860766367902,0.9605091423111684,0.0,43,5,196,5,
B3_apdtm_cls_cash_features_cash_real_synthetic_default,bpi2012,simp,variant,HM,heuristics_miner,338af92936f97ac9,78,0.5426356589147286,0.853658536585366,0.0,0.853658536585366,0.4444444444444444,0.3110228776706373,0.3110228776706373,0.6356589147286821,0.23995071615586,131,4,196,5,
B3_apdtm_cls_cash_features_cash_real_synthetic_default,bpi2012,fit+pre,variant,HM,heuristics_miner,338af92936f97ac9,78,0.9085934753762068,0.9301612956045748,0.0,0.9085934753762068,0.3882467160435721,0.0215678202283681,0.0,0.9768128169487532,1.0,6,1,196,5,
B3_apdtm_cls_cash_features_cash_real_synthetic_default,bpi2012,fit+gen,variant,HM,heuristics_miner,338af92936f97ac9,78,0.9235842122510514,0.9923427713724686,0.0,0.9923427713724686,0.8072637946190873,0.0687585591214172,0.0687585591214172,0.9307108782318028,0.6284907106816439,29,4,196,5,
B3_apdtm_cls_cash_features_cash_real_synthetic_default,bpi2012,fit+sim,variant,HM,heuristics_miner,338af92936f97ac9,78,0.7220023086543421,0.8121921418178204,0.0,0.7950530873536228,0.7220023086543421,0.0901898331634782,0.0730507786992806,0.8889550532197732,0.0,74,5,196,5,
B3_apdtm_cls_cash_features_cash_real_synthetic_default,bpi2012,pre+gen,variant,HM,heuristics_miner,338af92936f97ac9,78,0.9308087292333024,0.9634656515705696,0.0,0.9308087292333024,0.5620641363266538,0.032656922337267,0.0,0.9661047362881778,1.0,37,1,196,5,
B3_apdtm_cls_cash_features_cash_real_synthetic_default,bpi2012,pre+sim,variant,HM,heuristics_miner,338af92936f97ac9,78,0.7292268256365932,0.8077460186427269,0.0,0.7292268256365932,0.2919435871764073,0.0785191930061336,0.0,0.9027922252862712,1.0,69,1,196,5,
B3_apdtm_cls_cash_features_cash_real_synthetic_default,bpi2012,gen+sim,variant,HM,heuristics_miner,338af92936f97ac9,78,0.7442175625114378,0.9184776167632608,0.0,0.9184776167632608,0.7145649935946908,0.174260054251823,0.174260054251823,0.8102729439766644,0.1454180151085293,77,4,196,5,
B3_apdtm_cls_cash_features_cash_real_synthetic_default,bpi2012,mix-fit,variant,HM,heuristics_miner,338af92936f97ac9,78,0.83840005945888,0.8579335371394458,0.0,0.83840005945888,0.565132495867034,0.0195334776805657,0.0,0.9772319453256308,1.0,6,1,196,5,
B3_apdtm_cls_cash_features_cash_real_synthetic_default,bpi2012,mix-prec,variant,HM,heuristics_miner,338af92936f97ac9,78,0.8846043943460913,0.9094815824532986,0.0,0.8846043943460913,0.5647060571163371,0.0248771881072072,0.0,0.9726468478447888,1.0,6,1,196,5,
B3_apdtm_cls_cash_features_cash_real_synthetic_default,bpi2012,mix-simp,variant,HM,heuristics_miner,338af92936f97ac9,78,0.7682066435415533,0.8154342316428806,0.0,0.7682066435415533,0.6886591593176022,0.0472275881013273,0.0,0.9420828973463912,1.0,22,1,196,5,
B3_apdtm_cls_cash_features_cash_real_synthetic_default,bpi2012,mix-gen,variant,HM,heuristics_miner,338af92936f97ac9,78,0.8144109784287645,0.858090575541927,0.0,0.8144109784287645,0.6550960964129823,0.0436795971131624,0.0,0.9490967523031276,1.0,14,1,196,5,
B3_apdtm_cls_cash_features_cash_real_synthetic_default,bpi2013_closed_problems,equal,variant,HM,heuristics_miner,596eb63f26ecfd51,78,0.7989866614480718,0.9163782860150956,0.0,0.8856717323021799,0.7989866614480718,0.1173916245670239,0.086685070854108,0.8718961084537417,0.0,159,5,196,5,
B3_apdtm_cls_cash_features_cash_real_synthetic_default,bpi2013_closed_problems,fitn,variant,HM,heuristics_miner,596eb63f26ecfd51,78,0.9944995246502784,1.0,0.0,1.0,0.6403632397723371,0.0055004753497216,0.0055004753497216,0.9944995246502784,0.9847054696348626,17,4,196,5,
B3_apdtm_cls_cash_features_cash_real_synthetic_default,bpi2013_closed_problems,prec,variant,HM,heuristics_miner,596eb63f26ecfd51,78,0.8684298767708944,1.0,0.0,1.0,0.7923798798798799,0.1315701232291055,0.1315701232291055,0.8684298767708944,0.3662939644145051,165,2,196,5,
B3_apdtm_cls_cash_features_cash_real_synthetic_default,bpi2013_closed_problems,gene,variant,HM,heuristics_miner,596eb63f26ecfd51,78,0.7139696253234955,0.9751741745874558,0.0,0.9417621438127408,0.7139696253234955,0.2612045492639603,0.2277925184892453,0.7321457478358038,0.0,171,5,196,5,
B3_apdtm_cls_cash_features_cash_real_synthetic_default,bpi2013_closed_problems,simp,variant,HM,heuristics_miner,596eb63f26ecfd51,78,0.6190476190476191,1.0,0.0,1.0,0.6190476190476191,0.3809523809523809,0.3809523809523809,0.6190476190476191,0.0,182,5,196,5,
B3_apdtm_cls_cash_features_cash_real_synthetic_default,bpi2013_closed_problems,fit+pre,variant,HM,heuristics_miner,596eb63f26ecfd51,78,0.9314647007105864,0.9833244744389686,0.0,0.9314647007105864,0.8201816198861686,0.0518597737283822,0.0,0.9472607719257974,1.0,49,1,196,5,
B3_apdtm_cls_cash_features_cash_real_synthetic_default,bpi2013_closed_problems,fit+gen,variant,HM,heuristics_miner,596eb63f26ecfd51,78,0.8542345749868869,0.9768396200213344,0.0,0.9708810719063704,0.7713434646043598,0.1226050450344473,0.1166464969194834,0.8744880505238213,0.4154159784880407,94,4,196,5,
B3_apdtm_cls_cash_features_cash_real_synthetic_default,bpi2013_closed_problems,fit+sim,variant,HM,heuristics_miner,596eb63f26ecfd51,78,0.8067735718489487,0.8813768133238105,0.0,0.8421052631578947,0.8067735718489487,0.0746032414748617,0.0353316913089459,0.9153560198690488,0.0,69,5,196,5,
B3_apdtm_cls_cash_features_cash_real_synthetic_default,bpi2013_closed_problems,pre+gen,variant,HM,heuristics_miner,596eb63f26ecfd51,78,0.791199751047195,0.9873630729568104,0.0,0.9511618447181912,0.791199751047195,0.1961633219096153,0.1599620936709962,0.8013260498773018,0.0,189,5,196,5,
B3_apdtm_cls_cash_features_cash_real_synthetic_default,bpi2013_closed_problems,pre+sim,variant,HM,heuristics_miner,596eb63f26ecfd51,78,0.7437387479092568,1.0,0.0,1.0,0.7267954731728345,0.2562612520907432,0.2562612520907432,0.7437387479092568,0.0620168155088471,173,2,196,5,
B3_apdtm_cls_cash_features_cash_real_synthetic_default,bpi2013_closed_problems,gen+sim,variant,HM,heuristics_miner,596eb63f26ecfd51,78,0.6665086221855573,0.987587087293728,0.0,0.9511618447181912,0.6665086221855573,0.3210784651081706,0.2846532225326339,0.674885922224826,0.0,182,5,196,5,
B3_apdtm_cls_cash_features_cash_real_synthetic_default,bpi2013_closed_problems,mix-fit,variant,HM,heuristics_miner,596eb63f26ecfd51,78,0.853535259233253,0.934116875905002,0.0,0.8687322836083959,0.8463776648525732,0.0805816166717491,0.0151970243751429,0.9137349739092562,0.320184139969531,90,4,196,5,
B3_apdtm_cls_cash_features_cash_real_synthetic_default,bpi2013_closed_problems,mix-prec,variant,HM,heuristics_miner,596eb63f26ecfd51,78,0.822367505140224,0.9478472946591556,0.0,0.8987697547853822,0.822367505140224,0.1254797895189315,0.0764022496451581,0.8676160282083688,0.0,164,5,196,5,
B3_apdtm_cls_cash_features_cash_real_synthetic_default,bpi2013_closed_problems,mix-simp,variant,HM,heuristics_miner,596eb63f26ecfd51,78,0.7756058177559197,0.8876203584183078,0.0,0.8725737098189776,0.7756058177559197,0.112014540662388,0.0969678920630578,0.8738035472034553,0.0,156,5,196,5,
B3_apdtm_cls_cash_features_cash_real_synthetic_default,bpi2013_closed_problems,mix-gen,variant,HM,heuristics_miner,596eb63f26ecfd51,78,0.7444380636628907,0.9265291608189076,0.0,0.9249657997517868,0.7444380636628907,0.182091097156017,0.1805277360888961,0.8034696533511403,0.0,172,5,196,5,
B3_apdtm_cls_cash_features_cash_real_synthetic_default,bpi2013_incidents,equal,variant,IMd,inductive_miner_imd,e926d4fdd2959901,78,0.8118408262234602,0.922771311384078,0.0,0.8512319772476271,0.6771578170832514,0.1109304851606176,0.0393911510241669,0.8797855072084638,0.7737105209241256,112,2,196,5,
B3_apdtm_cls_cash_features_cash_real_synthetic_default,bpi2013_incidents,fitn,variant,IMd,inductive_miner_imd,e926d4fdd2959901,78,1.0,1.0,0.0,1.0,0.2261167659340351,0.0,0.0,1.0,1.0,1,1,196,5,
B3_apdtm_cls_cash_features_cash_real_synthetic_default,bpi2013_incidents,prec,variant,IMd,inductive_miner_imd,e926d4fdd2959901,78,0.6257305479681992,1.0,0.0,0.8850810072924525,0.6000158860441103,0.3742694520318008,0.2593504593242534,0.6257305479681992,0.0902062722071384,171,4,196,5,
B3_apdtm_cls_cash_features_cash_real_synthetic_default,bpi2013_incidents,gene,variant,IMd,inductive_miner_imd,e926d4fdd2959901,78,0.9374222306098524,0.9924026869731328,0.0,0.9374222306098524,0.871132170779936,0.0549804563632804,0.0,0.9445986421792418,1.0,65,1,196,5,
B3_apdtm_cls_cash_features_cash_real_synthetic_default,bpi2013_incidents,simp,variant,IMd,inductive_miner_imd,e926d4fdd2959901,78,0.6842105263157894,1.0,0.0,1.0,0.6216216216216216,0.3157894736842106,0.3157894736842106,0.6842105263157894,0.1654135338345862,106,2,196,5,
B3_apdtm_cls_cash_features_cash_real_synthetic_default,bpi2013_incidents,fit+pre,variant,IMd,inductive_miner_imd,e926d4fdd2959901,78,0.8128652739840996,0.9765794350540196,0.0,0.9404450614048588,0.4130663259890726,0.1637141610699199,0.1275797874207591,0.8323596061995058,0.7580869707987465,104,4,196,5,
B3_apdtm_cls_cash_features_cash_real_synthetic_default,bpi2013_incidents,fit+gen,variant,IMd,inductive_miner_imd,e926d4fdd2959901,78,0.9687111153049262,0.9948630084104292,0.0,0.9687111153049262,0.5543076911444477,0.0261518931055029,0.0,0.9737130711621412,1.0,7,1,196,5,
B3_apdtm_cls_cash_features_cash_real_synthetic_default,bpi2013_incidents,fit+sim,variant,IMd,inductive_miner_imd,e926d4fdd2959901,78,0.8421052631578947,0.8762171658937965,0.0,0.8421052631578947,0.6130583829670175,0.0341119027359018,0.0,0.961069122971238,1.0,11,1,196,5,
B3_apdtm_cls_cash_features_cash_real_synthetic_default,bpi2013_incidents,pre+gen,variant,IMd,inductive_miner_imd,e926d4fdd2959901,78,0.7815763892890257,0.9962013434865664,0.0,0.893748585925811,0.7412572511994853,0.2146249541975406,0.1121721966367852,0.7845566505196799,0.2644028145068093,144,2,196,5,
B3_apdtm_cls_cash_features_cash_real_synthetic_default,bpi2013_incidents,pre+sim,variant,IMd,inductive_miner_imd,e926d4fdd2959901,78,0.6549705371419943,1.0,0.0,0.8000079430220551,0.6462487440701031,0.3450294628580057,0.1450374058800608,0.6549705371419943,0.0567237155977679,170,3,196,5,
B3_apdtm_cls_cash_features_cash_real_synthetic_default,bpi2013_incidents,gen+sim,variant,IMd,inductive_miner_imd,e926d4fdd2959901,78,0.8108163784628208,0.9962013434865664,0.0,0.94124930817743,0.7620188930903955,0.1853849650237455,0.1304329297146091,0.8139081359046115,0.272261185964052,95,2,196,5,
B3_apdtm_cls_cash_features_cash_real_synthetic_default,bpi2013_incidents,mix-fit,variant,IMd,inductive_miner_imd,e926d4fdd2959901,78,0.8183034927146029,0.9349837317539984,0.0,0.8784138891748832,0.5587013338223332,0.1166802390393954,0.0601103964602802,0.8752061291799087,0.8119861248677082,85,2,196,5,
B3_apdtm_cls_cash_features_cash_real_synthetic_default,bpi2013_incidents,mix-prec,variant,IMd,inductive_miner_imd,e926d4fdd2959901,78,0.7999399410018143,0.9521545943141788,0.0,0.8860812375503471,0.6499792925109092,0.1522146533123645,0.0861412965485327,0.8401366183376953,0.6351521096781141,139,2,196,5,
B3_apdtm_cls_cash_features_cash_real_synthetic_default,bpi2013_incidents,mix-simp,variant,IMd,inductive_miner_imd,e926d4fdd2959901,78,0.8237417114451061,0.893388028453977,0.0,0.8237417114451061,0.7043363416555937,0.0696463170088709,0.0,0.9220424778588144,1.0,61,1,196,5,
B3_apdtm_cls_cash_features_cash_real_synthetic_default,bpi2013_incidents,mix-gen,variant,IMd,inductive_miner_imd,e926d4fdd2959901,78,0.8053781597323176,0.9176337438459292,0.0,0.8240500653203712,0.7736190326066823,0.1122555841136115,0.0186719055880535,0.8776684217788974,0.629753653984062,151,2,196,5,
B3_apdtm_cls_cash_features_cash_real_synthetic_default,bpi2013_open_problems,equal,variant,IMd,inductive_miner_imd,4b39f6be45649b32,78,0.9162455491114012,0.9162455491114012,0.0,0.9162455491114012,0.7971612190845068,0.0,0.0,1.0,1.0,1,1,196,5,
B3_apdtm_cls_cash_features_cash_real_synthetic_default,bpi2013_open_problems,fitn,variant,IMd,inductive_miner_imd,4b39f6be45649b32,78,0.98974515179206,1.0,0.0,1.0,0.5167192429022083,0.0102548482079399,0.0102548482079399,0.98974515179206,0.9787807644783488,32,4,196,5,
B3_apdtm_cls_cash_features_cash_real_synthetic_default,bpi2013_open_problems,prec,variant,IMd,inductive_miner_imd,4b39f6be45649b32,78,0.9741310903031264,1.0,0.0,1.0,0.9065645824471856,0.0258689096968736,0.0258689096968736,0.9741310903031264,0.7231359330924891,112,2,196,5,
B3_apdtm_cls_cash_features_cash_real_synthetic_default,bpi2013_open_problems,gene,variant,IMd,inductive_miner_imd,4b39f6be45649b32,78,0.96197551956781,0.9656228232165908,0.0,0.96197551956781,0.8611132579521872,0.0036473036487807,0.0,0.9962228485480168,1.0,5,1,196,5,
B3_apdtm_cls_cash_features_cash_real_synthetic_default,bpi2013_open_problems,simp,variant,IMd,inductive_miner_imd,4b39f6be45649b32,78,0.7391304347826086,1.0,0.0,0.7391304347826086,0.625,0.2608695652173913,0.0,0.7391304347826086,1.0,27,1,196,5,
B3_apdtm_cls_cash_features_cash_real_synthetic_default,bpi2013_open_problems,fit+pre,variant,IMd,inductive_miner_imd,4b39f6be45649b32,78,0.9819381210475931,0.9819381210475931,0.0,0.9819381210475931,0.7583596214511041,0.0,0.0,1.0,1.0,1,1,196,5,
B3_apdtm_cls_cash_features_cash_real_synthetic_default,bpi2013_open_problems,fit+gen,variant,IMd,inductive_miner_imd,4b39f6be45649b32,78,0.975860335679935,0.9828114116082952,0.0,0.975860335679935,0.7371795810261562,0.0069510759283603,0.0,0.9929273552929292,1.0,14,1,196,5,
B3_apdtm_cls_cash_features_cash_real_synthetic_default,bpi2013_open_problems,fit+sim,variant,IMd,inductive_miner_imd,4b39f6be45649b32,78,0.8644377932873344,0.8644377932873344,0.0,0.8644377932873344,0.6155024785939613,0.0,0.0,1.0,1.0,1,1,196,5,
B3_apdtm_cls_cash_features_cash_real_synthetic_default,bpi2013_open_problems,pre+gen,variant,IMd,inductive_miner_imd,4b39f6be45649b32,78,0.9680533049354684,0.9793652708841788,0.0,0.978819959575052,0.9115847807508796,0.0113119659487105,0.0107666546395838,0.9884496966708876,0.8398657543881931,16,2,196,5,
B3_apdtm_cls_cash_features_cash_real_synthetic_default,bpi2013_open_problems,pre+sim,variant,IMd,inductive_miner_imd,4b39f6be45649b32,78,0.8566307625428675,0.9951923076923076,0.0,0.8571428571428572,0.7935281517747859,0.1385615451494402,0.0005120945999896,0.8607690754053934,0.991950059392294,86,2,196,5,
B3_apdtm_cls_cash_features_cash_real_synthetic_default,bpi2013_open_problems,gen+sim,variant,IMd,inductive_miner_imd,4b39f6be45649b32,78,0.8505529771752094,0.978819959575052,0.0,0.8505529771752094,0.7430566289760936,0.1282669823998427,0.0,0.8689575328485037,1.0,26,1,196,5,
B3_apdtm_cls_cash_features_cash_real_synthetic_default,bpi2013_open_problems,mix-fit,variant,IMd,inductive_miner_imd,4b39f6be45649b32,78,0.9321610267210648,0.9321610267210648,0.0,0.9321610267210648,0.7453088319330367,0.0,0.0,1.0,1.0,1,1,196,5,
B3_apdtm_cls_cash_features_cash_real_synthetic_default,bpi2013_open_problems,mix-prec,variant,IMd,inductive_miner_imd,4b39f6be45649b32,78,0.9501071658282664,0.9501071658282664,0.0,0.9501071658282664,0.8620643957540444,0.0,0.0,1.0,1.0,1,1,196,5,
B3_apdtm_cls_cash_features_cash_real_synthetic_default,bpi2013_open_problems,mix-simp,variant,IMd,inductive_miner_imd,4b39f6be45649b32,78,0.8823839323945362,0.8823839323945362,0.0,0.8823839323945362,0.7322580424149691,0.0,0.0,1.0,1.0,1,1,196,5,
B3_apdtm_cls_cash_features_cash_real_synthetic_default,bpi2013_open_problems,mix-gen,variant,IMd,inductive_miner_imd,4b39f6be45649b32,78,0.9003300715017378,0.9253321454132266,0.0,0.9003300715017378,0.823835292661598,0.0250020739114887,0.0,0.9729804329878504,1.0,10,1,196,5,
B3_apdtm_cls_cash_features_cash_real_synthetic_default,bpi2017,equal,variant,HM,heuristics_miner,811f4a70bfa6226f,78,0.7897159833979309,0.8802301190425359,0.0,0.7897159833979309,0.5001675983519174,0.0905141356446049,0.0,0.8971699176312428,1.0,51,1,196,5,
B3_apdtm_cls_cash_features_cash_real_synthetic_default,bpi2017,fitn,variant,HM,heuristics_miner,811f4a70bfa6226f,78,0.8359794443006674,1.0,0.0,1.0,0.495774473479623,0.1640205556993326,0.1640205556993326,0.8359794443006674,0.6747079489782553,119,4,196,5,
B3_apdtm_cls_cash_features_cash_real_synthetic_default,bpi2017,prec,variant,HM,heuristics_miner,811f4a70bfa6226f,78,0.9977548056712652,0.9982184707429071,0.0,0.9977548056712652,0.1259019512485154,0.0004636650716419,0.0,0.9995355074212392,1.0,4,1,196,5,
B3_apdtm_cls_cash_features_cash_real_synthetic_default,bpi2017,gene,variant,HM,heuristics_miner,811f4a70bfa6226f,78,0.8436482021383097,0.99095165942404,0.0,0.988416241415834,0.8436482021383097,0.1473034572857302,0.1447680392775242,0.8513515206469852,0.0,108,5,196,5,
B3_apdtm_cls_cash_features_cash_real_synthetic_default,bpi2017,simp,variant,HM,heuristics_miner,811f4a70bfa6226f,78,0.4814814814814814,0.7701149425287357,0.0,0.6170212765957447,0.392,0.2886334610472543,0.1355397951142632,0.6252072968490877,0.3976578696699721,109,3,196,5,
B3_apdtm_cls_cash_features_cash_real_synthetic_default,bpi2017,fit+pre,variant,HM,heuristics_miner,811f4a70bfa6226f,78,0.9168671249859665,0.9550451175767803,0.0,0.9168671249859665,0.3108382123640691,0.0381779925908141,0.0,0.9600249329710386,1.0,30,1,196,5,
B3_apdtm_cls_cash_features_cash_real_synthetic_default,bpi2017,fit+gen,variant,HM,heuristics_miner,811f4a70bfa6226f,78,0.8398138232194885,0.9949668505231788,0.0,0.994208120707917,0.7413842210795771,0.1551530273036903,0.1543942974884284,0.8440621140070075,0.3893207971422258,109,4,196,5,
B3_apdtm_cls_cash_features_cash_real_synthetic_default,bpi2017,fit+sim,variant,HM,heuristics_miner,811f4a70bfa6226f,78,0.6587304628910744,0.8402404432249244,0.0,0.8085106382978724,0.4438872367398115,0.18150998033385,0.149780175406798,0.783978524483781,0.589219521383496,117,4,196,5,
B3_apdtm_cls_cash_features_cash_real_synthetic_default,bpi2017,pre+gen,variant,HM,heuristics_miner,811f4a70bfa6226f,78,0.9207015039047874,0.98591999350851,0.0,0.9207015039047874,0.5564479599640234,0.0652184896037224,0.0,0.9338501196515602,1.0,37,1,196,5,
B3_apdtm_cls_cash_features_cash_real_synthetic_default,bpi2017,pre+sim,variant,HM,heuristics_miner,811f4a70bfa6226f,78,0.7396181435763733,0.8723812160130642,0.0,0.7396181435763733,0.2589509756242577,0.1327630724366908,0.0,0.8478153013845926,1.0,45,1,196,5,
B3_apdtm_cls_cash_features_cash_real_synthetic_default,bpi2017,gen+sim,variant,HM,heuristics_miner,811f4a70bfa6226f,78,0.6625648418098955,0.8792604640175905,0.0,0.7963457765194307,0.6625648418098955,0.216695622207695,0.1337809347095352,0.7535478608721342,0.0,119,5,196,5,
B3_apdtm_cls_cash_features_cash_real_synthetic_default,bpi2017,mix-fit,variant,HM,heuristics_miner,811f4a70bfa6226f,78,0.8143793359317738,0.8744182289149186,0.0,0.8143793359317738,0.413179771634357,0.0600388929831448,0.0,0.9313384705421248,1.0,49,1,196,5,
B3_apdtm_cls_cash_features_cash_real_synthetic_default,bpi2017,mix-prec,variant,HM,heuristics_miner,811f4a70bfa6226f,78,0.8675404199182807,0.9247332260272324,0.0,0.8675404199182807,0.4848138657991901,0.0571928061089518,0.0,0.938152102142302,1.0,38,1,196,5,
B3_apdtm_cls_cash_features_cash_real_synthetic_default,bpi2017,mix-simp,variant,HM,heuristics_miner,811f4a70bfa6226f,78,0.7118915468775813,0.8548318499663207,0.0,0.7712039241360872,0.5155213309046448,0.1429403030887394,0.0593123772585059,0.8327854734303933,0.7680234054697,99,3,196,5,
B3_apdtm_cls_cash_features_cash_real_synthetic_default,bpi2017,mix-gen,variant,HM,heuristics_miner,811f4a70bfa6226f,78,0.7650526308640881,0.8969137795391169,0.0,0.7650526308640881,0.587155425069478,0.1318611486750287,0.0,0.8529834732355365,1.0,60,1,196,5,
B3_apdtm_cls_cash_features_cash_real_synthetic_default,bpi2020_domestic,equal,variant,HM,heuristics_miner,7ff65ee42a91cefb,78,0.782697276145632,0.9013014428805918,0.0,0.782697276145632,0.5280586222617515,0.1186041667349597,0.0,0.868407880990519,1.0,137,1,196,5,
B3_apdtm_cls_cash_features_cash_real_synthetic_default,bpi2020_domestic,fitn,variant,HM,heuristics_miner,7ff65ee42a91cefb,78,0.9251912994498018,1.0,0.0,1.0,0.723032771051894,0.0748087005501981,0.0748087005501981,0.9251912994498018,0.7299005343183951,112,4,196,5,
B3_apdtm_cls_cash_features_cash_real_synthetic_default,bpi2020_domestic,prec,variant,HM,heuristics_miner,7ff65ee42a91cefb,78,0.8670356093278883,0.986007752461474,0.0,0.8670356093278883,0.1975518121669374,0.1189721431335857,0.0,0.8793395459248843,1.0,108,1,196,5,
B3_apdtm_cls_cash_features_cash_real_synthetic_default,bpi2020_domestic,gene,variant,HM,heuristics_miner,7ff65ee42a91cefb,78,0.7516056740657073,0.9326053854610896,0.0,0.8554073029005208,0.7516056740657073,0.1809997113953823,0.1038016288348134,0.8059203665161185,0.0,181,5,196,5,
B3_apdtm_cls_cash_features_cash_real_synthetic_default,bpi2020_domestic,simp,variant,HM,heuristics_miner,7ff65ee42a91cefb,78,0.5869565217391304,0.875,0.0,0.6000000000000001,0.3541666666666666,0.2880434782608696,0.0130434782608697,0.670807453416149,0.9469417833456149,154,3,196,5,
B3_apdtm_cls_cash_features_cash_real_synthetic_default,bpi2020_domestic,fit+pre,variant,HM,heuristics_miner,7ff65ee42a91cefb,78,0.896113454388845,0.980580685505521,0.0,0.896113454388845,0.4865074575922279,0.0844672311166759,0.0,0.9138599889175562,1.0,125,1,196,5,
B3_apdtm_cls_cash_features_cash_real_synthetic_default,bpi2020_domestic,fit+gen,variant,HM,heuristics_miner,7ff65ee42a91cefb,78,0.8383984867577545,0.9529492086056026,0.0,0.9277036514502603,0.7540428391238887,0.114550721847848,0.0893051646925058,0.8797934655767606,0.4857494704984506,174,4,196,5,
B3_apdtm_cls_cash_features_cash_real_synthetic_default,bpi2020_domestic,fit+sim,variant,HM,heuristics_miner,7ff65ee42a91cefb,78,0.756073910594466,0.892967594352212,0.0,0.8,0.5385997188592803,0.1368936837577459,0.043926089405534,0.8466980385138689,0.8319585227152558,141,3,196,5,
B3_apdtm_cls_cash_features_cash_real_synthetic_default,bpi2020_domestic,pre+gen,variant,HM,heuristics_miner,7ff65ee42a91cefb,78,0.8093206416967977,0.957510356458128,0.0,0.8093206416967977,0.5175175256642226,0.1481897147613302,0.0,0.8452343478461263,1.0,134,1,196,5,
B3_apdtm_cls_cash_features_cash_real_synthetic_default,bpi2020_domestic,pre+sim,variant,HM,heuristics_miner,7ff65ee42a91cefb,78,0.7269960655335093,0.8607303005919194,0.0,0.7269960655335093,0.3020744053996142,0.1337342350584101,0.0,0.8446270161902726,1.0,128,1,196,5,
B3_apdtm_cls_cash_features_cash_real_synthetic_default,bpi2020_domestic,gen+sim,variant,HM,heuristics_miner,7ff65ee42a91cefb,78,0.6692810979024189,0.836843156586478,0.0,0.7277036514502604,0.569609786931275,0.1675620586840591,0.0584225535478415,0.7997688606697191,0.6304565409568719,166,3,196,5,
B3_apdtm_cls_cash_features_cash_real_synthetic_default,bpi2020_domestic,mix-fit,variant,HM,heuristics_miner,7ff65ee42a91cefb,78,0.822739074332684,0.9217713572150562,0.0,0.822739074332684,0.5135463757134479,0.0990322828823722,0.0,0.8925630720598892,1.0,129,1,196,5,
B3_apdtm_cls_cash_features_cash_real_synthetic_default,bpi2020_domestic,mix-prec,variant,HM,heuristics_miner,7ff65ee42a91cefb,78,0.8160298580147409,0.939640856836592,0.0,0.8160298580147409,0.5155319506888352,0.1236109988218511,0.0,0.86844867597818,1.0,131,1,196,5,
B3_apdtm_cls_cash_features_cash_real_synthetic_default,bpi2020_domestic,mix-simp,variant,HM,heuristics_miner,7ff65ee42a91cefb,78,0.749364694276523,0.8629620289245914,0.0,0.7501620398307685,0.5405852938346677,0.1135973346480684,0.0007973455542454,0.8683634611483063,0.9961954483525556,158,3,196,5,
B3_apdtm_cls_cash_features_cash_real_synthetic_default,bpi2020_domestic,mix-gen,variant,HM,heuristics_miner,7ff65ee42a91cefb,78,0.7426554779585799,0.88113234738198,0.0,0.7426554779585799,0.5425708688100551,0.1384768694234001,0.0,0.8428421452976473,1.0,140,1,196,5,
B3_apdtm_cls_cash_features_cash_real_synthetic_default,bpi2020_international,equal,variant,HM,heuristics_miner,a8fc09154990e706,78,0.748944593081187,0.8501918473231604,0.0,0.748944593081187,0.4273062136187044,0.1012472542419734,0.0,0.8809124616276295,1.0,74,1,196,5,
B3_apdtm_cls_cash_features_cash_real_synthetic_default,bpi2020_international,fitn,variant,HM,heuristics_miner,a8fc09154990e706,78,0.9008203009126576,1.0,0.0,1.0,0.543631678095892,0.0991796990873423,0.0991796990873423,0.9008203009126576,0.7826761974329542,91,4,196,5,
B3_apdtm_cls_cash_features_cash_real_synthetic_default,bpi2020_international,prec,variant,HM,heuristics_miner,a8fc09154990e706,78,0.914192461570857,1.0,0.0,0.914192461570857,0.0,0.085807538429143,0.0,0.914192461570857,1.0,28,1,196,5,
B3_apdtm_cls_cash_features_cash_real_synthetic_default,bpi2020_international,gene,variant,HM,heuristics_miner,a8fc09154990e706,78,0.6807656098412334,0.9418786896404474,0.0,0.9085268002629592,0.6807656098412334,0.261113079799214,0.2277611904217258,0.7227741930344647,0.0,167,5,196,5,
B3_apdtm_cls_cash_features_cash_real_synthetic_default,bpi2020_international,simp,variant,HM,heuristics_miner,a8fc09154990e706,78,0.5,0.726190476190476,0.0,0.6222222222222222,0.2668810289389067,0.226190476190476,0.1222222222222222,0.6885245901639345,0.6560426302030967,148,3,196,5,
B3_apdtm_cls_cash_features_cash_real_synthetic_default,bpi2020_international,fit+pre,variant,HM,heuristics_miner,a8fc09154990e706,78,0.9075063812417572,0.9444725618292222,0.0,0.9075063812417572,0.271815839047946,0.0369661805874649,0.0,0.9608605034371036,1.0,33,1,196,5,
B3_apdtm_cls_cash_features_cash_real_synthetic_default,bpi2020_international,fit+gen,variant,HM,heuristics_miner,a8fc09154990e706,78,0.7907929553769455,0.9642924535411258,0.0,0.9542634001314796,0.7211719127679556,0.1734994981641803,0.1634704447545341,0.8200758519606306,0.2986854792359302,159,4,196,5,
B3_apdtm_cls_cash_features_cash_real_synthetic_default,bpi2020_international,fit+sim,variant,HM,heuristics_miner,a8fc09154990e706,78,0.7004101504563288,0.8252695672008914,0.0,0.7964877749920367,0.4052563535173993,0.1248594167445625,0.0960776245357079,0.8487046878899769,0.7544225252318176,136,3,196,5,
B3_apdtm_cls_cash_features_cash_real_synthetic_default,bpi2020_international,pre+gen,variant,HM,heuristics_miner,a8fc09154990e706,78,0.7974790357060452,0.9244692854293904,0.0,0.7974790357060452,0.4493560737200096,0.1269902497233451,0.0,0.8626344306675784,1.0,62,1,196,5,
B3_apdtm_cls_cash_features_cash_real_synthetic_default,bpi2020_international,pre+sim,variant,HM,heuristics_miner,a8fc09154990e706,78,0.7070962307854285,0.863095238095238,0.0,0.7070962307854285,0.1334405144694533,0.1559990073098095,0.0,0.8192563225651862,1.0,49,1,196,5,
B3_apdtm_cls_cash_features_cash_real_synthetic_default,bpi2020_international,gen+sim,variant,HM,heuristics_miner,a8fc09154990e706,78,0.5903828049206167,0.8021013140485984,0.0,0.7494471551579674,0.5827965881894629,0.2117185091279817,0.1590643502373507,0.7360451785581367,0.0455216977004795,163,4,196,5,
B3_apdtm_cls_cash_features_cash_real_synthetic_default,bpi2020_international,mix-fit,variant,HM,heuristics_miner,a8fc09154990e706,78,0.8026624198204434,0.8651430903153831,0.0,0.8026624198204434,0.36070009177014,0.0624806704949396,0.0,0.9277799577961576,1.0,55,1,196,5,
B3_apdtm_cls_cash_features_cash_real_synthetic_default,bpi2020_international,mix-prec,variant,HM,heuristics_miner,a8fc09154990e706,78,0.8000707277632444,0.8789785552291676,0.0,0.8000707277632444,0.4050280827450748,0.0789078274659231,0.0,0.910227812730482,1.0,61,1,196,5,
B3_apdtm_cls_cash_features_cash_real_synthetic_default,bpi2020_international,mix-simp,variant,HM,heuristics_miner,a8fc09154990e706,78,0.6978184583991296,0.8280233355013684,0.0,0.7380189347317311,0.4495843444923341,0.1302048771022388,0.0402004763326014,0.8427521646797554,0.8606253282616498,133,3,196,5,
B3_apdtm_cls_cash_features_cash_real_synthetic_default,bpi2020_international,mix-gen,variant,HM,heuristics_miner,a8fc09154990e706,78,0.6952267663419306,0.8352406043309378,0.0,0.6952267663419306,0.4939123354672689,0.1400138379890072,0.0,0.8323670601465022,1.0,109,1,196,5,
B3_apdtm_cls_cash_features_cash_real_synthetic_default,bpi2020_payment,equal,variant,HM,heuristics_miner,67cd1ccc54854e66,78,0.7459843675155176,0.8696763776738392,0.0,0.7459843675155176,0.4539079536155171,0.1236920101583216,0.0,0.8577723698910094,1.0,129,1,196,5,
B3_apdtm_cls_cash_features_cash_real_synthetic_default,bpi2020_payment,fitn,variant,HM,heuristics_miner,67cd1ccc54854e66,78,0.9375704546963164,1.0,0.0,1.0,0.6986954515961711,0.0624295453036836,0.0624295453036836,0.9375704546963164,0.7928025128249598,96,4,196,5,
B3_apdtm_cls_cash_features_cash_real_synthetic_default,bpi2020_payment,prec,variant,HM,heuristics_miner,67cd1ccc54854e66,78,0.8082905921163525,1.0,0.0,0.8082905921163525,0.0,0.1917094078836475,0.0,0.8082905921163525,1.0,103,1,196,5,
B3_apdtm_cls_cash_features_cash_real_synthetic_default,bpi2020_payment,gene,variant,HM,heuristics_miner,67cd1ccc54854e66,78,0.6750512131653676,0.9042989365923124,0.0,0.8669709790187637,0.6750512131653676,0.2292477234269447,0.1919197658533961,0.7464912163992766,0.0,180,5,196,5,
B3_apdtm_cls_cash_features_cash_real_synthetic_default,bpi2020_payment,simp,variant,HM,heuristics_miner,67cd1ccc54854e66,78,0.5630252100840336,0.8214285714285714,0.0,0.6000000000000001,0.3333333333333333,0.2584033613445378,0.0369747899159664,0.6854219948849105,0.8613445378151258,159,3,196,5,
B3_apdtm_cls_cash_features_cash_real_synthetic_default,bpi2020_payment,fit+pre,variant,HM,heuristics_miner,67cd1ccc54854e66,78,0.8729305234063345,0.9825892284678608,0.0,0.8729305234063345,0.3493477257980855,0.1096587050615264,0.0,0.8883982218769935,1.0,101,1,196,5,
B3_apdtm_cls_cash_features_cash_real_synthetic_default,bpi2020_payment,fit+gen,variant,HM,heuristics_miner,67cd1ccc54854e66,78,0.806310833930842,0.951497082337022,0.0,0.9334854895093818,0.7411492405643676,0.1451862484061801,0.1271746555785398,0.8474128285821113,0.3387899770526514,171,4,196,5,
B3_apdtm_cls_cash_features_cash_real_synthetic_default,bpi2020_payment,fit+sim,variant,HM,heuristics_miner,67cd1ccc54854e66,78,0.750297832390175,0.8691224178435837,0.0,0.8,0.5160143924647522,0.1188245854534086,0.049702167609825,0.8632821073143765,0.8249834981385242,151,3,196,5,
B3_apdtm_cls_cash_features_cash_real_synthetic_default,bpi2020_payment,pre+gen,variant,HM,heuristics_miner,67cd1ccc54854e66,78,0.7416709026408601,0.916868426053467,0.0,0.7416709026408601,0.391801514766282,0.1751975234126068,0.0,0.8089174864852525,1.0,127,1,196,5,
B3_apdtm_cls_cash_features_cash_real_synthetic_default,bpi2020_payment,pre+sim,variant,HM,heuristics_miner,67cd1ccc54854e66,78,0.6856579011001931,0.87,0.0,0.6856579011001931,0.1666666666666666,0.1843420988998069,0.0,0.788112530000222,1.0,122,1,196,5,
B3_apdtm_cls_cash_features_cash_real_synthetic_default,bpi2020_payment,gen+sim,variant,HM,heuristics_miner,67cd1ccc54854e66,78,0.6190382116247006,0.7955758933524278,0.0,0.7334854895093819,0.5584681814329486,0.1765376817277272,0.1144472778846812,0.7781007654922448,0.346080229763904,170,4,196,5,
B3_apdtm_cls_cash_features_cash_real_synthetic_default,bpi2020_payment,mix-fit,variant,HM,heuristics_miner,67cd1ccc54854e66,78,0.7976255228467759,0.9053177010011466,0.0,0.7976255228467759,0.4245051502583915,0.1076921781543707,0.0,0.8810448773560053,1.0,121,1,196,5,
B3_apdtm_cls_cash_features_cash_real_synthetic_default,bpi2020_payment,mix-prec,variant,HM,heuristics_miner,67cd1ccc54854e66,78,0.769648212743818,0.9102277500261444,0.0,0.769648212743818,0.4081533325123367,0.1405795372823265,0.0,0.8455556455202683,1.0,126,1,196,5,
B3_apdtm_cls_cash_features_cash_real_synthetic_default,bpi2020_payment,mix-simp,variant,HM,heuristics_miner,67cd1ccc54854e66,78,0.7223205222872171,0.829125005321534,0.0,0.7427293481371395,0.4996625747186974,0.1068044830343168,0.0204088258499224,0.8711841008909167,0.9160361345859952,155,3,196,5,
B3_apdtm_cls_cash_features_cash_real_synthetic_default,bpi2020_payment,mix-gen,variant,HM,heuristics_miner,67cd1ccc54854e66,78,0.6943432121842593,0.836099433132433,0.0,0.6943432121842593,0.4833107569726427,0.1417562209481736,0.0,0.8304553079086703,1.0,145,1,196,5,
B3_apdtm_cls_cash_features_cash_real_synthetic_default,bpi2020_permit,equal,variant,HM,heuristics_miner,8dc0dde1f149f92e,78,0.6953084541835005,0.8429076490043279,0.0,0.6953084541835005,0.0,0.1475991948208274,0.0,0.8248928040987922,1.0,86,1,196,5,
B3_apdtm_cls_cash_features_cash_real_synthetic_default,bpi2020_permit,fitn,variant,HM,heuristics_miner,8dc0dde1f149f92e,78,0.8888124281765335,1.0,0.0,1.0,0.0,0.1111875718234665,0.1111875718234665,0.8888124281765335,0.8888124281765335,74,3,196,5,
B3_apdtm_cls_cash_features_cash_real_synthetic_default,bpi2020_permit,prec,variant,HM,heuristics_miner,8dc0dde1f149f92e,78,0.8137442437123628,0.9911533085603246,0.0,0.8137442437123628,0.0,0.1774090648479618,0.0,0.8210074432323159,1.0,43,1,196,5,
B3_apdtm_cls_cash_features_cash_real_synthetic_default,bpi2020_permit,gene,variant,HM,heuristics_miner,8dc0dde1f149f92e,78,0.6027735303872743,0.9078165537742844,0.0,0.8652393738255396,0.0,0.30504302338701,0.2624658434382653,0.6639816468219474,0.6966552246948635,168,4,196,5,
B3_apdtm_cls_cash_features_cash_real_synthetic_default,bpi2020_permit,simp,variant,HM,heuristics_miner,8dc0dde1f149f92e,78,0.4759036144578313,0.7142857142857143,0.0,0.5946547884187082,0.0,0.238382099827883,0.1187511739608769,0.6662650602409638,0.8003023329272144,130,2,196,5,
B3_apdtm_cls_cash_features_cash_real_synthetic_default,bpi2020_permit,fit+pre,variant,HM,heuristics_miner,8dc0dde1f149f92e,78,0.8512783359444481,0.9243881790529204,0.0,0.8512783359444481,0.0,0.0731098431084723,0.0,0.9209100194429392,1.0,34,1,196,5,
B3_apdtm_cls_cash_features_cash_real_synthetic_default,bpi2020_permit,fit+gen,variant,HM,heuristics_miner,8dc0dde1f149f92e,78,0.7457929792819039,0.9448808304983668,0.0,0.93261968691277,0.0,0.1990878512164628,0.1868267076308659,0.7892984545877005,0.7996753550749993,159,3,196,5,
B3_apdtm_cls_cash_features_cash_real_synthetic_default,bpi2020_permit,fit+sim,variant,HM,heuristics_miner,8dc0dde1f149f92e,78,0.6823580213171824,0.8272924879786688,0.0,0.7973273942093542,0.0,0.1449344666614864,0.1149693728921718,0.8248086755681704,0.8558065686352371,119,3,196,5,
B3_apdtm_cls_cash_features_cash_real_synthetic_default,bpi2020_permit,pre+gen,variant,HM,heuristics_miner,8dc0dde1f149f92e,78,0.7082588870498185,0.9322600772514232,0.0,0.7082588870498185,0.0,0.2240011902016045,0.0,0.7597224254609014,1.0,78,1,196,5,
B3_apdtm_cls_cash_features_cash_real_synthetic_default,bpi2020_permit,pre+sim,variant,HM,heuristics_miner,8dc0dde1f149f92e,78,0.644823929085097,0.816594001468874,0.0,0.644823929085097,0.0,0.1717700723837769,0.0,0.7896505826949498,1.0,46,1,196,5,
B3_apdtm_cls_cash_features_cash_real_synthetic_default,bpi2020_permit,gen+sim,variant,HM,heuristics_miner,8dc0dde1f149f92e,78,0.5393385724225528,0.7992898469819344,0.0,0.7281672934908063,0.0,0.2599512745593816,0.1888287210682535,0.6747722049254843,0.7406794801741015,160,4,196,5,
B3_apdtm_cls_cash_features_cash_real_synthetic_default,bpi2020_permit,mix-fit,variant,HM,heuristics_miner,8dc0dde1f149f92e,78,0.755106320314616,0.8639118088087243,0.0,0.755106320314616,0.0,0.1088054884941083,0.0,0.8740548660352916,1.0,52,1,196,5,
B3_apdtm_cls_cash_features_cash_real_synthetic_default,bpi2020_permit,mix-prec,variant,HM,heuristics_miner,8dc0dde1f149f92e,78,0.7316826036822173,0.8885842618048088,0.0,0.7316826036822173,0.0,0.1569016581225915,0.0,0.8234251214354082,1.0,68,1,196,5,
B3_apdtm_cls_cash_features_cash_real_synthetic_default,bpi2020_permit,mix-simp,variant,HM,heuristics_miner,8dc0dde1f149f92e,78,0.6589343046847838,0.81761289182125,0.0,0.7200015916100726,0.0,0.1586785871364662,0.0610672869252888,0.8059245533873539,0.9151845112054132,130,2,196,5,
B3_apdtm_cls_cash_features_cash_real_synthetic_default,bpi2020_permit,mix-gen,variant,HM,heuristics_miner,8dc0dde1f149f92e,78,0.6355105880523851,0.8269571869508153,0.0,0.642675789010791,0.0,0.1914465988984302,0.0071652009584058,0.7684927322485235,0.9888509866391036,127,2,196,5,
B3_apdtm_cls_cash_features_cash_real_synthetic_default,bpi2020_prepaid,equal,variant,HM,heuristics_miner,29f7ad244446d4aa,78,0.7280027250543759,0.8668476328686328,0.0,0.7280027250543759,0.3835715428314981,0.1388449078142568,0.0,0.8398277822426744,1.0,83,1,196,5,
B3_apdtm_cls_cash_features_cash_real_synthetic_default,bpi2020_prepaid,fitn,variant,HM,heuristics_miner,29f7ad244446d4aa,78,0.9016178004778508,1.0,0.0,1.0,0.4702681384715757,0.0983821995221492,0.0983821995221492,0.9016178004778508,0.8142792483006607,85,4,196,5,
B3_apdtm_cls_cash_features_cash_real_synthetic_default,bpi2020_prepaid,prec,variant,HM,heuristics_miner,29f7ad244446d4aa,78,0.8877260430015663,0.9997522759645756,0.0,0.8877260430015663,0.0,0.1120262329630092,0.0,0.8879460085700482,1.0,23,1,196,5,
B3_apdtm_cls_cash_features_cash_real_synthetic_default,bpi2020_prepaid,gene,variant,HM,heuristics_miner,29f7ad244446d4aa,78,0.5988575329285628,0.9112866050560324,0.0,0.8904211520153033,0.5988575329285628,0.3124290721274696,0.2915636190867404,0.6571560797733231,0.0,176,5,196,5,
B3_apdtm_cls_cash_features_cash_real_synthetic_default,bpi2020_prepaid,simp,variant,HM,heuristics_miner,29f7ad244446d4aa,78,0.5238095238095238,0.8241758241758241,0.0,0.5903614457831325,0.1867088607594936,0.3003663003663003,0.0665519219736087,0.6355555555555557,0.8351257382144319,140,3,196,5,
B3_apdtm_cls_cash_features_cash_real_synthetic_default,bpi2020_prepaid,fit+pre,variant,HM,heuristics_miner,29f7ad244446d4aa,78,0.8946719217397086,0.9548684615240935,0.0,0.8946719217397086,0.2351340692357878,0.0601965397843851,0.0,0.936958290895582,1.0,27,1,196,5,
B3_apdtm_cls_cash_features_cash_real_synthetic_default,bpi2020_prepaid,fit+gen,variant,HM,heuristics_miner,29f7ad244446d4aa,78,0.7502376667032068,0.949603353381388,0.0,0.9452105760076516,0.6737886552832494,0.1993656866781812,0.1949729093044448,0.7900537250966191,0.2816611540288324,171,4,196,5,
B3_apdtm_cls_cash_features_cash_real_synthetic_default,bpi2020_prepaid,fit+sim,variant,HM,heuristics_miner,29f7ad244446d4aa,78,0.7127136621436874,0.8494129668934964,0.0,0.7884684371297543,0.3284884996155346,0.136699304749809,0.0757547749860669,0.8390661432333077,0.8353085236815897,132,3,196,5,
B3_apdtm_cls_cash_features_cash_real_synthetic_default,bpi2020_prepaid,pre+gen,variant,HM,heuristics_miner,29f7ad244446d4aa,78,0.7432917879650646,0.9409693886867966,0.0,0.7432917879650646,0.4386545860474615,0.197677600721732,0.0,0.7899213267738624,1.0,65,1,196,5,
B3_apdtm_cls_cash_features_cash_real_synthetic_default,bpi2020_prepaid,pre+sim,variant,HM,heuristics_miner,29f7ad244446d4aa,78,0.7057677834055451,0.8334790489391193,0.0,0.7057677834055451,0.0933544303797468,0.1277112655335741,0.0,0.8467732743898849,1.0,38,1,196,5,
B3_apdtm_cls_cash_features_cash_real_synthetic_default,bpi2020_prepaid,gen+sim,variant,HM,heuristics_miner,29f7ad244446d4aa,78,0.5613335283690433,0.815098321546149,0.0,0.7379476465690233,0.5320090164272083,0.2537647931771057,0.17661411819998,0.6886697144759877,0.1423944207147598,167,4,196,5,
B3_apdtm_cls_cash_features_cash_real_synthetic_default,bpi2020_prepaid,mix-fit,variant,HM,heuristics_miner,29f7ad244446d4aa,78,0.7916125911463714,0.8887029376845874,0.0,0.7916125911463714,0.3131799447500213,0.097090346538216,0.0,0.8907505056850902,1.0,40,1,196,5,
B3_apdtm_cls_cash_features_cash_real_synthetic_default,bpi2020_prepaid,mix-prec,variant,HM,heuristics_miner,29f7ad244446d4aa,78,0.767452189555718,0.9102502378418412,0.0,0.767452189555718,0.3759172653987414,0.142798048286123,0.0,0.843122207114507,1.0,52,1,196,5,
B3_apdtm_cls_cash_features_cash_real_synthetic_default,bpi2020_prepaid,mix-simp,variant,HM,heuristics_miner,29f7ad244446d4aa,78,0.688553260553034,0.8311667650921324,0.0,0.724823854120391,0.3912258202642548,0.1426135045390983,0.0362705935673569,0.8284177008409497,0.8912745583416759,140,3,196,5,
B3_apdtm_cls_cash_features_cash_real_synthetic_default,bpi2020_prepaid,mix-gen,variant,HM,heuristics_miner,29f7ad244446d4aa,78,0.6643928589623807,0.8449923280526782,0.0,0.6643928589623807,0.4539631409129749,0.1805994690902975,0.0,0.7862708771492672,1.0,142,1,196,5,
B3_apdtm_cls_cash_features_cash_real_synthetic_default,bpic15_1,equal,variant,IMd,inductive_miner_imd,8ec8a2cb08851acf,78,0.5006533211257762,0.7538067736145151,0.0,0.5006533211257762,0.0,0.2531534524887389,0.0,0.6641666520521378,1.0,124,1,196,5,
B3_apdtm_cls_cash_features_cash_real_synthetic_default,bpic15_1,fitn,variant,IMd,inductive_miner_imd,8ec8a2cb08851acf,78,1.0,1.0,0.0,1.0,0.0,0.0,0.0,1.0,1.0,1,1,196,5,
B3_apdtm_cls_cash_features_cash_real_synthetic_default,bpic15_1,prec,variant,IMd,inductive_miner_imd,8ec8a2cb08851acf,78,0.0055144083252097,0.9967132292522596,0.0,0.0055144083252097,0.0,0.99119882092705,0.0,0.0055325926890191,1.0,141,1,196,5,
B3_apdtm_cls_cash_features_cash_real_synthetic_default,bpic15_1,gene,variant,IMd,inductive_miner_imd,8ec8a2cb08851acf,78,0.6526451647517064,0.7947596517508088,0.0,0.6526451647517064,0.0,0.1421144869991023,0.0,0.8211855789532942,1.0,112,1,196,5,
B3_apdtm_cls_cash_features_cash_real_synthetic_default,bpic15_1,simp,variant,IMd,inductive_miner_imd,8ec8a2cb08851acf,78,0.3444537114261885,1.0,0.0,0.3444537114261885,0.0,0.6555462885738115,0.0,0.3444537114261885,1.0,137,1,196,5,
B3_apdtm_cls_cash_features_cash_real_synthetic_default,bpic15_1,fit+pre,variant,IMd,inductive_miner_imd,8ec8a2cb08851acf,78,0.5027572041626048,0.8688577238297088,0.0,0.5027572041626048,0.0,0.366100519667104,0.0,0.5786415777563397,1.0,74,1,196,5,
B3_apdtm_cls_cash_features_cash_real_synthetic_default,bpic15_1,fit+gen,variant,IMd,inductive_miner_imd,8ec8a2cb08851acf,78,0.8263225823758532,0.871727415992749,0.0,0.8263225823758532,0.0,0.0454048336168958,0.0,0.9479139547708414,1.0,4,1,196,5,
B3_apdtm_cls_cash_features_cash_real_synthetic_default,bpic15_1,fit+sim,variant,IMd,inductive_miner_imd,8ec8a2cb08851acf,78,0.6722268557130943,0.8645266546833184,0.0,0.6722268557130943,0.0,0.1922997989702241,0.0,0.7775663735426819,1.0,85,1,196,5,
B3_apdtm_cls_cash_features_cash_real_synthetic_default,bpic15_1,pre+gen,variant,IMd,inductive_miner_imd,8ec8a2cb08851acf,78,0.329079786538458,0.8387467991159434,0.0,0.329079786538458,0.0,0.5096670125774854,0.0,0.3923469954047097,1.0,126,1,196,5,
B3_apdtm_cls_cash_features_cash_real_synthetic_default,bpic15_1,pre+sim,variant,IMd,inductive_miner_imd,8ec8a2cb08851acf,78,0.1749840598756991,0.8214077863143173,0.0,0.1749840598756991,0.0,0.6464237264386182,0.0,0.2130294633081798,1.0,142,1,196,5,
B3_apdtm_cls_cash_features_cash_real_synthetic_default,bpic15_1,gen+sim,variant,IMd,inductive_miner_imd,8ec8a2cb08851acf,78,0.4985494380889474,0.8973798258754044,0.0,0.4985494380889474,0.0,0.3988303877864569,0.0,0.5555612280481197,1.0,131,1,196,5,
B3_apdtm_cls_cash_features_cash_real_synthetic_default,bpic15_1,mix-fit,variant,IMd,inductive_miner_imd,8ec8a2cb08851acf,78,0.5358095812579713,0.7829881701741386,0.0,0.5358095812579713,0.0,0.2471785889161672,0.0,0.6843137631808739,1.0,94,1,196,5,
B3_apdtm_cls_cash_features_cash_real_synthetic_default,bpic15_1,mix-prec,variant,IMd,inductive_miner_imd,8ec8a2cb08851acf,78,0.4324446838982146,0.8104949307104619,0.0,0.4324446838982146,0.0,0.3780502468122472,0.0,0.5335563092530922,1.0,118,1,196,5,
B3_apdtm_cls_cash_features_cash_real_synthetic_default,bpic15_1,mix-simp,variant,IMd,inductive_miner_imd,8ec8a2cb08851acf,78,0.5688619583533376,0.7694736087116352,0.0,0.5688619583533376,0.0,0.2006116503582975,0.0,0.7392871593163659,1.0,121,1,196,5,
B3_apdtm_cls_cash_features_cash_real_synthetic_default,bpic15_1,mix-gen,variant,IMd,inductive_miner_imd,8ec8a2cb08851acf,78,0.465497060993581,0.7344918748892888,0.0,0.465497060993581,0.0,0.2689948138957077,0.0,0.6337674750503486,1.0,131,1,196,5,
B3_apdtm_cls_cash_features_cash_real_synthetic_default,bpic15_2,equal,variant,IMd,inductive_miner_imd,2bd4a2c68f811174,78,0.4958761568622505,0.739796087901852,0.0,0.4958761568622505,0.0,0.2439199310396015,0.0,0.6702876170494672,1.0,123,1,196,5,
B3_apdtm_cls_cash_features_cash_real_synthetic_default,bpic15_2,fitn,variant,IMd,inductive_miner_imd,2bd4a2c68f811174,78,1.0,1.0,0.0,1.0,0.0,0.0,0.0,1.0,1.0,1,1,196,5,
B3_apdtm_cls_cash_features_cash_real_synthetic_default,bpic15_2,prec,variant,IMd,inductive_miner_imd,2bd4a2c68f811174,78,0.0047466811844114,0.9964080459770116,0.0,0.0047466811844114,0.0,0.9916613647926004,0.0,0.0047637925080754,1.0,141,1,196,5,
B3_apdtm_cls_cash_features_cash_real_synthetic_default,bpic15_2,gene,variant,IMd,inductive_miner_imd,2bd4a2c68f811174,78,0.630479323366272,0.8434264748464657,0.0,0.630479323366272,0.0,0.2129471514801937,0.0,0.7475213811388149,1.0,119,1,196,5,
B3_apdtm_cls_cash_features_cash_real_synthetic_default,bpic15_2,simp,variant,IMd,inductive_miner_imd,2bd4a2c68f811174,78,0.3482786228983187,1.0,0.0,0.3482786228983187,0.0,0.6517213771016813,0.0,0.3482786228983187,1.0,133,1,196,5,
B3_apdtm_cls_cash_features_cash_real_synthetic_default,bpic15_2,fit+pre,variant,IMd,inductive_miner_imd,2bd4a2c68f811174,78,0.5023733405922057,0.8552632687420797,0.0,0.5023733405922057,0.0,0.3528899281498739,0.0,0.587390291332277,1.0,62,1,196,5,
B3_apdtm_cls_cash_features_cash_real_synthetic_default,bpic15_2,fit+gen,variant,IMd,inductive_miner_imd,2bd4a2c68f811174,78,0.815239661683136,0.888226048940476,0.0,0.815239661683136,0.0,0.0729863872573399,0.0,0.9178290398661444,1.0,6,1,196,5,
B3_apdtm_cls_cash_features_cash_real_synthetic_default,bpic15_2,fit+sim,variant,IMd,inductive_miner_imd,2bd4a2c68f811174,78,0.6741393114491594,0.8502937315725136,0.0,0.6741393114491594,0.0,0.1761544201233542,0.0,0.7928310963817429,1.0,81,1,196,5,
B3_apdtm_cls_cash_features_cash_real_synthetic_default,bpic15_2,pre+gen,variant,IMd,inductive_miner_imd,2bd4a2c68f811174,78,0.3176130022753416,0.8135744140072105,0.0,0.3176130022753416,0.0,0.4959614117318688,0.0,0.3903920733088918,1.0,136,1,196,5,
B3_apdtm_cls_cash_features_cash_real_synthetic_default,bpic15_2,pre+sim,variant,IMd,inductive_miner_imd,2bd4a2c68f811174,78,0.176512652041365,0.7980406242956953,0.0,0.176512652041365,0.0,0.6215279722543303,0.0,0.2211825396697629,1.0,138,1,196,5,
B3_apdtm_cls_cash_features_cash_real_synthetic_default,bpic15_2,gen+sim,variant,IMd,inductive_miner_imd,2bd4a2c68f811174,78,0.4893789731322953,0.9217132374232327,0.0,0.4893789731322953,0.0,0.4323342642909375,0.0,0.5309449330470905,1.0,131,1,196,5,
B3_apdtm_cls_cash_features_cash_real_synthetic_default,bpic15_2,mix-fit,variant,IMd,inductive_miner_imd,2bd4a2c68f811174,78,0.5341276612716144,0.7675374461630222,0.0,0.5341276612716144,0.0,0.2334097848914078,0.0,0.695897853507681,1.0,88,1,196,5,
B3_apdtm_cls_cash_features_cash_real_synthetic_default,bpic15_2,mix-prec,variant,IMd,inductive_miner_imd,2bd4a2c68f811174,78,0.425870331773478,0.7904532226862232,0.0,0.425870331773478,0.0,0.3645828909127451,0.0,0.5387672787596828,1.0,118,1,196,5,
B3_apdtm_cls_cash_features_cash_real_synthetic_default,bpic15_2,mix-simp,variant,IMd,inductive_miner_imd,2bd4a2c68f811174,78,0.565881981951023,0.7666984383330109,0.0,0.565881981951023,0.0,0.2008164563819878,0.0,0.7380763461334137,1.0,118,1,196,5,
B3_apdtm_cls_cash_features_cash_real_synthetic_default,bpic15_2,mix-gen,variant,IMd,inductive_miner_imd,2bd4a2c68f811174,78,0.4576246524528867,0.7177077196779903,0.0,0.4576246524528867,0.0,0.2600830672251036,0.0,0.6376197996842036,1.0,136,1,196,5,
B3_apdtm_cls_cash_features_cash_real_synthetic_default,bpic15_3,equal,variant,IMd,inductive_miner_imd,1e1739de3216125c,78,0.5062291863779904,0.7711497484903616,0.0,0.5062291863779904,0.0,0.2649205621123711,0.0,0.6564602885094731,1.0,126,1,196,5,
B3_apdtm_cls_cash_features_cash_real_synthetic_default,bpic15_3,fitn,variant,IMd,inductive_miner_imd,1e1739de3216125c,78,1.0,1.0,0.0,1.0,0.0,0.0,0.0,1.0,1.0,1,1,196,5,
B3_apdtm_cls_cash_features_cash_real_synthetic_default,bpic15_3,prec,variant,IMd,inductive_miner_imd,1e1739de3216125c,78,0.0056460981272722,0.9713690786048932,0.0,0.0056460981272722,0.0,0.965722980477621,0.0,0.0058125158105519,1.0,139,1,196,5,
B3_apdtm_cls_cash_features_cash_real_synthetic_default,bpic15_3,gene,variant,IMd,inductive_miner_imd,1e1739de3216125c,78,0.6755746197508381,0.7690804510999736,0.0,0.6755746197508381,0.0,0.0935058313491354,0.0,0.8784186606025427,1.0,104,1,196,5,
B3_apdtm_cls_cash_features_cash_real_synthetic_default,bpic15_3,simp,variant,IMd,inductive_miner_imd,1e1739de3216125c,78,0.3436960276338515,1.0,0.0,0.3436960276338515,0.0,0.6563039723661486,0.0,0.3436960276338515,1.0,133,1,196,5,
B3_apdtm_cls_cash_features_cash_real_synthetic_default,bpic15_3,fit+pre,variant,IMd,inductive_miner_imd,1e1739de3216125c,78,0.5028230490636361,0.8737992058502052,0.0,0.5028230490636361,0.0,0.3709761567865691,0.0,0.5754446166775696,1.0,68,1,196,5,
B3_apdtm_cls_cash_features_cash_real_synthetic_default,bpic15_3,fit+gen,variant,IMd,inductive_miner_imd,1e1739de3216125c,78,0.837787309875419,0.8764050391703524,0.0,0.837787309875419,0.0,0.0386177292949333,0.0,0.955936208067116,1.0,8,1,196,5,
B3_apdtm_cls_cash_features_cash_real_synthetic_default,bpic15_3,fit+sim,variant,IMd,inductive_miner_imd,1e1739de3216125c,78,0.6718480138169257,0.8866318702272058,0.0,0.6718480138169257,0.0,0.21478385641028,0.0,0.7577530611941119,1.0,98,1,196,5,
B3_apdtm_cls_cash_features_cash_real_synthetic_default,bpic15_3,pre+gen,variant,IMd,inductive_miner_imd,1e1739de3216125c,78,0.3406103589390551,0.8335999035488251,0.0,0.3406103589390551,0.0,0.4929895446097699,0.0,0.4086017254668566,1.0,124,1,196,5,
B3_apdtm_cls_cash_features_cash_real_synthetic_default,bpic15_3,pre+sim,variant,IMd,inductive_miner_imd,1e1739de3216125c,78,0.1746710628805618,0.806269466186586,0.0,0.1746710628805618,0.0,0.6315984033060242,0.0,0.2166410489370307,1.0,139,1,196,5,
B3_apdtm_cls_cash_features_cash_real_synthetic_default,bpic15_3,gen+sim,variant,IMd,inductive_miner_imd,1e1739de3216125c,78,0.5096353236923448,0.8774480269684266,0.0,0.5096353236923448,0.0,0.3678127032760818,0.0,0.5808153965006101,1.0,130,1,196,5,
B3_apdtm_cls_cash_features_cash_real_synthetic_default,bpic15_3,mix-fit,variant,IMd,inductive_miner_imd,1e1739de3216125c,78,0.5379904969400358,0.7997195004226063,0.0,0.5379904969400358,0.0,0.2617290034825705,0.0,0.6727239946703042,1.0,101,1,196,5,
B3_apdtm_cls_cash_features_cash_real_synthetic_default,bpic15_3,mix-prec,variant,IMd,inductive_miner_imd,1e1739de3216125c,78,0.4393004279395454,0.8166597019857158,0.0,0.4393004279395454,0.0,0.3773592740461703,0.0,0.5379234788632061,1.0,117,1,196,5,
B3_apdtm_cls_cash_features_cash_real_synthetic_default,bpic15_3,mix-simp,variant,IMd,inductive_miner_imd,1e1739de3216125c,78,0.5731579448164354,0.7807894458056361,0.0,0.5731579448164354,0.0,0.2076315009892007,0.0,0.7340749134038795,1.0,122,1,196,5,
B3_apdtm_cls_cash_features_cash_real_synthetic_default,bpic15_3,mix-gen,variant,IMd,inductive_miner_imd,1e1739de3216125c,78,0.4744678758159452,0.742579996558117,0.0,0.4744678758159452,0.0,0.2681121207421718,0.0,0.6389451345513205,1.0,133,1,196,5,
B3_apdtm_cls_cash_features_cash_real_synthetic_default,bpic15_4,equal,variant,IMd,inductive_miner_imd,f68041a3f2d86846,78,0.5004532568394435,0.7570912404815519,0.0,0.5004532568394435,0.0,0.2566379836421083,0.0,0.6610210633544348,1.0,134,1,196,5,
B3_apdtm_cls_cash_features_cash_real_synthetic_default,bpic15_4,fitn,variant,IMd,inductive_miner_imd,f68041a3f2d86846,78,1.0,1.0,0.0,1.0,0.0,0.0,0.0,1.0,1.0,1,1,196,5,
B3_apdtm_cls_cash_features_cash_real_synthetic_default,bpic15_4,prec,variant,IMd,inductive_miner_imd,f68041a3f2d86846,78,0.0063677194723514,0.9771181199752628,0.0,0.0063677194723514,0.0,0.9707504005029114,0.0,0.0065168369536659,1.0,146,1,196,5,
B3_apdtm_cls_cash_features_cash_real_synthetic_default,bpic15_4,gene,variant,IMd,inductive_miner_imd,f68041a3f2d86846,78,0.6484303825122886,0.8125621208083507,0.0,0.6484303825122886,0.0,0.1641317382960621,0.0,0.7980071503545094,1.0,113,1,196,5,
B3_apdtm_cls_cash_features_cash_real_synthetic_default,bpic15_4,simp,variant,IMd,inductive_miner_imd,f68041a3f2d86846,78,0.3470149253731343,1.0,0.0,0.3470149253731343,0.0,0.6529850746268657,0.0,0.3470149253731343,1.0,143,1,196,5,
B3_apdtm_cls_cash_features_cash_real_synthetic_default,bpic15_4,fit+pre,variant,IMd,inductive_miner_imd,f68041a3f2d86846,78,0.5031838597361757,0.8685599938464359,0.0,0.5031838597361757,0.0,0.3653761341102601,0.0,0.5793311496052398,1.0,84,1,196,5,
B3_apdtm_cls_cash_features_cash_real_synthetic_default,bpic15_4,fit+gen,variant,IMd,inductive_miner_imd,f68041a3f2d86846,78,0.8242151912561443,0.8717994934557993,0.0,0.8242151912561443,0.0,0.047584302199655,0.0,0.94541829565531,1.0,5,1,196,5,
B3_apdtm_cls_cash_features_cash_real_synthetic_default,bpic15_4,fit+sim,variant,IMd,inductive_miner_imd,f68041a3f2d86846,78,0.6735074626865671,0.8675538703293734,0.0,0.6735074626865671,0.0,0.1940464076428062,0.0,0.7763292698248986,1.0,95,1,196,5,
B3_apdtm_cls_cash_features_cash_real_synthetic_default,bpic15_4,pre+gen,variant,IMd,inductive_miner_imd,f68041a3f2d86846,78,0.32739905099232,0.8247132962569865,0.0,0.32739905099232,0.0,0.4973142452646665,0.0,0.3969852947421137,1.0,138,1,196,5,
B3_apdtm_cls_cash_features_cash_real_synthetic_default,bpic15_4,pre+sim,variant,IMd,inductive_miner_imd,f68041a3f2d86846,78,0.1766913224227428,0.7904575186873295,0.0,0.1766913224227428,0.0,0.6137661962645866,0.0,0.2235304469191015,1.0,146,1,196,5,
B3_apdtm_cls_cash_features_cash_real_synthetic_default,bpic15_4,gen+sim,variant,IMd,inductive_miner_imd,f68041a3f2d86846,78,0.4977226539427114,0.8981830671938409,0.0,0.4977226539427114,0.0,0.4004604132511294,0.0,0.5541438846066508,1.0,135,1,196,5,
B3_apdtm_cls_cash_features_cash_real_synthetic_default,bpic15_4,mix-fit,variant,IMd,inductive_miner_imd,f68041a3f2d86846,78,0.5361563391675611,0.7881543306724185,0.0,0.5361563391675611,0.0,0.2519979915048573,0.0,0.6802682143611851,1.0,112,1,196,5,
B3_apdtm_cls_cash_features_cash_real_synthetic_default,bpic15_4,mix-prec,variant,IMd,inductive_miner_imd,f68041a3f2d86846,78,0.4317776950799405,0.8064338134647027,0.0,0.4317776950799405,0.0,0.3746561183847621,0.0,0.5354161592318193,1.0,128,1,196,5,
B3_apdtm_cls_cash_features_cash_real_synthetic_default,bpic15_4,mix-simp,variant,IMd,inductive_miner_imd,f68041a3f2d86846,78,0.5691288185989466,0.7784157949851235,0.0,0.5691288185989466,0.0,0.2092869763861768,0.0,0.7311372948307445,1.0,129,1,196,5,
B3_apdtm_cls_cash_features_cash_real_synthetic_default,bpic15_4,mix-gen,variant,IMd,inductive_miner_imd,f68041a3f2d86846,78,0.464750174511326,0.7260281502906851,0.0,0.464750174511326,0.0,0.2612779757793591,0.0,0.6401269349201552,1.0,141,1,196,5,
B3_apdtm_cls_cash_features_cash_real_synthetic_default,bpic15_5,equal,variant,IMd,inductive_miner_imd,a0710095115a2fbb,78,0.4980303762681133,0.7432661612580866,0.0,0.4980303762681133,0.0,0.2452357849899732,0.0,0.6700565722313042,1.0,128,1,196,5,
B3_apdtm_cls_cash_features_cash_real_synthetic_default,bpic15_5,fitn,variant,IMd,inductive_miner_imd,a0710095115a2fbb,78,1.0,1.0,0.0,1.0,0.0,0.0,0.0,1.0,1.0,1,1,196,5,
B3_apdtm_cls_cash_features_cash_real_synthetic_default,bpic15_5,prec,variant,IMd,inductive_miner_imd,a0710095115a2fbb,78,0.0050756012401533,0.9914236706689536,0.0,0.0050756012401533,0.0,0.9863480694288004,0.0,0.0051195078252757,1.0,141,1,196,5,
B3_apdtm_cls_cash_features_cash_real_synthetic_default,bpic15_5,gene,variant,IMd,inductive_miner_imd,a0710095115a2fbb,78,0.6480339787897107,0.8420322364834529,0.0,0.6480339787897107,0.0,0.1939982576937422,0.0,0.7696070895053498,1.0,117,1,196,5,
B3_apdtm_cls_cash_features_cash_real_synthetic_default,bpic15_5,simp,variant,IMd,inductive_miner_imd,a0710095115a2fbb,78,0.3390119250425894,1.0,0.0,0.3390119250425894,0.0,0.6609880749574106,0.0,0.3390119250425894,1.0,135,1,196,5,
B3_apdtm_cls_cash_features_cash_real_synthetic_default,bpic15_5,fit+pre,variant,IMd,inductive_miner_imd,a0710095115a2fbb,78,0.5025378006200767,0.8302814710249038,0.0,0.5025378006200767,0.0,0.3277436704048271,0.0,0.6052619721836516,1.0,69,1,196,5,
B3_apdtm_cls_cash_features_cash_real_synthetic_default,bpic15_5,fit+gen,variant,IMd,inductive_miner_imd,a0710095115a2fbb,78,0.8240169893948553,0.8491470544465778,0.0,0.8240169893948553,0.0,0.0251300650517224,0.0,0.9704055205513248,1.0,2,1,196,5,
B3_apdtm_cls_cash_features_cash_real_synthetic_default,bpic15_5,fit+sim,variant,IMd,inductive_miner_imd,a0710095115a2fbb,78,0.6695059625212947,0.8492461162887588,0.0,0.6695059625212947,0.0,0.1797401537674641,0.0,0.7883532814339662,1.0,85,1,196,5,
B3_apdtm_cls_cash_features_cash_real_synthetic_default,bpic15_5,pre+gen,variant,IMd,inductive_miner_imd,a0710095115a2fbb,78,0.326554790014932,0.8116192280976056,0.0,0.326554790014932,0.0,0.4850644380826736,0.0,0.4023497456810627,1.0,132,1,196,5,
B3_apdtm_cls_cash_features_cash_real_synthetic_default,bpic15_5,pre+sim,variant,IMd,inductive_miner_imd,a0710095115a2fbb,78,0.1720437631413713,0.7827816467542539,0.0,0.1720437631413713,0.0,0.6107378836128825,0.0,0.2197851263564214,1.0,141,1,196,5,
B3_apdtm_cls_cash_features_cash_real_synthetic_default,bpic15_5,gen+sim,variant,IMd,inductive_miner_imd,a0710095115a2fbb,78,0.49352295191615,0.9210161182417264,0.0,0.49352295191615,0.0,0.4274931663255764,0.0,0.535846161800419,1.0,133,1,196,5,
B3_apdtm_cls_cash_features_cash_real_synthetic_default,bpic15_5,mix-fit,variant,IMd,inductive_miner_imd,a0710095115a2fbb,78,0.534128463259535,0.7619159908588385,0.0,0.534128463259535,0.0,0.2277875275993035,0.0,0.7010332761981549,1.0,95,1,196,5,
B3_apdtm_cls_cash_features_cash_real_synthetic_default,bpic15_5,mix-prec,variant,IMd,inductive_miner_imd,a0710095115a2fbb,78,0.4303416266372334,0.7845385057794599,0.0,0.4303416266372334,0.0,0.3541968791422265,0.0,0.5485283685466497,1.0,123,1,196,5,
B3_apdtm_cls_cash_features_cash_real_synthetic_default,bpic15_5,mix-simp,variant,IMd,inductive_miner_imd,a0710095115a2fbb,78,0.5657191258989932,0.7677189214161869,0.0,0.5657191258989932,0.0,0.2019997955171937,0.0,0.736883135373854,1.0,123,1,196,5,
B3_apdtm_cls_cash_features_cash_real_synthetic_default,bpic15_5,mix-gen,variant,IMd,inductive_miner_imd,a0710095115a2fbb,78,0.4619322892766918,0.7246163316573346,0.0,0.4619322892766918,0.0,0.2626840423806428,0.0,0.6374853409944063,1.0,136,1,196,5,
B3_apdtm_cls_cash_features_cash_real_synthetic_default,hospital_billing,equal,variant,HM,heuristics_miner,f0ba1c246feb1617,79,0.7623493758629513,0.8734035144022313,0.0,0.7728985458636999,0.7080210029131718,0.11105413853928,0.0105491700007486,0.8728489905203932,0.8373987435252778,101,3,196,5,
B3_apdtm_cls_cash_features_cash_real_synthetic_default,hospital_billing,fitn,variant,HM,heuristics_miner,f0ba1c246feb1617,79,0.9173284729406372,1.0,0.0,1.0,0.6797553093982478,0.0826715270593627,0.0826715270593627,0.9173284729406372,0.7418488752958878,135,4,196,5,
B3_apdtm_cls_cash_features_cash_real_synthetic_default,hospital_billing,prec,variant,HM,heuristics_miner,f0ba1c246feb1617,79,0.9123900422661322,1.0,0.0,0.9123900422661322,0.3867395245470101,0.0876099577338678,0.0,0.9123900422661322,1.0,79,1,196,5,
B3_apdtm_cls_cash_features_cash_real_synthetic_default,hospital_billing,gene,variant,HM,heuristics_miner,f0ba1c246feb1617,79,0.7467548005194038,0.974570314262808,0.0,0.9406716490462892,0.7467548005194038,0.2278155137434042,0.1939168485268854,0.7662400440385564,0.0,155,5,196,5,
B3_apdtm_cls_cash_features_cash_real_synthetic_default,hospital_billing,simp,variant,HM,heuristics_miner,f0ba1c246feb1617,79,0.4729241877256318,1.0,0.0,1.0,0.4729241877256318,0.5270758122743682,0.5270758122743682,0.4729241877256318,0.0,132,5,196,5,
B3_apdtm_cls_cash_features_cash_real_synthetic_default,hospital_billing,fit+pre,variant,HM,heuristics_miner,f0ba1c246feb1617,79,0.9148592576033848,0.989140582975968,0.0,0.9148592576033848,0.5332474169726289,0.0742813253725833,0.0,0.9249031667984974,1.0,84,1,196,5,
B3_apdtm_cls_cash_features_cash_real_synthetic_default,hospital_billing,fit+gen,variant,HM,heuristics_miner,f0ba1c246feb1617,79,0.8320416367300205,0.9872657861978588,0.0,0.9703358245231446,0.7961812639516811,0.1552241494678383,0.138294187793124,0.8427736971766894,0.2059111898113302,140,4,196,5,
B3_apdtm_cls_cash_features_cash_real_synthetic_default,hospital_billing,fit+sim,variant,HM,heuristics_miner,f0ba1c246feb1617,79,0.6951263303331345,0.8398776546991239,0.0,0.8398776546991239,0.6951263303331345,0.1447513243659893,0.1447513243659893,0.8276518924439717,0.0,128,5,196,5,
B3_apdtm_cls_cash_features_cash_real_synthetic_default,hospital_billing,pre+gen,variant,HM,heuristics_miner,f0ba1c246feb1617,79,0.829572421392768,0.9583893297505974,0.0,0.829572421392768,0.6496733715260623,0.1288169083578294,0.0,0.8655902102005334,1.0,100,1,196,5,
B3_apdtm_cls_cash_features_cash_real_synthetic_default,hospital_billing,pre+sim,variant,HM,heuristics_miner,f0ba1c246feb1617,79,0.692657114995882,0.8030539885899708,0.0,0.6933697622735051,0.4457061813031991,0.1103968735940887,0.0007126472776231,0.8625287027240506,0.9971225188829498,96,2,196,5,
B3_apdtm_cls_cash_features_cash_real_synthetic_default,hospital_billing,gen+sim,variant,HM,heuristics_miner,f0ba1c246feb1617,79,0.6098394941225178,0.9594156800838196,0.0,0.9563036092525572,0.6098394941225178,0.3495761859613019,0.3464641151300394,0.6356363636554688,0.0,151,5,196,5,
B3_apdtm_cls_cash_features_cash_real_synthetic_default,hospital_billing,mix-fit,variant,HM,heuristics_miner,f0ba1c246feb1617,79,0.8099087194531612,0.8999403930024692,0.0,0.8099087194531612,0.6791847029739135,0.0900316735493079,0.0,0.899958181398064,1.0,92,1,196,5,
B3_apdtm_cls_cash_features_cash_real_synthetic_default,hospital_billing,mix-prec,variant,HM,heuristics_miner,f0ba1c246feb1617,79,0.8197405704229648,0.9266041872906544,0.0,0.8197405704229648,0.6644290372499878,0.1068636168676897,0.0,0.8846717742770474,1.0,93,1,196,5,
B3_apdtm_cls_cash_features_cash_real_synthetic_default,hospital_billing,mix-simp,variant,HM,heuristics_miner,f0ba1c246feb1617,79,0.704958181302938,0.8448731726232275,0.0,0.8251219889751983,0.704958181302938,0.1399149913202895,0.1201638076722603,0.8343952727415044,0.0,126,5,196,5,
B3_apdtm_cls_cash_features_cash_real_synthetic_default,hospital_billing,mix-gen,variant,HM,heuristics_miner,f0ba1c246feb1617,79,0.7147900322727413,0.8574303226558113,0.0,0.8103663232512726,0.7045511321397954,0.14264029038307,0.0955762909785312,0.8336421203984775,0.0967621002749894,119,4,196,5,
B3_apdtm_cls_cash_features_cash_real_synthetic_default,road_traffic_fines,equal,variant,HM,heuristics_miner,9fd05dcc49e5b232,78,0.8472976270289231,0.9091484776358276,0.0,0.8472976270289231,0.7357034000201228,0.0618508506069045,0.0,0.9319683724623914,1.0,74,1,196,5,
B3_apdtm_cls_cash_features_cash_real_synthetic_default,road_traffic_fines,fitn,variant,HM,heuristics_miner,9fd05dcc49e5b232,78,0.928366348548456,1.0,0.0,1.0,0.637766272135165,0.0716336514515439,0.0716336514515439,0.928366348548456,0.802244667072323,90,4,196,5,
B3_apdtm_cls_cash_features_cash_real_synthetic_default,road_traffic_fines,prec,variant,HM,heuristics_miner,9fd05dcc49e5b232,78,0.9913926579538832,1.0,0.0,0.9913926579538832,0.5080563293025482,0.0086073420461167,0.0,0.9913926579538832,1.0,106,1,196,5,
B3_apdtm_cls_cash_features_cash_real_synthetic_default,road_traffic_fines,gene,variant,HM,heuristics_miner,9fd05dcc49e5b232,78,0.9232130142183954,0.9916370973254746,0.0,0.988255529682136,0.9232130142183954,0.0684240831070791,0.0650425154637406,0.9309988671343332,0.0,102,5,196,5,
B3_apdtm_cls_cash_features_cash_real_synthetic_default,road_traffic_fines,simp,variant,HM,heuristics_miner,9fd05dcc49e5b232,78,0.5462184873949579,0.8,0.0,0.6571428571428571,0.5135135135135136,0.2537815126050421,0.1109243697478992,0.6827731092436974,0.2277039848197335,119,4,196,5,
B3_apdtm_cls_cash_features_cash_real_synthetic_default,road_traffic_fines,fit+pre,variant,HM,heuristics_miner,9fd05dcc49e5b232,78,0.9598795032511696,0.9901742494392978,0.0,0.9598795032511696,0.6500603519943688,0.0302947461881282,0.0,0.969404631351216,1.0,44,1,196,5,
B3_apdtm_cls_cash_features_cash_real_synthetic_default,road_traffic_fines,fit+gen,variant,HM,heuristics_miner,9fd05dcc49e5b232,78,0.9257896813834255,0.9953412031561972,0.0,0.994127764841068,0.8116581555420307,0.0695515217727716,0.0683380834576423,0.9301229351781822,0.6254823818598328,80,4,196,5,
B3_apdtm_cls_cash_features_cash_real_synthetic_default,road_traffic_fines,fit+sim,variant,HM,heuristics_miner,9fd05dcc49e5b232,78,0.737292417971707,0.869886942078606,0.0,0.8118811881188119,0.6474545646390111,0.1325945241068989,0.0745887701471049,0.847572692848955,0.5463704808347665,101,4,196,5,
B3_apdtm_cls_cash_features_cash_real_synthetic_default,road_traffic_fines,pre+gen,variant,HM,heuristics_miner,9fd05dcc49e5b232,78,0.9573028360861392,0.9899221054016768,0.0,0.9573028360861392,0.7481559294923421,0.0326192693155373,0.0,0.9670486504568948,1.0,41,1,196,5,
B3_apdtm_cls_cash_features_cash_real_synthetic_default,road_traffic_fines,pre+sim,variant,HM,heuristics_miner,9fd05dcc49e5b232,78,0.7688055726744205,0.8710629687671056,0.0,0.7688055726744205,0.5107849214080309,0.1022573960926851,0.0,0.8826061952358975,1.0,108,1,196,5,
B3_apdtm_cls_cash_features_cash_real_synthetic_default,road_traffic_fines,gen+sim,variant,HM,heuristics_miner,9fd05dcc49e5b232,78,0.7347157508066766,0.8875669341178665,0.0,0.8213464480458768,0.7347157508066766,0.1528511833111898,0.0866306972392001,0.8277863027163069,0.0,103,5,196,5,
B3_apdtm_cls_cash_features_cash_real_synthetic_default,road_traffic_fines,mix-fit,variant,HM,heuristics_miner,9fd05dcc49e5b232,78,0.8703293357063786,0.917489504487446,0.0,0.8703293357063786,0.683796413733599,0.0471601687810674,0.0,0.9485986830907528,1.0,73,1,196,5,
B3_apdtm_cls_cash_features_cash_real_synthetic_default,road_traffic_fines,mix-prec,variant,HM,heuristics_miner,9fd05dcc49e5b232,78,0.913816085896259,0.9485628625742424,0.0,0.913816085896259,0.7510505419770115,0.0347467766779835,0.0,0.963369031142874,1.0,65,1,196,5,
B3_apdtm_cls_cash_features_cash_real_synthetic_default,road_traffic_fines,mix-simp,variant,HM,heuristics_miner,9fd05dcc49e5b232,78,0.7807791681615874,0.8891275547093468,0.0,0.8027820914375106,0.717532475472829,0.1083483865477593,0.0220029232759231,0.8781407842172003,0.7419000305521751,91,3,196,5,
B3_apdtm_cls_cash_features_cash_real_synthetic_default,road_traffic_fines,mix-gen,variant,HM,heuristics_miner,9fd05dcc49e5b232,78,0.8242659183514679,0.9083681673400874,0.0,0.8242659183514679,0.750967531787418,0.0841022489886195,0.0,0.9074139187033708,1.0,88,1,196,5,
B3_apdtm_cls_cash_features_cash_real_synthetic_default,sepsis,equal,variant,HM,heuristics_miner,6e00f695b9765352,78,0.7189961247213809,0.835724100545018,0.0,0.7189961247213809,0.5249929107876445,0.1167279758236371,0.0,0.8603271393663137,1.0,112,1,196,5,
B3_apdtm_cls_cash_features_cash_real_synthetic_default,sepsis,fitn,variant,HM,heuristics_miner,6e00f695b9765352,78,0.8976826566461001,1.0,0.0,1.0,0.2658896119719338,0.1023173433538998,0.1023173433538998,0.8976826566461001,0.8606240355367536,66,4,196,5,
B3_apdtm_cls_cash_features_cash_real_synthetic_default,sepsis,prec,variant,HM,heuristics_miner,6e00f695b9765352,78,0.7033112582781457,1.0,0.0,0.7033112582781457,0.179251018798475,0.2966887417218543,0.0,0.7033112582781457,1.0,114,1,196,5,
B3_apdtm_cls_cash_features_cash_real_synthetic_default,sepsis,gene,variant,HM,heuristics_miner,6e00f695b9765352,78,0.841792203394476,0.9290801678868448,0.0,0.9266596408851776,0.841792203394476,0.0872879644923687,0.0848674374907015,0.9060490498996424,0.0,96,5,196,5,
B3_apdtm_cls_cash_features_cash_real_synthetic_default,sepsis,simp,variant,HM,heuristics_miner,6e00f695b9765352,78,0.4331983805668016,0.7567567567567567,0.0,0.6223776223776223,0.4331983805668016,0.3235583761899551,0.1891792418108207,0.5724407171775593,0.0,170,5,196,5,
B3_apdtm_cls_cash_features_cash_real_synthetic_default,sepsis,fit+pre,variant,HM,heuristics_miner,6e00f695b9765352,78,0.8004969574621229,0.9487189551442284,0.0,0.8004969574621229,0.354265925407767,0.1482219976821056,0.0,0.8437661681803624,1.0,96,1,196,5,
B3_apdtm_cls_cash_features_cash_real_synthetic_default,sepsis,fit+gen,variant,HM,heuristics_miner,6e00f695b9765352,78,0.869737430020288,0.9633298204425887,0.0,0.9633298204425887,0.5895342673708803,0.0935923904223008,0.0935923904223008,0.9028449151721464,0.749616094538326,72,4,196,5,
B3_apdtm_cls_cash_features_cash_real_synthetic_default,sepsis,fit+sim,variant,HM,heuristics_miner,6e00f695b9765352,78,0.6654405186064509,0.8140244733789898,0.0,0.8111888111888111,0.3720752407685755,0.1485839547725388,0.1457482925823602,0.817469916898479,0.6680852007309229,100,4,196,5,
B3_apdtm_cls_cash_features_cash_real_synthetic_default,sepsis,pre+gen,variant,HM,heuristics_miner,6e00f695b9765352,78,0.7725517308363108,0.9381130457761724,0.0,0.7725517308363108,0.5529553298418263,0.1655613149398616,0.0,0.8235166692486617,1.0,107,1,196,5,
B3_apdtm_cls_cash_features_cash_real_synthetic_default,sepsis,pre+sim,variant,HM,heuristics_miner,6e00f695b9765352,78,0.5682548194224737,0.8491941359263719,0.0,0.5682548194224737,0.3168982366719647,0.2809393165038982,0.0,0.6691695048065468,1.0,136,1,196,5,
B3_apdtm_cls_cash_features_cash_real_synthetic_default,sepsis,gen+sim,variant,HM,heuristics_miner,6e00f695b9765352,78,0.6374952919806388,0.8216829410862796,0.0,0.7624155479965967,0.6374952919806388,0.1841876491056407,0.1249202560159579,0.7758409723559048,0.0,140,5,196,5,
B3_apdtm_cls_cash_features_cash_real_synthetic_default,sepsis,mix-fit,variant,HM,heuristics_miner,6e00f695b9765352,78,0.7408853365946917,0.8604442533384715,0.0,0.7408853365946917,0.4261185826318798,0.1195589167437798,0.0,0.8610497818075971,1.0,97,1,196,5,
B3_apdtm_cls_cash_features_cash_real_synthetic_default,sepsis,mix-prec,variant,HM,heuristics_miner,6e00f695b9765352,78,0.7567185337155014,0.899278649557322,0.0,0.7567185337155014,0.5520145817192967,0.1425601158418206,0.0,0.8414728116674436,1.0,107,1,196,5,
B3_apdtm_cls_cash_features_cash_real_synthetic_default,sepsis,mix-simp,variant,HM,heuristics_miner,6e00f695b9765352,78,0.6812737157272605,0.7905131280697297,0.0,0.7552038190935039,0.4979712398559925,0.1092394123424692,0.0739301033662434,0.8618120199860445,0.7125943238395892,108,4,196,5,
B3_apdtm_cls_cash_features_cash_real_synthetic_default,sepsis,mix-gen,variant,HM,heuristics_miner,6e00f695b9765352,78,0.69710691284807,0.8286673700233692,0.0,0.6992188269981966,0.6238672389434095,0.1315604571752991,0.0021119141501265,0.8412385211069804,0.9719725329665112,128,3,196,5,
B4_apdtm_cls_cash_features_cash_full_clean_default,bpi2012,equal,variant,HM,heuristics_miner,338af92936f97ac9,130,0.8264055189438223,0.8454937775108162,0.0,0.8264055189438223,0.6421431792744381,0.0190882585669939,0.0,0.9774235374940418,1.0,8,1,196,5,
B4_apdtm_cls_cash_features_cash_full_clean_default,bpi2012,fitn,variant,HM,heuristics_miner,338af92936f97ac9,130,0.9013689583939556,1.0,0.0,1.0,0.631230892297019,0.0986310416060444,0.0986310416060444,0.9013689583939556,0.7325398479812871,51,4,196,5,
B4_apdtm_cls_cash_features_cash_full_clean_default,bpi2012,prec,variant,HM,heuristics_miner,338af92936f97ac9,130,0.9158179923584578,1.0,0.0,0.9158179923584578,0.1394427299083702,0.0841820076415421,0.0,0.9158179923584578,1.0,58,1,196,5,
B4_apdtm_cls_cash_features_cash_full_clean_default,bpi2012,gene,variant,HM,heuristics_miner,338af92936f97ac9,130,0.945799466108147,0.9846855427449372,0.0,0.9846855427449372,0.945799466108147,0.0388860766367902,0.0388860766367902,0.9605091423111684,0.0,43,5,196,5,
B4_apdtm_cls_cash_features_cash_full_clean_default,bpi2012,simp,variant,HM,heuristics_miner,338af92936f97ac9,130,0.5426356589147286,0.853658536585366,0.0,0.853658536585366,0.4444444444444444,0.3110228776706373,0.3110228776706373,0.6356589147286821,0.23995071615586,131,4,196,5,
B4_apdtm_cls_cash_features_cash_full_clean_default,bpi2012,fit+pre,variant,HM,heuristics_miner,338af92936f97ac9,130,0.9085934753762068,0.9301612956045748,0.0,0.9085934753762068,0.3882467160435721,0.0215678202283681,0.0,0.9768128169487532,1.0,6,1,196,5,
B4_apdtm_cls_cash_features_cash_full_clean_default,bpi2012,fit+gen,variant,HM,heuristics_miner,338af92936f97ac9,130,0.9235842122510514,0.9923427713724686,0.0,0.9923427713724686,0.8072637946190873,0.0687585591214172,0.0687585591214172,0.9307108782318028,0.6284907106816439,29,4,196,5,
B4_apdtm_cls_cash_features_cash_full_clean_default,bpi2012,fit+sim,variant,HM,heuristics_miner,338af92936f97ac9,130,0.7220023086543421,0.8121921418178204,0.0,0.7950530873536228,0.7220023086543421,0.0901898331634782,0.0730507786992806,0.8889550532197732,0.0,74,5,196,5,
B4_apdtm_cls_cash_features_cash_full_clean_default,bpi2012,pre+gen,variant,HM,heuristics_miner,338af92936f97ac9,130,0.9308087292333024,0.9634656515705696,0.0,0.9308087292333024,0.5620641363266538,0.032656922337267,0.0,0.9661047362881778,1.0,37,1,196,5,
B4_apdtm_cls_cash_features_cash_full_clean_default,bpi2012,pre+sim,variant,HM,heuristics_miner,338af92936f97ac9,130,0.7292268256365932,0.8077460186427269,0.0,0.7292268256365932,0.2919435871764073,0.0785191930061336,0.0,0.9027922252862712,1.0,69,1,196,5,
B4_apdtm_cls_cash_features_cash_full_clean_default,bpi2012,gen+sim,variant,HM,heuristics_miner,338af92936f97ac9,130,0.7442175625114378,0.9184776167632608,0.0,0.9184776167632608,0.7145649935946908,0.174260054251823,0.174260054251823,0.8102729439766644,0.1454180151085293,77,4,196,5,
B4_apdtm_cls_cash_features_cash_full_clean_default,bpi2012,mix-fit,variant,HM,heuristics_miner,338af92936f97ac9,130,0.83840005945888,0.8579335371394458,0.0,0.83840005945888,0.565132495867034,0.0195334776805657,0.0,0.9772319453256308,1.0,6,1,196,5,
B4_apdtm_cls_cash_features_cash_full_clean_default,bpi2012,mix-prec,variant,HM,heuristics_miner,338af92936f97ac9,130,0.8846043943460913,0.9094815824532986,0.0,0.8846043943460913,0.5647060571163371,0.0248771881072072,0.0,0.9726468478447888,1.0,6,1,196,5,
B4_apdtm_cls_cash_features_cash_full_clean_default,bpi2012,mix-simp,variant,HM,heuristics_miner,338af92936f97ac9,130,0.7682066435415533,0.8154342316428806,0.0,0.7682066435415533,0.6886591593176022,0.0472275881013273,0.0,0.9420828973463912,1.0,22,1,196,5,
B4_apdtm_cls_cash_features_cash_full_clean_default,bpi2012,mix-gen,variant,HM,heuristics_miner,338af92936f97ac9,130,0.8144109784287645,0.858090575541927,0.0,0.8144109784287645,0.6550960964129823,0.0436795971131624,0.0,0.9490967523031276,1.0,14,1,196,5,
B4_apdtm_cls_cash_features_cash_full_clean_default,bpi2013_closed_problems,equal,variant,HM,heuristics_miner,596eb63f26ecfd51,133,0.7989866614480718,0.9163782860150956,0.0,0.8856717323021799,0.7989866614480718,0.1173916245670239,0.086685070854108,0.8718961084537417,0.0,159,5,196,5,
B4_apdtm_cls_cash_features_cash_full_clean_default,bpi2013_closed_problems,fitn,variant,HM,heuristics_miner,596eb63f26ecfd51,133,0.9944995246502784,1.0,0.0,1.0,0.6403632397723371,0.0055004753497216,0.0055004753497216,0.9944995246502784,0.9847054696348626,17,4,196,5,
B4_apdtm_cls_cash_features_cash_full_clean_default,bpi2013_closed_problems,prec,variant,HM,heuristics_miner,596eb63f26ecfd51,133,0.8684298767708944,1.0,0.0,1.0,0.7923798798798799,0.1315701232291055,0.1315701232291055,0.8684298767708944,0.3662939644145051,165,2,196,5,
B4_apdtm_cls_cash_features_cash_full_clean_default,bpi2013_closed_problems,gene,variant,HM,heuristics_miner,596eb63f26ecfd51,133,0.7139696253234955,0.9751741745874558,0.0,0.9417621438127408,0.7139696253234955,0.2612045492639603,0.2277925184892453,0.7321457478358038,0.0,171,5,196,5,
B4_apdtm_cls_cash_features_cash_full_clean_default,bpi2013_closed_problems,simp,variant,HM,heuristics_miner,596eb63f26ecfd51,133,0.6190476190476191,1.0,0.0,1.0,0.6190476190476191,0.3809523809523809,0.3809523809523809,0.6190476190476191,0.0,182,5,196,5,
B4_apdtm_cls_cash_features_cash_full_clean_default,bpi2013_closed_problems,fit+pre,variant,HM,heuristics_miner,596eb63f26ecfd51,133,0.9314647007105864,0.9833244744389686,0.0,0.9314647007105864,0.8201816198861686,0.0518597737283822,0.0,0.9472607719257974,1.0,49,1,196,5,
B4_apdtm_cls_cash_features_cash_full_clean_default,bpi2013_closed_problems,fit+gen,variant,HM,heuristics_miner,596eb63f26ecfd51,133,0.8542345749868869,0.9768396200213344,0.0,0.9708810719063704,0.7713434646043598,0.1226050450344473,0.1166464969194834,0.8744880505238213,0.4154159784880407,94,4,196,5,
B4_apdtm_cls_cash_features_cash_full_clean_default,bpi2013_closed_problems,fit+sim,variant,HM,heuristics_miner,596eb63f26ecfd51,133,0.8067735718489487,0.8813768133238105,0.0,0.8421052631578947,0.8067735718489487,0.0746032414748617,0.0353316913089459,0.9153560198690488,0.0,69,5,196,5,
B4_apdtm_cls_cash_features_cash_full_clean_default,bpi2013_closed_problems,pre+gen,variant,HM,heuristics_miner,596eb63f26ecfd51,133,0.791199751047195,0.9873630729568104,0.0,0.9511618447181912,0.791199751047195,0.1961633219096153,0.1599620936709962,0.8013260498773018,0.0,189,5,196,5,
B4_apdtm_cls_cash_features_cash_full_clean_default,bpi2013_closed_problems,pre+sim,variant,HM,heuristics_miner,596eb63f26ecfd51,133,0.7437387479092568,1.0,0.0,1.0,0.7267954731728345,0.2562612520907432,0.2562612520907432,0.7437387479092568,0.0620168155088471,173,2,196,5,
B4_apdtm_cls_cash_features_cash_full_clean_default,bpi2013_closed_problems,gen+sim,variant,HM,heuristics_miner,596eb63f26ecfd51,133,0.6665086221855573,0.987587087293728,0.0,0.9511618447181912,0.6665086221855573,0.3210784651081706,0.2846532225326339,0.674885922224826,0.0,182,5,196,5,
B4_apdtm_cls_cash_features_cash_full_clean_default,bpi2013_closed_problems,mix-fit,variant,HM,heuristics_miner,596eb63f26ecfd51,133,0.853535259233253,0.934116875905002,0.0,0.8687322836083959,0.8463776648525732,0.0805816166717491,0.0151970243751429,0.9137349739092562,0.320184139969531,90,4,196,5,
B4_apdtm_cls_cash_features_cash_full_clean_default,bpi2013_closed_problems,mix-prec,variant,HM,heuristics_miner,596eb63f26ecfd51,133,0.822367505140224,0.9478472946591556,0.0,0.8987697547853822,0.822367505140224,0.1254797895189315,0.0764022496451581,0.8676160282083688,0.0,164,5,196,5,
B4_apdtm_cls_cash_features_cash_full_clean_default,bpi2013_closed_problems,mix-simp,variant,HM,heuristics_miner,596eb63f26ecfd51,133,0.7756058177559197,0.8876203584183078,0.0,0.8725737098189776,0.7756058177559197,0.112014540662388,0.0969678920630578,0.8738035472034553,0.0,156,5,196,5,
B4_apdtm_cls_cash_features_cash_full_clean_default,bpi2013_closed_problems,mix-gen,variant,HM,heuristics_miner,596eb63f26ecfd51,133,0.7444380636628907,0.9265291608189076,0.0,0.9249657997517868,0.7444380636628907,0.182091097156017,0.1805277360888961,0.8034696533511403,0.0,172,5,196,5,
B4_apdtm_cls_cash_features_cash_full_clean_default,bpi2013_incidents,equal,variant,HM,heuristics_miner,10cce99744388f4f,131,0.8512319772476271,0.922771311384078,0.0,0.8512319772476271,0.6771578170832514,0.0715393341364507,0.0,0.9224733872261938,1.0,76,1,196,5,
B4_apdtm_cls_cash_features_cash_full_clean_default,bpi2013_incidents,fitn,variant,HM,heuristics_miner,10cce99744388f4f,131,0.995809115517265,1.0,0.0,1.0,0.2261167659340351,0.0041908844827349,0.0041908844827349,0.995809115517265,0.9945846035961832,11,4,196,5,
B4_apdtm_cls_cash_features_cash_full_clean_default,bpi2013_incidents,prec,variant,HM,heuristics_miner,10cce99744388f4f,131,0.8850810072924525,1.0,0.0,0.8850810072924525,0.6000158860441103,0.1149189927075474,0.0,0.8850810072924525,1.0,125,1,196,5,
B4_apdtm_cls_cash_features_cash_full_clean_default,bpi2013_incidents,gene,variant,HM,heuristics_miner,10cce99744388f4f,131,0.9024161645591694,0.9924026869731328,0.0,0.9374222306098524,0.871132170779936,0.0899865224139634,0.035006066050683,0.9093245880979768,0.4719258642924783,120,2,196,5,
B4_apdtm_cls_cash_features_cash_full_clean_default,bpi2013_incidents,simp,variant,HM,heuristics_miner,10cce99744388f4f,131,0.6216216216216216,1.0,0.0,1.0,0.6216216216216216,0.3783783783783784,0.3783783783783784,0.6216216216216216,0.0,171,5,196,5,
B4_apdtm_cls_cash_features_cash_full_clean_default,bpi2013_incidents,fit+pre,variant,HM,heuristics_miner,10cce99744388f4f,131,0.9404450614048588,0.9765794350540196,0.0,0.9404450614048588,0.4130663259890726,0.0361343736491608,0.0,0.9629990430351812,1.0,49,1,196,5,
B4_apdtm_cls_cash_features_cash_full_clean_default,bpi2013_incidents,fit+gen,variant,HM,heuristics_miner,10cce99744388f4f,131,0.9491126400382172,0.9948630084104292,0.0,0.9687111153049262,0.5543076911444477,0.0457503683722118,0.0195984752667088,0.954013398844419,0.9527067728592916,39,2,196,5,
B4_apdtm_cls_cash_features_cash_full_clean_default,bpi2013_incidents,fit+sim,variant,HM,heuristics_miner,10cce99744388f4f,131,0.8087153685694433,0.8762171658937965,0.0,0.8421052631578947,0.6130583829670175,0.0675017973243532,0.0333898945884514,0.9229622518802206,0.8542224431931759,54,4,196,5,
B4_apdtm_cls_cash_features_cash_full_clean_default,bpi2013_incidents,pre+gen,variant,HM,heuristics_miner,10cce99744388f4f,131,0.893748585925811,0.9962013434865664,0.0,0.893748585925811,0.7412572511994853,0.1024527575607554,0.0,0.8971565755952657,1.0,132,1,196,5,
B4_apdtm_cls_cash_features_cash_full_clean_default,bpi2013_incidents,pre+sim,variant,HM,heuristics_miner,10cce99744388f4f,131,0.7533513144570371,1.0,0.0,0.8000079430220551,0.6462487440701031,0.2466486855429629,0.046656628565018,0.7533513144570371,0.6965604082029737,154,2,196,5,
B4_apdtm_cls_cash_features_cash_full_clean_default,bpi2013_incidents,gen+sim,variant,HM,heuristics_miner,10cce99744388f4f,131,0.7620188930903955,0.9962013434865664,0.0,0.94124930817743,0.7620188930903955,0.2341824503961709,0.1792304150870345,0.7649245788240309,0.0,173,5,196,5,
B4_apdtm_cls_cash_features_cash_full_clean_default,bpi2013_incidents,mix-fit,variant,HM,heuristics_miner,10cce99744388f4f,131,0.8784138891748832,0.9349837317539984,0.0,0.8784138891748832,0.5587013338223332,0.0565698425791151,0.0,0.9394964418546706,1.0,55,1,196,5,
B4_apdtm_cls_cash_features_cash_full_clean_default,bpi2013_incidents,mix-prec,variant,HM,heuristics_miner,10cce99744388f4f,131,0.8860812375503471,0.9521545943141788,0.0,0.8860812375503471,0.6499792925109092,0.0660733567638317,0.0,0.9306064822263204,1.0,82,1,196,5,
B4_apdtm_cls_cash_features_cash_full_clean_default,bpi2013_incidents,mix-simp,variant,HM,heuristics_miner,10cce99744388f4f,131,0.8163827169449073,0.893388028453977,0.0,0.8237417114451061,0.7043363416555937,0.0770053115090697,0.0073589945001988,0.9138053017765094,0.9383696519413552,67,2,196,5,
B4_apdtm_cls_cash_features_cash_full_clean_default,bpi2013_incidents,mix-gen,variant,HM,heuristics_miner,10cce99744388f4f,131,0.8240500653203712,0.9176337438459292,0.0,0.8240500653203712,0.7736190326066823,0.093583678525558,0.0,0.8980163064477816,1.0,137,1,196,5,
B4_apdtm_cls_cash_features_cash_full_clean_default,bpi2013_open_problems,equal,variant,IMd,inductive_miner_imd,4b39f6be45649b32,131,0.9162455491114012,0.9162455491114012,0.0,0.9162455491114012,0.7971612190845068,0.0,0.0,1.0,1.0,1,1,196,5,
B4_apdtm_cls_cash_features_cash_full_clean_default,bpi2013_open_problems,fitn,variant,IMd,inductive_miner_imd,4b39f6be45649b32,131,0.98974515179206,1.0,0.0,1.0,0.5167192429022083,0.0102548482079399,0.0102548482079399,0.98974515179206,0.9787807644783488,32,4,196,5,
B4_apdtm_cls_cash_features_cash_full_clean_default,bpi2013_open_problems,prec,variant,IMd,inductive_miner_imd,4b39f6be45649b32,131,0.9741310903031264,1.0,0.0,1.0,0.9065645824471856,0.0258689096968736,0.0258689096968736,0.9741310903031264,0.7231359330924891,112,2,196,5,
B4_apdtm_cls_cash_features_cash_full_clean_default,bpi2013_open_problems,gene,variant,IMd,inductive_miner_imd,4b39f6be45649b32,131,0.96197551956781,0.9656228232165908,0.0,0.96197551956781,0.8611132579521872,0.0036473036487807,0.0,0.9962228485480168,1.0,5,1,196,5,
B4_apdtm_cls_cash_features_cash_full_clean_default,bpi2013_open_problems,simp,variant,IMd,inductive_miner_imd,4b39f6be45649b32,131,0.7391304347826086,1.0,0.0,0.7391304347826086,0.625,0.2608695652173913,0.0,0.7391304347826086,1.0,27,1,196,5,
B4_apdtm_cls_cash_features_cash_full_clean_default,bpi2013_open_problems,fit+pre,variant,IMd,inductive_miner_imd,4b39f6be45649b32,131,0.9819381210475931,0.9819381210475931,0.0,0.9819381210475931,0.7583596214511041,0.0,0.0,1.0,1.0,1,1,196,5,
B4_apdtm_cls_cash_features_cash_full_clean_default,bpi2013_open_problems,fit+gen,variant,IMd,inductive_miner_imd,4b39f6be45649b32,131,0.975860335679935,0.9828114116082952,0.0,0.975860335679935,0.7371795810261562,0.0069510759283603,0.0,0.9929273552929292,1.0,14,1,196,5,
B4_apdtm_cls_cash_features_cash_full_clean_default,bpi2013_open_problems,fit+sim,variant,IMd,inductive_miner_imd,4b39f6be45649b32,131,0.8644377932873344,0.8644377932873344,0.0,0.8644377932873344,0.6155024785939613,0.0,0.0,1.0,1.0,1,1,196,5,
B4_apdtm_cls_cash_features_cash_full_clean_default,bpi2013_open_problems,pre+gen,variant,IMd,inductive_miner_imd,4b39f6be45649b32,131,0.9680533049354684,0.9793652708841788,0.0,0.978819959575052,0.9115847807508796,0.0113119659487105,0.0107666546395838,0.9884496966708876,0.8398657543881931,16,2,196,5,
B4_apdtm_cls_cash_features_cash_full_clean_default,bpi2013_open_problems,pre+sim,variant,IMd,inductive_miner_imd,4b39f6be45649b32,131,0.8566307625428675,0.9951923076923076,0.0,0.8571428571428572,0.7935281517747859,0.1385615451494402,0.0005120945999896,0.8607690754053934,0.991950059392294,86,2,196,5,
B4_apdtm_cls_cash_features_cash_full_clean_default,bpi2013_open_problems,gen+sim,variant,IMd,inductive_miner_imd,4b39f6be45649b32,131,0.8505529771752094,0.978819959575052,0.0,0.8505529771752094,0.7430566289760936,0.1282669823998427,0.0,0.8689575328485037,1.0,26,1,196,5,
B4_apdtm_cls_cash_features_cash_full_clean_default,bpi2013_open_problems,mix-fit,variant,IMd,inductive_miner_imd,4b39f6be45649b32,131,0.9321610267210648,0.9321610267210648,0.0,0.9321610267210648,0.7453088319330367,0.0,0.0,1.0,1.0,1,1,196,5,
B4_apdtm_cls_cash_features_cash_full_clean_default,bpi2013_open_problems,mix-prec,variant,IMd,inductive_miner_imd,4b39f6be45649b32,131,0.9501071658282664,0.9501071658282664,0.0,0.9501071658282664,0.8620643957540444,0.0,0.0,1.0,1.0,1,1,196,5,
B4_apdtm_cls_cash_features_cash_full_clean_default,bpi2013_open_problems,mix-simp,variant,IMd,inductive_miner_imd,4b39f6be45649b32,131,0.8823839323945362,0.8823839323945362,0.0,0.8823839323945362,0.7322580424149691,0.0,0.0,1.0,1.0,1,1,196,5,
B4_apdtm_cls_cash_features_cash_full_clean_default,bpi2013_open_problems,mix-gen,variant,IMd,inductive_miner_imd,4b39f6be45649b32,131,0.9003300715017378,0.9253321454132266,0.0,0.9003300715017378,0.823835292661598,0.0250020739114887,0.0,0.9729804329878504,1.0,10,1,196,5,
B4_apdtm_cls_cash_features_cash_full_clean_default,bpi2017,equal,variant,HM,heuristics_miner,811f4a70bfa6226f,131,0.7897159833979309,0.8802301190425359,0.0,0.7897159833979309,0.5001675983519174,0.0905141356446049,0.0,0.8971699176312428,1.0,51,1,196,5,
B4_apdtm_cls_cash_features_cash_full_clean_default,bpi2017,fitn,variant,HM,heuristics_miner,811f4a70bfa6226f,131,0.8359794443006674,1.0,0.0,1.0,0.495774473479623,0.1640205556993326,0.1640205556993326,0.8359794443006674,0.6747079489782553,119,4,196,5,
B4_apdtm_cls_cash_features_cash_full_clean_default,bpi2017,prec,variant,HM,heuristics_miner,811f4a70bfa6226f,131,0.9977548056712652,0.9982184707429071,0.0,0.9977548056712652,0.1259019512485154,0.0004636650716419,0.0,0.9995355074212392,1.0,4,1,196,5,
B4_apdtm_cls_cash_features_cash_full_clean_default,bpi2017,gene,variant,HM,heuristics_miner,811f4a70bfa6226f,131,0.8436482021383097,0.99095165942404,0.0,0.988416241415834,0.8436482021383097,0.1473034572857302,0.1447680392775242,0.8513515206469852,0.0,108,5,196,5,
B4_apdtm_cls_cash_features_cash_full_clean_default,bpi2017,simp,variant,HM,heuristics_miner,811f4a70bfa6226f,131,0.4814814814814814,0.7701149425287357,0.0,0.6170212765957447,0.392,0.2886334610472543,0.1355397951142632,0.6252072968490877,0.3976578696699721,109,3,196,5,
B4_apdtm_cls_cash_features_cash_full_clean_default,bpi2017,fit+pre,variant,HM,heuristics_miner,811f4a70bfa6226f,131,0.9168671249859665,0.9550451175767803,0.0,0.9168671249859665,0.3108382123640691,0.0381779925908141,0.0,0.9600249329710386,1.0,30,1,196,5,
B4_apdtm_cls_cash_features_cash_full_clean_default,bpi2017,fit+gen,variant,HM,heuristics_miner,811f4a70bfa6226f,131,0.8398138232194885,0.9949668505231788,0.0,0.994208120707917,0.7413842210795771,0.1551530273036903,0.1543942974884284,0.8440621140070075,0.3893207971422258,109,4,196,5,
B4_apdtm_cls_cash_features_cash_full_clean_default,bpi2017,fit+sim,variant,HM,heuristics_miner,811f4a70bfa6226f,131,0.6587304628910744,0.8402404432249244,0.0,0.8085106382978724,0.4438872367398115,0.18150998033385,0.149780175406798,0.783978524483781,0.589219521383496,117,4,196,5,
B4_apdtm_cls_cash_features_cash_full_clean_default,bpi2017,pre+gen,variant,HM,heuristics_miner,811f4a70bfa6226f,131,0.9207015039047874,0.98591999350851,0.0,0.9207015039047874,0.5564479599640234,0.0652184896037224,0.0,0.9338501196515602,1.0,37,1,196,5,
B4_apdtm_cls_cash_features_cash_full_clean_default,bpi2017,pre+sim,variant,HM,heuristics_miner,811f4a70bfa6226f,131,0.7396181435763733,0.8723812160130642,0.0,0.7396181435763733,0.2589509756242577,0.1327630724366908,0.0,0.8478153013845926,1.0,45,1,196,5,
B4_apdtm_cls_cash_features_cash_full_clean_default,bpi2017,gen+sim,variant,HM,heuristics_miner,811f4a70bfa6226f,131,0.6625648418098955,0.8792604640175905,0.0,0.7963457765194307,0.6625648418098955,0.216695622207695,0.1337809347095352,0.7535478608721342,0.0,119,5,196,5,
B4_apdtm_cls_cash_features_cash_full_clean_default,bpi2017,mix-fit,variant,HM,heuristics_miner,811f4a70bfa6226f,131,0.8143793359317738,0.8744182289149186,0.0,0.8143793359317738,0.413179771634357,0.0600388929831448,0.0,0.9313384705421248,1.0,49,1,196,5,
B4_apdtm_cls_cash_features_cash_full_clean_default,bpi2017,mix-prec,variant,HM,heuristics_miner,811f4a70bfa6226f,131,0.8675404199182807,0.9247332260272324,0.0,0.8675404199182807,0.4848138657991901,0.0571928061089518,0.0,0.938152102142302,1.0,38,1,196,5,
B4_apdtm_cls_cash_features_cash_full_clean_default,bpi2017,mix-simp,variant,HM,heuristics_miner,811f4a70bfa6226f,131,0.7118915468775813,0.8548318499663207,0.0,0.7712039241360872,0.5155213309046448,0.1429403030887394,0.0593123772585059,0.8327854734303933,0.7680234054697,99,3,196,5,
B4_apdtm_cls_cash_features_cash_full_clean_default,bpi2017,mix-gen,variant,HM,heuristics_miner,811f4a70bfa6226f,131,0.7650526308640881,0.8969137795391169,0.0,0.7650526308640881,0.587155425069478,0.1318611486750287,0.0,0.8529834732355365,1.0,60,1,196,5,
B4_apdtm_cls_cash_features_cash_full_clean_default,bpi2020_domestic,equal,variant,HM,heuristics_miner,7ff65ee42a91cefb,132,0.782697276145632,0.9013014428805918,0.0,0.782697276145632,0.5280586222617515,0.1186041667349597,0.0,0.868407880990519,1.0,137,1,196,5,
B4_apdtm_cls_cash_features_cash_full_clean_default,bpi2020_domestic,fitn,variant,HM,heuristics_miner,7ff65ee42a91cefb,132,0.9251912994498018,1.0,0.0,1.0,0.723032771051894,0.0748087005501981,0.0748087005501981,0.9251912994498018,0.7299005343183951,112,4,196,5,
B4_apdtm_cls_cash_features_cash_full_clean_default,bpi2020_domestic,prec,variant,HM,heuristics_miner,7ff65ee42a91cefb,132,0.8670356093278883,0.986007752461474,0.0,0.8670356093278883,0.1975518121669374,0.1189721431335857,0.0,0.8793395459248843,1.0,108,1,196,5,
B4_apdtm_cls_cash_features_cash_full_clean_default,bpi2020_domestic,gene,variant,HM,heuristics_miner,7ff65ee42a91cefb,132,0.7516056740657073,0.9326053854610896,0.0,0.8554073029005208,0.7516056740657073,0.1809997113953823,0.1038016288348134,0.8059203665161185,0.0,181,5,196,5,
B4_apdtm_cls_cash_features_cash_full_clean_default,bpi2020_domestic,simp,variant,HM,heuristics_miner,7ff65ee42a91cefb,132,0.5869565217391304,0.875,0.0,0.6000000000000001,0.3541666666666666,0.2880434782608696,0.0130434782608697,0.670807453416149,0.9469417833456149,154,3,196,5,
B4_apdtm_cls_cash_features_cash_full_clean_default,bpi2020_domestic,fit+pre,variant,HM,heuristics_miner,7ff65ee42a91cefb,132,0.896113454388845,0.980580685505521,0.0,0.896113454388845,0.4865074575922279,0.0844672311166759,0.0,0.9138599889175562,1.0,125,1,196,5,
B4_apdtm_cls_cash_features_cash_full_clean_default,bpi2020_domestic,fit+gen,variant,HM,heuristics_miner,7ff65ee42a91cefb,132,0.8383984867577545,0.9529492086056026,0.0,0.9277036514502603,0.7540428391238887,0.114550721847848,0.0893051646925058,0.8797934655767606,0.4857494704984506,174,4,196,5,
B4_apdtm_cls_cash_features_cash_full_clean_default,bpi2020_domestic,fit+sim,variant,HM,heuristics_miner,7ff65ee42a91cefb,132,0.756073910594466,0.892967594352212,0.0,0.8,0.5385997188592803,0.1368936837577459,0.043926089405534,0.8466980385138689,0.8319585227152558,141,3,196,5,
B4_apdtm_cls_cash_features_cash_full_clean_default,bpi2020_domestic,pre+gen,variant,HM,heuristics_miner,7ff65ee42a91cefb,132,0.8093206416967977,0.957510356458128,0.0,0.8093206416967977,0.5175175256642226,0.1481897147613302,0.0,0.8452343478461263,1.0,134,1,196,5,
B4_apdtm_cls_cash_features_cash_full_clean_default,bpi2020_domestic,pre+sim,variant,HM,heuristics_miner,7ff65ee42a91cefb,132,0.7269960655335093,0.8607303005919194,0.0,0.7269960655335093,0.3020744053996142,0.1337342350584101,0.0,0.8446270161902726,1.0,128,1,196,5,
B4_apdtm_cls_cash_features_cash_full_clean_default,bpi2020_domestic,gen+sim,variant,HM,heuristics_miner,7ff65ee42a91cefb,132,0.6692810979024189,0.836843156586478,0.0,0.7277036514502604,0.569609786931275,0.1675620586840591,0.0584225535478415,0.7997688606697191,0.6304565409568719,166,3,196,5,
B4_apdtm_cls_cash_features_cash_full_clean_default,bpi2020_domestic,mix-fit,variant,HM,heuristics_miner,7ff65ee42a91cefb,132,0.822739074332684,0.9217713572150562,0.0,0.822739074332684,0.5135463757134479,0.0990322828823722,0.0,0.8925630720598892,1.0,129,1,196,5,
B4_apdtm_cls_cash_features_cash_full_clean_default,bpi2020_domestic,mix-prec,variant,HM,heuristics_miner,7ff65ee42a91cefb,132,0.8160298580147409,0.939640856836592,0.0,0.8160298580147409,0.5155319506888352,0.1236109988218511,0.0,0.86844867597818,1.0,131,1,196,5,
B4_apdtm_cls_cash_features_cash_full_clean_default,bpi2020_domestic,mix-simp,variant,HM,heuristics_miner,7ff65ee42a91cefb,132,0.749364694276523,0.8629620289245914,0.0,0.7501620398307685,0.5405852938346677,0.1135973346480684,0.0007973455542454,0.8683634611483063,0.9961954483525556,158,3,196,5,
B4_apdtm_cls_cash_features_cash_full_clean_default,bpi2020_domestic,mix-gen,variant,HM,heuristics_miner,7ff65ee42a91cefb,132,0.7426554779585799,0.88113234738198,0.0,0.7426554779585799,0.5425708688100551,0.1384768694234001,0.0,0.8428421452976473,1.0,140,1,196,5,
B4_apdtm_cls_cash_features_cash_full_clean_default,bpi2020_international,equal,variant,HM,heuristics_miner,a8fc09154990e706,131,0.748944593081187,0.8501918473231604,0.0,0.748944593081187,0.4273062136187044,0.1012472542419734,0.0,0.8809124616276295,1.0,74,1,196,5,
B4_apdtm_cls_cash_features_cash_full_clean_default,bpi2020_international,fitn,variant,HM,heuristics_miner,a8fc09154990e706,131,0.9008203009126576,1.0,0.0,1.0,0.543631678095892,0.0991796990873423,0.0991796990873423,0.9008203009126576,0.7826761974329542,91,4,196,5,
B4_apdtm_cls_cash_features_cash_full_clean_default,bpi2020_international,prec,variant,HM,heuristics_miner,a8fc09154990e706,131,0.914192461570857,1.0,0.0,0.914192461570857,0.0,0.085807538429143,0.0,0.914192461570857,1.0,28,1,196,5,
B4_apdtm_cls_cash_features_cash_full_clean_default,bpi2020_international,gene,variant,HM,heuristics_miner,a8fc09154990e706,131,0.6807656098412334,0.9418786896404474,0.0,0.9085268002629592,0.6807656098412334,0.261113079799214,0.2277611904217258,0.7227741930344647,0.0,167,5,196,5,
B4_apdtm_cls_cash_features_cash_full_clean_default,bpi2020_international,simp,variant,HM,heuristics_miner,a8fc09154990e706,131,0.5,0.726190476190476,0.0,0.6222222222222222,0.2668810289389067,0.226190476190476,0.1222222222222222,0.6885245901639345,0.6560426302030967,148,3,196,5,
B4_apdtm_cls_cash_features_cash_full_clean_default,bpi2020_international,fit+pre,variant,HM,heuristics_miner,a8fc09154990e706,131,0.9075063812417572,0.9444725618292222,0.0,0.9075063812417572,0.271815839047946,0.0369661805874649,0.0,0.9608605034371036,1.0,33,1,196,5,
B4_apdtm_cls_cash_features_cash_full_clean_default,bpi2020_international,fit+gen,variant,HM,heuristics_miner,a8fc09154990e706,131,0.7907929553769455,0.9642924535411258,0.0,0.9542634001314796,0.7211719127679556,0.1734994981641803,0.1634704447545341,0.8200758519606306,0.2986854792359302,159,4,196,5,
B4_apdtm_cls_cash_features_cash_full_clean_default,bpi2020_international,fit+sim,variant,HM,heuristics_miner,a8fc09154990e706,131,0.7004101504563288,0.8252695672008914,0.0,0.7964877749920367,0.4052563535173993,0.1248594167445625,0.0960776245357079,0.8487046878899769,0.7544225252318176,136,3,196,5,
B4_apdtm_cls_cash_features_cash_full_clean_default,bpi2020_international,pre+gen,variant,HM,heuristics_miner,a8fc09154990e706,131,0.7974790357060452,0.9244692854293904,0.0,0.7974790357060452,0.4493560737200096,0.1269902497233451,0.0,0.8626344306675784,1.0,62,1,196,5,
B4_apdtm_cls_cash_features_cash_full_clean_default,bpi2020_international,pre+sim,variant,HM,heuristics_miner,a8fc09154990e706,131,0.7070962307854285,0.863095238095238,0.0,0.7070962307854285,0.1334405144694533,0.1559990073098095,0.0,0.8192563225651862,1.0,49,1,196,5,
B4_apdtm_cls_cash_features_cash_full_clean_default,bpi2020_international,gen+sim,variant,HM,heuristics_miner,a8fc09154990e706,131,0.5903828049206167,0.8021013140485984,0.0,0.7494471551579674,0.5827965881894629,0.2117185091279817,0.1590643502373507,0.7360451785581367,0.0455216977004795,163,4,196,5,
B4_apdtm_cls_cash_features_cash_full_clean_default,bpi2020_international,mix-fit,variant,HM,heuristics_miner,a8fc09154990e706,131,0.8026624198204434,0.8651430903153831,0.0,0.8026624198204434,0.36070009177014,0.0624806704949396,0.0,0.9277799577961576,1.0,55,1,196,5,
B4_apdtm_cls_cash_features_cash_full_clean_default,bpi2020_international,mix-prec,variant,HM,heuristics_miner,a8fc09154990e706,131,0.8000707277632444,0.8789785552291676,0.0,0.8000707277632444,0.4050280827450748,0.0789078274659231,0.0,0.910227812730482,1.0,61,1,196,5,
B4_apdtm_cls_cash_features_cash_full_clean_default,bpi2020_international,mix-simp,variant,HM,heuristics_miner,a8fc09154990e706,131,0.6978184583991296,0.8280233355013684,0.0,0.7380189347317311,0.4495843444923341,0.1302048771022388,0.0402004763326014,0.8427521646797554,0.8606253282616498,133,3,196,5,
B4_apdtm_cls_cash_features_cash_full_clean_default,bpi2020_international,mix-gen,variant,HM,heuristics_miner,a8fc09154990e706,131,0.6952267663419306,0.8352406043309378,0.0,0.6952267663419306,0.4939123354672689,0.1400138379890072,0.0,0.8323670601465022,1.0,109,1,196,5,
B4_apdtm_cls_cash_features_cash_full_clean_default,bpi2020_payment,equal,variant,HM,heuristics_miner,67cd1ccc54854e66,133,0.7459843675155176,0.8696763776738392,0.0,0.7459843675155176,0.4539079536155171,0.1236920101583216,0.0,0.8577723698910094,1.0,129,1,196,5,
B4_apdtm_cls_cash_features_cash_full_clean_default,bpi2020_payment,fitn,variant,HM,heuristics_miner,67cd1ccc54854e66,133,0.9375704546963164,1.0,0.0,1.0,0.6986954515961711,0.0624295453036836,0.0624295453036836,0.9375704546963164,0.7928025128249598,96,4,196,5,
B4_apdtm_cls_cash_features_cash_full_clean_default,bpi2020_payment,prec,variant,HM,heuristics_miner,67cd1ccc54854e66,133,0.8082905921163525,1.0,0.0,0.8082905921163525,0.0,0.1917094078836475,0.0,0.8082905921163525,1.0,103,1,196,5,
B4_apdtm_cls_cash_features_cash_full_clean_default,bpi2020_payment,gene,variant,HM,heuristics_miner,67cd1ccc54854e66,133,0.6750512131653676,0.9042989365923124,0.0,0.8669709790187637,0.6750512131653676,0.2292477234269447,0.1919197658533961,0.7464912163992766,0.0,180,5,196,5,
B4_apdtm_cls_cash_features_cash_full_clean_default,bpi2020_payment,simp,variant,HM,heuristics_miner,67cd1ccc54854e66,133,0.5630252100840336,0.8214285714285714,0.0,0.6000000000000001,0.3333333333333333,0.2584033613445378,0.0369747899159664,0.6854219948849105,0.8613445378151258,159,3,196,5,
B4_apdtm_cls_cash_features_cash_full_clean_default,bpi2020_payment,fit+pre,variant,HM,heuristics_miner,67cd1ccc54854e66,133,0.8729305234063345,0.9825892284678608,0.0,0.8729305234063345,0.3493477257980855,0.1096587050615264,0.0,0.8883982218769935,1.0,101,1,196,5,
B4_apdtm_cls_cash_features_cash_full_clean_default,bpi2020_payment,fit+gen,variant,HM,heuristics_miner,67cd1ccc54854e66,133,0.806310833930842,0.951497082337022,0.0,0.9334854895093818,0.7411492405643676,0.1451862484061801,0.1271746555785398,0.8474128285821113,0.3387899770526514,171,4,196,5,
B4_apdtm_cls_cash_features_cash_full_clean_default,bpi2020_payment,fit+sim,variant,HM,heuristics_miner,67cd1ccc54854e66,133,0.750297832390175,0.8691224178435837,0.0,0.8,0.5160143924647522,0.1188245854534086,0.049702167609825,0.8632821073143765,0.8249834981385242,151,3,196,5,
B4_apdtm_cls_cash_features_cash_full_clean_default,bpi2020_payment,pre+gen,variant,HM,heuristics_miner,67cd1ccc54854e66,133,0.7416709026408601,0.916868426053467,0.0,0.7416709026408601,0.391801514766282,0.1751975234126068,0.0,0.8089174864852525,1.0,127,1,196,5,
B4_apdtm_cls_cash_features_cash_full_clean_default,bpi2020_payment,pre+sim,variant,HM,heuristics_miner,67cd1ccc54854e66,133,0.6856579011001931,0.87,0.0,0.6856579011001931,0.1666666666666666,0.1843420988998069,0.0,0.788112530000222,1.0,122,1,196,5,
B4_apdtm_cls_cash_features_cash_full_clean_default,bpi2020_payment,gen+sim,variant,HM,heuristics_miner,67cd1ccc54854e66,133,0.6190382116247006,0.7955758933524278,0.0,0.7334854895093819,0.5584681814329486,0.1765376817277272,0.1144472778846812,0.7781007654922448,0.346080229763904,170,4,196,5,
B4_apdtm_cls_cash_features_cash_full_clean_default,bpi2020_payment,mix-fit,variant,HM,heuristics_miner,67cd1ccc54854e66,133,0.7976255228467759,0.9053177010011466,0.0,0.7976255228467759,0.4245051502583915,0.1076921781543707,0.0,0.8810448773560053,1.0,121,1,196,5,
B4_apdtm_cls_cash_features_cash_full_clean_default,bpi2020_payment,mix-prec,variant,HM,heuristics_miner,67cd1ccc54854e66,133,0.769648212743818,0.9102277500261444,0.0,0.769648212743818,0.4081533325123367,0.1405795372823265,0.0,0.8455556455202683,1.0,126,1,196,5,
B4_apdtm_cls_cash_features_cash_full_clean_default,bpi2020_payment,mix-simp,variant,HM,heuristics_miner,67cd1ccc54854e66,133,0.7223205222872171,0.829125005321534,0.0,0.7427293481371395,0.4996625747186974,0.1068044830343168,0.0204088258499224,0.8711841008909167,0.9160361345859952,155,3,196,5,
B4_apdtm_cls_cash_features_cash_full_clean_default,bpi2020_payment,mix-gen,variant,HM,heuristics_miner,67cd1ccc54854e66,133,0.6943432121842593,0.836099433132433,0.0,0.6943432121842593,0.4833107569726427,0.1417562209481736,0.0,0.8304553079086703,1.0,145,1,196,5,
B4_apdtm_cls_cash_features_cash_full_clean_default,bpi2020_permit,equal,variant,HM,heuristics_miner,8dc0dde1f149f92e,131,0.6953084541835005,0.8429076490043279,0.0,0.6953084541835005,0.0,0.1475991948208274,0.0,0.8248928040987922,1.0,86,1,196,5,
B4_apdtm_cls_cash_features_cash_full_clean_default,bpi2020_permit,fitn,variant,HM,heuristics_miner,8dc0dde1f149f92e,131,0.8888124281765335,1.0,0.0,1.0,0.0,0.1111875718234665,0.1111875718234665,0.8888124281765335,0.8888124281765335,74,3,196,5,
B4_apdtm_cls_cash_features_cash_full_clean_default,bpi2020_permit,prec,variant,HM,heuristics_miner,8dc0dde1f149f92e,131,0.8137442437123628,0.9911533085603246,0.0,0.8137442437123628,0.0,0.1774090648479618,0.0,0.8210074432323159,1.0,43,1,196,5,
B4_apdtm_cls_cash_features_cash_full_clean_default,bpi2020_permit,gene,variant,HM,heuristics_miner,8dc0dde1f149f92e,131,0.6027735303872743,0.9078165537742844,0.0,0.8652393738255396,0.0,0.30504302338701,0.2624658434382653,0.6639816468219474,0.6966552246948635,168,4,196,5,
B4_apdtm_cls_cash_features_cash_full_clean_default,bpi2020_permit,simp,variant,HM,heuristics_miner,8dc0dde1f149f92e,131,0.4759036144578313,0.7142857142857143,0.0,0.5946547884187082,0.0,0.238382099827883,0.1187511739608769,0.6662650602409638,0.8003023329272144,130,2,196,5,
B4_apdtm_cls_cash_features_cash_full_clean_default,bpi2020_permit,fit+pre,variant,HM,heuristics_miner,8dc0dde1f149f92e,131,0.8512783359444481,0.9243881790529204,0.0,0.8512783359444481,0.0,0.0731098431084723,0.0,0.9209100194429392,1.0,34,1,196,5,
B4_apdtm_cls_cash_features_cash_full_clean_default,bpi2020_permit,fit+gen,variant,HM,heuristics_miner,8dc0dde1f149f92e,131,0.7457929792819039,0.9448808304983668,0.0,0.93261968691277,0.0,0.1990878512164628,0.1868267076308659,0.7892984545877005,0.7996753550749993,159,3,196,5,
B4_apdtm_cls_cash_features_cash_full_clean_default,bpi2020_permit,fit+sim,variant,HM,heuristics_miner,8dc0dde1f149f92e,131,0.6823580213171824,0.8272924879786688,0.0,0.7973273942093542,0.0,0.1449344666614864,0.1149693728921718,0.8248086755681704,0.8558065686352371,119,3,196,5,
B4_apdtm_cls_cash_features_cash_full_clean_default,bpi2020_permit,pre+gen,variant,HM,heuristics_miner,8dc0dde1f149f92e,131,0.7082588870498185,0.9322600772514232,0.0,0.7082588870498185,0.0,0.2240011902016045,0.0,0.7597224254609014,1.0,78,1,196,5,
B4_apdtm_cls_cash_features_cash_full_clean_default,bpi2020_permit,pre+sim,variant,HM,heuristics_miner,8dc0dde1f149f92e,131,0.644823929085097,0.816594001468874,0.0,0.644823929085097,0.0,0.1717700723837769,0.0,0.7896505826949498,1.0,46,1,196,5,
B4_apdtm_cls_cash_features_cash_full_clean_default,bpi2020_permit,gen+sim,variant,HM,heuristics_miner,8dc0dde1f149f92e,131,0.5393385724225528,0.7992898469819344,0.0,0.7281672934908063,0.0,0.2599512745593816,0.1888287210682535,0.6747722049254843,0.7406794801741015,160,4,196,5,
B4_apdtm_cls_cash_features_cash_full_clean_default,bpi2020_permit,mix-fit,variant,HM,heuristics_miner,8dc0dde1f149f92e,131,0.755106320314616,0.8639118088087243,0.0,0.755106320314616,0.0,0.1088054884941083,0.0,0.8740548660352916,1.0,52,1,196,5,
B4_apdtm_cls_cash_features_cash_full_clean_default,bpi2020_permit,mix-prec,variant,HM,heuristics_miner,8dc0dde1f149f92e,131,0.7316826036822173,0.8885842618048088,0.0,0.7316826036822173,0.0,0.1569016581225915,0.0,0.8234251214354082,1.0,68,1,196,5,
B4_apdtm_cls_cash_features_cash_full_clean_default,bpi2020_permit,mix-simp,variant,HM,heuristics_miner,8dc0dde1f149f92e,131,0.6589343046847838,0.81761289182125,0.0,0.7200015916100726,0.0,0.1586785871364662,0.0610672869252888,0.8059245533873539,0.9151845112054132,130,2,196,5,
B4_apdtm_cls_cash_features_cash_full_clean_default,bpi2020_permit,mix-gen,variant,HM,heuristics_miner,8dc0dde1f149f92e,131,0.6355105880523851,0.8269571869508153,0.0,0.642675789010791,0.0,0.1914465988984302,0.0071652009584058,0.7684927322485235,0.9888509866391036,127,2,196,5,
B4_apdtm_cls_cash_features_cash_full_clean_default,bpi2020_prepaid,equal,variant,HM,heuristics_miner,29f7ad244446d4aa,131,0.7280027250543759,0.8668476328686328,0.0,0.7280027250543759,0.3835715428314981,0.1388449078142568,0.0,0.8398277822426744,1.0,83,1,196,5,
B4_apdtm_cls_cash_features_cash_full_clean_default,bpi2020_prepaid,fitn,variant,HM,heuristics_miner,29f7ad244446d4aa,131,0.9016178004778508,1.0,0.0,1.0,0.4702681384715757,0.0983821995221492,0.0983821995221492,0.9016178004778508,0.8142792483006607,85,4,196,5,
B4_apdtm_cls_cash_features_cash_full_clean_default,bpi2020_prepaid,prec,variant,HM,heuristics_miner,29f7ad244446d4aa,131,0.8877260430015663,0.9997522759645756,0.0,0.8877260430015663,0.0,0.1120262329630092,0.0,0.8879460085700482,1.0,23,1,196,5,
B4_apdtm_cls_cash_features_cash_full_clean_default,bpi2020_prepaid,gene,variant,HM,heuristics_miner,29f7ad244446d4aa,131,0.5988575329285628,0.9112866050560324,0.0,0.8904211520153033,0.5988575329285628,0.3124290721274696,0.2915636190867404,0.6571560797733231,0.0,176,5,196,5,
B4_apdtm_cls_cash_features_cash_full_clean_default,bpi2020_prepaid,simp,variant,HM,heuristics_miner,29f7ad244446d4aa,131,0.5238095238095238,0.8241758241758241,0.0,0.5903614457831325,0.1867088607594936,0.3003663003663003,0.0665519219736087,0.6355555555555557,0.8351257382144319,140,3,196,5,
B4_apdtm_cls_cash_features_cash_full_clean_default,bpi2020_prepaid,fit+pre,variant,HM,heuristics_miner,29f7ad244446d4aa,131,0.8946719217397086,0.9548684615240935,0.0,0.8946719217397086,0.2351340692357878,0.0601965397843851,0.0,0.936958290895582,1.0,27,1,196,5,
B4_apdtm_cls_cash_features_cash_full_clean_default,bpi2020_prepaid,fit+gen,variant,HM,heuristics_miner,29f7ad244446d4aa,131,0.7502376667032068,0.949603353381388,0.0,0.9452105760076516,0.6737886552832494,0.1993656866781812,0.1949729093044448,0.7900537250966191,0.2816611540288324,171,4,196,5,
B4_apdtm_cls_cash_features_cash_full_clean_default,bpi2020_prepaid,fit+sim,variant,HM,heuristics_miner,29f7ad244446d4aa,131,0.7127136621436874,0.8494129668934964,0.0,0.7884684371297543,0.3284884996155346,0.136699304749809,0.0757547749860669,0.8390661432333077,0.8353085236815897,132,3,196,5,
B4_apdtm_cls_cash_features_cash_full_clean_default,bpi2020_prepaid,pre+gen,variant,HM,heuristics_miner,29f7ad244446d4aa,131,0.7432917879650646,0.9409693886867966,0.0,0.7432917879650646,0.4386545860474615,0.197677600721732,0.0,0.7899213267738624,1.0,65,1,196,5,
B4_apdtm_cls_cash_features_cash_full_clean_default,bpi2020_prepaid,pre+sim,variant,HM,heuristics_miner,29f7ad244446d4aa,131,0.7057677834055451,0.8334790489391193,0.0,0.7057677834055451,0.0933544303797468,0.1277112655335741,0.0,0.8467732743898849,1.0,38,1,196,5,
B4_apdtm_cls_cash_features_cash_full_clean_default,bpi2020_prepaid,gen+sim,variant,HM,heuristics_miner,29f7ad244446d4aa,131,0.5613335283690433,0.815098321546149,0.0,0.7379476465690233,0.5320090164272083,0.2537647931771057,0.17661411819998,0.6886697144759877,0.1423944207147598,167,4,196,5,
B4_apdtm_cls_cash_features_cash_full_clean_default,bpi2020_prepaid,mix-fit,variant,HM,heuristics_miner,29f7ad244446d4aa,131,0.7916125911463714,0.8887029376845874,0.0,0.7916125911463714,0.3131799447500213,0.097090346538216,0.0,0.8907505056850902,1.0,40,1,196,5,
B4_apdtm_cls_cash_features_cash_full_clean_default,bpi2020_prepaid,mix-prec,variant,HM,heuristics_miner,29f7ad244446d4aa,131,0.767452189555718,0.9102502378418412,0.0,0.767452189555718,0.3759172653987414,0.142798048286123,0.0,0.843122207114507,1.0,52,1,196,5,
B4_apdtm_cls_cash_features_cash_full_clean_default,bpi2020_prepaid,mix-simp,variant,HM,heuristics_miner,29f7ad244446d4aa,131,0.688553260553034,0.8311667650921324,0.0,0.724823854120391,0.3912258202642548,0.1426135045390983,0.0362705935673569,0.8284177008409497,0.8912745583416759,140,3,196,5,
B4_apdtm_cls_cash_features_cash_full_clean_default,bpi2020_prepaid,mix-gen,variant,HM,heuristics_miner,29f7ad244446d4aa,131,0.6643928589623807,0.8449923280526782,0.0,0.6643928589623807,0.4539631409129749,0.1805994690902975,0.0,0.7862708771492672,1.0,142,1,196,5,
B4_apdtm_cls_cash_features_cash_full_clean_default,bpic15_1,equal,variant,IMd,inductive_miner_imd,8ec8a2cb08851acf,130,0.5006533211257762,0.7538067736145151,0.0,0.5006533211257762,0.0,0.2531534524887389,0.0,0.6641666520521378,1.0,124,1,196,5,
B4_apdtm_cls_cash_features_cash_full_clean_default,bpic15_1,fitn,variant,IMd,inductive_miner_imd,8ec8a2cb08851acf,130,1.0,1.0,0.0,1.0,0.0,0.0,0.0,1.0,1.0,1,1,196,5,
B4_apdtm_cls_cash_features_cash_full_clean_default,bpic15_1,prec,variant,IMd,inductive_miner_imd,8ec8a2cb08851acf,130,0.0055144083252097,0.9967132292522596,0.0,0.0055144083252097,0.0,0.99119882092705,0.0,0.0055325926890191,1.0,141,1,196,5,
B4_apdtm_cls_cash_features_cash_full_clean_default,bpic15_1,gene,variant,IMd,inductive_miner_imd,8ec8a2cb08851acf,130,0.6526451647517064,0.7947596517508088,0.0,0.6526451647517064,0.0,0.1421144869991023,0.0,0.8211855789532942,1.0,112,1,196,5,
B4_apdtm_cls_cash_features_cash_full_clean_default,bpic15_1,simp,variant,IMd,inductive_miner_imd,8ec8a2cb08851acf,130,0.3444537114261885,1.0,0.0,0.3444537114261885,0.0,0.6555462885738115,0.0,0.3444537114261885,1.0,137,1,196,5,
B4_apdtm_cls_cash_features_cash_full_clean_default,bpic15_1,fit+pre,variant,IMd,inductive_miner_imd,8ec8a2cb08851acf,130,0.5027572041626048,0.8688577238297088,0.0,0.5027572041626048,0.0,0.366100519667104,0.0,0.5786415777563397,1.0,74,1,196,5,
B4_apdtm_cls_cash_features_cash_full_clean_default,bpic15_1,fit+gen,variant,IMd,inductive_miner_imd,8ec8a2cb08851acf,130,0.8263225823758532,0.871727415992749,0.0,0.8263225823758532,0.0,0.0454048336168958,0.0,0.9479139547708414,1.0,4,1,196,5,
B4_apdtm_cls_cash_features_cash_full_clean_default,bpic15_1,fit+sim,variant,IMd,inductive_miner_imd,8ec8a2cb08851acf,130,0.6722268557130943,0.8645266546833184,0.0,0.6722268557130943,0.0,0.1922997989702241,0.0,0.7775663735426819,1.0,85,1,196,5,
B4_apdtm_cls_cash_features_cash_full_clean_default,bpic15_1,pre+gen,variant,IMd,inductive_miner_imd,8ec8a2cb08851acf,130,0.329079786538458,0.8387467991159434,0.0,0.329079786538458,0.0,0.5096670125774854,0.0,0.3923469954047097,1.0,126,1,196,5,
B4_apdtm_cls_cash_features_cash_full_clean_default,bpic15_1,pre+sim,variant,IMd,inductive_miner_imd,8ec8a2cb08851acf,130,0.1749840598756991,0.8214077863143173,0.0,0.1749840598756991,0.0,0.6464237264386182,0.0,0.2130294633081798,1.0,142,1,196,5,
B4_apdtm_cls_cash_features_cash_full_clean_default,bpic15_1,gen+sim,variant,IMd,inductive_miner_imd,8ec8a2cb08851acf,130,0.4985494380889474,0.8973798258754044,0.0,0.4985494380889474,0.0,0.3988303877864569,0.0,0.5555612280481197,1.0,131,1,196,5,
B4_apdtm_cls_cash_features_cash_full_clean_default,bpic15_1,mix-fit,variant,IMd,inductive_miner_imd,8ec8a2cb08851acf,130,0.5358095812579713,0.7829881701741386,0.0,0.5358095812579713,0.0,0.2471785889161672,0.0,0.6843137631808739,1.0,94,1,196,5,
B4_apdtm_cls_cash_features_cash_full_clean_default,bpic15_1,mix-prec,variant,IMd,inductive_miner_imd,8ec8a2cb08851acf,130,0.4324446838982146,0.8104949307104619,0.0,0.4324446838982146,0.0,0.3780502468122472,0.0,0.5335563092530922,1.0,118,1,196,5,
B4_apdtm_cls_cash_features_cash_full_clean_default,bpic15_1,mix-simp,variant,IMd,inductive_miner_imd,8ec8a2cb08851acf,130,0.5688619583533376,0.7694736087116352,0.0,0.5688619583533376,0.0,0.2006116503582975,0.0,0.7392871593163659,1.0,121,1,196,5,
B4_apdtm_cls_cash_features_cash_full_clean_default,bpic15_1,mix-gen,variant,IMd,inductive_miner_imd,8ec8a2cb08851acf,130,0.465497060993581,0.7344918748892888,0.0,0.465497060993581,0.0,0.2689948138957077,0.0,0.6337674750503486,1.0,131,1,196,5,
B4_apdtm_cls_cash_features_cash_full_clean_default,bpic15_2,equal,variant,IMd,inductive_miner_imd,2bd4a2c68f811174,130,0.4958761568622505,0.739796087901852,0.0,0.4958761568622505,0.0,0.2439199310396015,0.0,0.6702876170494672,1.0,123,1,196,5,
B4_apdtm_cls_cash_features_cash_full_clean_default,bpic15_2,fitn,variant,IMd,inductive_miner_imd,2bd4a2c68f811174,130,1.0,1.0,0.0,1.0,0.0,0.0,0.0,1.0,1.0,1,1,196,5,
B4_apdtm_cls_cash_features_cash_full_clean_default,bpic15_2,prec,variant,IMd,inductive_miner_imd,2bd4a2c68f811174,130,0.0047466811844114,0.9964080459770116,0.0,0.0047466811844114,0.0,0.9916613647926004,0.0,0.0047637925080754,1.0,141,1,196,5,
B4_apdtm_cls_cash_features_cash_full_clean_default,bpic15_2,gene,variant,IMd,inductive_miner_imd,2bd4a2c68f811174,130,0.630479323366272,0.8434264748464657,0.0,0.630479323366272,0.0,0.2129471514801937,0.0,0.7475213811388149,1.0,119,1,196,5,
B4_apdtm_cls_cash_features_cash_full_clean_default,bpic15_2,simp,variant,IMd,inductive_miner_imd,2bd4a2c68f811174,130,0.3482786228983187,1.0,0.0,0.3482786228983187,0.0,0.6517213771016813,0.0,0.3482786228983187,1.0,133,1,196,5,
B4_apdtm_cls_cash_features_cash_full_clean_default,bpic15_2,fit+pre,variant,IMd,inductive_miner_imd,2bd4a2c68f811174,130,0.5023733405922057,0.8552632687420797,0.0,0.5023733405922057,0.0,0.3528899281498739,0.0,0.587390291332277,1.0,62,1,196,5,
B4_apdtm_cls_cash_features_cash_full_clean_default,bpic15_2,fit+gen,variant,IMd,inductive_miner_imd,2bd4a2c68f811174,130,0.815239661683136,0.888226048940476,0.0,0.815239661683136,0.0,0.0729863872573399,0.0,0.9178290398661444,1.0,6,1,196,5,
B4_apdtm_cls_cash_features_cash_full_clean_default,bpic15_2,fit+sim,variant,IMd,inductive_miner_imd,2bd4a2c68f811174,130,0.6741393114491594,0.8502937315725136,0.0,0.6741393114491594,0.0,0.1761544201233542,0.0,0.7928310963817429,1.0,81,1,196,5,
B4_apdtm_cls_cash_features_cash_full_clean_default,bpic15_2,pre+gen,variant,IMd,inductive_miner_imd,2bd4a2c68f811174,130,0.3176130022753416,0.8135744140072105,0.0,0.3176130022753416,0.0,0.4959614117318688,0.0,0.3903920733088918,1.0,136,1,196,5,
B4_apdtm_cls_cash_features_cash_full_clean_default,bpic15_2,pre+sim,variant,IMd,inductive_miner_imd,2bd4a2c68f811174,130,0.176512652041365,0.7980406242956953,0.0,0.176512652041365,0.0,0.6215279722543303,0.0,0.2211825396697629,1.0,138,1,196,5,
B4_apdtm_cls_cash_features_cash_full_clean_default,bpic15_2,gen+sim,variant,IMd,inductive_miner_imd,2bd4a2c68f811174,130,0.4893789731322953,0.9217132374232327,0.0,0.4893789731322953,0.0,0.4323342642909375,0.0,0.5309449330470905,1.0,131,1,196,5,
B4_apdtm_cls_cash_features_cash_full_clean_default,bpic15_2,mix-fit,variant,IMd,inductive_miner_imd,2bd4a2c68f811174,130,0.5341276612716144,0.7675374461630222,0.0,0.5341276612716144,0.0,0.2334097848914078,0.0,0.695897853507681,1.0,88,1,196,5,
B4_apdtm_cls_cash_features_cash_full_clean_default,bpic15_2,mix-prec,variant,IMd,inductive_miner_imd,2bd4a2c68f811174,130,0.425870331773478,0.7904532226862232,0.0,0.425870331773478,0.0,0.3645828909127451,0.0,0.5387672787596828,1.0,118,1,196,5,
B4_apdtm_cls_cash_features_cash_full_clean_default,bpic15_2,mix-simp,variant,IMd,inductive_miner_imd,2bd4a2c68f811174,130,0.565881981951023,0.7666984383330109,0.0,0.565881981951023,0.0,0.2008164563819878,0.0,0.7380763461334137,1.0,118,1,196,5,
B4_apdtm_cls_cash_features_cash_full_clean_default,bpic15_2,mix-gen,variant,IMd,inductive_miner_imd,2bd4a2c68f811174,130,0.4576246524528867,0.7177077196779903,0.0,0.4576246524528867,0.0,0.2600830672251036,0.0,0.6376197996842036,1.0,136,1,196,5,
B4_apdtm_cls_cash_features_cash_full_clean_default,bpic15_3,equal,variant,IMd,inductive_miner_imd,1e1739de3216125c,130,0.5062291863779904,0.7711497484903616,0.0,0.5062291863779904,0.0,0.2649205621123711,0.0,0.6564602885094731,1.0,126,1,196,5,
B4_apdtm_cls_cash_features_cash_full_clean_default,bpic15_3,fitn,variant,IMd,inductive_miner_imd,1e1739de3216125c,130,1.0,1.0,0.0,1.0,0.0,0.0,0.0,1.0,1.0,1,1,196,5,
B4_apdtm_cls_cash_features_cash_full_clean_default,bpic15_3,prec,variant,IMd,inductive_miner_imd,1e1739de3216125c,130,0.0056460981272722,0.9713690786048932,0.0,0.0056460981272722,0.0,0.965722980477621,0.0,0.0058125158105519,1.0,139,1,196,5,
B4_apdtm_cls_cash_features_cash_full_clean_default,bpic15_3,gene,variant,IMd,inductive_miner_imd,1e1739de3216125c,130,0.6755746197508381,0.7690804510999736,0.0,0.6755746197508381,0.0,0.0935058313491354,0.0,0.8784186606025427,1.0,104,1,196,5,
B4_apdtm_cls_cash_features_cash_full_clean_default,bpic15_3,simp,variant,IMd,inductive_miner_imd,1e1739de3216125c,130,0.3436960276338515,1.0,0.0,0.3436960276338515,0.0,0.6563039723661486,0.0,0.3436960276338515,1.0,133,1,196,5,
B4_apdtm_cls_cash_features_cash_full_clean_default,bpic15_3,fit+pre,variant,IMd,inductive_miner_imd,1e1739de3216125c,130,0.5028230490636361,0.8737992058502052,0.0,0.5028230490636361,0.0,0.3709761567865691,0.0,0.5754446166775696,1.0,68,1,196,5,
B4_apdtm_cls_cash_features_cash_full_clean_default,bpic15_3,fit+gen,variant,IMd,inductive_miner_imd,1e1739de3216125c,130,0.837787309875419,0.8764050391703524,0.0,0.837787309875419,0.0,0.0386177292949333,0.0,0.955936208067116,1.0,8,1,196,5,
B4_apdtm_cls_cash_features_cash_full_clean_default,bpic15_3,fit+sim,variant,IMd,inductive_miner_imd,1e1739de3216125c,130,0.6718480138169257,0.8866318702272058,0.0,0.6718480138169257,0.0,0.21478385641028,0.0,0.7577530611941119,1.0,98,1,196,5,
B4_apdtm_cls_cash_features_cash_full_clean_default,bpic15_3,pre+gen,variant,IMd,inductive_miner_imd,1e1739de3216125c,130,0.3406103589390551,0.8335999035488251,0.0,0.3406103589390551,0.0,0.4929895446097699,0.0,0.4086017254668566,1.0,124,1,196,5,
B4_apdtm_cls_cash_features_cash_full_clean_default,bpic15_3,pre+sim,variant,IMd,inductive_miner_imd,1e1739de3216125c,130,0.1746710628805618,0.806269466186586,0.0,0.1746710628805618,0.0,0.6315984033060242,0.0,0.2166410489370307,1.0,139,1,196,5,
B4_apdtm_cls_cash_features_cash_full_clean_default,bpic15_3,gen+sim,variant,IMd,inductive_miner_imd,1e1739de3216125c,130,0.5096353236923448,0.8774480269684266,0.0,0.5096353236923448,0.0,0.3678127032760818,0.0,0.5808153965006101,1.0,130,1,196,5,
B4_apdtm_cls_cash_features_cash_full_clean_default,bpic15_3,mix-fit,variant,IMd,inductive_miner_imd,1e1739de3216125c,130,0.5379904969400358,0.7997195004226063,0.0,0.5379904969400358,0.0,0.2617290034825705,0.0,0.6727239946703042,1.0,101,1,196,5,
B4_apdtm_cls_cash_features_cash_full_clean_default,bpic15_3,mix-prec,variant,IMd,inductive_miner_imd,1e1739de3216125c,130,0.4393004279395454,0.8166597019857158,0.0,0.4393004279395454,0.0,0.3773592740461703,0.0,0.5379234788632061,1.0,117,1,196,5,
B4_apdtm_cls_cash_features_cash_full_clean_default,bpic15_3,mix-simp,variant,IMd,inductive_miner_imd,1e1739de3216125c,130,0.5731579448164354,0.7807894458056361,0.0,0.5731579448164354,0.0,0.2076315009892007,0.0,0.7340749134038795,1.0,122,1,196,5,
B4_apdtm_cls_cash_features_cash_full_clean_default,bpic15_3,mix-gen,variant,IMd,inductive_miner_imd,1e1739de3216125c,130,0.4744678758159452,0.742579996558117,0.0,0.4744678758159452,0.0,0.2681121207421718,0.0,0.6389451345513205,1.0,133,1,196,5,
B4_apdtm_cls_cash_features_cash_full_clean_default,bpic15_4,equal,variant,IMd,inductive_miner_imd,f68041a3f2d86846,130,0.5004532568394435,0.7570912404815519,0.0,0.5004532568394435,0.0,0.2566379836421083,0.0,0.6610210633544348,1.0,134,1,196,5,
B4_apdtm_cls_cash_features_cash_full_clean_default,bpic15_4,fitn,variant,IMd,inductive_miner_imd,f68041a3f2d86846,130,1.0,1.0,0.0,1.0,0.0,0.0,0.0,1.0,1.0,1,1,196,5,
B4_apdtm_cls_cash_features_cash_full_clean_default,bpic15_4,prec,variant,IMd,inductive_miner_imd,f68041a3f2d86846,130,0.0063677194723514,0.9771181199752628,0.0,0.0063677194723514,0.0,0.9707504005029114,0.0,0.0065168369536659,1.0,146,1,196,5,
B4_apdtm_cls_cash_features_cash_full_clean_default,bpic15_4,gene,variant,IMd,inductive_miner_imd,f68041a3f2d86846,130,0.6484303825122886,0.8125621208083507,0.0,0.6484303825122886,0.0,0.1641317382960621,0.0,0.7980071503545094,1.0,113,1,196,5,
B4_apdtm_cls_cash_features_cash_full_clean_default,bpic15_4,simp,variant,IMd,inductive_miner_imd,f68041a3f2d86846,130,0.3470149253731343,1.0,0.0,0.3470149253731343,0.0,0.6529850746268657,0.0,0.3470149253731343,1.0,143,1,196,5,
B4_apdtm_cls_cash_features_cash_full_clean_default,bpic15_4,fit+pre,variant,IMd,inductive_miner_imd,f68041a3f2d86846,130,0.5031838597361757,0.8685599938464359,0.0,0.5031838597361757,0.0,0.3653761341102601,0.0,0.5793311496052398,1.0,84,1,196,5,
B4_apdtm_cls_cash_features_cash_full_clean_default,bpic15_4,fit+gen,variant,IMd,inductive_miner_imd,f68041a3f2d86846,130,0.8242151912561443,0.8717994934557993,0.0,0.8242151912561443,0.0,0.047584302199655,0.0,0.94541829565531,1.0,5,1,196,5,
B4_apdtm_cls_cash_features_cash_full_clean_default,bpic15_4,fit+sim,variant,IMd,inductive_miner_imd,f68041a3f2d86846,130,0.6735074626865671,0.8675538703293734,0.0,0.6735074626865671,0.0,0.1940464076428062,0.0,0.7763292698248986,1.0,95,1,196,5,
B4_apdtm_cls_cash_features_cash_full_clean_default,bpic15_4,pre+gen,variant,IMd,inductive_miner_imd,f68041a3f2d86846,130,0.32739905099232,0.8247132962569865,0.0,0.32739905099232,0.0,0.4973142452646665,0.0,0.3969852947421137,1.0,138,1,196,5,
B4_apdtm_cls_cash_features_cash_full_clean_default,bpic15_4,pre+sim,variant,IMd,inductive_miner_imd,f68041a3f2d86846,130,0.1766913224227428,0.7904575186873295,0.0,0.1766913224227428,0.0,0.6137661962645866,0.0,0.2235304469191015,1.0,146,1,196,5,
B4_apdtm_cls_cash_features_cash_full_clean_default,bpic15_4,gen+sim,variant,IMd,inductive_miner_imd,f68041a3f2d86846,130,0.4977226539427114,0.8981830671938409,0.0,0.4977226539427114,0.0,0.4004604132511294,0.0,0.5541438846066508,1.0,135,1,196,5,
B4_apdtm_cls_cash_features_cash_full_clean_default,bpic15_4,mix-fit,variant,IMd,inductive_miner_imd,f68041a3f2d86846,130,0.5361563391675611,0.7881543306724185,0.0,0.5361563391675611,0.0,0.2519979915048573,0.0,0.6802682143611851,1.0,112,1,196,5,
B4_apdtm_cls_cash_features_cash_full_clean_default,bpic15_4,mix-prec,variant,IMd,inductive_miner_imd,f68041a3f2d86846,130,0.4317776950799405,0.8064338134647027,0.0,0.4317776950799405,0.0,0.3746561183847621,0.0,0.5354161592318193,1.0,128,1,196,5,
B4_apdtm_cls_cash_features_cash_full_clean_default,bpic15_4,mix-simp,variant,IMd,inductive_miner_imd,f68041a3f2d86846,130,0.5691288185989466,0.7784157949851235,0.0,0.5691288185989466,0.0,0.2092869763861768,0.0,0.7311372948307445,1.0,129,1,196,5,
B4_apdtm_cls_cash_features_cash_full_clean_default,bpic15_4,mix-gen,variant,IMd,inductive_miner_imd,f68041a3f2d86846,130,0.464750174511326,0.7260281502906851,0.0,0.464750174511326,0.0,0.2612779757793591,0.0,0.6401269349201552,1.0,141,1,196,5,
B4_apdtm_cls_cash_features_cash_full_clean_default,bpic15_5,equal,variant,IMd,inductive_miner_imd,a0710095115a2fbb,130,0.4980303762681133,0.7432661612580866,0.0,0.4980303762681133,0.0,0.2452357849899732,0.0,0.6700565722313042,1.0,128,1,196,5,
B4_apdtm_cls_cash_features_cash_full_clean_default,bpic15_5,fitn,variant,IMd,inductive_miner_imd,a0710095115a2fbb,130,1.0,1.0,0.0,1.0,0.0,0.0,0.0,1.0,1.0,1,1,196,5,
B4_apdtm_cls_cash_features_cash_full_clean_default,bpic15_5,prec,variant,IMd,inductive_miner_imd,a0710095115a2fbb,130,0.0050756012401533,0.9914236706689536,0.0,0.0050756012401533,0.0,0.9863480694288004,0.0,0.0051195078252757,1.0,141,1,196,5,
B4_apdtm_cls_cash_features_cash_full_clean_default,bpic15_5,gene,variant,IMd,inductive_miner_imd,a0710095115a2fbb,130,0.6480339787897107,0.8420322364834529,0.0,0.6480339787897107,0.0,0.1939982576937422,0.0,0.7696070895053498,1.0,117,1,196,5,
B4_apdtm_cls_cash_features_cash_full_clean_default,bpic15_5,simp,variant,IMd,inductive_miner_imd,a0710095115a2fbb,130,0.3390119250425894,1.0,0.0,0.3390119250425894,0.0,0.6609880749574106,0.0,0.3390119250425894,1.0,135,1,196,5,
B4_apdtm_cls_cash_features_cash_full_clean_default,bpic15_5,fit+pre,variant,IMd,inductive_miner_imd,a0710095115a2fbb,130,0.5025378006200767,0.8302814710249038,0.0,0.5025378006200767,0.0,0.3277436704048271,0.0,0.6052619721836516,1.0,69,1,196,5,
B4_apdtm_cls_cash_features_cash_full_clean_default,bpic15_5,fit+gen,variant,IMd,inductive_miner_imd,a0710095115a2fbb,130,0.8240169893948553,0.8491470544465778,0.0,0.8240169893948553,0.0,0.0251300650517224,0.0,0.9704055205513248,1.0,2,1,196,5,
B4_apdtm_cls_cash_features_cash_full_clean_default,bpic15_5,fit+sim,variant,IMd,inductive_miner_imd,a0710095115a2fbb,130,0.6695059625212947,0.8492461162887588,0.0,0.6695059625212947,0.0,0.1797401537674641,0.0,0.7883532814339662,1.0,85,1,196,5,
B4_apdtm_cls_cash_features_cash_full_clean_default,bpic15_5,pre+gen,variant,IMd,inductive_miner_imd,a0710095115a2fbb,130,0.326554790014932,0.8116192280976056,0.0,0.326554790014932,0.0,0.4850644380826736,0.0,0.4023497456810627,1.0,132,1,196,5,
B4_apdtm_cls_cash_features_cash_full_clean_default,bpic15_5,pre+sim,variant,IMd,inductive_miner_imd,a0710095115a2fbb,130,0.1720437631413713,0.7827816467542539,0.0,0.1720437631413713,0.0,0.6107378836128825,0.0,0.2197851263564214,1.0,141,1,196,5,
B4_apdtm_cls_cash_features_cash_full_clean_default,bpic15_5,gen+sim,variant,IMd,inductive_miner_imd,a0710095115a2fbb,130,0.49352295191615,0.9210161182417264,0.0,0.49352295191615,0.0,0.4274931663255764,0.0,0.535846161800419,1.0,133,1,196,5,
B4_apdtm_cls_cash_features_cash_full_clean_default,bpic15_5,mix-fit,variant,IMd,inductive_miner_imd,a0710095115a2fbb,130,0.534128463259535,0.7619159908588385,0.0,0.534128463259535,0.0,0.2277875275993035,0.0,0.7010332761981549,1.0,95,1,196,5,
B4_apdtm_cls_cash_features_cash_full_clean_default,bpic15_5,mix-prec,variant,IMd,inductive_miner_imd,a0710095115a2fbb,130,0.4303416266372334,0.7845385057794599,0.0,0.4303416266372334,0.0,0.3541968791422265,0.0,0.5485283685466497,1.0,123,1,196,5,
B4_apdtm_cls_cash_features_cash_full_clean_default,bpic15_5,mix-simp,variant,IMd,inductive_miner_imd,a0710095115a2fbb,130,0.5657191258989932,0.7677189214161869,0.0,0.5657191258989932,0.0,0.2019997955171937,0.0,0.736883135373854,1.0,123,1,196,5,
B4_apdtm_cls_cash_features_cash_full_clean_default,bpic15_5,mix-gen,variant,IMd,inductive_miner_imd,a0710095115a2fbb,130,0.4619322892766918,0.7246163316573346,0.0,0.4619322892766918,0.0,0.2626840423806428,0.0,0.6374853409944063,1.0,136,1,196,5,
B4_apdtm_cls_cash_features_cash_full_clean_default,hospital_billing,equal,variant,HM,heuristics_miner,f0ba1c246feb1617,132,0.7623493758629513,0.8734035144022313,0.0,0.7728985458636999,0.7080210029131718,0.11105413853928,0.0105491700007486,0.8728489905203932,0.8373987435252778,101,3,196,5,
B4_apdtm_cls_cash_features_cash_full_clean_default,hospital_billing,fitn,variant,HM,heuristics_miner,f0ba1c246feb1617,132,0.9173284729406372,1.0,0.0,1.0,0.6797553093982478,0.0826715270593627,0.0826715270593627,0.9173284729406372,0.7418488752958878,135,4,196,5,
B4_apdtm_cls_cash_features_cash_full_clean_default,hospital_billing,prec,variant,HM,heuristics_miner,f0ba1c246feb1617,132,0.9123900422661322,1.0,0.0,0.9123900422661322,0.3867395245470101,0.0876099577338678,0.0,0.9123900422661322,1.0,79,1,196,5,
B4_apdtm_cls_cash_features_cash_full_clean_default,hospital_billing,gene,variant,HM,heuristics_miner,f0ba1c246feb1617,132,0.7467548005194038,0.974570314262808,0.0,0.9406716490462892,0.7467548005194038,0.2278155137434042,0.1939168485268854,0.7662400440385564,0.0,155,5,196,5,
B4_apdtm_cls_cash_features_cash_full_clean_default,hospital_billing,simp,variant,HM,heuristics_miner,f0ba1c246feb1617,132,0.4729241877256318,1.0,0.0,1.0,0.4729241877256318,0.5270758122743682,0.5270758122743682,0.4729241877256318,0.0,132,5,196,5,
B4_apdtm_cls_cash_features_cash_full_clean_default,hospital_billing,fit+pre,variant,HM,heuristics_miner,f0ba1c246feb1617,132,0.9148592576033848,0.989140582975968,0.0,0.9148592576033848,0.5332474169726289,0.0742813253725833,0.0,0.9249031667984974,1.0,84,1,196,5,
B4_apdtm_cls_cash_features_cash_full_clean_default,hospital_billing,fit+gen,variant,HM,heuristics_miner,f0ba1c246feb1617,132,0.8320416367300205,0.9872657861978588,0.0,0.9703358245231446,0.7961812639516811,0.1552241494678383,0.138294187793124,0.8427736971766894,0.2059111898113302,140,4,196,5,
B4_apdtm_cls_cash_features_cash_full_clean_default,hospital_billing,fit+sim,variant,HM,heuristics_miner,f0ba1c246feb1617,132,0.6951263303331345,0.8398776546991239,0.0,0.8398776546991239,0.6951263303331345,0.1447513243659893,0.1447513243659893,0.8276518924439717,0.0,128,5,196,5,
B4_apdtm_cls_cash_features_cash_full_clean_default,hospital_billing,pre+gen,variant,HM,heuristics_miner,f0ba1c246feb1617,132,0.829572421392768,0.9583893297505974,0.0,0.829572421392768,0.6496733715260623,0.1288169083578294,0.0,0.8655902102005334,1.0,100,1,196,5,
B4_apdtm_cls_cash_features_cash_full_clean_default,hospital_billing,pre+sim,variant,HM,heuristics_miner,f0ba1c246feb1617,132,0.692657114995882,0.8030539885899708,0.0,0.6933697622735051,0.4457061813031991,0.1103968735940887,0.0007126472776231,0.8625287027240506,0.9971225188829498,96,2,196,5,
B4_apdtm_cls_cash_features_cash_full_clean_default,hospital_billing,gen+sim,variant,HM,heuristics_miner,f0ba1c246feb1617,132,0.6098394941225178,0.9594156800838196,0.0,0.9563036092525572,0.6098394941225178,0.3495761859613019,0.3464641151300394,0.6356363636554688,0.0,151,5,196,5,
B4_apdtm_cls_cash_features_cash_full_clean_default,hospital_billing,mix-fit,variant,HM,heuristics_miner,f0ba1c246feb1617,132,0.8099087194531612,0.8999403930024692,0.0,0.8099087194531612,0.6791847029739135,0.0900316735493079,0.0,0.899958181398064,1.0,92,1,196,5,
B4_apdtm_cls_cash_features_cash_full_clean_default,hospital_billing,mix-prec,variant,HM,heuristics_miner,f0ba1c246feb1617,132,0.8197405704229648,0.9266041872906544,0.0,0.8197405704229648,0.6644290372499878,0.1068636168676897,0.0,0.8846717742770474,1.0,93,1,196,5,
B4_apdtm_cls_cash_features_cash_full_clean_default,hospital_billing,mix-simp,variant,HM,heuristics_miner,f0ba1c246feb1617,132,0.704958181302938,0.8448731726232275,0.0,0.8251219889751983,0.704958181302938,0.1399149913202895,0.1201638076722603,0.8343952727415044,0.0,126,5,196,5,
B4_apdtm_cls_cash_features_cash_full_clean_default,hospital_billing,mix-gen,variant,HM,heuristics_miner,f0ba1c246feb1617,132,0.7147900322727413,0.8574303226558113,0.0,0.8103663232512726,0.7045511321397954,0.14264029038307,0.0955762909785312,0.8336421203984775,0.0967621002749894,119,4,196,5,
B4_apdtm_cls_cash_features_cash_full_clean_default,road_traffic_fines,equal,variant,HM,heuristics_miner,9fd05dcc49e5b232,132,0.8472976270289231,0.9091484776358276,0.0,0.8472976270289231,0.7357034000201228,0.0618508506069045,0.0,0.9319683724623914,1.0,74,1,196,5,
B4_apdtm_cls_cash_features_cash_full_clean_default,road_traffic_fines,fitn,variant,HM,heuristics_miner,9fd05dcc49e5b232,132,0.928366348548456,1.0,0.0,1.0,0.637766272135165,0.0716336514515439,0.0716336514515439,0.928366348548456,0.802244667072323,90,4,196,5,
B4_apdtm_cls_cash_features_cash_full_clean_default,road_traffic_fines,prec,variant,HM,heuristics_miner,9fd05dcc49e5b232,132,0.9913926579538832,1.0,0.0,0.9913926579538832,0.5080563293025482,0.0086073420461167,0.0,0.9913926579538832,1.0,106,1,196,5,
B4_apdtm_cls_cash_features_cash_full_clean_default,road_traffic_fines,gene,variant,HM,heuristics_miner,9fd05dcc49e5b232,132,0.9232130142183954,0.9916370973254746,0.0,0.988255529682136,0.9232130142183954,0.0684240831070791,0.0650425154637406,0.9309988671343332,0.0,102,5,196,5,
B4_apdtm_cls_cash_features_cash_full_clean_default,road_traffic_fines,simp,variant,HM,heuristics_miner,9fd05dcc49e5b232,132,0.5462184873949579,0.8,0.0,0.6571428571428571,0.5135135135135136,0.2537815126050421,0.1109243697478992,0.6827731092436974,0.2277039848197335,119,4,196,5,
B4_apdtm_cls_cash_features_cash_full_clean_default,road_traffic_fines,fit+pre,variant,HM,heuristics_miner,9fd05dcc49e5b232,132,0.9598795032511696,0.9901742494392978,0.0,0.9598795032511696,0.6500603519943688,0.0302947461881282,0.0,0.969404631351216,1.0,44,1,196,5,
B4_apdtm_cls_cash_features_cash_full_clean_default,road_traffic_fines,fit+gen,variant,HM,heuristics_miner,9fd05dcc49e5b232,132,0.9257896813834255,0.9953412031561972,0.0,0.994127764841068,0.8116581555420307,0.0695515217727716,0.0683380834576423,0.9301229351781822,0.6254823818598328,80,4,196,5,
B4_apdtm_cls_cash_features_cash_full_clean_default,road_traffic_fines,fit+sim,variant,HM,heuristics_miner,9fd05dcc49e5b232,132,0.737292417971707,0.869886942078606,0.0,0.8118811881188119,0.6474545646390111,0.1325945241068989,0.0745887701471049,0.847572692848955,0.5463704808347665,101,4,196,5,
B4_apdtm_cls_cash_features_cash_full_clean_default,road_traffic_fines,pre+gen,variant,HM,heuristics_miner,9fd05dcc49e5b232,132,0.9573028360861392,0.9899221054016768,0.0,0.9573028360861392,0.7481559294923421,0.0326192693155373,0.0,0.9670486504568948,1.0,41,1,196,5,
B4_apdtm_cls_cash_features_cash_full_clean_default,road_traffic_fines,pre+sim,variant,HM,heuristics_miner,9fd05dcc49e5b232,132,0.7688055726744205,0.8710629687671056,0.0,0.7688055726744205,0.5107849214080309,0.1022573960926851,0.0,0.8826061952358975,1.0,108,1,196,5,
B4_apdtm_cls_cash_features_cash_full_clean_default,road_traffic_fines,gen+sim,variant,HM,heuristics_miner,9fd05dcc49e5b232,132,0.7347157508066766,0.8875669341178665,0.0,0.8213464480458768,0.7347157508066766,0.1528511833111898,0.0866306972392001,0.8277863027163069,0.0,103,5,196,5,
B4_apdtm_cls_cash_features_cash_full_clean_default,road_traffic_fines,mix-fit,variant,HM,heuristics_miner,9fd05dcc49e5b232,132,0.8703293357063786,0.917489504487446,0.0,0.8703293357063786,0.683796413733599,0.0471601687810674,0.0,0.9485986830907528,1.0,73,1,196,5,
B4_apdtm_cls_cash_features_cash_full_clean_default,road_traffic_fines,mix-prec,variant,HM,heuristics_miner,9fd05dcc49e5b232,132,0.913816085896259,0.9485628625742424,0.0,0.913816085896259,0.7510505419770115,0.0347467766779835,0.0,0.963369031142874,1.0,65,1,196,5,
B4_apdtm_cls_cash_features_cash_full_clean_default,road_traffic_fines,mix-simp,variant,HM,heuristics_miner,9fd05dcc49e5b232,132,0.7807791681615874,0.8891275547093468,0.0,0.8027820914375106,0.717532475472829,0.1083483865477593,0.0220029232759231,0.8781407842172003,0.7419000305521751,91,3,196,5,
B4_apdtm_cls_cash_features_cash_full_clean_default,road_traffic_fines,mix-gen,variant,HM,heuristics_miner,9fd05dcc49e5b232,132,0.8242659183514679,0.9083681673400874,0.0,0.8242659183514679,0.750967531787418,0.0841022489886195,0.0,0.9074139187033708,1.0,88,1,196,5,
B4_apdtm_cls_cash_features_cash_full_clean_default,sepsis,equal,variant,HM,heuristics_miner,6e00f695b9765352,134,0.7189961247213809,0.835724100545018,0.0,0.7189961247213809,0.5249929107876445,0.1167279758236371,0.0,0.8603271393663137,1.0,112,1,196,5,
B4_apdtm_cls_cash_features_cash_full_clean_default,sepsis,fitn,variant,HM,heuristics_miner,6e00f695b9765352,134,0.8976826566461001,1.0,0.0,1.0,0.2658896119719338,0.1023173433538998,0.1023173433538998,0.8976826566461001,0.8606240355367536,66,4,196,5,
B4_apdtm_cls_cash_features_cash_full_clean_default,sepsis,prec,variant,HM,heuristics_miner,6e00f695b9765352,134,0.7033112582781457,1.0,0.0,0.7033112582781457,0.179251018798475,0.2966887417218543,0.0,0.7033112582781457,1.0,114,1,196,5,
B4_apdtm_cls_cash_features_cash_full_clean_default,sepsis,gene,variant,HM,heuristics_miner,6e00f695b9765352,134,0.841792203394476,0.9290801678868448,0.0,0.9266596408851776,0.841792203394476,0.0872879644923687,0.0848674374907015,0.9060490498996424,0.0,96,5,196,5,
B4_apdtm_cls_cash_features_cash_full_clean_default,sepsis,simp,variant,HM,heuristics_miner,6e00f695b9765352,134,0.4331983805668016,0.7567567567567567,0.0,0.6223776223776223,0.4331983805668016,0.3235583761899551,0.1891792418108207,0.5724407171775593,0.0,170,5,196,5,
B4_apdtm_cls_cash_features_cash_full_clean_default,sepsis,fit+pre,variant,HM,heuristics_miner,6e00f695b9765352,134,0.8004969574621229,0.9487189551442284,0.0,0.8004969574621229,0.354265925407767,0.1482219976821056,0.0,0.8437661681803624,1.0,96,1,196,5,
B4_apdtm_cls_cash_features_cash_full_clean_default,sepsis,fit+gen,variant,HM,heuristics_miner,6e00f695b9765352,134,0.869737430020288,0.9633298204425887,0.0,0.9633298204425887,0.5895342673708803,0.0935923904223008,0.0935923904223008,0.9028449151721464,0.749616094538326,72,4,196,5,
B4_apdtm_cls_cash_features_cash_full_clean_default,sepsis,fit+sim,variant,HM,heuristics_miner,6e00f695b9765352,134,0.6654405186064509,0.8140244733789898,0.0,0.8111888111888111,0.3720752407685755,0.1485839547725388,0.1457482925823602,0.817469916898479,0.6680852007309229,100,4,196,5,
B4_apdtm_cls_cash_features_cash_full_clean_default,sepsis,pre+gen,variant,HM,heuristics_miner,6e00f695b9765352,134,0.7725517308363108,0.9381130457761724,0.0,0.7725517308363108,0.5529553298418263,0.1655613149398616,0.0,0.8235166692486617,1.0,107,1,196,5,
B4_apdtm_cls_cash_features_cash_full_clean_default,sepsis,pre+sim,variant,HM,heuristics_miner,6e00f695b9765352,134,0.5682548194224737,0.8491941359263719,0.0,0.5682548194224737,0.3168982366719647,0.2809393165038982,0.0,0.6691695048065468,1.0,136,1,196,5,
B4_apdtm_cls_cash_features_cash_full_clean_default,sepsis,gen+sim,variant,HM,heuristics_miner,6e00f695b9765352,134,0.6374952919806388,0.8216829410862796,0.0,0.7624155479965967,0.6374952919806388,0.1841876491056407,0.1249202560159579,0.7758409723559048,0.0,140,5,196,5,
B4_apdtm_cls_cash_features_cash_full_clean_default,sepsis,mix-fit,variant,HM,heuristics_miner,6e00f695b9765352,134,0.7408853365946917,0.8604442533384715,0.0,0.7408853365946917,0.4261185826318798,0.1195589167437798,0.0,0.8610497818075971,1.0,97,1,196,5,
B4_apdtm_cls_cash_features_cash_full_clean_default,sepsis,mix-prec,variant,HM,heuristics_miner,6e00f695b9765352,134,0.7567185337155014,0.899278649557322,0.0,0.7567185337155014,0.5520145817192967,0.1425601158418206,0.0,0.8414728116674436,1.0,107,1,196,5,
B4_apdtm_cls_cash_features_cash_full_clean_default,sepsis,mix-simp,variant,HM,heuristics_miner,6e00f695b9765352,134,0.6812737157272605,0.7905131280697297,0.0,0.7552038190935039,0.4979712398559925,0.1092394123424692,0.0739301033662434,0.8618120199860445,0.7125943238395892,108,4,196,5,
B4_apdtm_cls_cash_features_cash_full_clean_default,sepsis,mix-gen,variant,HM,heuristics_miner,6e00f695b9765352,134,0.69710691284807,0.8286673700233692,0.0,0.6992188269981966,0.6238672389434095,0.1315604571752991,0.0021119141501265,0.8412385211069804,0.9719725329665112,128,3,196,5,
C0_cash_reg_apdtm_features_cash_real_default,bpi2013_closed_problems,equal,candidate,HM,heuristics_miner,596eb63f26ecfd51,60,0.7989866614480718,0.9163782860150956,0.0,0.8856717323021799,0.7989866614480718,0.1173916245670239,0.086685070854108,0.8718961084537417,0.0,159,5,196,5,0.8319627521524939
C0_cash_reg_apdtm_features_cash_real_default,bpi2013_closed_problems,fitn,candidate,IM,inductive_miner_im,8f8f99e301cae23f,60,1.0,1.0,0.0,1.0,0.6403632397723371,0.0,0.0,1.0,1.0,1,1,196,5,0.9976498850729866
C0_cash_reg_apdtm_features_cash_real_default,bpi2013_closed_problems,prec,candidate,HM,heuristics_miner,596eb63f26ecfd51,60,0.8684298767708944,1.0,0.0,1.0,0.7923798798798799,0.1315701232291055,0.1315701232291055,0.8684298767708944,0.3662939644145051,165,2,196,5,0.9200033001844484
C0_cash_reg_apdtm_features_cash_real_default,bpi2013_closed_problems,gene,candidate,IMd,inductive_miner_imd,4c72c2e1b3cca3d2,60,0.9417621438127408,0.9751741745874558,0.0,0.9417621438127408,0.7139696253234955,0.0334120307747149,0.0,0.9657373711841274,1.0,13,1,196,5,0.9258743999167334
C0_cash_reg_apdtm_features_cash_real_default,bpi2013_closed_problems,simp,candidate,AM,alpha_miner_classic,7c5f11f12d85d342,60,1.0,1.0,0.0,1.0,0.6190476190476191,0.0,0.0,1.0,1.0,1,1,196,5,0.7554223940164637
C0_cash_reg_apdtm_features_cash_real_default,bpi2013_closed_problems,fit+pre,candidate,HM,heuristics_miner,596eb63f26ecfd51,60,0.9314647007105864,0.9833244744389686,0.0,0.9314647007105864,0.8201816198861686,0.0518597737283822,0.0,0.9472607719257974,1.0,49,1,196,5,0.9276383789497032
C0_cash_reg_apdtm_features_cash_real_default,bpi2013_closed_problems,fit+gen,candidate,IMd,inductive_miner_imd,4c72c2e1b3cca3d2,60,0.9708810719063704,0.9768396200213344,0.0,0.9708810719063704,0.7713434646043598,0.0059585481149638,0.0,0.9939001776823572,1.0,8,1,196,5,0.9613519485665424
C0_cash_reg_apdtm_features_cash_real_default,bpi2013_closed_problems,fit+sim,candidate,IMf,inductive_miner_imf,2bfbec63c5b94b8a,60,0.8301886792452831,0.8813768133238105,0.0,0.8421052631578947,0.8067735718489487,0.0511881340785274,0.0119165839126116,0.9419225315384814,0.6627225170623418,53,2,196,5,0.8345893837025986
C0_cash_reg_apdtm_features_cash_real_default,bpi2013_closed_problems,pre+gen,candidate,HM,heuristics_miner,596eb63f26ecfd51,60,0.791199751047195,0.9873630729568104,0.0,0.9511618447181912,0.791199751047195,0.1961633219096153,0.1599620936709962,0.8013260498773018,0.0,189,5,196,5,0.8879136726873587
C0_cash_reg_apdtm_features_cash_real_default,bpi2013_closed_problems,pre+sim,candidate,HM,heuristics_miner,596eb63f26ecfd51,60,0.7437387479092568,1.0,0.0,1.0,0.7267954731728345,0.2562612520907432,0.2562612520907432,0.7437387479092568,0.0620168155088471,173,2,196,5,0.7683767528523745
C0_cash_reg_apdtm_features_cash_real_default,bpi2013_closed_problems,gen+sim,candidate,AM,alpha_miner_classic,7c5f11f12d85d342,60,0.9511618447181912,0.987587087293728,0.0,0.9511618447181912,0.6665086221855573,0.0364252425755367,0.0,0.9631169311099922,1.0,4,1,196,5,0.8276522900047849
C0_cash_reg_apdtm_features_cash_real_default,bpi2013_closed_problems,mix-fit,candidate,HM,heuristics_miner,596eb63f26ecfd51,60,0.853535259233253,0.934116875905002,0.0,0.8687322836083959,0.8463776648525732,0.0805816166717491,0.0151970243751429,0.9137349739092562,0.320184139969531,90,4,196,5,0.8590428187644046
C0_cash_reg_apdtm_features_cash_real_default,bpi2013_closed_problems,mix-prec,candidate,HM,heuristics_miner,596eb63f26ecfd51,60,0.822367505140224,0.9478472946591556,0.0,0.8987697547853822,0.822367505140224,0.1254797895189315,0.0764022496451581,0.8676160282083688,0.0,164,5,196,5,0.8734782457258816
C0_cash_reg_apdtm_features_cash_real_default,bpi2013_closed_problems,mix-simp,candidate,IMf,inductive_miner_imf,2bfbec63c5b94b8a,60,0.8188859806039843,0.8876203584183078,0.0,0.8725737098189776,0.7756058177559197,0.0687343778143234,0.0536877292149933,0.9225633153155652,0.4463349870482863,71,3,196,5,0.8197630596192561
C0_cash_reg_apdtm_features_cash_real_default,bpi2013_closed_problems,mix-gen,candidate,IMf,inductive_miner_imf,2bfbec63c5b94b8a,60,0.8075832819626856,0.9265291608189076,0.0,0.9249657997517868,0.7444380636628907,0.1189458788562221,0.1173825177891012,0.8716220882340148,0.3497812561539059,147,3,196,5,0.8049367355359137
C0_cash_reg_apdtm_features_cash_real_default,bpi2013_incidents,equal,candidate,HM,heuristics_miner,10cce99744388f4f,60,0.8512319772476271,0.922771311384078,0.0,0.8512319772476271,0.6771578170832514,0.0715393341364507,0.0,0.9224733872261938,1.0,76,1,196,5,0.7823161156990244
C0_cash_reg_apdtm_features_cash_real_default,bpi2013_incidents,fitn,candidate,IMf,inductive_miner_imf,ecc1d0166bfd7823,60,1.0,1.0,0.0,1.0,0.2261167659340351,0.0,0.0,1.0,1.0,1,1,196,5,0.9999487257589604
C0_cash_reg_apdtm_features_cash_real_default,bpi2013_incidents,prec,candidate,HM,heuristics_miner,10cce99744388f4f,60,0.8850810072924525,1.0,0.0,0.8850810072924525,0.6000158860441103,0.1149189927075474,0.0,0.8850810072924525,1.0,125,1,196,5,0.829630500509726
C0_cash_reg_apdtm_features_cash_real_default,bpi2013_incidents,gene,candidate,IMd,inductive_miner_imd,e926d4fdd2959901,60,0.9374222306098524,0.9924026869731328,0.0,0.9374222306098524,0.871132170779936,0.0549804563632804,0.0,0.9445986421792418,1.0,65,1,196,5,0.9046772828790038
C0_cash_reg_apdtm_features_cash_real_default,bpi2013_incidents,simp,candidate,AM,alpha_miner_classic,ed85abd9c8a01ce2,60,1.0,1.0,0.0,1.0,0.6216216216216216,0.0,0.0,1.0,1.0,1,1,196,5,0.7533277153522822
C0_cash_reg_apdtm_features_cash_real_default,bpi2013_incidents,fit+pre,candidate,HM,heuristics_miner,10cce99744388f4f,60,0.9404450614048588,0.9765794350540196,0.0,0.9404450614048588,0.4130663259890726,0.0361343736491608,0.0,0.9629990430351812,1.0,49,1,196,5,0.8862932446762795
C0_cash_reg_apdtm_features_cash_real_default,bpi2013_incidents,fit+gen,candidate,IMd,inductive_miner_imd,e926d4fdd2959901,60,0.9687111153049262,0.9948630084104292,0.0,0.9687111153049262,0.5543076911444477,0.0261518931055029,0.0,0.9737130711621412,1.0,7,1,196,5,0.9521335444753432
C0_cash_reg_apdtm_features_cash_real_default,bpi2013_incidents,fit+sim,candidate,IMf,inductive_miner_imf,ecc1d0166bfd7823,60,0.8333333333333333,0.8762171658937965,0.0,0.8421052631578947,0.6130583829670175,0.0428838325604632,0.0087719298245614,0.9510579862736208,0.9617024697422148,24,2,196,5,0.8198016326873676
C0_cash_reg_apdtm_features_cash_real_default,bpi2013_incidents,pre+gen,candidate,HM,heuristics_miner,10cce99744388f4f,60,0.893748585925811,0.9962013434865664,0.0,0.893748585925811,0.7412572511994853,0.1024527575607554,0.0,0.8971565755952657,1.0,132,1,196,5,0.7990206557121613
C0_cash_reg_apdtm_features_cash_real_default,bpi2013_incidents,pre+sim,candidate,HM,heuristics_miner,10cce99744388f4f,60,0.7533513144570371,1.0,0.0,0.8000079430220551,0.6462487440701031,0.2466486855429629,0.046656628565018,0.7533513144570371,0.6965604082029737,154,2,196,5,0.7089488315193341
C0_cash_reg_apdtm_features_cash_real_default,bpi2013_incidents,gen+sim,candidate,AM,alpha_miner_classic,ed85abd9c8a01ce2,60,0.94124930817743,0.9962013434865664,0.0,0.94124930817743,0.7620188930903955,0.0549520353091363,0.0,0.944838424813992,1.0,4,1,196,5,0.8161277713987567
C0_cash_reg_apdtm_features_cash_real_default,bpi2013_incidents,mix-fit,candidate,HM,heuristics_miner,10cce99744388f4f,60,0.8784138891748832,0.9349837317539984,0.0,0.8784138891748832,0.5587013338223332,0.0565698425791151,0.0,0.9394964418546706,1.0,55,1,196,5,0.8205660592872991
C0_cash_reg_apdtm_features_cash_real_default,bpi2013_incidents,mix-prec,candidate,HM,heuristics_miner,10cce99744388f4f,60,0.8860812375503471,0.9521545943141788,0.0,0.8860812375503471,0.6499792925109092,0.0660733567638317,0.0,0.9306064822263204,1.0,82,1,196,5,0.8097933574997302
C0_cash_reg_apdtm_features_cash_real_default,bpi2013_incidents,mix-simp,candidate,IM,inductive_miner_im,1d6773312dd28578,60,0.8034761829700079,0.893388028453977,0.0,0.8237417114451061,0.7043363416555937,0.0899118454839691,0.0202655284750982,0.8993585736317028,0.8302795886749293,95,3,196,5,0.7920427383004383
C0_cash_reg_apdtm_features_cash_real_default,bpi2013_incidents,mix-gen,candidate,IM,inductive_miner_im,1d6773312dd28578,60,0.7736190326066823,0.9176337438459292,0.0,0.8240500653203712,0.7736190326066823,0.1440147112392469,0.0504310327136888,0.8430586143926427,0.0,171,4,196,5,0.7667485582824286
C0_cash_reg_apdtm_features_cash_real_default,bpi2013_open_problems,equal,candidate,IMf,inductive_miner_imf,c3dd65d421b2ed6e,60,0.8830533310680836,0.9162455491114012,0.0,0.9162455491114012,0.7971612190845068,0.0331922180433176,0.0331922180433176,0.9637736651757728,0.7212713206194185,21,2,196,5,0.798210745705257
C0_cash_reg_apdtm_features_cash_real_default,bpi2013_open_problems,fitn,candidate,IMd,inductive_miner_imd,4b39f6be45649b32,60,0.98974515179206,1.0,0.0,1.0,0.5167192429022083,0.0102548482079399,0.0102548482079399,0.98974515179206,0.9787807644783488,32,4,196,5,0.9979099554989074
C0_cash_reg_apdtm_features_cash_real_default,bpi2013_open_problems,prec,candidate,HM,heuristics_miner,e69aab0f7954cd28,60,0.9620563035495716,1.0,0.0,1.0,0.9065645824471856,0.0379436964504283,0.0379436964504283,0.9620563035495716,0.5939045659106653,121,3,196,5,0.8616372064945789
C0_cash_reg_apdtm_features_cash_real_default,bpi2013_open_problems,gene,candidate,IMd,inductive_miner_imd,4b39f6be45649b32,60,0.96197551956781,0.9656228232165908,0.0,0.96197551956781,0.8611132579521872,0.0036473036487807,0.0,0.9962228485480168,1.0,5,1,196,5,0.9096130778455987
C0_cash_reg_apdtm_features_cash_real_default,bpi2013_open_problems,simp,candidate,AM,alpha_miner_classic,65361c91085f4e7e,60,0.7142857142857143,1.0,0.0,0.7391304347826086,0.625,0.2857142857142857,0.0248447204968943,0.7142857142857143,0.7823129251700685,36,2,196,5,0.8504726696710844
C0_cash_reg_apdtm_features_cash_real_default,bpi2013_open_problems,fit+pre,candidate,HM,heuristics_miner,e69aab0f7954cd28,60,0.9784217956288298,0.9819381210475931,0.0,0.9819381210475931,0.7583596214511041,0.0035163254187634,0.0035163254187634,0.9964189949006031,0.984272524303054,24,2,196,5,0.8972154271138086
C0_cash_reg_apdtm_features_cash_real_default,bpi2013_open_problems,fit+gen,candidate,IMd,inductive_miner_imd,4b39f6be45649b32,60,0.975860335679935,0.9828114116082952,0.0,0.975860335679935,0.7371795810261562,0.0069510759283603,0.0,0.9929273552929292,1.0,14,1,196,5,0.9537615166722532
C0_cash_reg_apdtm_features_cash_real_default,bpi2013_open_problems,fit+sim,candidate,IMf,inductive_miner_imf,c3dd65d421b2ed6e,60,0.846153846153846,0.8644377932873344,0.0,0.8644377932873344,0.6155024785939613,0.0182839471334883,0.0182839471334883,0.9788487416035374,0.9265514129403069,3,2,196,5,0.8206943357099894
C0_cash_reg_apdtm_features_cash_real_default,bpi2013_open_problems,pre+gen,candidate,HM,heuristics_miner,e69aab0f7954cd28,60,0.9115847807508796,0.9793652708841788,0.0,0.978819959575052,0.9115847807508796,0.0677804901332993,0.0672351788241726,0.9307914093460692,0.0,95,5,196,5,0.8248612070521117
C0_cash_reg_apdtm_features_cash_real_default,bpi2013_open_problems,pre+sim,candidate,AM,alpha_miner_classic,65361c91085f4e7e,60,0.8571428571428572,0.9951923076923076,0.0,0.8571428571428572,0.7935281517747859,0.1380494505494505,0.0,0.8612836438923396,1.0,25,1,196,5,0.7985040080100605
C0_cash_reg_apdtm_features_cash_real_default,bpi2013_open_problems,gen+sim,candidate,AM,alpha_miner_classic,65361c91085f4e7e,60,0.8359628167179092,0.978819959575052,0.0,0.8505529771752094,0.7430566289760936,0.1428571428571429,0.0145901604573002,0.8540516655185869,0.8642729664613832,36,2,196,5,0.8583228007394934
C0_cash_reg_apdtm_features_cash_real_default,bpi2013_open_problems,mix-fit,candidate,HM,heuristics_miner,e69aab0f7954cd28,60,0.8976431319433255,0.9321610267210648,0.0,0.9321610267210648,0.7453088319330367,0.0345178947777392,0.0345178947777392,0.9629700300825084,0.8152663134789634,45,4,196,5,0.8311903196755009
C0_cash_reg_apdtm_features_cash_real_default,bpi2013_open_problems,mix-prec,candidate,HM,heuristics_miner,e69aab0f7954cd28,60,0.9046139563471024,0.9501071658282664,0.0,0.9501071658282664,0.8620643957540444,0.0454932094811639,0.0454932094811639,0.9521178124769696,0.4832828471569882,64,4,196,5,0.8280257633638064
C0_cash_reg_apdtm_features_cash_real_default,bpi2013_open_problems,mix-simp,candidate,IMf,inductive_miner_imf,c3dd65d421b2ed6e,60,0.8542477450712869,0.8823839323945362,0.0,0.8823839323945362,0.7322580424149691,0.0281361873232492,0.0281361873232492,0.9681134409973948,0.812582710902971,13,2,196,5,0.8009125849226176
C0_cash_reg_apdtm_features_cash_real_default,bpi2013_open_problems,mix-gen,candidate,AM,alpha_miner_classic,65361c91085f4e7e,60,0.8490136062359769,0.9253321454132266,0.0,0.9003300715017378,0.823835292661598,0.0763185391772497,0.0513164652657609,0.9175230866499638,0.3291507467064771,53,4,196,5,0.8062511579985963
C0_cash_reg_apdtm_features_cash_real_default,bpi2017,equal,candidate,HM,heuristics_miner,811f4a70bfa6226f,60,0.7897159833979309,0.8802301190425359,0.0,0.7897159833979309,0.5001675983519174,0.0905141356446049,0.0,0.8971699176312428,1.0,51,1,196,5,0.7177128856865687
C0_cash_reg_apdtm_features_cash_real_default,bpi2017,fitn,candidate,IMd,inductive_miner_imd,9d837cc3c8eeb105,60,1.0,1.0,0.0,1.0,0.495774473479623,0.0,0.0,1.0,1.0,1,1,196,5,0.9946297692084664
C0_cash_reg_apdtm_features_cash_real_default,bpi2017,prec,candidate,HM,heuristics_miner,811f4a70bfa6226f,60,0.9977548056712652,0.9982184707429071,0.0,0.9977548056712652,0.1259019512485154,0.0004636650716419,0.0,0.9995355074212392,1.0,4,1,196,5,0.7883517771013464
C0_cash_reg_apdtm_features_cash_real_default,bpi2017,gene,candidate,IMd,inductive_miner_imd,9d837cc3c8eeb105,60,0.988416241415834,0.99095165942404,0.0,0.988416241415834,0.8436482021383097,0.002535418008206,0.0,0.9974414311898124,1.0,5,1,196,5,0.842224980538741
C0_cash_reg_apdtm_features_cash_real_default,bpi2017,simp,candidate,IMf,inductive_miner_imf,8f11ab03a7eddc83,60,0.6170212765957447,0.7701149425287357,0.0,0.6170212765957447,0.392,0.153093665932991,0.0,0.801206732295967,1.0,47,1,196,5,0.5862127388051408
C0_cash_reg_apdtm_features_cash_real_default,bpi2017,fit+pre,candidate,HM,heuristics_miner,811f4a70bfa6226f,60,0.9168671249859665,0.9550451175767803,0.0,0.9168671249859665,0.3108382123640691,0.0381779925908141,0.0,0.9600249329710386,1.0,30,1,196,5,0.8382435230106828
C0_cash_reg_apdtm_features_cash_real_default,bpi2017,fit+gen,candidate,IMd,inductive_miner_imd,9d837cc3c8eeb105,60,0.994208120707917,0.9949668505231788,0.0,0.994208120707917,0.7413842210795771,0.0007587298152618,0.0,0.999237432066342,1.0,4,1,196,5,0.9184273748736036
C0_cash_reg_apdtm_features_cash_real_default,bpi2017,fit+sim,candidate,IMf,inductive_miner_imf,8f11ab03a7eddc83,60,0.8085106382978724,0.8402404432249244,0.0,0.8085106382978724,0.4438872367398115,0.031729804927052,0.0,0.9622372319936542,1.0,13,1,196,5,0.7904212540068036
C0_cash_reg_apdtm_features_cash_real_default,bpi2017,pre+gen,candidate,HM,heuristics_miner,811f4a70bfa6226f,60,0.9207015039047874,0.98591999350851,0.0,0.9207015039047874,0.5564479599640234,0.0652184896037224,0.0,0.9338501196515602,1.0,37,1,196,5,0.7363005103505185
C0_cash_reg_apdtm_features_cash_real_default,bpi2017,pre+sim,candidate,HM,heuristics_miner,811f4a70bfa6226f,60,0.7396181435763733,0.8723812160130642,0.0,0.7396181435763733,0.2589509756242577,0.1327630724366908,0.0,0.8478153013845926,1.0,45,1,196,5,0.6492335151132825
C0_cash_reg_apdtm_features_cash_real_default,bpi2017,gen+sim,candidate,IMf,inductive_miner_imf,8f11ab03a7eddc83,60,0.7963457765194307,0.8792604640175905,0.0,0.7963457765194307,0.6625648418098955,0.0829146874981597,0.0,0.9056995157961508,1.0,16,1,196,5,0.708914443139966
C0_cash_reg_apdtm_features_cash_real_default,bpi2017,mix-fit,candidate,HM,heuristics_miner,811f4a70bfa6226f,60,0.8143793359317738,0.8744182289149186,0.0,0.8143793359317738,0.413179771634357,0.0600388929831448,0.0,0.9313384705421248,1.0,49,1,196,5,0.7622076156834243
C0_cash_reg_apdtm_features_cash_real_default,bpi2017,mix-prec,candidate,HM,heuristics_miner,811f4a70bfa6226f,60,0.8675404199182807,0.9247332260272324,0.0,0.8675404199182807,0.4848138657991901,0.0571928061089518,0.0,0.938152102142302,1.0,38,1,196,5,0.7492540630169715
C0_cash_reg_apdtm_features_cash_real_default,bpi2017,mix-simp,candidate,IMf,inductive_miner_imf,8f11ab03a7eddc83,60,0.7712039241360872,0.8548318499663207,0.0,0.7712039241360872,0.5155213309046448,0.0836279258302334,0.0,0.9021703205916716,1.0,35,1,196,5,0.7287545238512119
C0_cash_reg_apdtm_features_cash_real_default,bpi2017,mix-gen,candidate,HM,heuristics_miner,811f4a70bfa6226f,60,0.7650526308640881,0.8969137795391169,0.0,0.7650526308640881,0.587155425069478,0.1318611486750287,0.0,0.8529834732355365,1.0,60,1,196,5,0.673218155689713
C0_cash_reg_apdtm_features_cash_real_default,bpi2020_domestic,equal,candidate,HM,heuristics_miner,7ff65ee42a91cefb,60,0.782697276145632,0.9013014428805918,0.0,0.782697276145632,0.5280586222617515,0.1186041667349597,0.0,0.868407880990519,1.0,137,1,196,5,0.7630712233379089
C0_cash_reg_apdtm_features_cash_real_default,bpi2020_domestic,fitn,candidate,IM,inductive_miner_im,df7d13e54451760d,60,1.0,1.0,0.0,1.0,0.723032771051894,0.0,0.0,1.0,1.0,1,1,196,5,0.9990798223884332
C0_cash_reg_apdtm_features_cash_real_default,bpi2020_domestic,prec,candidate,HM,heuristics_miner,7ff65ee42a91cefb,60,0.8670356093278883,0.986007752461474,0.0,0.8670356093278883,0.1975518121669374,0.1189721431335857,0.0,0.8793395459248843,1.0,108,1,196,5,0.7976700210113878
C0_cash_reg_apdtm_features_cash_real_default,bpi2020_domestic,gene,candidate,IMd,inductive_miner_imd,255e1ab22bf1c92a,60,0.8421750047212035,0.9326053854610896,0.0,0.8554073029005208,0.7516056740657073,0.090430380739886,0.0132322981793172,0.9030346788152244,0.8725232125174577,92,3,196,5,0.894567766485751
C0_cash_reg_apdtm_features_cash_real_default,bpi2020_domestic,simp,candidate,IMf,inductive_miner_imf,e2ae705eb727870e,60,0.6000000000000001,0.875,0.0,0.6000000000000001,0.3541666666666666,0.2749999999999999,0.0,0.6857142857142858,1.0,125,1,196,5,0.6082011883832524
C0_cash_reg_apdtm_features_cash_real_default,bpi2020_domestic,fit+pre,candidate,HM,heuristics_miner,7ff65ee42a91cefb,60,0.896113454388845,0.980580685505521,0.0,0.896113454388845,0.4865074575922279,0.0844672311166759,0.0,0.9138599889175562,1.0,125,1,196,5,0.8661807308653737
C0_cash_reg_apdtm_features_cash_real_default,bpi2020_domestic,fit+gen,candidate,IMd,inductive_miner_imd,255e1ab22bf1c92a,60,0.9210875023606018,0.9529492086056026,0.0,0.9277036514502603,0.7540428391238887,0.0318617062450008,0.0066161490896585,0.9665651579777036,0.9619018879329873,38,3,196,5,0.9467981573165722
C0_cash_reg_apdtm_features_cash_real_default,bpi2020_domestic,fit+sim,candidate,IMf,inductive_miner_imf,e2ae705eb727870e,60,0.8,0.892967594352212,0.0,0.8,0.5385997188592803,0.0929675943522119,0.0,0.8958891734255444,1.0,60,1,196,5,0.8035673887052475
C0_cash_reg_apdtm_features_cash_real_default,bpi2020_domestic,pre+gen,candidate,HM,heuristics_miner,7ff65ee42a91cefb,60,0.8093206416967977,0.957510356458128,0.0,0.8093206416967977,0.5175175256642226,0.1481897147613302,0.0,0.8452343478461263,1.0,134,1,196,5,0.7872195476600499
C0_cash_reg_apdtm_features_cash_real_default,bpi2020_domestic,pre+sim,candidate,HM,heuristics_miner,7ff65ee42a91cefb,60,0.7269960655335093,0.8607303005919194,0.0,0.7269960655335093,0.3020744053996142,0.1337342350584101,0.0,0.8446270161902726,1.0,128,1,196,5,0.6704121891617821
C0_cash_reg_apdtm_features_cash_real_default,bpi2020_domestic,gen+sim,candidate,IMf,inductive_miner_imf,e2ae705eb727870e,60,0.7277036514502604,0.836843156586478,0.0,0.7277036514502604,0.569609786931275,0.1091395051362176,0.0,0.8695818872661841,1.0,120,1,196,5,0.7450811144638851
C0_cash_reg_apdtm_features_cash_real_default,bpi2020_domestic,mix-fit,candidate,HM,heuristics_miner,7ff65ee42a91cefb,60,0.822739074332684,0.9217713572150562,0.0,0.822739074332684,0.5135463757134479,0.0990322828823722,0.0,0.8925630720598892,1.0,129,1,196,5,0.7994853614844668
C0_cash_reg_apdtm_features_cash_real_default,bpi2020_domestic,mix-prec,candidate,HM,heuristics_miner,7ff65ee42a91cefb,60,0.8160298580147409,0.939640856836592,0.0,0.8160298580147409,0.5155319506888352,0.1236109988218511,0.0,0.86844867597818,1.0,131,1,196,5,0.7933524545722583
C0_cash_reg_apdtm_features_cash_real_default,bpi2020_domestic,mix-simp,candidate,IMf,inductive_miner_imf,e2ae705eb727870e,60,0.7501620398307685,0.8629620289245914,0.0,0.7501620398307685,0.5405852938346677,0.1127999890938229,0.0,0.8692874248077955,1.0,156,1,196,5,0.7567645380681759
C0_cash_reg_apdtm_features_cash_real_default,bpi2020_domestic,mix-gen,candidate,HM,heuristics_miner,7ff65ee42a91cefb,60,0.7426554779585799,0.88113234738198,0.0,0.7426554779585799,0.5425708688100551,0.1384768694234001,0.0,0.8428421452976473,1.0,140,1,196,5,0.7266570851913513
C0_cash_reg_apdtm_features_cash_real_default,bpi2020_international,equal,candidate,HM,heuristics_miner,a8fc09154990e706,60,0.748944593081187,0.8501918473231604,0.0,0.748944593081187,0.4273062136187044,0.1012472542419734,0.0,0.8809124616276295,1.0,74,1,196,5,0.7190915178372672
C0_cash_reg_apdtm_features_cash_real_default,bpi2020_international,fitn,candidate,IMf,inductive_miner_imf,a5329eb78541c284,60,0.9707533277618512,1.0,0.0,1.0,0.543631678095892,0.0292466722381488,0.0292466722381488,0.9707533277618512,0.9359143243857884,11,2,196,5,0.998413567398986
C0_cash_reg_apdtm_features_cash_real_default,bpi2020_international,prec,candidate,HM,heuristics_miner,a8fc09154990e706,60,0.914192461570857,1.0,0.0,0.914192461570857,0.0,0.085807538429143,0.0,0.914192461570857,1.0,28,1,196,5,0.7787349346788119
C0_cash_reg_apdtm_features_cash_real_default,bpi2020_international,gene,candidate,IMf,inductive_miner_imf,a5329eb78541c284,60,0.8766720880937127,0.9418786896404474,0.0,0.9085268002629592,0.6807656098412334,0.0652066015467347,0.0318547121692465,0.9307696391648624,0.8601398591644877,55,3,196,5,0.8564491735589361
C0_cash_reg_apdtm_features_cash_real_default,bpi2020_international,simp,candidate,IMf,inductive_miner_imf,a5329eb78541c284,60,0.6222222222222222,0.726190476190476,0.0,0.6222222222222222,0.2668810289389067,0.1039682539682538,0.0,0.8568306010928963,1.0,55,1,196,5,0.5648757485878678
C0_cash_reg_apdtm_features_cash_real_default,bpi2020_international,fit+pre,candidate,HM,heuristics_miner,a8fc09154990e706,60,0.9075063812417572,0.9444725618292222,0.0,0.9075063812417572,0.271815839047946,0.0369661805874649,0.0,0.9608605034371036,1.0,33,1,196,5,0.8466611452662969
C0_cash_reg_apdtm_features_cash_real_default,bpi2020_international,fit+gen,candidate,IMf,inductive_miner_imf,a5329eb78541c284,60,0.923712707927782,0.9642924535411258,0.0,0.9542634001314796,0.7211719127679556,0.0405797456133438,0.0305506922036976,0.9579175949533518,0.8689326129012531,18,2,196,5,0.9274313704789612
C0_cash_reg_apdtm_features_cash_real_default,bpi2020_international,fit+sim,candidate,IMf,inductive_miner_imf,a5329eb78541c284,60,0.7964877749920367,0.8252695672008914,0.0,0.7964877749920367,0.4052563535173993,0.0287817922088546,0.0,0.9651243746858674,1.0,18,1,196,5,0.7816446579934269
C0_cash_reg_apdtm_features_cash_real_default,bpi2020_international,pre+gen,candidate,HM,heuristics_miner,a8fc09154990e706,60,0.7974790357060452,0.9244692854293904,0.0,0.7974790357060452,0.4493560737200096,0.1269902497233451,0.0,0.8626344306675784,1.0,62,1,196,5,0.7340585479375668
C0_cash_reg_apdtm_features_cash_real_default,bpi2020_international,pre+sim,candidate,HM,heuristics_miner,a8fc09154990e706,60,0.7070962307854285,0.863095238095238,0.0,0.7070962307854285,0.1334405144694533,0.1559990073098095,0.0,0.8192563225651862,1.0,49,1,196,5,0.6361982771494828
C0_cash_reg_apdtm_features_cash_real_default,bpi2020_international,gen+sim,candidate,IMf,inductive_miner_imf,a5329eb78541c284,60,0.7494471551579674,0.8021013140485984,0.0,0.7494471551579674,0.5827965881894629,0.0526541588906309,0.0,0.934354728051922,1.0,45,1,196,5,0.710662461073402
C0_cash_reg_apdtm_features_cash_real_default,bpi2020_international,mix-fit,candidate,HM,heuristics_miner,a8fc09154990e706,60,0.8026624198204434,0.8651430903153831,0.0,0.8026624198204434,0.36070009177014,0.0624806704949396,0.0,0.9277799577961576,1.0,55,1,196,5,0.7671259627888193
C0_cash_reg_apdtm_features_cash_real_default,bpi2020_international,mix-prec,candidate,HM,heuristics_miner,a8fc09154990e706,60,0.8000707277632444,0.8789785552291676,0.0,0.8000707277632444,0.4050280827450748,0.0789078274659231,0.0,0.910227812730482,1.0,61,1,196,5,0.750592255363193
C0_cash_reg_apdtm_features_cash_real_default,bpi2020_international,mix-simp,candidate,IMf,inductive_miner_imf,a5329eb78541c284,60,0.7380189347317311,0.8280233355013684,0.0,0.7380189347317311,0.4495843444923341,0.0900044007696373,0.0,0.8913020963169599,1.0,76,1,196,5,0.7218061926510768
C0_cash_reg_apdtm_features_cash_real_default,bpi2020_international,mix-gen,candidate,HM,heuristics_miner,a8fc09154990e706,60,0.6952267663419306,0.8352406043309378,0.0,0.6952267663419306,0.4939123354672689,0.1400138379890072,0.0,0.8323670601465022,1.0,109,1,196,5,0.6710570728857154
C0_cash_reg_apdtm_features_cash_real_default,bpi2020_payment,equal,candidate,HM,heuristics_miner,67cd1ccc54854e66,60,0.7459843675155176,0.8696763776738392,0.0,0.7459843675155176,0.4539079536155171,0.1236920101583216,0.0,0.8577723698910094,1.0,129,1,196,5,0.7399636626857815
C0_cash_reg_apdtm_features_cash_real_default,bpi2020_payment,fitn,candidate,IMd,inductive_miner_imd,8cefc3b841ae652c,60,1.0,1.0,0.0,1.0,0.6986954515961711,0.0,0.0,1.0,1.0,1,1,196,5,0.9987275846283948
C0_cash_reg_apdtm_features_cash_real_default,bpi2020_payment,prec,candidate,HM,heuristics_miner,67cd1ccc54854e66,60,0.8082905921163525,1.0,0.0,0.8082905921163525,0.0,0.1917094078836475,0.0,0.8082905921163525,1.0,103,1,196,5,0.8329818598080843
C0_cash_reg_apdtm_features_cash_real_default,bpi2020_payment,gene,candidate,IMf,inductive_miner_imf,8029fc494c1c09a0,60,0.8669709790187637,0.9042989365923124,0.0,0.8669709790187637,0.6750512131653676,0.0373279575735486,0.0,0.9587216615401404,1.0,4,1,196,5,0.8563981991495381
C0_cash_reg_apdtm_features_cash_real_default,bpi2020_payment,simp,candidate,IMf,inductive_miner_imf,8029fc494c1c09a0,60,0.6000000000000001,0.8214285714285714,0.0,0.6000000000000001,0.3333333333333333,0.2214285714285713,0.0,0.7304347826086958,1.0,105,1,196,5,0.5719935761579158
C0_cash_reg_apdtm_features_cash_real_default,bpi2020_payment,fit+pre,candidate,HM,heuristics_miner,67cd1ccc54854e66,60,0.8729305234063345,0.9825892284678608,0.0,0.8729305234063345,0.3493477257980855,0.1096587050615264,0.0,0.8883982218769935,1.0,101,1,196,5,0.8728118878340242
C0_cash_reg_apdtm_features_cash_real_default,bpi2020_payment,fit+gen,candidate,IMf,inductive_miner_imf,8029fc494c1c09a0,60,0.9334854895093818,0.951497082337022,0.0,0.9334854895093818,0.7411492405643676,0.0180115928276403,0.0,0.9810702595289088,1.0,2,1,196,5,0.926930478884128
C0_cash_reg_apdtm_features_cash_real_default,bpi2020_payment,fit+sim,candidate,IMf,inductive_miner_imf,8029fc494c1c09a0,60,0.8,0.8691224178435837,0.0,0.8,0.5160143924647522,0.0691224178435836,0.0,0.9204687206031502,1.0,56,1,196,5,0.7847281673883169
C0_cash_reg_apdtm_features_cash_real_default,bpi2020_payment,pre+gen,candidate,HM,heuristics_miner,67cd1ccc54854e66,60,0.7416709026408601,0.916868426053467,0.0,0.7416709026408601,0.391801514766282,0.1751975234126068,0.0,0.8089174864852525,1.0,127,1,196,5,0.7730429953933408
C0_cash_reg_apdtm_features_cash_real_default,bpi2020_payment,pre+sim,candidate,HM,heuristics_miner,67cd1ccc54854e66,60,0.6856579011001931,0.87,0.0,0.6856579011001931,0.1666666666666666,0.1843420988998069,0.0,0.788112530000222,1.0,122,1,196,5,0.6670543019522823
C0_cash_reg_apdtm_features_cash_real_default,bpi2020_payment,gen+sim,candidate,IMf,inductive_miner_imf,8029fc494c1c09a0,60,0.7334854895093819,0.7955758933524278,0.0,0.7334854895093819,0.5584681814329486,0.0620904038430459,0.0,0.921955398143844,1.0,54,1,196,5,0.7141958876537269
C0_cash_reg_apdtm_features_cash_real_default,bpi2020_payment,mix-fit,candidate,HM,heuristics_miner,67cd1ccc54854e66,60,0.7976255228467759,0.9053177010011466,0.0,0.7976255228467759,0.4245051502583915,0.1076921781543707,0.0,0.8810448773560053,1.0,121,1,196,5,0.7864870862035667
C0_cash_reg_apdtm_features_cash_real_default,bpi2020_payment,mix-prec,candidate,HM,heuristics_miner,67cd1ccc54854e66,60,0.769648212743818,0.9102277500261444,0.0,0.769648212743818,0.4081533325123367,0.1405795372823265,0.0,0.8455556455202683,1.0,126,1,196,5,0.7797650407984538
C0_cash_reg_apdtm_features_cash_real_default,bpi2020_payment,mix-simp,candidate,IMf,inductive_miner_imf,8029fc494c1c09a0,60,0.7427293481371395,0.829125005321534,0.0,0.7427293481371395,0.4996625747186974,0.0863956571843944,0.0,0.895798996978881,1.0,147,1,196,5,0.7301483476498916
C0_cash_reg_apdtm_features_cash_real_default,bpi2020_payment,mix-gen,candidate,HM,heuristics_miner,67cd1ccc54854e66,60,0.6943432121842593,0.836099433132433,0.0,0.6943432121842593,0.4833107569726427,0.1417562209481736,0.0,0.8304553079086703,1.0,145,1,196,5,0.6934402391679964
C0_cash_reg_apdtm_features_cash_real_default,bpi2020_permit,equal,candidate,HM,heuristics_miner,8dc0dde1f149f92e,60,0.6953084541835005,0.8429076490043279,0.0,0.6953084541835005,0.0,0.1475991948208274,0.0,0.8248928040987922,1.0,86,1,196,5,0.745149924300512
C0_cash_reg_apdtm_features_cash_real_default,bpi2020_permit,fitn,candidate,IMd,inductive_miner_imd,83bfdaba62b71641,60,1.0,1.0,0.0,1.0,0.0,0.0,0.0,1.0,1.0,1,1,196,5,1.0
C0_cash_reg_apdtm_features_cash_real_default,bpi2020_permit,prec,candidate,HM,heuristics_miner,8dc0dde1f149f92e,60,0.8137442437123628,0.9911533085603246,0.0,0.8137442437123628,0.0,0.1774090648479618,0.0,0.8210074432323159,1.0,43,1,196,5,0.7305078268199534
C0_cash_reg_apdtm_features_cash_real_default,bpi2020_permit,gene,candidate,IMd,inductive_miner_imd,83bfdaba62b71641,60,0.8652393738255396,0.9078165537742844,0.0,0.8652393738255396,0.0,0.0425771799487447,0.0,0.9530993571644752,1.0,41,1,196,5,0.9160080970700544
C0_cash_reg_apdtm_features_cash_real_default,bpi2020_permit,simp,candidate,IMf,inductive_miner_imf,af1d75e068f5e2e7,60,0.0,0.7142857142857143,0.0,0.5946547884187082,0.0,0.7142857142857143,0.5946547884187082,0.0,0.0,177,5,196,5,0.5888865414425922
C0_cash_reg_apdtm_features_cash_real_default,bpi2020_permit,fit+pre,candidate,HM,heuristics_miner,8dc0dde1f149f92e,60,0.8512783359444481,0.9243881790529204,0.0,0.8512783359444481,0.0,0.0731098431084723,0.0,0.9209100194429392,1.0,34,1,196,5,0.8303227494612142
C0_cash_reg_apdtm_features_cash_real_default,bpi2020_permit,fit+gen,candidate,IMd,inductive_miner_imd,83bfdaba62b71641,60,0.93261968691277,0.9448808304983668,0.0,0.93261968691277,0.0,0.0122611435855969,0.0,0.9870236084913164,1.0,7,1,196,5,0.9580040485350272
C0_cash_reg_apdtm_features_cash_real_default,bpi2020_permit,fit+sim,candidate,IMf,inductive_miner_imf,af1d75e068f5e2e7,60,0.0,0.8272924879786688,0.0,0.7973273942093542,0.0,0.8272924879786688,0.7973273942093542,0.0,0.0,177,5,196,5,0.7943701540407008
C0_cash_reg_apdtm_features_cash_real_default,bpi2020_permit,pre+gen,candidate,HM,heuristics_miner,8dc0dde1f149f92e,60,0.7082588870498185,0.9322600772514232,0.0,0.7082588870498185,0.0,0.2240011902016045,0.0,0.7597224254609014,1.0,78,1,196,5,0.7714624119136033
C0_cash_reg_apdtm_features_cash_real_default,bpi2020_permit,pre+sim,candidate,HM,heuristics_miner,8dc0dde1f149f92e,60,0.644823929085097,0.816594001468874,0.0,0.644823929085097,0.0,0.1717700723837769,0.0,0.7896505826949498,1.0,46,1,196,5,0.6190225140461596
C0_cash_reg_apdtm_features_cash_real_default,bpi2020_permit,gen+sim,candidate,IMf,inductive_miner_imf,af1d75e068f5e2e7,60,0.0,0.7992898469819344,0.0,0.7281672934908063,0.0,0.7992898469819344,0.7281672934908063,0.0,0.0,177,5,196,5,0.7410467281766137
C0_cash_reg_apdtm_features_cash_real_default,bpi2020_permit,mix-fit,candidate,HM,heuristics_miner,8dc0dde1f149f92e,60,0.755106320314616,0.8639118088087243,0.0,0.755106320314616,0.0,0.1088054884941083,0.0,0.8740548660352916,1.0,52,1,196,5,0.7739565568421747
C0_cash_reg_apdtm_features_cash_real_default,bpi2020_permit,mix-prec,candidate,HM,heuristics_miner,8dc0dde1f149f92e,60,0.7316826036822173,0.8885842618048088,0.0,0.7316826036822173,0.0,0.1569016581225915,0.0,0.8234251214354082,1.0,68,1,196,5,0.772709484377889
C0_cash_reg_apdtm_features_cash_real_default,bpi2020_permit,mix-simp,candidate,IMf,inductive_miner_imf,af1d75e068f5e2e7,60,0.0,0.81761289182125,0.0,0.7200015916100726,0.0,0.81761289182125,0.7200015916100726,0.0,0.0,177,5,196,5,0.7384438557407327
C0_cash_reg_apdtm_features_cash_real_default,bpi2020_permit,mix-gen,candidate,HM,heuristics_miner,8dc0dde1f149f92e,60,0.6355105880523851,0.8269571869508153,0.0,0.642675789010791,0.0,0.1914465988984302,0.0071652009584058,0.7684927322485235,0.9888509866391036,127,2,196,5,0.7163432917588493
C0_cash_reg_apdtm_features_cash_real_default,bpic15_1,equal,candidate,HM,heuristics_miner,5bcc625438d49cfc,63,0.0,0.7538067736145151,0.0,0.5006533211257762,0.0,0.7538067736145151,0.5006533211257762,0.0,0.0,145,2,196,5,0.6020031512089871
C0_cash_reg_apdtm_features_cash_real_default,bpic15_1,fitn,candidate,IMd,inductive_miner_imd,8ec8a2cb08851acf,63,1.0,1.0,0.0,1.0,0.0,0.0,0.0,1.0,1.0,1,1,196,5,0.987220730113786
C0_cash_reg_apdtm_features_cash_real_default,bpic15_1,prec,candidate,HM,heuristics_miner,5bcc625438d49cfc,63,0.0,0.9967132292522596,0.0,0.0055144083252097,0.0,0.9967132292522596,0.0055144083252097,0.0,0.0,145,2,196,5,0.7317188035247197
C0_cash_reg_apdtm_features_cash_real_default,bpic15_1,gene,candidate,IMf,inductive_miner_imf,9354ec4533f0ae50,63,0.0,0.7947596517508088,0.0,0.6526451647517064,0.0,0.7947596517508088,0.6526451647517064,0.0,0.0,145,2,196,5,0.6362104159771953
C0_cash_reg_apdtm_features_cash_real_default,bpic15_1,simp,candidate,IM,inductive_miner_im,2817f823e67e1758,63,0.0,1.0,0.0,0.3444537114261885,0.0,1.0,0.3444537114261885,0.0,0.0,145,2,196,5,0.4902966768275487
C0_cash_reg_apdtm_features_cash_real_default,bpic15_1,fit+pre,candidate,HM,heuristics_miner,5bcc625438d49cfc,63,0.0,0.8688577238297088,0.0,0.5027572041626048,0.0,0.8688577238297088,0.5027572041626048,0.0,0.0,145,2,196,5,0.7687270335832522
C0_cash_reg_apdtm_features_cash_real_default,bpic15_1,fit+gen,candidate,IMd,inductive_miner_imd,8ec8a2cb08851acf,63,0.8263225823758532,0.871727415992749,0.0,0.8263225823758532,0.0,0.0454048336168958,0.0,0.9479139547708414,1.0,4,1,196,5,0.810717186558334
C0_cash_reg_apdtm_features_cash_real_default,bpic15_1,fit+sim,candidate,IMf,inductive_miner_imf,9354ec4533f0ae50,63,0.0,0.8645266546833184,0.0,0.6722268557130943,0.0,0.8645266546833184,0.6722268557130943,0.0,0.0,145,2,196,5,0.736814509729958
C0_cash_reg_apdtm_features_cash_real_default,bpic15_1,pre+gen,candidate,HM,heuristics_miner,5bcc625438d49cfc,63,0.0,0.8387467991159434,0.0,0.329079786538458,0.0,0.8387467991159434,0.329079786538458,0.0,0.0,145,2,196,5,0.5821539154442821
C0_cash_reg_apdtm_features_cash_real_default,bpic15_1,pre+sim,candidate,HM,heuristics_miner,5bcc625438d49cfc,63,0.0,0.8214077863143173,0.0,0.1749840598756991,0.0,0.8214077863143173,0.1749840598756991,0.0,0.0,145,2,196,5,0.5848441569151595
C0_cash_reg_apdtm_features_cash_real_default,bpic15_1,gen+sim,candidate,IMf,inductive_miner_imf,9354ec4533f0ae50,63,0.0,0.8973798258754044,0.0,0.4985494380889474,0.0,0.8973798258754044,0.4985494380889474,0.0,0.0,145,2,196,5,0.5624279453101488
C0_cash_reg_apdtm_features_cash_real_default,bpic15_1,mix-fit,candidate,HM,heuristics_miner,5bcc625438d49cfc,63,0.0,0.7829881701741386,0.0,0.5358095812579713,0.0,0.7829881701741386,0.5358095812579713,0.0,0.0,145,2,196,5,0.6726625513116341
C0_cash_reg_apdtm_features_cash_real_default,bpic15_1,mix-prec,candidate,HM,heuristics_miner,5bcc625438d49cfc,63,0.0,0.8104949307104619,0.0,0.4324446838982146,0.0,0.8104949307104619,0.4324446838982146,0.0,0.0,145,2,196,5,0.6274082333779581
C0_cash_reg_apdtm_features_cash_real_default,bpic15_1,mix-simp,candidate,IMf,inductive_miner_imf,9354ec4533f0ae50,63,0.0,0.7694736087116352,0.0,0.5688619583533376,0.0,0.7694736087116352,0.5688619583533376,0.0,0.0,145,2,196,5,0.6289200920446345
C0_cash_reg_apdtm_features_cash_real_default,bpic15_1,mix-gen,candidate,HM,heuristics_miner,5bcc625438d49cfc,63,0.0,0.7344918748892888,0.0,0.465497060993581,0.0,0.7344918748892888,0.465497060993581,0.0,0.0,145,2,196,5,0.5313437511063399
C0_cash_reg_apdtm_features_cash_real_default,bpic15_2,equal,candidate,HM,heuristics_miner,31413093d0283c37,63,0.0,0.739796087901852,0.0,0.4958761568622505,0.0,0.739796087901852,0.4958761568622505,0.0,0.0,145,2,196,5,0.6041823656644033
C0_cash_reg_apdtm_features_cash_real_default,bpic15_2,fitn,candidate,IMf,inductive_miner_imf,27f9bd2b058a6d8e,63,0.0,1.0,0.0,1.0,0.0,1.0,1.0,0.0,0.0,145,2,196,5,0.9812370334199804
C0_cash_reg_apdtm_features_cash_real_default,bpic15_2,prec,candidate,HM,heuristics_miner,31413093d0283c37,63,0.0,0.9964080459770116,0.0,0.0047466811844114,0.0,0.9964080459770116,0.0047466811844114,0.0,0.0,145,2,196,5,0.7408269931530801
C0_cash_reg_apdtm_features_cash_real_default,bpic15_2,gene,candidate,IMf,inductive_miner_imf,27f9bd2b058a6d8e,63,0.0,0.8434264748464657,0.0,0.630479323366272,0.0,0.8434264748464657,0.630479323366272,0.0,0.0,145,2,196,5,0.6471809479413138
C0_cash_reg_apdtm_features_cash_real_default,bpic15_2,simp,candidate,IMf,inductive_miner_imf,27f9bd2b058a6d8e,63,0.0,1.0,0.0,0.3482786228983187,0.0,1.0,0.3482786228983187,0.0,0.0,145,2,196,5,0.4871159798279299
C0_cash_reg_apdtm_features_cash_real_default,bpic15_2,fit+pre,candidate,HM,heuristics_miner,31413093d0283c37,63,0.0,0.8552632687420797,0.0,0.5023733405922057,0.0,0.8552632687420797,0.5023733405922057,0.0,0.0,145,2,196,5,0.7697669799897313
C0_cash_reg_apdtm_features_cash_real_default,bpic15_2,fit+gen,candidate,IMf,inductive_miner_imf,27f9bd2b058a6d8e,63,0.0,0.888226048940476,0.0,0.815239661683136,0.0,0.888226048940476,0.815239661683136,0.0,0.0,145,2,196,5,0.8142089906806471
C0_cash_reg_apdtm_features_cash_real_default,bpic15_2,fit+sim,candidate,IMf,inductive_miner_imf,27f9bd2b058a6d8e,63,0.0,0.8502937315725136,0.0,0.6741393114491594,0.0,0.8502937315725136,0.6741393114491594,0.0,0.0,145,2,196,5,0.7341765066239552
C0_cash_reg_apdtm_features_cash_real_default,bpic15_2,pre+gen,candidate,HM,heuristics_miner,31413093d0283c37,63,0.0,0.8135744140072105,0.0,0.3176130022753416,0.0,0.8135744140072105,0.3176130022753416,0.0,0.0,145,2,196,5,0.5886407815667837
C0_cash_reg_apdtm_features_cash_real_default,bpic15_2,pre+sim,candidate,HM,heuristics_miner,31413093d0283c37,63,0.0,0.7980406242956953,0.0,0.176512652041365,0.0,0.7980406242956953,0.176512652041365,0.0,0.0,145,2,196,5,0.5907839629253717
C0_cash_reg_apdtm_features_cash_real_default,bpic15_2,gen+sim,candidate,IMf,inductive_miner_imf,27f9bd2b058a6d8e,63,0.0,0.9217132374232327,0.0,0.4893789731322953,0.0,0.9217132374232327,0.4893789731322953,0.0,0.0,145,2,196,5,0.5671484638846218
C0_cash_reg_apdtm_features_cash_real_default,bpic15_2,mix-fit,candidate,HM,heuristics_miner,31413093d0283c37,63,0.0,0.7675374461630222,0.0,0.5341276612716144,0.0,0.7675374461630222,0.5341276612716144,0.0,0.0,145,2,196,5,0.6735245282140585
C0_cash_reg_apdtm_features_cash_real_default,bpic15_2,mix-prec,candidate,HM,heuristics_miner,31413093d0283c37,63,0.0,0.7904532226862232,0.0,0.425870331773478,0.0,0.7904532226862232,0.425870331773478,0.0,0.0,145,2,196,5,0.631082654890421
C0_cash_reg_apdtm_features_cash_real_default,bpic15_2,mix-simp,candidate,IMf,inductive_miner_imf,27f9bd2b058a6d8e,63,0.0,0.7666984383330109,0.0,0.565881981951023,0.0,0.7666984383330109,0.565881981951023,0.0,0.0,145,2,196,5,0.6308563009104092
C0_cash_reg_apdtm_features_cash_real_default,bpic15_2,mix-gen,candidate,HM,heuristics_miner,31413093d0283c37,63,0.0,0.7177077196779903,0.0,0.4576246524528867,0.0,0.7177077196779903,0.4576246524528867,0.0,0.0,145,2,196,5,0.5348402031147482
C0_cash_reg_apdtm_features_cash_real_default,bpic15_3,equal,candidate,HM,heuristics_miner,b47e1fe582935617,63,0.0,0.7711497484903616,0.0,0.5062291863779904,0.0,0.7711497484903616,0.5062291863779904,0.0,0.0,143,2,196,5,0.6307615006703216
C0_cash_reg_apdtm_features_cash_real_default,bpic15_3,fitn,candidate,IMd,inductive_miner_imd,1e1739de3216125c,63,1.0,1.0,0.0,1.0,0.0,0.0,0.0,1.0,1.0,1,1,196,5,0.993453766536076
C0_cash_reg_apdtm_features_cash_real_default,bpic15_3,prec,candidate,HM,heuristics_miner,b47e1fe582935617,63,0.0,0.9713690786048932,0.0,0.0056460981272722,0.0,0.9713690786048932,0.0056460981272722,0.0,0.0,143,2,196,5,0.7333858394509857
C0_cash_reg_apdtm_features_cash_real_default,bpic15_3,gene,candidate,IMd,inductive_miner_imd,1e1739de3216125c,63,0.6755746197508381,0.7690804510999736,0.0,0.6755746197508381,0.0,0.0935058313491354,0.0,0.8784186606025427,1.0,104,1,196,5,0.688955878724505
C0_cash_reg_apdtm_features_cash_real_default,bpic15_3,simp,candidate,IMf,inductive_miner_imf,b99875d9f62f1ca7,63,0.0,1.0,0.0,0.3436960276338515,0.0,1.0,0.3436960276338515,0.0,0.0,143,2,196,5,0.5208815252179054
C0_cash_reg_apdtm_features_cash_real_default,bpic15_3,fit+pre,candidate,HM,heuristics_miner,b47e1fe582935617,63,0.0,0.8737992058502052,0.0,0.5028230490636361,0.0,0.8737992058502052,0.5028230490636361,0.0,0.0,143,2,196,5,0.7761079472523139
C0_cash_reg_apdtm_features_cash_real_default,bpic15_3,fit+gen,candidate,IMd,inductive_miner_imd,1e1739de3216125c,63,0.837787309875419,0.8764050391703524,0.0,0.837787309875419,0.0,0.0386177292949333,0.0,0.955936208067116,1.0,8,1,196,5,0.8412048226302904
C0_cash_reg_apdtm_features_cash_real_default,bpic15_3,fit+sim,candidate,IMf,inductive_miner_imf,b99875d9f62f1ca7,63,0.0,0.8866318702272058,0.0,0.6718480138169257,0.0,0.8866318702272058,0.6718480138169257,0.0,0.0,143,2,196,5,0.7571201663169151
C0_cash_reg_apdtm_features_cash_real_default,bpic15_3,pre+gen,candidate,HM,heuristics_miner,b47e1fe582935617,63,0.0,0.8335999035488251,0.0,0.3406103589390551,0.0,0.8335999035488251,0.3406103589390551,0.0,0.0,143,2,196,5,0.6203417941061028
C0_cash_reg_apdtm_features_cash_real_default,bpic15_3,pre+sim,candidate,HM,heuristics_miner,b47e1fe582935617,63,0.0,0.806269466186586,0.0,0.1746710628805618,0.0,0.806269466186586,0.1746710628805618,0.0,0.0,143,2,196,5,0.5984590994332122
C0_cash_reg_apdtm_features_cash_real_default,bpic15_3,gen+sim,candidate,IMf,inductive_miner_imf,b99875d9f62f1ca7,63,0.0,0.8774480269684266,0.0,0.5096353236923448,0.0,0.8774480269684266,0.5096353236923448,0.0,0.0,143,2,196,5,0.6047089888029764
C0_cash_reg_apdtm_features_cash_real_default,bpic15_3,mix-fit,candidate,HM,heuristics_miner,b47e1fe582935617,63,0.0,0.7997195004226063,0.0,0.5379904969400358,0.0,0.7997195004226063,0.5379904969400358,0.0,0.0,143,2,196,5,0.6909840206159623
C0_cash_reg_apdtm_features_cash_real_default,bpic15_3,mix-prec,candidate,HM,heuristics_miner,b47e1fe582935617,63,0.0,0.8166597019857158,0.0,0.4393004279395454,0.0,0.8166597019857158,0.4393004279395454,0.0,0.0,143,2,196,5,0.6556629073610325
C0_cash_reg_apdtm_features_cash_real_default,bpic15_3,mix-simp,candidate,IMf,inductive_miner_imf,b99875d9f62f1ca7,63,0.0,0.7807894458056361,0.0,0.5731579448164354,0.0,0.7807894458056361,0.5731579448164354,0.0,0.0,143,2,196,5,0.6544984782298422
C0_cash_reg_apdtm_features_cash_real_default,bpic15_3,mix-gen,candidate,HM,heuristics_miner,b47e1fe582935617,63,0.0,0.742579996558117,0.0,0.4744678758159452,0.0,0.742579996558117,0.4744678758159452,0.0,0.0,143,2,196,5,0.5705389807246809
C0_cash_reg_apdtm_features_cash_real_default,bpic15_4,equal,candidate,HM,heuristics_miner,07498f13634809d9,63,0.0,0.7570912404815519,0.0,0.5004532568394435,0.0,0.7570912404815519,0.5004532568394435,0.0,0.0,150,2,196,5,0.6204268469113754
C0_cash_reg_apdtm_features_cash_real_default,bpic15_4,fitn,candidate,IMd,inductive_miner_imd,f68041a3f2d86846,63,1.0,1.0,0.0,1.0,0.0,0.0,0.0,1.0,1.0,1,1,196,5,0.9875409438305088
C0_cash_reg_apdtm_features_cash_real_default,bpic15_4,prec,candidate,HM,heuristics_miner,07498f13634809d9,63,0.0,0.9771181199752628,0.0,0.0063677194723514,0.0,0.9771181199752628,0.0063677194723514,0.0,0.0,150,2,196,5,0.8305452422012661
C0_cash_reg_apdtm_features_cash_real_default,bpic15_4,gene,candidate,IMf,inductive_miner_imf,508c9b8c394f9b3f,63,0.0,0.8125621208083507,0.0,0.6484303825122886,0.0,0.8125621208083507,0.6484303825122886,0.0,0.0,150,2,196,5,0.6460460874075445
C0_cash_reg_apdtm_features_cash_real_default,bpic15_4,simp,candidate,IMf,inductive_miner_imf,508c9b8c394f9b3f,63,0.0,1.0,0.0,0.3470149253731343,0.0,1.0,0.3470149253731343,0.0,0.0,150,2,196,5,0.4843862550613712
C0_cash_reg_apdtm_features_cash_real_default,bpic15_4,fit+pre,candidate,HM,heuristics_miner,07498f13634809d9,63,0.0,0.8685599938464359,0.0,0.5031838597361757,0.0,0.8685599938464359,0.5031838597361757,0.0,0.0,150,2,196,5,0.8121782551645407
C0_cash_reg_apdtm_features_cash_real_default,bpic15_4,fit+gen,candidate,IMf,inductive_miner_imf,508c9b8c394f9b3f,63,0.0,0.8717994934557993,0.0,0.8242151912561443,0.0,0.8717994934557993,0.8242151912561443,0.0,0.0,150,2,196,5,0.8162085821742637
C0_cash_reg_apdtm_features_cash_real_default,bpic15_4,fit+sim,candidate,IMf,inductive_miner_imf,508c9b8c394f9b3f,63,0.0,0.8675538703293734,0.0,0.6735074626865671,0.0,0.8675538703293734,0.6735074626865671,0.0,0.0,150,2,196,5,0.735378666001177
C0_cash_reg_apdtm_features_cash_real_default,bpic15_4,pre+gen,candidate,HM,heuristics_miner,07498f13634809d9,63,0.0,0.8247132962569865,0.0,0.32739905099232,0.0,0.8247132962569865,0.32739905099232,0.0,0.0,150,2,196,5,0.6291894646009377
C0_cash_reg_apdtm_features_cash_real_default,bpic15_4,pre+sim,candidate,HM,heuristics_miner,07498f13634809d9,63,0.0,0.7904575186873295,0.0,0.1766913224227428,0.0,0.7904575186873295,0.1766913224227428,0.0,0.0,150,2,196,5,0.6300312162585384
C0_cash_reg_apdtm_features_cash_real_default,bpic15_4,gen+sim,candidate,IMf,inductive_miner_imf,508c9b8c394f9b3f,63,0.0,0.8981830671938409,0.0,0.4977226539427114,0.0,0.8981830671938409,0.4977226539427114,0.0,0.0,150,2,196,5,0.5652161712344579
C0_cash_reg_apdtm_features_cash_real_default,bpic15_4,mix-fit,candidate,HM,heuristics_miner,07498f13634809d9,63,0.0,0.7881543306724185,0.0,0.5361563391675611,0.0,0.7881543306724185,0.5361563391675611,0.0,0.0,150,2,196,5,0.695374886674729
C0_cash_reg_apdtm_features_cash_real_default,bpic15_4,mix-prec,candidate,HM,heuristics_miner,07498f13634809d9,63,0.0,0.8064338134647027,0.0,0.4317776950799405,0.0,0.8064338134647027,0.4317776950799405,0.0,0.0,150,2,196,5,0.6622821756378334
C0_cash_reg_apdtm_features_cash_real_default,bpic15_4,mix-simp,candidate,IMf,inductive_miner_imf,508c9b8c394f9b3f,63,0.0,0.7784157949851235,0.0,0.5691288185989466,0.0,0.7784157949851235,0.5691288185989466,0.0,0.0,150,2,196,5,0.6239086065194578
C0_cash_reg_apdtm_features_cash_real_default,bpic15_4,mix-gen,candidate,HM,heuristics_miner,07498f13634809d9,63,0.0,0.7260281502906851,0.0,0.464750174511326,0.0,0.7260281502906851,0.464750174511326,0.0,0.0,150,2,196,5,0.5454788071480217
C0_cash_reg_apdtm_features_cash_real_default,bpic15_5,equal,candidate,HM,heuristics_miner,5fe2fca8d068cc08,63,0.0,0.7432661612580866,0.0,0.4980303762681133,0.0,0.7432661612580866,0.4980303762681133,0.0,0.0,147,2,196,5,0.6098163711971715
C0_cash_reg_apdtm_features_cash_real_default,bpic15_5,fitn,candidate,IMd,inductive_miner_imd,a0710095115a2fbb,63,1.0,1.0,0.0,1.0,0.0,0.0,0.0,1.0,1.0,1,1,196,5,0.9906092008313228
C0_cash_reg_apdtm_features_cash_real_default,bpic15_5,prec,candidate,HM,heuristics_miner,5fe2fca8d068cc08,63,0.0,0.9914236706689536,0.0,0.0050756012401533,0.0,0.9914236706689536,0.0050756012401533,0.0,0.0,147,2,196,5,0.7117081277738704
C0_cash_reg_apdtm_features_cash_real_default,bpic15_5,gene,candidate,IMf,inductive_miner_imf,7dbd84574fcdda7f,63,0.0,0.8420322364834529,0.0,0.6480339787897107,0.0,0.8420322364834529,0.6480339787897107,0.0,0.0,147,2,196,5,0.6630529617000441
C0_cash_reg_apdtm_features_cash_real_default,bpic15_5,simp,candidate,IMf,inductive_miner_imf,7dbd84574fcdda7f,63,0.0,1.0,0.0,0.3390119250425894,0.0,1.0,0.3390119250425894,0.0,0.0,147,2,196,5,0.5041315671620779
C0_cash_reg_apdtm_features_cash_real_default,bpic15_5,fit+pre,candidate,HM,heuristics_miner,5fe2fca8d068cc08,63,0.0,0.8302814710249038,0.0,0.5025378006200767,0.0,0.8302814710249038,0.5025378006200767,0.0,0.0,147,2,196,5,0.7632165473659088
C0_cash_reg_apdtm_features_cash_real_default,bpic15_5,fit+gen,candidate,IMf,inductive_miner_imf,7dbd84574fcdda7f,63,0.0,0.8491470544465778,0.0,0.8240169893948553,0.0,0.8491470544465778,0.8240169893948553,0.0,0.0,147,2,196,5,0.826757964585088
C0_cash_reg_apdtm_features_cash_real_default,bpic15_5,fit+sim,candidate,IMf,inductive_miner_imf,7dbd84574fcdda7f,63,0.0,0.8492461162887588,0.0,0.6695059625212947,0.0,0.8492461162887588,0.6695059625212947,0.0,0.0,147,2,196,5,0.7472972673161049
C0_cash_reg_apdtm_features_cash_real_default,bpic15_5,pre+gen,candidate,HM,heuristics_miner,5fe2fca8d068cc08,63,0.0,0.8116192280976056,0.0,0.326554790014932,0.0,0.8116192280976056,0.326554790014932,0.0,0.0,147,2,196,5,0.5909683304694355
C0_cash_reg_apdtm_features_cash_real_default,bpic15_5,pre+sim,candidate,HM,heuristics_miner,5fe2fca8d068cc08,63,0.0,0.7827816467542539,0.0,0.1720437631413713,0.0,0.7827816467542539,0.1720437631413713,0.0,0.0,147,2,196,5,0.577155992332869
C0_cash_reg_apdtm_features_cash_real_default,bpic15_5,gen+sim,candidate,IMf,inductive_miner_imf,7dbd84574fcdda7f,63,0.0,0.9210161182417264,0.0,0.49352295191615,0.0,0.9210161182417264,0.49352295191615,0.0,0.0,147,2,196,5,0.5835922644310609
C0_cash_reg_apdtm_features_cash_real_default,bpic15_5,mix-fit,candidate,HM,heuristics_miner,5fe2fca8d068cc08,63,0.0,0.7619159908588385,0.0,0.534128463259535,0.0,0.7619159908588385,0.534128463259535,0.0,0.0,147,2,196,5,0.6749460498102136
C0_cash_reg_apdtm_features_cash_real_default,bpic15_5,mix-prec,candidate,HM,heuristics_miner,5fe2fca8d068cc08,63,0.0,0.7845385057794599,0.0,0.4303416266372334,0.0,0.7845385057794599,0.4303416266372334,0.0,0.0,147,2,196,5,0.6329571901398247
C0_cash_reg_apdtm_features_cash_real_default,bpic15_5,mix-simp,candidate,IMf,inductive_miner_imf,7dbd84574fcdda7f,63,0.0,0.7677189214161869,0.0,0.5657191258989932,0.0,0.7677189214161869,0.5657191258989932,0.0,0.0,147,2,196,5,0.6367497825777494
C0_cash_reg_apdtm_features_cash_real_default,bpic15_5,mix-gen,candidate,HM,heuristics_miner,5fe2fca8d068cc08,63,0.0,0.7246163316573346,0.0,0.4619322892766918,0.0,0.7246163316573346,0.4619322892766918,0.0,0.0,147,2,196,5,0.5446866925841294
C0_cash_reg_apdtm_features_cash_real_default,hospital_billing,equal,candidate,HM,heuristics_miner,f0ba1c246feb1617,60,0.7623493758629513,0.8734035144022313,0.0,0.7728985458636999,0.7080210029131718,0.11105413853928,0.0105491700007486,0.8728489905203932,0.8373987435252778,101,3,196,5,0.7979540488689764
C0_cash_reg_apdtm_features_cash_real_default,hospital_billing,fitn,candidate,IMf,inductive_miner_imf,9d5b737243960680,60,1.0,1.0,0.0,1.0,0.6797553093982478,0.0,0.0,1.0,1.0,1,1,196,5,0.9964748157825172
C0_cash_reg_apdtm_features_cash_real_default,hospital_billing,prec,candidate,HM,heuristics_miner,f0ba1c246feb1617,60,0.9123900422661322,1.0,0.0,0.9123900422661322,0.3867395245470101,0.0876099577338678,0.0,0.9123900422661322,1.0,79,1,196,5,0.7977484440412632
C0_cash_reg_apdtm_features_cash_real_default,hospital_billing,gene,candidate,IMd,inductive_miner_imd,8ee363d72269d593,60,0.9406716490462892,0.974570314262808,0.0,0.9406716490462892,0.7467548005194038,0.0338986652165188,0.0,0.9652168091717828,1.0,8,1,196,5,0.9422267669484607
C0_cash_reg_apdtm_features_cash_real_default,hospital_billing,simp,candidate,AM,alpha_miner_classic,dd1a8da3834bc19e,60,1.0,1.0,0.0,1.0,0.4729241877256318,0.0,0.0,1.0,1.0,1,1,196,5,0.6302038413255842
C0_cash_reg_apdtm_features_cash_real_default,hospital_billing,fit+pre,candidate,HM,heuristics_miner,f0ba1c246feb1617,60,0.9148592576033848,0.989140582975968,0.0,0.9148592576033848,0.5332474169726289,0.0742813253725833,0.0,0.9249031667984974,1.0,84,1,196,5,0.8742314828845114
C0_cash_reg_apdtm_features_cash_real_default,hospital_billing,fit+gen,candidate,IMd,inductive_miner_imd,8ee363d72269d593,60,0.9703358245231446,0.9872657861978588,0.0,0.9703358245231446,0.7961812639516811,0.0169299616747142,0.0,0.9828516677966582,1.0,6,1,196,5,0.9693251542449692
C0_cash_reg_apdtm_features_cash_real_default,hospital_billing,fit+sim,candidate,IMf,inductive_miner_imf,9d5b737243960680,60,0.8130841121495327,0.8398776546991239,0.0,0.8398776546991239,0.6951263303331345,0.0267935425495912,0.0267935425495912,0.9680982790771,0.8148994997666039,12,2,196,5,0.8108538878797111
C0_cash_reg_apdtm_features_cash_real_default,hospital_billing,pre+gen,candidate,HM,heuristics_miner,f0ba1c246feb1617,60,0.829572421392768,0.9583893297505974,0.0,0.829572421392768,0.6496733715260623,0.1288169083578294,0.0,0.8655902102005334,1.0,100,1,196,5,0.8380365305405155
C0_cash_reg_apdtm_features_cash_real_default,hospital_billing,pre+sim,candidate,HM,heuristics_miner,f0ba1c246feb1617,60,0.692657114995882,0.8030539885899708,0.0,0.6933697622735051,0.4457061813031991,0.1103968735940887,0.0007126472776231,0.8625287027240506,0.9971225188829498,96,2,196,5,0.6813885283541892
C0_cash_reg_apdtm_features_cash_real_default,hospital_billing,gen+sim,candidate,AM,alpha_miner_classic,dd1a8da3834bc19e,60,0.9563036092525572,0.9594156800838196,0.0,0.9563036092525572,0.6098394941225178,0.0031120708312625,0.0,0.9967562852099826,1.0,2,1,196,5,0.7781105191102295
C0_cash_reg_apdtm_features_cash_real_default,hospital_billing,mix-fit,candidate,HM,heuristics_miner,f0ba1c246feb1617,60,0.8099087194531612,0.8999403930024692,0.0,0.8099087194531612,0.6791847029739135,0.0900316735493079,0.0,0.899958181398064,1.0,92,1,196,5,0.8204485261408827
C0_cash_reg_apdtm_features_cash_real_default,hospital_billing,mix-prec,candidate,HM,heuristics_miner,f0ba1c246feb1617,60,0.8197405704229648,0.9266041872906544,0.0,0.8197405704229648,0.6644290372499878,0.1068636168676897,0.0,0.8846717742770474,1.0,93,1,196,5,0.8292425283406991
C0_cash_reg_apdtm_features_cash_real_default,hospital_billing,mix-simp,candidate,IMf,inductive_miner_imf,9d5b737243960680,60,0.7905026753810218,0.8448731726232275,0.0,0.8251219889751983,0.704958181302938,0.0543704972422056,0.0346193135941764,0.9356465573721652,0.7118989963384099,37,2,196,5,0.7748442451389254
C0_cash_reg_apdtm_features_cash_real_default,hospital_billing,mix-gen,candidate,HM,heuristics_miner,f0ba1c246feb1617,60,0.7147900322727413,0.8574303226558113,0.0,0.8103663232512726,0.7045511321397954,0.14264029038307,0.0955762909785312,0.8336421203984775,0.0967621002749894,119,4,196,5,0.7754595715970704
C0_cash_reg_apdtm_features_cash_real_default,road_traffic_fines,equal,candidate,HM,heuristics_miner,9fd05dcc49e5b232,60,0.8472976270289231,0.9091484776358276,0.0,0.8472976270289231,0.7357034000201228,0.0618508506069045,0.0,0.9319683724623914,1.0,74,1,196,5,0.7922234972276109
C0_cash_reg_apdtm_features_cash_real_default,road_traffic_fines,fitn,candidate,IMf,inductive_miner_imf,1ef0bc952bbfc17b,60,1.0,1.0,0.0,1.0,0.637766272135165,0.0,0.0,1.0,1.0,1,1,196,5,0.9994435727104916
C0_cash_reg_apdtm_features_cash_real_default,road_traffic_fines,prec,candidate,HM,heuristics_miner,9fd05dcc49e5b232,60,0.9913926579538832,1.0,0.0,0.9913926579538832,0.5080563293025482,0.0086073420461167,0.0,0.9913926579538832,1.0,106,1,196,5,0.8070289755775119
C0_cash_reg_apdtm_features_cash_real_default,road_traffic_fines,gene,candidate,IMd,inductive_miner_imd,5ce7ac8564c4b5b7,60,0.988255529682136,0.9916370973254746,0.0,0.988255529682136,0.9232130142183954,0.0033815676433385,0.0,0.9965899141405068,1.0,4,1,196,5,0.9365623799609384
C0_cash_reg_apdtm_features_cash_real_default,road_traffic_fines,simp,candidate,AM,alpha_miner_classic,e3a8e709ceed9a3b,60,0.6571428571428571,0.8,0.0,0.6571428571428571,0.5135135135135136,0.1428571428571429,0.0,0.8214285714285714,1.0,45,1,196,5,0.7993562844056771
C0_cash_reg_apdtm_features_cash_real_default,road_traffic_fines,fit+pre,candidate,HM,heuristics_miner,9fd05dcc49e5b232,60,0.9598795032511696,0.9901742494392978,0.0,0.9598795032511696,0.6500603519943688,0.0302947461881282,0.0,0.969404631351216,1.0,44,1,196,5,0.8844143468066097
C0_cash_reg_apdtm_features_cash_real_default,road_traffic_fines,fit+gen,candidate,IMd,inductive_miner_imd,5ce7ac8564c4b5b7,60,0.994127764841068,0.9953412031561972,0.0,0.994127764841068,0.8116581555420307,0.0012134383151293,0.0,0.9987808820620692,1.0,2,1,196,5,0.9677171733290324
C0_cash_reg_apdtm_features_cash_real_default,road_traffic_fines,fit+sim,candidate,IMf,inductive_miner_imf,1ef0bc952bbfc17b,60,0.8118811881188119,0.869886942078606,0.0,0.8118811881188119,0.6474545646390111,0.058005753959794,0.0,0.9333180541586376,1.0,17,1,196,5,0.8152031491013433
C0_cash_reg_apdtm_features_cash_real_default,road_traffic_fines,pre+gen,candidate,HM,heuristics_miner,9fd05dcc49e5b232,60,0.9573028360861392,0.9899221054016768,0.0,0.9573028360861392,0.7481559294923421,0.0326192693155373,0.0,0.9670486504568948,1.0,41,1,196,5,0.8193672041393105
C0_cash_reg_apdtm_features_cash_real_default,road_traffic_fines,pre+sim,candidate,HM,heuristics_miner,9fd05dcc49e5b232,60,0.7688055726744205,0.8710629687671056,0.0,0.7688055726744205,0.5107849214080309,0.1022573960926851,0.0,0.8826061952358975,1.0,108,1,196,5,0.6876944190868134
C0_cash_reg_apdtm_features_cash_real_default,road_traffic_fines,gen+sim,candidate,AM,alpha_miner_classic,e3a8e709ceed9a3b,60,0.8213464480458768,0.8875669341178665,0.0,0.8213464480458768,0.7347157508066766,0.0662204860719897,0.0,0.9253909947222124,1.0,13,1,196,5,0.8450522865790966
C0_cash_reg_apdtm_features_cash_real_default,road_traffic_fines,mix-fit,candidate,HM,heuristics_miner,9fd05dcc49e5b232,60,0.8703293357063786,0.917489504487446,0.0,0.8703293357063786,0.683796413733599,0.0471601687810674,0.0,0.9485986830907528,1.0,73,1,196,5,0.8236710956768705
C0_cash_reg_apdtm_features_cash_real_default,road_traffic_fines,mix-prec,candidate,HM,heuristics_miner,9fd05dcc49e5b232,60,0.913816085896259,0.9485628625742424,0.0,0.913816085896259,0.7510505419770115,0.0347467766779835,0.0,0.963369031142874,1.0,65,1,196,5,0.8215191499080904
C0_cash_reg_apdtm_features_cash_real_default,road_traffic_fines,mix-simp,candidate,IMf,inductive_miner_imf,1ef0bc952bbfc17b,60,0.8027820914375106,0.8891275547093468,0.0,0.8027820914375106,0.717532475472829,0.0863454632718362,0.0,0.9028874284521952,1.0,73,1,196,5,0.7870290162557372
C0_cash_reg_apdtm_features_cash_real_default,road_traffic_fines,mix-gen,candidate,HM,heuristics_miner,9fd05dcc49e5b232,60,0.8242659183514679,0.9083681673400874,0.0,0.8242659183514679,0.750967531787418,0.0841022489886195,0.0,0.9074139187033708,1.0,88,1,196,5,0.7607758987783513
C0_cash_reg_apdtm_features_cash_real_default,sepsis,equal,candidate,HM,heuristics_miner,6e00f695b9765352,60,0.7189961247213809,0.835724100545018,0.0,0.7189961247213809,0.5249929107876445,0.1167279758236371,0.0,0.8603271393663137,1.0,112,1,196,5,0.7429027608047157
C0_cash_reg_apdtm_features_cash_real_default,sepsis,fitn,candidate,IMf,inductive_miner_imf,bfdf4a37618d0c44,60,1.0,1.0,0.0,1.0,0.2658896119719338,0.0,0.0,1.0,1.0,1,1,196,5,0.9998461772768809
C0_cash_reg_apdtm_features_cash_real_default,sepsis,prec,candidate,HM,heuristics_miner,6e00f695b9765352,60,0.7033112582781457,1.0,0.0,0.7033112582781457,0.179251018798475,0.2966887417218543,0.0,0.7033112582781457,1.0,114,1,196,5,0.8120597665504272
C0_cash_reg_apdtm_features_cash_real_default,sepsis,gene,candidate,IMd,inductive_miner_imd,cf73e2e20e689341,60,0.9266596408851776,0.9290801678868448,0.0,0.9266596408851776,0.841792203394476,0.0024205270016671,0.0,0.9973947059841212,1.0,2,1,196,5,0.8753843362591752
C0_cash_reg_apdtm_features_cash_real_default,sepsis,simp,candidate,AM,alpha_miner_classic,3cde4651154418a0,60,0.4782608695652174,0.7567567567567567,0.0,0.6223776223776223,0.4331983805668016,0.2784958871915393,0.1441167528124048,0.6319875776397517,0.2381999661647778,138,3,196,5,0.5956801769749727
C0_cash_reg_apdtm_features_cash_real_default,sepsis,fit+pre,candidate,HM,heuristics_miner,6e00f695b9765352,60,0.8004969574621229,0.9487189551442284,0.0,0.8004969574621229,0.354265925407767,0.1482219976821056,0.0,0.8437661681803624,1.0,96,1,196,5,0.8628307900806136
C0_cash_reg_apdtm_features_cash_real_default,sepsis,fit+gen,candidate,IMd,inductive_miner_imd,cf73e2e20e689341,60,0.9633298204425887,0.9633298204425887,0.0,0.9633298204425887,0.5895342673708803,0.0,0.0,1.0,1.0,1,1,196,5,0.9374870711654288
C0_cash_reg_apdtm_features_cash_real_default,sepsis,fit+sim,candidate,IM,inductive_miner_im,9b19fee2e6fe09c3,60,0.8111888111888111,0.8140244733789898,0.0,0.8111888111888111,0.3720752407685755,0.0028356621901786,0.0,0.9965164902494787,1.0,5,1,196,5,0.7888157162186489
C0_cash_reg_apdtm_features_cash_real_default,sepsis,pre+gen,candidate,HM,heuristics_miner,6e00f695b9765352,60,0.7725517308363108,0.9381130457761724,0.0,0.7725517308363108,0.5529553298418263,0.1655613149398616,0.0,0.8235166692486617,1.0,107,1,196,5,0.7649860599417309
C0_cash_reg_apdtm_features_cash_real_default,sepsis,pre+sim,candidate,HM,heuristics_miner,6e00f695b9765352,60,0.5682548194224737,0.8491941359263719,0.0,0.5682548194224737,0.3168982366719647,0.2809393165038982,0.0,0.6691695048065468,1.0,136,1,196,5,0.6700484381375142
C0_cash_reg_apdtm_features_cash_real_default,sepsis,gen+sim,candidate,IMf,inductive_miner_imf,bfdf4a37618d0c44,60,0.7624155479965967,0.8216829410862796,0.0,0.7624155479965967,0.6374952919806388,0.0592673930896828,0.0,0.9278707271063332,1.0,19,1,196,5,0.7171711862694068
C0_cash_reg_apdtm_features_cash_real_default,sepsis,mix-fit,candidate,HM,heuristics_miner,6e00f695b9765352,60,0.7408853365946917,0.8604442533384715,0.0,0.7408853365946917,0.4261185826318798,0.1195589167437798,0.0,0.8610497818075971,1.0,97,1,196,5,0.7864573126876718
C0_cash_reg_apdtm_features_cash_real_default,sepsis,mix-prec,candidate,HM,heuristics_miner,6e00f695b9765352,60,0.7567185337155014,0.899278649557322,0.0,0.7567185337155014,0.5520145817192967,0.1425601158418206,0.0,0.8414728116674436,1.0,107,1,196,5,0.7757216863147014
C0_cash_reg_apdtm_features_cash_real_default,sepsis,mix-simp,candidate,IMf,inductive_miner_imf,bfdf4a37618d0c44,60,0.7552038190935039,0.7905131280697297,0.0,0.7552038190935039,0.4979712398559925,0.0353093089762258,0.0,0.9553336842584208,1.0,39,1,196,5,0.7316820051992272
C0_cash_reg_apdtm_features_cash_real_default,sepsis,mix-gen,candidate,HM,heuristics_miner,6e00f695b9765352,60,0.69710691284807,0.8286673700233692,0.0,0.6992188269981966,0.6238672389434095,0.1315604571752991,0.0021119141501265,0.8412385211069804,0.9719725329665112,128,3,196,5,0.6993482089217595
C1_cash_reg_cash_features_cash_real_default,bpi2012,equal,candidate,HM,heuristics_miner,338af92936f97ac9,85,0.8264055189438223,0.8454937775108162,0.0,0.8264055189438223,0.6421431792744381,0.0190882585669939,0.0,0.9774235374940418,1.0,8,1,196,5,0.7418492678438411
C1_cash_reg_cash_features_cash_real_default,bpi2012,fitn,candidate,IMd,inductive_miner_imd,150cca891c03e36c,85,1.0,1.0,0.0,1.0,0.631230892297019,0.0,0.0,1.0,1.0,1,1,196,5,0.9994674588608168
C1_cash_reg_cash_features_cash_real_default,bpi2012,prec,candidate,HM,heuristics_miner,338af92936f97ac9,85,0.9158179923584578,1.0,0.0,0.9158179923584578,0.1394427299083702,0.0841820076415421,0.0,0.9158179923584578,1.0,58,1,196,5,0.7801685002107355
C1_cash_reg_cash_features_cash_real_default,bpi2012,gene,candidate,IMd,inductive_miner_imd,150cca891c03e36c,85,0.9846855427449372,0.9846855427449372,0.0,0.9846855427449372,0.945799466108147,0.0,0.0,1.0,1.0,1,1,196,5,0.9339918215237826
C1_cash_reg_cash_features_cash_real_default,bpi2012,simp,candidate,IM,inductive_miner_im,40ae54cd34f036ae,85,0.6000000000000001,0.853658536585366,0.0,0.853658536585366,0.4444444444444444,0.2536585365853658,0.2536585365853658,0.7028571428571428,0.3801324503311259,55,2,196,5,0.5927086972091246
C1_cash_reg_cash_features_cash_real_default,bpi2012,fit+pre,candidate,HM,heuristics_miner,338af92936f97ac9,85,0.9085934753762068,0.9301612956045748,0.0,0.9085934753762068,0.3882467160435721,0.0215678202283681,0.0,0.9768128169487532,1.0,6,1,196,5,0.8323309988485106
C1_cash_reg_cash_features_cash_real_default,bpi2012,fit+gen,candidate,IMd,inductive_miner_imd,150cca891c03e36c,85,0.9923427713724686,0.9923427713724686,0.0,0.9923427713724686,0.8072637946190873,0.0,0.0,1.0,1.0,1,1,196,5,0.9667296401922998
C1_cash_reg_cash_features_cash_real_default,bpi2012,fit+sim,candidate,IM,inductive_miner_im,40ae54cd34f036ae,85,0.7950530873536228,0.8121921418178204,0.0,0.7950530873536228,0.7220023086543421,0.0171390544641976,0.0,0.9788977834409508,1.0,5,1,196,5,0.7866281080422277
C1_cash_reg_cash_features_cash_real_default,bpi2012,pre+gen,candidate,HM,heuristics_miner,338af92936f97ac9,85,0.9308087292333024,0.9634656515705696,0.0,0.9308087292333024,0.5620641363266538,0.032656922337267,0.0,0.9661047362881778,1.0,37,1,196,5,0.8026819300882908
C1_cash_reg_cash_features_cash_real_default,bpi2012,pre+sim,candidate,HM,heuristics_miner,338af92936f97ac9,85,0.7292268256365932,0.8077460186427269,0.0,0.7292268256365932,0.2919435871764073,0.0785191930061336,0.0,0.9027922252862712,1.0,69,1,196,5,0.6288541069616161
C1_cash_reg_cash_features_cash_real_default,bpi2012,gen+sim,candidate,IM,inductive_miner_im,40ae54cd34f036ae,85,0.7883846549197706,0.9184776167632608,0.0,0.9184776167632608,0.7145649935946908,0.1300929618434901,0.1300929618434901,0.8583602262383473,0.3620161428851549,19,2,196,5,0.751061287996406
C1_cash_reg_cash_features_cash_real_default,bpi2012,mix-fit,candidate,HM,heuristics_miner,338af92936f97ac9,85,0.83840005945888,0.8579335371394458,0.0,0.83840005945888,0.565132495867034,0.0195334776805657,0.0,0.9772319453256308,1.0,6,1,196,5,0.7658754277968189
C1_cash_reg_cash_features_cash_real_default,bpi2012,mix-prec,candidate,HM,heuristics_miner,338af92936f97ac9,85,0.8846043943460913,0.9094815824532986,0.0,0.8846043943460913,0.5647060571163371,0.0248771881072072,0.0,0.9726468478447888,1.0,6,1,196,5,0.784278678942555
C1_cash_reg_cash_features_cash_real_default,bpi2012,mix-simp,candidate,IM,inductive_miner_im,40ae54cd34f036ae,85,0.749841418803626,0.8154342316428806,0.0,0.7682066435415533,0.6886591593176022,0.0655928128392546,0.0183652247379273,0.9195608789845592,0.7691287799093246,51,2,196,5,0.7401720298880297
C1_cash_reg_cash_features_cash_real_default,bpi2012,mix-gen,candidate,HM,heuristics_miner,338af92936f97ac9,85,0.8144109784287645,0.858090575541927,0.0,0.8144109784287645,0.6550960964129823,0.0436795971131624,0.0,0.9490967523031276,1.0,14,1,196,5,0.7178231078908632
C1_cash_reg_cash_features_cash_real_default,bpi2013_closed_problems,equal,candidate,HM,heuristics_miner,596eb63f26ecfd51,85,0.7989866614480718,0.9163782860150956,0.0,0.8856717323021799,0.7989866614480718,0.1173916245670239,0.086685070854108,0.8718961084537417,0.0,159,5,196,5,0.8310837012426555
C1_cash_reg_cash_features_cash_real_default,bpi2013_closed_problems,fitn,candidate,IM,inductive_miner_im,8f8f99e301cae23f,85,1.0,1.0,0.0,1.0,0.6403632397723371,0.0,0.0,1.0,1.0,1,1,196,5,0.99737537851307
C1_cash_reg_cash_features_cash_real_default,bpi2013_closed_problems,prec,candidate,HM,heuristics_miner,596eb63f26ecfd51,85,0.8684298767708944,1.0,0.0,1.0,0.7923798798798799,0.1315701232291055,0.1315701232291055,0.8684298767708944,0.3662939644145051,165,2,196,5,0.907024541531804
C1_cash_reg_cash_features_cash_real_default,bpi2013_closed_problems,gene,candidate,IMd,inductive_miner_imd,4c72c2e1b3cca3d2,85,0.9417621438127408,0.9751741745874558,0.0,0.9417621438127408,0.7139696253234955,0.0334120307747149,0.0,0.9657373711841274,1.0,13,1,196,5,0.9266629106251248
C1_cash_reg_cash_features_cash_real_default,bpi2013_closed_problems,simp,candidate,AM,alpha_miner_classic,7c5f11f12d85d342,85,1.0,1.0,0.0,1.0,0.6190476190476191,0.0,0.0,1.0,1.0,1,1,196,5,0.7017849892496784
C1_cash_reg_cash_features_cash_real_default,bpi2013_closed_problems,fit+pre,candidate,HM,heuristics_miner,596eb63f26ecfd51,85,0.9314647007105864,0.9833244744389686,0.0,0.9314647007105864,0.8201816198861686,0.0518597737283822,0.0,0.9472607719257974,1.0,49,1,196,5,0.9403698210679384
C1_cash_reg_cash_features_cash_real_default,bpi2013_closed_problems,fit+gen,candidate,IMd,inductive_miner_imd,4c72c2e1b3cca3d2,85,0.9708810719063704,0.9768396200213344,0.0,0.9708810719063704,0.7713434646043598,0.0059585481149638,0.0,0.9939001776823572,1.0,8,1,196,5,0.9619261109222226
C1_cash_reg_cash_features_cash_real_default,bpi2013_closed_problems,fit+sim,candidate,IMf,inductive_miner_imf,2bfbec63c5b94b8a,85,0.8301886792452831,0.8813768133238105,0.0,0.8421052631578947,0.8067735718489487,0.0511881340785274,0.0119165839126116,0.9419225315384814,0.6627225170623418,53,2,196,5,0.8302903839197268
C1_cash_reg_cash_features_cash_real_default,bpi2013_closed_problems,pre+gen,candidate,HM,heuristics_miner,596eb63f26ecfd51,85,0.791199751047195,0.9873630729568104,0.0,0.9511618447181912,0.791199751047195,0.1961633219096153,0.1599620936709962,0.8013260498773018,0.0,189,5,196,5,0.8694523486183825
C1_cash_reg_cash_features_cash_real_default,bpi2013_closed_problems,pre+sim,candidate,HM,heuristics_miner,596eb63f26ecfd51,85,0.7437387479092568,1.0,0.0,1.0,0.7267954731728345,0.2562612520907432,0.2562612520907432,0.7437387479092568,0.0620168155088471,173,2,196,5,0.7593697743307941
C1_cash_reg_cash_features_cash_real_default,bpi2013_closed_problems,gen+sim,candidate,AM,alpha_miner_classic,7c5f11f12d85d342,85,0.9511618447181912,0.987587087293728,0.0,0.9511618447181912,0.6665086221855573,0.0364252425755367,0.0,0.9631169311099922,1.0,4,1,196,5,0.802466053823331
C1_cash_reg_cash_features_cash_real_default,bpi2013_closed_problems,mix-fit,candidate,HM,heuristics_miner,596eb63f26ecfd51,85,0.853535259233253,0.934116875905002,0.0,0.8687322836083959,0.8463776648525732,0.0805816166717491,0.0151970243751429,0.9137349739092562,0.320184139969531,90,4,196,5,0.8671244196976235
C1_cash_reg_cash_features_cash_real_default,bpi2013_closed_problems,mix-prec,candidate,HM,heuristics_miner,596eb63f26ecfd51,85,0.822367505140224,0.9478472946591556,0.0,0.8987697547853822,0.822367505140224,0.1254797895189315,0.0764022496451581,0.8676160282083688,0.0,164,5,196,5,0.868288384158003
C1_cash_reg_cash_features_cash_real_default,bpi2013_closed_problems,mix-simp,candidate,IMf,inductive_miner_imf,2bfbec63c5b94b8a,85,0.8188859806039843,0.8876203584183078,0.0,0.8725737098189776,0.7756058177559197,0.0687343778143234,0.0536877292149933,0.9225633153155652,0.4463349870482863,71,3,196,5,0.813298666428866
C1_cash_reg_cash_features_cash_real_default,bpi2013_closed_problems,mix-gen,candidate,IMf,inductive_miner_imf,2bfbec63c5b94b8a,85,0.8075832819626856,0.9265291608189076,0.0,0.9249657997517868,0.7444380636628907,0.1189458788562221,0.1173825177891012,0.8716220882340148,0.3497812561539059,147,3,196,5,0.7963069489380051
C1_cash_reg_cash_features_cash_real_default,bpi2013_incidents,equal,candidate,HM,heuristics_miner,10cce99744388f4f,85,0.8512319772476271,0.922771311384078,0.0,0.8512319772476271,0.6771578170832514,0.0715393341364507,0.0,0.9224733872261938,1.0,76,1,196,5,0.8044447305746784
C1_cash_reg_cash_features_cash_real_default,bpi2013_incidents,fitn,candidate,IMd,inductive_miner_imd,e926d4fdd2959901,85,1.0,1.0,0.0,1.0,0.2261167659340351,0.0,0.0,1.0,1.0,1,1,196,5,0.9960471941908912
C1_cash_reg_cash_features_cash_real_default,bpi2013_incidents,prec,candidate,HM,heuristics_miner,10cce99744388f4f,85,0.8850810072924525,1.0,0.0,0.8850810072924525,0.6000158860441103,0.1149189927075474,0.0,0.8850810072924525,1.0,125,1,196,5,0.8753026563324474
C1_cash_reg_cash_features_cash_real_default,bpi2013_incidents,gene,candidate,IMd,inductive_miner_imd,e926d4fdd2959901,85,0.9374222306098524,0.9924026869731328,0.0,0.9374222306098524,0.871132170779936,0.0549804563632804,0.0,0.9445986421792418,1.0,65,1,196,5,0.9241058205264064
C1_cash_reg_cash_features_cash_real_default,bpi2013_incidents,simp,candidate,AM,alpha_miner_classic,ed85abd9c8a01ce2,85,1.0,1.0,0.0,1.0,0.6216216216216216,0.0,0.0,1.0,1.0,1,1,196,5,0.7866026904066427
C1_cash_reg_cash_features_cash_real_default,bpi2013_incidents,fit+pre,candidate,HM,heuristics_miner,10cce99744388f4f,85,0.9404450614048588,0.9765794350540196,0.0,0.9404450614048588,0.4130663259890726,0.0361343736491608,0.0,0.9629990430351812,1.0,49,1,196,5,0.9183951228268256
C1_cash_reg_cash_features_cash_real_default,bpi2013_incidents,fit+gen,candidate,IMd,inductive_miner_imd,e926d4fdd2959901,85,0.9687111153049262,0.9948630084104292,0.0,0.9687111153049262,0.5543076911444477,0.0261518931055029,0.0,0.9737130711621412,1.0,7,1,196,5,0.9600765073586488
C1_cash_reg_cash_features_cash_real_default,bpi2013_incidents,fit+sim,candidate,IMf,inductive_miner_imf,ecc1d0166bfd7823,85,0.8333333333333333,0.8762171658937965,0.0,0.8421052631578947,0.6130583829670175,0.0428838325604632,0.0087719298245614,0.9510579862736208,0.9617024697422148,24,2,196,5,0.8201685664822091
C1_cash_reg_cash_features_cash_real_default,bpi2013_incidents,pre+gen,candidate,HM,heuristics_miner,10cce99744388f4f,85,0.893748585925811,0.9962013434865664,0.0,0.893748585925811,0.7412572511994853,0.1024527575607554,0.0,0.8971565755952657,1.0,132,1,196,5,0.8288585792038634
C1_cash_reg_cash_features_cash_real_default,bpi2013_incidents,pre+sim,candidate,HM,heuristics_miner,10cce99744388f4f,85,0.7533513144570371,1.0,0.0,0.8000079430220551,0.6462487440701031,0.2466486855429629,0.046656628565018,0.7533513144570371,0.6965604082029737,154,2,196,5,0.7369384154511152
C1_cash_reg_cash_features_cash_real_default,bpi2013_incidents,gen+sim,candidate,AM,alpha_miner_classic,ed85abd9c8a01ce2,85,0.94124930817743,0.9962013434865664,0.0,0.94124930817743,0.7620188930903955,0.0549520353091363,0.0,0.944838424813992,1.0,4,1,196,5,0.8440632598810407
C1_cash_reg_cash_features_cash_real_default,bpi2013_incidents,mix-fit,candidate,HM,heuristics_miner,10cce99744388f4f,85,0.8784138891748832,0.9349837317539984,0.0,0.8784138891748832,0.5587013338223332,0.0565698425791151,0.0,0.9394964418546706,1.0,55,1,196,5,0.8451421177497003
C1_cash_reg_cash_features_cash_real_default,bpi2013_incidents,mix-prec,candidate,HM,heuristics_miner,10cce99744388f4f,85,0.8860812375503471,0.9521545943141788,0.0,0.8860812375503471,0.6499792925109092,0.0660733567638317,0.0,0.9306064822263204,1.0,82,1,196,5,0.8370003484767817
C1_cash_reg_cash_features_cash_real_default,bpi2013_incidents,mix-simp,candidate,IM,inductive_miner_im,1d6773312dd28578,85,0.8034761829700079,0.893388028453977,0.0,0.8237417114451061,0.7043363416555937,0.0899118454839691,0.0202655284750982,0.8993585736317028,0.8302795886749293,95,3,196,5,0.7995519018266659
C1_cash_reg_cash_features_cash_real_default,bpi2013_incidents,mix-gen,candidate,AM,alpha_miner_classic,ed85abd9c8a01ce2,85,0.7956143003441696,0.9176337438459292,0.0,0.8240500653203712,0.7736190326066823,0.1220194435017596,0.0284357649762015,0.8670281642103097,0.436145495222368,159,3,196,5,0.7817791855568267
C1_cash_reg_cash_features_cash_real_default,bpi2013_open_problems,equal,candidate,IMd,inductive_miner_imd,4b39f6be45649b32,85,0.9162455491114012,0.9162455491114012,0.0,0.9162455491114012,0.7971612190845068,0.0,0.0,1.0,1.0,1,1,196,5,0.806919861121864
C1_cash_reg_cash_features_cash_real_default,bpi2013_open_problems,fitn,candidate,IMd,inductive_miner_imd,4b39f6be45649b32,85,0.98974515179206,1.0,0.0,1.0,0.5167192429022083,0.0102548482079399,0.0102548482079399,0.98974515179206,0.9787807644783488,32,4,196,5,0.999865754284764
C1_cash_reg_cash_features_cash_real_default,bpi2013_open_problems,prec,candidate,HM,heuristics_miner,e69aab0f7954cd28,85,0.9620563035495716,1.0,0.0,1.0,0.9065645824471856,0.0379436964504283,0.0379436964504283,0.9620563035495716,0.5939045659106653,121,3,196,5,0.8632449403239061
C1_cash_reg_cash_features_cash_real_default,bpi2013_open_problems,gene,candidate,IMd,inductive_miner_imd,4b39f6be45649b32,85,0.96197551956781,0.9656228232165908,0.0,0.96197551956781,0.8611132579521872,0.0036473036487807,0.0,0.9962228485480168,1.0,5,1,196,5,0.9095891820584476
C1_cash_reg_cash_features_cash_real_default,bpi2013_open_problems,simp,candidate,AM,alpha_miner_classic,65361c91085f4e7e,85,0.7142857142857143,1.0,0.0,0.7391304347826086,0.625,0.2857142857142857,0.0248447204968943,0.7142857142857143,0.7823129251700685,36,2,196,5,0.842720236794091
C1_cash_reg_cash_features_cash_real_default,bpi2013_open_problems,fit+pre,candidate,HM,heuristics_miner,e69aab0f7954cd28,85,0.9784217956288298,0.9819381210475931,0.0,0.9819381210475931,0.7583596214511041,0.0035163254187634,0.0035163254187634,0.9964189949006031,0.984272524303054,24,2,196,5,0.9111323475257028
C1_cash_reg_cash_features_cash_real_default,bpi2013_open_problems,fit+gen,candidate,IMd,inductive_miner_imd,4b39f6be45649b32,85,0.975860335679935,0.9828114116082952,0.0,0.975860335679935,0.7371795810261562,0.0069510759283603,0.0,0.9929273552929292,1.0,14,1,196,5,0.9547274681716058
C1_cash_reg_cash_features_cash_real_default,bpi2013_open_problems,fit+sim,candidate,IMd,inductive_miner_imd,4b39f6be45649b32,85,0.8644377932873344,0.8644377932873344,0.0,0.8644377932873344,0.6155024785939613,0.0,0.0,1.0,1.0,1,1,196,5,0.8243589664870303
C1_cash_reg_cash_features_cash_real_default,bpi2013_open_problems,pre+gen,candidate,HM,heuristics_miner,e69aab0f7954cd28,85,0.9115847807508796,0.9793652708841788,0.0,0.978819959575052,0.9115847807508796,0.0677804901332993,0.0672351788241726,0.9307914093460692,0.0,95,5,196,5,0.8049687886419202
C1_cash_reg_cash_features_cash_real_default,bpi2013_open_problems,pre+sim,candidate,AM,alpha_miner_classic,65361c91085f4e7e,85,0.8571428571428572,0.9951923076923076,0.0,0.8571428571428572,0.7935281517747859,0.1380494505494505,0.0,0.8612836438923396,1.0,25,1,196,5,0.7883543760415725
C1_cash_reg_cash_features_cash_real_default,bpi2013_open_problems,gen+sim,candidate,AM,alpha_miner_classic,65361c91085f4e7e,85,0.8359628167179092,0.978819959575052,0.0,0.8505529771752094,0.7430566289760936,0.1428571428571429,0.0145901604573002,0.8540516655185869,0.8642729664613832,36,2,196,5,0.8537801049371085
C1_cash_reg_cash_features_cash_real_default,bpi2013_open_problems,mix-fit,candidate,HM,heuristics_miner,e69aab0f7954cd28,85,0.8976431319433255,0.9321610267210648,0.0,0.9321610267210648,0.7453088319330367,0.0345178947777392,0.0345178947777392,0.9629700300825084,0.8152663134789634,45,4,196,5,0.8425407391188939
C1_cash_reg_cash_features_cash_real_default,bpi2013_open_problems,mix-prec,candidate,HM,heuristics_miner,e69aab0f7954cd28,85,0.9046139563471024,0.9501071658282664,0.0,0.9501071658282664,0.8620643957540444,0.0454932094811639,0.0454932094811639,0.9521178124769696,0.4832828471569882,64,4,196,5,0.823754763880407
C1_cash_reg_cash_features_cash_real_default,bpi2013_open_problems,mix-simp,candidate,IMd,inductive_miner_imd,4b39f6be45649b32,85,0.8823839323945362,0.8823839323945362,0.0,0.8823839323945362,0.7322580424149691,0.0,0.0,1.0,1.0,1,1,196,5,0.8083556671183323
C1_cash_reg_cash_features_cash_real_default,bpi2013_open_problems,mix-gen,candidate,AM,alpha_miner_classic,65361c91085f4e7e,85,0.8490136062359769,0.9253321454132266,0.0,0.9003300715017378,0.823835292661598,0.0763185391772497,0.0513164652657609,0.9175230866499638,0.3291507467064771,53,4,196,5,0.7951761819830048
C1_cash_reg_cash_features_cash_real_default,bpi2017,equal,candidate,HM,heuristics_miner,811f4a70bfa6226f,85,0.7897159833979309,0.8802301190425359,0.0,0.7897159833979309,0.5001675983519174,0.0905141356446049,0.0,0.8971699176312428,1.0,51,1,196,5,0.6636904149778442
C1_cash_reg_cash_features_cash_real_default,bpi2017,fitn,candidate,IMd,inductive_miner_imd,9d837cc3c8eeb105,85,1.0,1.0,0.0,1.0,0.495774473479623,0.0,0.0,1.0,1.0,1,1,196,5,0.9728935112808152
C1_cash_reg_cash_features_cash_real_default,bpi2017,prec,candidate,HM,heuristics_miner,811f4a70bfa6226f,85,0.9977548056712652,0.9982184707429071,0.0,0.9977548056712652,0.1259019512485154,0.0004636650716419,0.0,0.9995355074212392,1.0,4,1,196,5,0.6567121844714989
C1_cash_reg_cash_features_cash_real_default,bpi2017,gene,candidate,IMd,inductive_miner_imd,9d837cc3c8eeb105,85,0.988416241415834,0.99095165942404,0.0,0.988416241415834,0.8436482021383097,0.002535418008206,0.0,0.9974414311898124,1.0,5,1,196,5,0.8874623634384058
C1_cash_reg_cash_features_cash_real_default,bpi2017,simp,candidate,AM,alpha_miner_classic,9a9cd65c1066e3fa,85,0.392,0.7701149425287357,0.0,0.6170212765957447,0.392,0.3781149425287357,0.2250212765957446,0.5090149253731343,0.0,165,5,196,5,0.6026041421795706
C1_cash_reg_cash_features_cash_real_default,bpi2017,fit+pre,candidate,HM,heuristics_miner,811f4a70bfa6226f,85,0.9168671249859665,0.9550451175767803,0.0,0.9168671249859665,0.3108382123640691,0.0381779925908141,0.0,0.9600249329710386,1.0,30,1,196,5,0.724798321694182
C1_cash_reg_cash_features_cash_real_default,bpi2017,fit+gen,candidate,IMd,inductive_miner_imd,9d837cc3c8eeb105,85,0.994208120707917,0.9949668505231788,0.0,0.994208120707917,0.7413842210795771,0.0007587298152618,0.0,0.999237432066342,1.0,4,1,196,5,0.9301779373596104
C1_cash_reg_cash_features_cash_real_default,bpi2017,fit+sim,candidate,IMd,inductive_miner_imd,9d837cc3c8eeb105,85,0.725,0.8402404432249244,0.0,0.8085106382978724,0.4438872367398115,0.1152404432249244,0.0835106382978724,0.8628482547416779,0.7709674202450372,66,3,196,5,0.7264336155333719
C1_cash_reg_cash_features_cash_real_default,bpi2017,pre+gen,candidate,HM,heuristics_miner,811f4a70bfa6226f,85,0.9207015039047874,0.98591999350851,0.0,0.9207015039047874,0.5564479599640234,0.0652184896037224,0.0,0.9338501196515602,1.0,37,1,196,5,0.686044391834143
C1_cash_reg_cash_features_cash_real_default,bpi2017,pre+sim,candidate,HM,heuristics_miner,811f4a70bfa6226f,85,0.7396181435763733,0.8723812160130642,0.0,0.7396181435763733,0.2589509756242577,0.1327630724366908,0.0,0.8478153013845926,1.0,45,1,196,5,0.5732503008988621
C1_cash_reg_cash_features_cash_real_default,bpi2017,gen+sim,candidate,AM,alpha_miner_classic,9a9cd65c1066e3fa,85,0.6894969843397657,0.8792604640175905,0.0,0.7963457765194307,0.6625648418098955,0.1897634796778248,0.106848792179665,0.7841783095639924,0.2013152515965386,107,4,196,5,0.6843905503793591
C1_cash_reg_cash_features_cash_real_default,bpi2017,mix-fit,candidate,HM,heuristics_miner,811f4a70bfa6226f,85,0.8143793359317738,0.8744182289149186,0.0,0.8143793359317738,0.413179771634357,0.0600388929831448,0.0,0.9313384705421248,1.0,49,1,196,5,0.6836627822931196
C1_cash_reg_cash_features_cash_real_default,bpi2017,mix-prec,candidate,HM,heuristics_miner,811f4a70bfa6226f,85,0.8675404199182807,0.9247332260272324,0.0,0.8675404199182807,0.4848138657991901,0.0571928061089518,0.0,0.938152102142302,1.0,38,1,196,5,0.6848535870636313
C1_cash_reg_cash_features_cash_real_default,bpi2017,mix-simp,candidate,IMd,inductive_miner_imd,9d837cc3c8eeb105,85,0.6920237005598147,0.8548318499663207,0.0,0.7712039241360872,0.5155213309046448,0.162808149406506,0.0791802235762725,0.8095436553833125,0.690318286530366,112,4,196,5,0.67474564751119
C1_cash_reg_cash_features_cash_real_default,bpi2017,mix-gen,candidate,HM,heuristics_miner,811f4a70bfa6226f,85,0.7650526308640881,0.8969137795391169,0.0,0.7650526308640881,0.587155425069478,0.1318611486750287,0.0,0.8529834732355365,1.0,60,1,196,5,0.6437180476625688
C1_cash_reg_cash_features_cash_real_default,bpi2020_domestic,equal,candidate,HM,heuristics_miner,7ff65ee42a91cefb,85,0.782697276145632,0.9013014428805918,0.0,0.782697276145632,0.5280586222617515,0.1186041667349597,0.0,0.868407880990519,1.0,137,1,196,5,0.7427811795800516
C1_cash_reg_cash_features_cash_real_default,bpi2020_domestic,fitn,candidate,IMd,inductive_miner_imd,255e1ab22bf1c92a,85,1.0,1.0,0.0,1.0,0.723032771051894,0.0,0.0,1.0,1.0,1,1,196,5,0.9996067899101152
C1_cash_reg_cash_features_cash_real_default,bpi2020_domestic,prec,candidate,HM,heuristics_miner,7ff65ee42a91cefb,85,0.8670356093278883,0.986007752461474,0.0,0.8670356093278883,0.1975518121669374,0.1189721431335857,0.0,0.8793395459248843,1.0,108,1,196,5,0.8043593561562398
C1_cash_reg_cash_features_cash_real_default,bpi2020_domestic,gene,candidate,IMd,inductive_miner_imd,255e1ab22bf1c92a,85,0.8421750047212035,0.9326053854610896,0.0,0.8554073029005208,0.7516056740657073,0.090430380739886,0.0132322981793172,0.9030346788152244,0.8725232125174577,92,3,196,5,0.8563028085832051
C1_cash_reg_cash_features_cash_real_default,bpi2020_domestic,simp,candidate,IM,inductive_miner_im,df7d13e54451760d,85,0.6000000000000001,0.875,0.0,0.6000000000000001,0.3541666666666666,0.2749999999999999,0.0,0.6857142857142858,1.0,125,1,196,5,0.5990528083364296
C1_cash_reg_cash_features_cash_real_default,bpi2020_domestic,fit+pre,candidate,HM,heuristics_miner,7ff65ee42a91cefb,85,0.896113454388845,0.980580685505521,0.0,0.896113454388845,0.4865074575922279,0.0844672311166759,0.0,0.9138599889175562,1.0,125,1,196,5,0.8703898738159161
C1_cash_reg_cash_features_cash_real_default,bpi2020_domestic,fit+gen,candidate,IMd,inductive_miner_imd,255e1ab22bf1c92a,85,0.9210875023606018,0.9529492086056026,0.0,0.9277036514502603,0.7540428391238887,0.0318617062450008,0.0066161490896585,0.9665651579777036,0.9619018879329873,38,3,196,5,0.92795479924666
C1_cash_reg_cash_features_cash_real_default,bpi2020_domestic,fit+sim,candidate,IM,inductive_miner_im,df7d13e54451760d,85,0.8,0.892967594352212,0.0,0.8,0.5385997188592803,0.0929675943522119,0.0,0.8958891734255444,1.0,60,1,196,5,0.7991074315870741
C1_cash_reg_cash_features_cash_real_default,bpi2020_domestic,pre+gen,candidate,HM,heuristics_miner,7ff65ee42a91cefb,85,0.8093206416967977,0.957510356458128,0.0,0.8093206416967977,0.5175175256642226,0.1481897147613302,0.0,0.8452343478461263,1.0,134,1,196,5,0.748089181748357
C1_cash_reg_cash_features_cash_real_default,bpi2020_domestic,pre+sim,candidate,HM,heuristics_miner,7ff65ee42a91cefb,85,0.7269960655335093,0.8607303005919194,0.0,0.7269960655335093,0.3020744053996142,0.1337342350584101,0.0,0.8446270161902726,1.0,128,1,196,5,0.67144265975207
C1_cash_reg_cash_features_cash_real_default,bpi2020_domestic,gen+sim,candidate,IM,inductive_miner_im,df7d13e54451760d,85,0.7277036514502604,0.836843156586478,0.0,0.7277036514502604,0.569609786931275,0.1091395051362176,0.0,0.8695818872661841,1.0,120,1,196,5,0.7265656078384869
C1_cash_reg_cash_features_cash_real_default,bpi2020_domestic,mix-fit,candidate,HM,heuristics_miner,7ff65ee42a91cefb,85,0.822739074332684,0.9217713572150562,0.0,0.822739074332684,0.5135463757134479,0.0990322828823722,0.0,0.8925630720598892,1.0,129,1,196,5,0.7927630568407364
C1_cash_reg_cash_features_cash_real_default,bpi2020_domestic,mix-prec,candidate,HM,heuristics_miner,7ff65ee42a91cefb,85,0.8160298580147409,0.939640856836592,0.0,0.8160298580147409,0.5155319506888352,0.1236109988218511,0.0,0.86844867597818,1.0,131,1,196,5,0.7704261192945467
C1_cash_reg_cash_features_cash_real_default,bpi2020_domestic,mix-simp,candidate,IM,inductive_miner_im,df7d13e54451760d,85,0.7501620398307685,0.8629620289245914,0.0,0.7501620398307685,0.5405852938346677,0.1127999890938229,0.0,0.8692874248077955,1.0,156,1,196,5,0.7536056661716503
C1_cash_reg_cash_features_cash_real_default,bpi2020_domestic,mix-gen,candidate,IM,inductive_miner_im,df7d13e54451760d,85,0.700324079661537,0.88113234738198,0.0,0.7426554779585799,0.5425708688100551,0.180808267720443,0.0423313982970429,0.7948001020985548,0.7884325112401829,152,2,196,5,0.7081039007562266
C1_cash_reg_cash_features_cash_real_default,bpi2020_international,equal,candidate,HM,heuristics_miner,a8fc09154990e706,85,0.748944593081187,0.8501918473231604,0.0,0.748944593081187,0.4273062136187044,0.1012472542419734,0.0,0.8809124616276295,1.0,74,1,196,5,0.6361539104621551
C1_cash_reg_cash_features_cash_real_default,bpi2020_international,fitn,candidate,IMd,inductive_miner_imd,3a17215508b7f71d,85,1.0,1.0,0.0,1.0,0.543631678095892,0.0,0.0,1.0,1.0,1,1,196,5,0.9979666191014208
C1_cash_reg_cash_features_cash_real_default,bpi2020_international,prec,candidate,HM,heuristics_miner,a8fc09154990e706,85,0.914192461570857,1.0,0.0,0.914192461570857,0.0,0.085807538429143,0.0,0.914192461570857,1.0,28,1,196,5,0.6184898952594421
C1_cash_reg_cash_features_cash_real_default,bpi2020_international,gene,candidate,IMd,inductive_miner_imd,3a17215508b7f71d,85,0.9085268002629592,0.9418786896404474,0.0,0.9085268002629592,0.6807656098412334,0.0333518893774882,0.0,0.9645900371838544,1.0,12,1,196,5,0.8470256269263069
C1_cash_reg_cash_features_cash_real_default,bpi2020_international,simp,candidate,IM,inductive_miner_im,6150b352c065731b,85,0.6222222222222222,0.726190476190476,0.0,0.6222222222222222,0.2668810289389067,0.1039682539682538,0.0,0.8568306010928963,1.0,55,1,196,5,0.5065800825260446
C1_cash_reg_cash_features_cash_real_default,bpi2020_international,fit+pre,candidate,HM,heuristics_miner,a8fc09154990e706,85,0.9075063812417572,0.9444725618292222,0.0,0.9075063812417572,0.271815839047946,0.0369661805874649,0.0,0.9608605034371036,1.0,33,1,196,5,0.7411819461202529
C1_cash_reg_cash_features_cash_real_default,bpi2020_international,fit+gen,candidate,IMd,inductive_miner_imd,3a17215508b7f71d,85,0.9542634001314796,0.9642924535411258,0.0,0.9542634001314796,0.7211719127679556,0.0100290534096462,0.0,0.9895995728548772,1.0,4,1,196,5,0.922496123013864
C1_cash_reg_cash_features_cash_real_default,bpi2020_international,fit+sim,candidate,IM,inductive_miner_im,6150b352c065731b,85,0.7964877749920367,0.8252695672008914,0.0,0.7964877749920367,0.4052563535173993,0.0287817922088546,0.0,0.9651243746858674,1.0,18,1,196,5,0.7244708542627634
C1_cash_reg_cash_features_cash_real_default,bpi2020_international,pre+gen,candidate,HM,heuristics_miner,a8fc09154990e706,85,0.7974790357060452,0.9244692854293904,0.0,0.7974790357060452,0.4493560737200096,0.1269902497233451,0.0,0.8626344306675784,1.0,62,1,196,5,0.622631413912974
C1_cash_reg_cash_features_cash_real_default,bpi2020_international,pre+sim,candidate,HM,heuristics_miner,a8fc09154990e706,85,0.7070962307854285,0.863095238095238,0.0,0.7070962307854285,0.1334405144694533,0.1559990073098095,0.0,0.8192563225651862,1.0,49,1,196,5,0.5269843561505252
C1_cash_reg_cash_features_cash_real_default,bpi2020_international,gen+sim,candidate,IM,inductive_miner_im,6150b352c065731b,85,0.7494471551579674,0.8021013140485984,0.0,0.7494471551579674,0.5827965881894629,0.0526541588906309,0.0,0.934354728051922,1.0,45,1,196,5,0.6416778795245421
C1_cash_reg_cash_features_cash_real_default,bpi2020_international,mix-fit,candidate,HM,heuristics_miner,a8fc09154990e706,85,0.8026624198204434,0.8651430903153831,0.0,0.8026624198204434,0.36070009177014,0.0624806704949396,0.0,0.9277799577961576,1.0,55,1,196,5,0.6808696240352304
C1_cash_reg_cash_features_cash_real_default,bpi2020_international,mix-prec,candidate,HM,heuristics_miner,a8fc09154990e706,85,0.8000707277632444,0.8789785552291676,0.0,0.8000707277632444,0.4050280827450748,0.0789078274659231,0.0,0.910227812730482,1.0,61,1,196,5,0.6517505189741022
C1_cash_reg_cash_features_cash_real_default,bpi2020_international,mix-simp,candidate,IM,inductive_miner_im,6150b352c065731b,85,0.7380189347317311,0.8280233355013684,0.0,0.7380189347317311,0.4495843444923341,0.0900044007696373,0.0,0.8913020963169599,1.0,76,1,196,5,0.6563682058745013
C1_cash_reg_cash_features_cash_real_default,bpi2020_international,mix-gen,candidate,HM,heuristics_miner,a8fc09154990e706,85,0.6952267663419306,0.8352406043309378,0.0,0.6952267663419306,0.4939123354672689,0.1400138379890072,0.0,0.8323670601465022,1.0,109,1,196,5,0.5914381968890797
C1_cash_reg_cash_features_cash_real_default,bpi2020_payment,equal,candidate,HM,heuristics_miner,67cd1ccc54854e66,85,0.7459843675155176,0.8696763776738392,0.0,0.7459843675155176,0.4539079536155171,0.1236920101583216,0.0,0.8577723698910094,1.0,129,1,196,5,0.7564970491219921
C1_cash_reg_cash_features_cash_real_default,bpi2020_payment,fitn,candidate,IMd,inductive_miner_imd,8cefc3b841ae652c,85,1.0,1.0,0.0,1.0,0.6986954515961711,0.0,0.0,1.0,1.0,1,1,196,5,0.9997454339093774
C1_cash_reg_cash_features_cash_real_default,bpi2020_payment,prec,candidate,HM,heuristics_miner,67cd1ccc54854e66,85,0.8082905921163525,1.0,0.0,0.8082905921163525,0.0,0.1917094078836475,0.0,0.8082905921163525,1.0,103,1,196,5,0.8402866127819657
C1_cash_reg_cash_features_cash_real_default,bpi2020_payment,gene,candidate,IMd,inductive_miner_imd,8cefc3b841ae652c,85,0.8350845701975759,0.9042989365923124,0.0,0.8669709790187637,0.6750512131653676,0.0692143663947365,0.0318864088211878,0.9234607455632332,0.8338555245761122,33,3,196,5,0.8571130440041315
C1_cash_reg_cash_features_cash_real_default,bpi2020_payment,simp,candidate,IM,inductive_miner_im,d6c08269cc6ee4f8,85,0.6000000000000001,0.8214285714285714,0.0,0.6000000000000001,0.3333333333333333,0.2214285714285713,0.0,0.7304347826086958,1.0,105,1,196,5,0.5948219511229218
C1_cash_reg_cash_features_cash_real_default,bpi2020_payment,fit+pre,candidate,HM,heuristics_miner,67cd1ccc54854e66,85,0.8729305234063345,0.9825892284678608,0.0,0.8729305234063345,0.3493477257980855,0.1096587050615264,0.0,0.8883982218769935,1.0,101,1,196,5,0.8825489223975829
C1_cash_reg_cash_features_cash_real_default,bpi2020_payment,fit+gen,candidate,IMd,inductive_miner_imd,8cefc3b841ae652c,85,0.917542285098788,0.951497082337022,0.0,0.9334854895093818,0.7411492405643676,0.0339547972382341,0.0159432044105938,0.96431434434372,0.9171076461247212,9,3,196,5,0.9284292389567544
C1_cash_reg_cash_features_cash_real_default,bpi2020_payment,fit+sim,candidate,IM,inductive_miner_im,d6c08269cc6ee4f8,85,0.8,0.8691224178435837,0.0,0.8,0.5160143924647522,0.0691224178435836,0.0,0.9204687206031502,1.0,56,1,196,5,0.7964881289501191
C1_cash_reg_cash_features_cash_real_default,bpi2020_payment,pre+gen,candidate,HM,heuristics_miner,67cd1ccc54854e66,85,0.7416709026408601,0.916868426053467,0.0,0.7416709026408601,0.391801514766282,0.1751975234126068,0.0,0.8089174864852525,1.0,127,1,196,5,0.7775097801783999
C1_cash_reg_cash_features_cash_real_default,bpi2020_payment,pre+sim,candidate,HM,heuristics_miner,67cd1ccc54854e66,85,0.6856579011001931,0.87,0.0,0.6856579011001931,0.1666666666666666,0.1843420988998069,0.0,0.788112530000222,1.0,122,1,196,5,0.6932220084499672
C1_cash_reg_cash_features_cash_real_default,bpi2020_payment,gen+sim,candidate,IM,inductive_miner_im,d6c08269cc6ee4f8,85,0.7334854895093819,0.7955758933524278,0.0,0.7334854895093819,0.5584681814329486,0.0620904038430459,0.0,0.921955398143844,1.0,54,1,196,5,0.7225098526338559
C1_cash_reg_cash_features_cash_real_default,bpi2020_payment,mix-fit,candidate,HM,heuristics_miner,67cd1ccc54854e66,85,0.7976255228467759,0.9053177010011466,0.0,0.7976255228467759,0.4245051502583915,0.1076921781543707,0.0,0.8810448773560053,1.0,121,1,196,5,0.802715252220947
C1_cash_reg_cash_features_cash_real_default,bpi2020_payment,mix-prec,candidate,HM,heuristics_miner,67cd1ccc54854e66,85,0.769648212743818,0.9102277500261444,0.0,0.769648212743818,0.4081533325123367,0.1405795372823265,0.0,0.8455556455202683,1.0,126,1,196,5,0.7901125161996734
C1_cash_reg_cash_features_cash_real_default,bpi2020_payment,mix-simp,candidate,IM,inductive_miner_im,d6c08269cc6ee4f8,85,0.7427293481371395,0.829125005321534,0.0,0.7427293481371395,0.4996625747186974,0.0863956571843944,0.0,0.895798996978881,1.0,147,1,196,5,0.7442341790664297
C1_cash_reg_cash_features_cash_real_default,bpi2020_payment,mix-gen,candidate,HM,heuristics_miner,67cd1ccc54854e66,85,0.6943432121842593,0.836099433132433,0.0,0.6943432121842593,0.4833107569726427,0.1417562209481736,0.0,0.8304553079086703,1.0,145,1,196,5,0.7102788460230375
C1_cash_reg_cash_features_cash_real_default,bpi2020_permit,equal,candidate,HM,heuristics_miner,8dc0dde1f149f92e,85,0.6953084541835005,0.8429076490043279,0.0,0.6953084541835005,0.0,0.1475991948208274,0.0,0.8248928040987922,1.0,86,1,196,5,0.6807530802008127
C1_cash_reg_cash_features_cash_real_default,bpi2020_permit,fitn,candidate,IMd,inductive_miner_imd,83bfdaba62b71641,85,1.0,1.0,0.0,1.0,0.0,0.0,0.0,1.0,1.0,1,1,196,5,0.993318024891142
C1_cash_reg_cash_features_cash_real_default,bpi2020_permit,prec,candidate,HM,heuristics_miner,8dc0dde1f149f92e,85,0.8137442437123628,0.9911533085603246,0.0,0.8137442437123628,0.0,0.1774090648479618,0.0,0.8210074432323159,1.0,43,1,196,5,0.6439540668717069
C1_cash_reg_cash_features_cash_real_default,bpi2020_permit,gene,candidate,IMd,inductive_miner_imd,83bfdaba62b71641,85,0.8652393738255396,0.9078165537742844,0.0,0.8652393738255396,0.0,0.0425771799487447,0.0,0.9530993571644752,1.0,41,1,196,5,0.8985731916179678
C1_cash_reg_cash_features_cash_real_default,bpi2020_permit,simp,candidate,IMf,inductive_miner_imf,af1d75e068f5e2e7,85,0.0,0.7142857142857143,0.0,0.5946547884187082,0.0,0.7142857142857143,0.5946547884187082,0.0,0.0,177,5,196,5,0.5714950313799977
C1_cash_reg_cash_features_cash_real_default,bpi2020_permit,fit+pre,candidate,HM,heuristics_miner,8dc0dde1f149f92e,85,0.8512783359444481,0.9243881790529204,0.0,0.8512783359444481,0.0,0.0731098431084723,0.0,0.9209100194429392,1.0,34,1,196,5,0.7545489649553506
C1_cash_reg_cash_features_cash_real_default,bpi2020_permit,fit+gen,candidate,IMd,inductive_miner_imd,83bfdaba62b71641,85,0.93261968691277,0.9448808304983668,0.0,0.93261968691277,0.0,0.0122611435855969,0.0,0.9870236084913164,1.0,7,1,196,5,0.9459456082545548
C1_cash_reg_cash_features_cash_real_default,bpi2020_permit,fit+sim,candidate,IM,inductive_miner_im,1e49d93937c2bb45,85,0.7973273942093542,0.8272924879786688,0.0,0.7973273942093542,0.0,0.0299650937693146,0.0,0.9637793232686922,1.0,15,1,196,5,0.7580793274245522
C1_cash_reg_cash_features_cash_real_default,bpi2020_permit,pre+gen,candidate,HM,heuristics_miner,8dc0dde1f149f92e,85,0.7082588870498185,0.9322600772514232,0.0,0.7082588870498185,0.0,0.2240011902016045,0.0,0.7597224254609014,1.0,78,1,196,5,0.6884910626933565
C1_cash_reg_cash_features_cash_real_default,bpi2020_permit,pre+sim,candidate,HM,heuristics_miner,8dc0dde1f149f92e,85,0.644823929085097,0.816594001468874,0.0,0.644823929085097,0.0,0.1717700723837769,0.0,0.7896505826949498,1.0,46,1,196,5,0.5624201996246253
C1_cash_reg_cash_features_cash_real_default,bpi2020_permit,gen+sim,candidate,IMf,inductive_miner_imf,af1d75e068f5e2e7,85,0.0,0.7992898469819344,0.0,0.7281672934908063,0.0,0.7992898469819344,0.7281672934908063,0.0,0.0,177,5,196,5,0.6989806430046241
C1_cash_reg_cash_features_cash_real_default,bpi2020_permit,mix-fit,candidate,HM,heuristics_miner,8dc0dde1f149f92e,85,0.755106320314616,0.8639118088087243,0.0,0.755106320314616,0.0,0.1088054884941083,0.0,0.8740548660352916,1.0,52,1,196,5,0.7087238376041192
C1_cash_reg_cash_features_cash_real_default,bpi2020_permit,mix-prec,candidate,HM,heuristics_miner,8dc0dde1f149f92e,85,0.7316826036822173,0.8885842618048088,0.0,0.7316826036822173,0.0,0.1569016581225915,0.0,0.8234251214354082,1.0,68,1,196,5,0.6986074501487378
C1_cash_reg_cash_features_cash_real_default,bpi2020_permit,mix-simp,candidate,IM,inductive_miner_im,1e49d93937c2bb45,85,0.7200015916100726,0.81761289182125,0.0,0.7200015916100726,0.0,0.0976113002111773,0.0,0.8806142843543646,1.0,72,1,196,5,0.6964635770806233
C1_cash_reg_cash_features_cash_real_default,bpi2020_permit,mix-gen,candidate,HM,heuristics_miner,8dc0dde1f149f92e,85,0.6355105880523851,0.8269571869508153,0.0,0.642675789010791,0.0,0.1914465988984302,0.0071652009584058,0.7684927322485235,0.9888509866391036,127,2,196,5,0.6527823227975063
C1_cash_reg_cash_features_cash_real_default,bpi2020_prepaid,equal,candidate,HM,heuristics_miner,29f7ad244446d4aa,85,0.7280027250543759,0.8668476328686328,0.0,0.7280027250543759,0.3835715428314981,0.1388449078142568,0.0,0.8398277822426744,1.0,83,1,196,5,0.7310270537962935
C1_cash_reg_cash_features_cash_real_default,bpi2020_prepaid,fitn,candidate,IMd,inductive_miner_imd,8cca159c4df3be24,85,1.0,1.0,0.0,1.0,0.4702681384715757,0.0,0.0,1.0,1.0,1,1,196,5,0.9978804957310808
C1_cash_reg_cash_features_cash_real_default,bpi2020_prepaid,prec,candidate,HM,heuristics_miner,29f7ad244446d4aa,85,0.8877260430015663,0.9997522759645756,0.0,0.8877260430015663,0.0,0.1120262329630092,0.0,0.8879460085700482,1.0,23,1,196,5,0.7509258145849463
C1_cash_reg_cash_features_cash_real_default,bpi2020_prepaid,gene,candidate,IMd,inductive_miner_imd,8cca159c4df3be24,85,0.8904211520153033,0.9112866050560324,0.0,0.8904211520153033,0.5988575329285628,0.0208654530407291,0.0,0.9771033032583132,1.0,10,1,196,5,0.88978861405924
C1_cash_reg_cash_features_cash_real_default,bpi2020_prepaid,simp,candidate,IM,inductive_miner_im,08b79ae23a413281,85,0.5903614457831325,0.8241758241758241,0.0,0.5903614457831325,0.1867088607594936,0.2338143783926916,0.0,0.7163052208835342,1.0,105,1,196,5,0.5896615217397091
C1_cash_reg_cash_features_cash_real_default,bpi2020_prepaid,fit+pre,candidate,HM,heuristics_miner,29f7ad244446d4aa,85,0.8946719217397086,0.9548684615240935,0.0,0.8946719217397086,0.2351340692357878,0.0601965397843851,0.0,0.936958290895582,1.0,27,1,196,5,0.8305298844860735
C1_cash_reg_cash_features_cash_real_default,bpi2020_prepaid,fit+gen,candidate,IMd,inductive_miner_imd,8cca159c4df3be24,85,0.9452105760076516,0.949603353381388,0.0,0.9452105760076516,0.6737886552832494,0.0043927773737363,0.0,0.9953740923954256,1.0,3,1,196,5,0.9438345548951604
C1_cash_reg_cash_features_cash_real_default,bpi2020_prepaid,fit+sim,candidate,IM,inductive_miner_im,08b79ae23a413281,85,0.7884684371297543,0.8494129668934964,0.0,0.7884684371297543,0.3284884996155346,0.060944529763742,0.0,0.9282510014102674,1.0,66,1,196,5,0.7876798583220046
C1_cash_reg_cash_features_cash_real_default,bpi2020_prepaid,pre+gen,candidate,HM,heuristics_miner,29f7ad244446d4aa,85,0.7432917879650646,0.9409693886867966,0.0,0.7432917879650646,0.4386545860474615,0.197677600721732,0.0,0.7899213267738624,1.0,65,1,196,5,0.7472340108160627
C1_cash_reg_cash_features_cash_real_default,bpi2020_prepaid,pre+sim,candidate,HM,heuristics_miner,29f7ad244446d4aa,85,0.7057677834055451,0.8334790489391193,0.0,0.7057677834055451,0.0933544303797468,0.1277112655335741,0.0,0.8467732743898849,1.0,38,1,196,5,0.6352160268753972
C1_cash_reg_cash_features_cash_real_default,bpi2020_prepaid,gen+sim,candidate,IM,inductive_miner_im,08b79ae23a413281,85,0.7379476465690233,0.815098321546149,0.0,0.7379476465690233,0.5320090164272083,0.0771506749771256,0.0,0.9053480139294366,1.0,81,1,196,5,0.7332654727901836
C1_cash_reg_cash_features_cash_real_default,bpi2020_prepaid,mix-fit,candidate,HM,heuristics_miner,29f7ad244446d4aa,85,0.7916125911463714,0.8887029376845874,0.0,0.7916125911463714,0.3131799447500213,0.097090346538216,0.0,0.8907505056850902,1.0,40,1,196,5,0.7675867946682515
C1_cash_reg_cash_features_cash_real_default,bpi2020_prepaid,mix-prec,candidate,HM,heuristics_miner,29f7ad244446d4aa,85,0.767452189555718,0.9102502378418412,0.0,0.767452189555718,0.3759172653987414,0.142798048286123,0.0,0.843122207114507,1.0,52,1,196,5,0.7574104027421571
C1_cash_reg_cash_features_cash_real_default,bpi2020_prepaid,mix-simp,candidate,IM,inductive_miner_im,08b79ae23a413281,85,0.724823854120391,0.8311667650921324,0.0,0.724823854120391,0.3912258202642548,0.1063429109717414,0.0,0.8720558672001838,1.0,103,1,196,5,0.7315655046544356
C1_cash_reg_cash_features_cash_real_default,bpi2020_prepaid,mix-gen,candidate,HM,heuristics_miner,29f7ad244446d4aa,85,0.6643928589623807,0.8449923280526782,0.0,0.6643928589623807,0.4539631409129749,0.1805994690902975,0.0,0.7862708771492672,1.0,142,1,196,5,0.6944673129243353
C1_cash_reg_cash_features_cash_real_default,bpic15_1,equal,candidate,IMd,inductive_miner_imd,8ec8a2cb08851acf,85,0.5006533211257762,0.7538067736145151,0.0,0.5006533211257762,0.0,0.2531534524887389,0.0,0.6641666520521378,1.0,124,1,196,5,0.4366180257235985
C1_cash_reg_cash_features_cash_real_default,bpic15_1,fitn,candidate,IMd,inductive_miner_imd,8ec8a2cb08851acf,85,1.0,1.0,0.0,1.0,0.0,0.0,0.0,1.0,1.0,1,1,196,5,0.865
C1_cash_reg_cash_features_cash_real_default,bpic15_1,prec,candidate,IMd,inductive_miner_imd,8ec8a2cb08851acf,85,0.0055144083252097,0.9967132292522596,0.0,0.0055144083252097,0.0,0.99119882092705,0.0,0.0055325926890191,1.0,141,1,196,5,0.0055931939589016
C1_cash_reg_cash_features_cash_real_default,bpic15_1,gene,candidate,IMd,inductive_miner_imd,8ec8a2cb08851acf,85,0.6526451647517064,0.7947596517508088,0.0,0.6526451647517064,0.0,0.1421144869991023,0.0,0.8211855789532942,1.0,112,1,196,5,0.5717180227473841
C1_cash_reg_cash_features_cash_real_default,bpic15_1,simp,candidate,IMd,inductive_miner_imd,8ec8a2cb08851acf,85,0.3444537114261885,1.0,0.0,0.3444537114261885,0.0,0.6555462885738115,0.0,0.3444537114261885,1.0,137,1,196,5,0.3041608861881085
C1_cash_reg_cash_features_cash_real_default,bpic15_1,fit+pre,candidate,IMd,inductive_miner_imd,8ec8a2cb08851acf,85,0.5027572041626048,0.8688577238297088,0.0,0.5027572041626048,0.0,0.366100519667104,0.0,0.5786415777563397,1.0,74,1,196,5,0.4352965969794508
C1_cash_reg_cash_features_cash_real_default,bpic15_1,fit+gen,candidate,IMd,inductive_miner_imd,8ec8a2cb08851acf,85,0.8263225823758532,0.871727415992749,0.0,0.8263225823758532,0.0,0.0454048336168958,0.0,0.9479139547708414,1.0,4,1,196,5,0.7183590113736921
C1_cash_reg_cash_features_cash_real_default,bpic15_1,fit+sim,candidate,IMd,inductive_miner_imd,8ec8a2cb08851acf,85,0.6722268557130943,0.8645266546833184,0.0,0.6722268557130943,0.0,0.1922997989702241,0.0,0.7775663735426819,1.0,85,1,196,5,0.5845804430940542
C1_cash_reg_cash_features_cash_real_default,bpic15_1,pre+gen,candidate,IMd,inductive_miner_imd,8ec8a2cb08851acf,85,0.329079786538458,0.8387467991159434,0.0,0.329079786538458,0.0,0.5096670125774854,0.0,0.3923469954047097,1.0,126,1,196,5,0.2886556083531428
C1_cash_reg_cash_features_cash_real_default,bpic15_1,pre+sim,candidate,IMd,inductive_miner_imd,8ec8a2cb08851acf,85,0.1749840598756991,0.8214077863143173,0.0,0.1749840598756991,0.0,0.6464237264386182,0.0,0.2130294633081798,1.0,142,1,196,5,0.154877040073505
C1_cash_reg_cash_features_cash_real_default,bpic15_1,gen+sim,candidate,IMd,inductive_miner_imd,8ec8a2cb08851acf,85,0.4985494380889474,0.8973798258754044,0.0,0.4985494380889474,0.0,0.3988303877864569,0.0,0.5555612280481197,1.0,131,1,196,5,0.4379394544677463
C1_cash_reg_cash_features_cash_real_default,bpic15_1,mix-fit,candidate,IMd,inductive_miner_imd,8ec8a2cb08851acf,85,0.5358095812579713,0.7829881701741386,0.0,0.5358095812579713,0.0,0.2471785889161672,0.0,0.6843137631808739,1.0,94,1,196,5,0.4656819377000306
C1_cash_reg_cash_features_cash_real_default,bpic15_1,mix-prec,candidate,IMd,inductive_miner_imd,8ec8a2cb08851acf,85,0.4324446838982146,0.8104949307104619,0.0,0.4324446838982146,0.0,0.3780502468122472,0.0,0.5335563092530922,1.0,118,1,196,5,0.3771687730265867
C1_cash_reg_cash_features_cash_real_default,bpic15_1,mix-simp,candidate,IMd,inductive_miner_imd,8ec8a2cb08851acf,85,0.5688619583533376,0.7694736087116352,0.0,0.5688619583533376,0.0,0.2006116503582975,0.0,0.7392871593163659,1.0,121,1,196,5,0.4960672784206104
C1_cash_reg_cash_features_cash_real_default,bpic15_1,mix-gen,candidate,IMd,inductive_miner_imd,8ec8a2cb08851acf,85,0.465497060993581,0.7344918748892888,0.0,0.465497060993581,0.0,0.2689948138957077,0.0,0.6337674750503486,1.0,131,1,196,5,0.4075541137471665
C1_cash_reg_cash_features_cash_real_default,bpic15_2,equal,candidate,IMd,inductive_miner_imd,2bd4a2c68f811174,85,0.4958761568622505,0.739796087901852,0.0,0.4958761568622505,0.0,0.2439199310396015,0.0,0.6702876170494672,1.0,123,1,196,5,0.44503364406327
C1_cash_reg_cash_features_cash_real_default,bpic15_2,fitn,candidate,IMd,inductive_miner_imd,2bd4a2c68f811174,85,1.0,1.0,0.0,1.0,0.0,0.0,0.0,1.0,1.0,1,1,196,5,0.88
C1_cash_reg_cash_features_cash_real_default,bpic15_2,prec,candidate,HM,heuristics_miner,31413093d0283c37,85,0.0,0.9964080459770116,0.0,0.0047466811844114,0.0,0.9964080459770116,0.0047466811844114,0.0,0.0,145,2,196,5,0.0145727634915077
C1_cash_reg_cash_features_cash_real_default,bpic15_2,gene,candidate,IMd,inductive_miner_imd,2bd4a2c68f811174,85,0.630479323366272,0.8434264748464657,0.0,0.630479323366272,0.0,0.2129471514801937,0.0,0.7475213811388149,1.0,119,1,196,5,0.5813774154905296
C1_cash_reg_cash_features_cash_real_default,bpic15_2,simp,candidate,IMd,inductive_miner_imd,2bd4a2c68f811174,85,0.3482786228983187,1.0,0.0,0.3482786228983187,0.0,0.6517213771016813,0.0,0.3482786228983187,1.0,133,1,196,5,0.3092444569640444
C1_cash_reg_cash_features_cash_real_default,bpic15_2,fit+pre,candidate,IMd,inductive_miner_imd,2bd4a2c68f811174,85,0.5023733405922057,0.8552632687420797,0.0,0.5023733405922057,0.0,0.3528899281498739,0.0,0.587390291332277,1.0,62,1,196,5,0.4447563518992531
C1_cash_reg_cash_features_cash_real_default,bpic15_2,fit+gen,candidate,IMd,inductive_miner_imd,2bd4a2c68f811174,85,0.815239661683136,0.888226048940476,0.0,0.815239661683136,0.0,0.0729863872573399,0.0,0.9178290398661444,1.0,6,1,196,5,0.7306887077452648
C1_cash_reg_cash_features_cash_real_default,bpic15_2,fit+sim,candidate,IMd,inductive_miner_imd,2bd4a2c68f811174,85,0.6741393114491594,0.8502937315725136,0.0,0.6741393114491594,0.0,0.1761544201233542,0.0,0.7928310963817429,1.0,81,1,196,5,0.5946222284820222
C1_cash_reg_cash_features_cash_real_default,bpic15_2,pre+gen,candidate,IMd,inductive_miner_imd,2bd4a2c68f811174,85,0.3176130022753416,0.8135744140072105,0.0,0.3176130022753416,0.0,0.4959614117318688,0.0,0.3903920733088918,1.0,136,1,196,5,0.2954450596445179
C1_cash_reg_cash_features_cash_real_default,bpic15_2,pre+sim,candidate,IMd,inductive_miner_imd,2bd4a2c68f811174,85,0.176512652041365,0.7980406242956953,0.0,0.176512652041365,0.0,0.6215279722543303,0.0,0.2211825396697629,1.0,138,1,196,5,0.1593785803812754
C1_cash_reg_cash_features_cash_real_default,bpic15_2,gen+sim,candidate,IMd,inductive_miner_imd,2bd4a2c68f811174,85,0.4893789731322953,0.9217132374232327,0.0,0.4893789731322953,0.0,0.4323342642909375,0.0,0.5309449330470905,1.0,131,1,196,5,0.445310936227287
C1_cash_reg_cash_features_cash_real_default,bpic15_2,mix-fit,candidate,IMd,inductive_miner_imd,2bd4a2c68f811174,85,0.5341276612716144,0.7675374461630222,0.0,0.5341276612716144,0.0,0.2334097848914078,0.0,0.695897853507681,1.0,88,1,196,5,0.4748404440814138
C1_cash_reg_cash_features_cash_real_default,bpic15_2,mix-prec,candidate,IMd,inductive_miner_imd,2bd4a2c68f811174,85,0.425870331773478,0.7904532226862232,0.0,0.425870331773478,0.0,0.3645828909127451,0.0,0.5387672787596828,1.0,118,1,196,5,0.3851427518629658
C1_cash_reg_cash_features_cash_real_default,bpic15_2,mix-simp,candidate,IMd,inductive_miner_imd,2bd4a2c68f811174,85,0.565881981951023,0.7666984383330109,0.0,0.565881981951023,0.0,0.2008164563819878,0.0,0.7380763461334137,1.0,118,1,196,5,0.5049245362635744
C1_cash_reg_cash_features_cash_real_default,bpic15_2,mix-gen,candidate,IMd,inductive_miner_imd,2bd4a2c68f811174,85,0.4576246524528867,0.7177077196779903,0.0,0.4576246524528867,0.0,0.2600830672251036,0.0,0.6376197996842036,1.0,136,1,196,5,0.4152268440451264
C1_cash_reg_cash_features_cash_real_default,bpic15_3,equal,candidate,IMd,inductive_miner_imd,1e1739de3216125c,85,0.5062291863779904,0.7711497484903616,0.0,0.5062291863779904,0.0,0.2649205621123711,0.0,0.6564602885094731,1.0,126,1,196,5,0.468737766141186
C1_cash_reg_cash_features_cash_real_default,bpic15_3,fitn,candidate,IMd,inductive_miner_imd,1e1739de3216125c,85,1.0,1.0,0.0,1.0,0.0,0.0,0.0,1.0,1.0,1,1,196,5,0.8792017103364281
C1_cash_reg_cash_features_cash_real_default,bpic15_3,prec,candidate,HM,heuristics_miner,b47e1fe582935617,85,0.0,0.9713690786048932,0.0,0.0056460981272722,0.0,0.9713690786048932,0.0056460981272722,0.0,0.0,143,2,196,5,0.0325673842035417
C1_cash_reg_cash_features_cash_real_default,bpic15_3,gene,candidate,IMd,inductive_miner_imd,1e1739de3216125c,85,0.6755746197508381,0.7690804510999736,0.0,0.6755746197508381,0.0,0.0935058313491354,0.0,0.8784186606025427,1.0,104,1,196,5,0.6545863355527485
C1_cash_reg_cash_features_cash_real_default,bpic15_3,simp,candidate,IMd,inductive_miner_imd,1e1739de3216125c,85,0.3436960276338515,1.0,0.0,0.3436960276338515,0.0,0.6563039723661486,0.0,0.3436960276338515,1.0,133,1,196,5,0.3294207888456548
C1_cash_reg_cash_features_cash_real_default,bpic15_3,fit+pre,candidate,IMd,inductive_miner_imd,1e1739de3216125c,85,0.5028230490636361,0.8737992058502052,0.0,0.5028230490636361,0.0,0.3709761567865691,0.0,0.5754446166775696,1.0,68,1,196,5,0.4454719700831703
C1_cash_reg_cash_features_cash_real_default,bpic15_3,fit+gen,candidate,IMd,inductive_miner_imd,1e1739de3216125c,85,0.837787309875419,0.8764050391703524,0.0,0.837787309875419,0.0,0.0386177292949333,0.0,0.955936208067116,1.0,8,1,196,5,0.7668940229445883
C1_cash_reg_cash_features_cash_real_default,bpic15_3,fit+sim,candidate,IMd,inductive_miner_imd,1e1739de3216125c,85,0.6718480138169257,0.8866318702272058,0.0,0.6718480138169257,0.0,0.21478385641028,0.0,0.7577530611941119,1.0,98,1,196,5,0.6043112495910414
C1_cash_reg_cash_features_cash_real_default,bpic15_3,pre+gen,candidate,IMd,inductive_miner_imd,1e1739de3216125c,85,0.3406103589390551,0.8335999035488251,0.0,0.3406103589390551,0.0,0.4929895446097699,0.0,0.4086017254668566,1.0,124,1,196,5,0.3331642826913304
C1_cash_reg_cash_features_cash_real_default,bpic15_3,pre+sim,candidate,IMd,inductive_miner_imd,1e1739de3216125c,85,0.1746710628805618,0.806269466186586,0.0,0.1746710628805618,0.0,0.6315984033060242,0.0,0.2166410489370307,1.0,139,1,196,5,0.1705815093377836
C1_cash_reg_cash_features_cash_real_default,bpic15_3,gen+sim,candidate,IMd,inductive_miner_imd,1e1739de3216125c,85,0.5096353236923448,0.8774480269684266,0.0,0.5096353236923448,0.0,0.3678127032760818,0.0,0.5808153965006101,1.0,130,1,196,5,0.4920035621992016
C1_cash_reg_cash_features_cash_real_default,bpic15_3,mix-fit,candidate,IMd,inductive_miner_imd,1e1739de3216125c,85,0.5379904969400358,0.7997195004226063,0.0,0.5379904969400358,0.0,0.2617290034825705,0.0,0.6727239946703042,1.0,101,1,196,5,0.4865461444079508
C1_cash_reg_cash_features_cash_real_default,bpic15_3,mix-prec,candidate,IMd,inductive_miner_imd,1e1739de3216125c,85,0.4393004279395454,0.8166597019857158,0.0,0.4393004279395454,0.0,0.3773592740461703,0.0,0.5379234788632061,1.0,117,1,196,5,0.4098552135496406
C1_cash_reg_cash_features_cash_real_default,bpic15_3,mix-simp,candidate,IMd,inductive_miner_imd,1e1739de3216125c,85,0.5731579448164354,0.7807894458056361,0.0,0.5731579448164354,0.0,0.2076315009892007,0.0,0.7340749134038795,1.0,122,1,196,5,0.5276203187327313
C1_cash_reg_cash_features_cash_real_default,bpic15_3,mix-gen,candidate,IMd,inductive_miner_imd,1e1739de3216125c,85,0.4744678758159452,0.742579996558117,0.0,0.4744678758159452,0.0,0.2681121207421718,0.0,0.6389451345513205,1.0,133,1,196,5,0.4509293878744212
C1_cash_reg_cash_features_cash_real_default,bpic15_4,equal,candidate,IMd,inductive_miner_imd,f68041a3f2d86846,85,0.5004532568394435,0.7570912404815519,0.0,0.5004532568394435,0.0,0.2566379836421083,0.0,0.6610210633544348,1.0,134,1,196,5,0.4597719552498538
C1_cash_reg_cash_features_cash_real_default,bpic15_4,fitn,candidate,IMd,inductive_miner_imd,f68041a3f2d86846,85,1.0,1.0,0.0,1.0,0.0,0.0,0.0,1.0,1.0,1,1,196,5,0.8999505308735363
C1_cash_reg_cash_features_cash_real_default,bpic15_4,prec,candidate,HM,heuristics_miner,07498f13634809d9,85,0.0,0.9771181199752628,0.0,0.0063677194723514,0.0,0.9771181199752628,0.0063677194723514,0.0,0.0,150,2,196,5,0.0256408810996139
C1_cash_reg_cash_features_cash_real_default,bpic15_4,gene,candidate,IMd,inductive_miner_imd,f68041a3f2d86846,85,0.6484303825122886,0.8125621208083507,0.0,0.6484303825122886,0.0,0.1641317382960621,0.0,0.7980071503545094,1.0,113,1,196,5,0.6209141138969123
C1_cash_reg_cash_features_cash_real_default,bpic15_4,simp,candidate,IMd,inductive_miner_imd,f68041a3f2d86846,85,0.3470149253731343,1.0,0.0,0.3470149253731343,0.0,0.6529850746268657,0.0,0.3470149253731343,1.0,143,1,196,5,0.3104517868891924
C1_cash_reg_cash_features_cash_real_default,bpic15_4,fit+pre,candidate,IMd,inductive_miner_imd,f68041a3f2d86846,85,0.5031838597361757,0.8685599938464359,0.0,0.5031838597361757,0.0,0.3653761341102601,0.0,0.5793311496052398,1.0,84,1,196,5,0.4538609601066551
C1_cash_reg_cash_features_cash_real_default,bpic15_4,fit+gen,candidate,IMd,inductive_miner_imd,f68041a3f2d86846,85,0.8242151912561443,0.8717994934557993,0.0,0.8242151912561443,0.0,0.047584302199655,0.0,0.94541829565531,1.0,5,1,196,5,0.7604323223852243
C1_cash_reg_cash_features_cash_real_default,bpic15_4,fit+sim,candidate,IMd,inductive_miner_imd,f68041a3f2d86846,85,0.6735074626865671,0.8675538703293734,0.0,0.6735074626865671,0.0,0.1940464076428062,0.0,0.7763292698248986,1.0,95,1,196,5,0.6052011588813644
C1_cash_reg_cash_features_cash_real_default,bpic15_4,pre+gen,candidate,IMd,inductive_miner_imd,f68041a3f2d86846,85,0.32739905099232,0.8247132962569865,0.0,0.32739905099232,0.0,0.4973142452646665,0.0,0.3969852947421137,1.0,138,1,196,5,0.3143427516183432
C1_cash_reg_cash_features_cash_real_default,bpic15_4,pre+sim,candidate,IMd,inductive_miner_imd,f68041a3f2d86846,85,0.1766913224227428,0.7904575186873295,0.0,0.1766913224227428,0.0,0.6137661962645866,0.0,0.2235304469191015,1.0,146,1,196,5,0.1591115881144832
C1_cash_reg_cash_features_cash_real_default,bpic15_4,gen+sim,candidate,IMd,inductive_miner_imd,f68041a3f2d86846,85,0.4977226539427114,0.8981830671938409,0.0,0.4977226539427114,0.0,0.4004604132511294,0.0,0.5541438846066508,1.0,135,1,196,5,0.4656829503930523
C1_cash_reg_cash_features_cash_real_default,bpic15_4,mix-fit,candidate,IMd,inductive_miner_imd,f68041a3f2d86846,85,0.5361563391675611,0.7881543306724185,0.0,0.5361563391675611,0.0,0.2519979915048573,0.0,0.6802682143611851,1.0,112,1,196,5,0.4864933979188764
C1_cash_reg_cash_features_cash_real_default,bpic15_4,mix-prec,candidate,IMd,inductive_miner_imd,f68041a3f2d86846,85,0.4317776950799405,0.8064338134647027,0.0,0.4317776950799405,0.0,0.3746561183847621,0.0,0.5354161592318193,1.0,128,1,196,5,0.4004180747686098
C1_cash_reg_cash_features_cash_real_default,bpic15_4,mix-simp,candidate,IMd,inductive_miner_imd,f68041a3f2d86846,85,0.5691288185989466,0.7784157949851235,0.0,0.5691288185989466,0.0,0.2092869763861768,0.0,0.7311372948307445,1.0,129,1,196,5,0.5191258357310977
C1_cash_reg_cash_features_cash_real_default,bpic15_4,mix-gen,candidate,IMd,inductive_miner_imd,f68041a3f2d86846,85,0.464750174511326,0.7260281502906851,0.0,0.464750174511326,0.0,0.2612779757793591,0.0,0.6401269349201552,1.0,141,1,196,5,0.4330505125808311
C1_cash_reg_cash_features_cash_real_default,bpic15_5,equal,candidate,IMd,inductive_miner_imd,a0710095115a2fbb,85,0.4980303762681133,0.7432661612580866,0.0,0.4980303762681133,0.0,0.2452357849899732,0.0,0.6700565722313042,1.0,128,1,196,5,0.4608491778527271
C1_cash_reg_cash_features_cash_real_default,bpic15_5,fitn,candidate,IMd,inductive_miner_imd,a0710095115a2fbb,85,1.0,1.0,0.0,1.0,0.0,0.0,0.0,1.0,1.0,1,1,196,5,0.8995612999164279
C1_cash_reg_cash_features_cash_real_default,bpic15_5,prec,candidate,HM,heuristics_miner,5fe2fca8d068cc08,85,0.0,0.9914236706689536,0.0,0.0050756012401533,0.0,0.9914236706689536,0.0050756012401533,0.0,0.0,147,2,196,5,0.0976257267577973
C1_cash_reg_cash_features_cash_real_default,bpic15_5,gene,candidate,IMd,inductive_miner_imd,a0710095115a2fbb,85,0.6480339787897107,0.8420322364834529,0.0,0.6480339787897107,0.0,0.1939982576937422,0.0,0.7696070895053498,1.0,117,1,196,5,0.601415407901582
C1_cash_reg_cash_features_cash_real_default,bpic15_5,simp,candidate,IMd,inductive_miner_imd,a0710095115a2fbb,85,0.3390119250425894,1.0,0.0,0.3390119250425894,0.0,0.6609880749574106,0.0,0.3390119250425894,1.0,135,1,196,5,0.3227059816837076
C1_cash_reg_cash_features_cash_real_default,bpic15_5,fit+pre,candidate,IMd,inductive_miner_imd,a0710095115a2fbb,85,0.5025378006200767,0.8302814710249038,0.0,0.5025378006200767,0.0,0.3277436704048271,0.0,0.6052619721836516,1.0,69,1,196,5,0.4596376609128094
C1_cash_reg_cash_features_cash_real_default,bpic15_5,fit+gen,candidate,IMd,inductive_miner_imd,a0710095115a2fbb,85,0.8240169893948553,0.8491470544465778,0.0,0.8240169893948553,0.0,0.0251300650517224,0.0,0.9704055205513248,1.0,2,1,196,5,0.7504883539090049
C1_cash_reg_cash_features_cash_real_default,bpic15_5,fit+sim,candidate,IMd,inductive_miner_imd,a0710095115a2fbb,85,0.6695059625212947,0.8492461162887588,0.0,0.6695059625212947,0.0,0.1797401537674641,0.0,0.7883532814339662,1.0,85,1,196,5,0.6111336408000677
C1_cash_reg_cash_features_cash_real_default,bpic15_5,pre+gen,candidate,IMd,inductive_miner_imd,a0710095115a2fbb,85,0.326554790014932,0.8116192280976056,0.0,0.326554790014932,0.0,0.4850644380826736,0.0,0.4023497456810627,1.0,132,1,196,5,0.3105647149053865
C1_cash_reg_cash_features_cash_real_default,bpic15_5,pre+sim,candidate,IMd,inductive_miner_imd,a0710095115a2fbb,85,0.1720437631413713,0.7827816467542539,0.0,0.1720437631413713,0.0,0.6107378836128825,0.0,0.2197851263564214,1.0,141,1,196,5,0.1712100017964493
C1_cash_reg_cash_features_cash_real_default,bpic15_5,gen+sim,candidate,IMd,inductive_miner_imd,a0710095115a2fbb,85,0.49352295191615,0.9210161182417264,0.0,0.49352295191615,0.0,0.4274931663255764,0.0,0.535846161800419,1.0,133,1,196,5,0.4620606947926448
C1_cash_reg_cash_features_cash_real_default,bpic15_5,mix-fit,candidate,IMd,inductive_miner_imd,a0710095115a2fbb,85,0.534128463259535,0.7619159908588385,0.0,0.534128463259535,0.0,0.2277875275993035,0.0,0.7010332761981549,1.0,95,1,196,5,0.4904214636662282
C1_cash_reg_cash_features_cash_real_default,bpic15_5,mix-prec,candidate,IMd,inductive_miner_imd,a0710095115a2fbb,85,0.4303416266372334,0.7845385057794599,0.0,0.4303416266372334,0.0,0.3541968791422265,0.0,0.5485283685466497,1.0,123,1,196,5,0.4004930892858074
C1_cash_reg_cash_features_cash_real_default,bpic15_5,mix-simp,candidate,IMd,inductive_miner_imd,a0710095115a2fbb,85,0.5657191258989932,0.7677189214161869,0.0,0.5657191258989932,0.0,0.2019997955171937,0.0,0.736883135373854,1.0,123,1,196,5,0.5212052664196469
C1_cash_reg_cash_features_cash_real_default,bpic15_5,mix-gen,candidate,IMd,inductive_miner_imd,a0710095115a2fbb,85,0.4619322892766918,0.7246163316573346,0.0,0.4619322892766918,0.0,0.2626840423806428,0.0,0.6374853409944063,1.0,136,1,196,5,0.4312768920392261
C1_cash_reg_cash_features_cash_real_default,hospital_billing,equal,candidate,HM,heuristics_miner,f0ba1c246feb1617,85,0.7623493758629513,0.8734035144022313,0.0,0.7728985458636999,0.7080210029131718,0.11105413853928,0.0105491700007486,0.8728489905203932,0.8373987435252778,101,3,196,5,0.7910416275256122
C1_cash_reg_cash_features_cash_real_default,hospital_billing,fitn,candidate,IMd,inductive_miner_imd,8ee363d72269d593,85,1.0,1.0,0.0,1.0,0.6797553093982478,0.0,0.0,1.0,1.0,1,1,196,5,1.0
C1_cash_reg_cash_features_cash_real_default,hospital_billing,prec,candidate,HM,heuristics_miner,f0ba1c246feb1617,85,0.9123900422661322,1.0,0.0,0.9123900422661322,0.3867395245470101,0.0876099577338678,0.0,0.9123900422661322,1.0,79,1,196,5,0.8407716060408448
C1_cash_reg_cash_features_cash_real_default,hospital_billing,gene,candidate,IMd,inductive_miner_imd,8ee363d72269d593,85,0.9406716490462892,0.974570314262808,0.0,0.9406716490462892,0.7467548005194038,0.0338986652165188,0.0,0.9652168091717828,1.0,8,1,196,5,0.9473127437478588
C1_cash_reg_cash_features_cash_real_default,hospital_billing,simp,candidate,IM,inductive_miner_im,d281a0841299287f,85,0.6261682242990655,1.0,0.0,1.0,0.4729241877256318,0.3738317757009345,0.3738317757009345,0.6261682242990655,0.2907438228139804,24,2,196,5,0.604546604116017
C1_cash_reg_cash_features_cash_real_default,hospital_billing,fit+pre,candidate,HM,heuristics_miner,f0ba1c246feb1617,85,0.9148592576033848,0.989140582975968,0.0,0.9148592576033848,0.5332474169726289,0.0742813253725833,0.0,0.9249031667984974,1.0,84,1,196,5,0.878337024487347
C1_cash_reg_cash_features_cash_real_default,hospital_billing,fit+gen,candidate,IMd,inductive_miner_imd,8ee363d72269d593,85,0.9703358245231446,0.9872657861978588,0.0,0.9703358245231446,0.7961812639516811,0.0169299616747142,0.0,0.9828516677966582,1.0,6,1,196,5,0.9736563718739292
C1_cash_reg_cash_features_cash_real_default,hospital_billing,fit+sim,candidate,IM,inductive_miner_im,d281a0841299287f,85,0.8130841121495327,0.8398776546991239,0.0,0.8398776546991239,0.6951263303331345,0.0267935425495912,0.0267935425495912,0.9680982790771,0.8148994997666039,12,2,196,5,0.7997364947384853
C1_cash_reg_cash_features_cash_real_default,hospital_billing,pre+gen,candidate,HM,heuristics_miner,f0ba1c246feb1617,85,0.829572421392768,0.9583893297505974,0.0,0.829572421392768,0.6496733715260623,0.1288169083578294,0.0,0.8655902102005334,1.0,100,1,196,5,0.8535696204391189
C1_cash_reg_cash_features_cash_real_default,hospital_billing,pre+sim,candidate,HM,heuristics_miner,f0ba1c246feb1617,85,0.692657114995882,0.8030539885899708,0.0,0.6933697622735051,0.4457061813031991,0.1103968735940887,0.0007126472776231,0.8625287027240506,0.9971225188829498,96,2,196,5,0.6909482161656035
C1_cash_reg_cash_features_cash_real_default,hospital_billing,gen+sim,candidate,IM,inductive_miner_im,d281a0841299287f,85,0.7805480608786437,0.9594156800838196,0.0,0.9563036092525572,0.6098394941225178,0.178867619205176,0.1757555483739135,0.8135660872359839,0.4927164439297078,16,2,196,5,0.7713445010242248
C1_cash_reg_cash_features_cash_real_default,hospital_billing,mix-fit,candidate,HM,heuristics_miner,f0ba1c246feb1617,85,0.8099087194531612,0.8999403930024692,0.0,0.8099087194531612,0.6791847029739135,0.0900316735493079,0.0,0.899958181398064,1.0,92,1,196,5,0.8134541877276048
C1_cash_reg_cash_features_cash_real_default,hospital_billing,mix-prec,candidate,HM,heuristics_miner,f0ba1c246feb1617,85,0.8197405704229648,0.9266041872906544,0.0,0.8197405704229648,0.6644290372499878,0.1068636168676897,0.0,0.8846717742770474,1.0,93,1,196,5,0.8335119040833618
C1_cash_reg_cash_features_cash_real_default,hospital_billing,mix-simp,candidate,IM,inductive_miner_im,d281a0841299287f,85,0.7905026753810218,0.8448731726232275,0.0,0.8251219889751983,0.704958181302938,0.0543704972422056,0.0346193135941764,0.9356465573721652,0.7118989963384099,37,2,196,5,0.7599710365806065
C1_cash_reg_cash_features_cash_real_default,hospital_billing,mix-gen,candidate,HM,heuristics_miner,f0ba1c246feb1617,85,0.7147900322727413,0.8574303226558113,0.0,0.8103663232512726,0.7045511321397954,0.14264029038307,0.0955762909785312,0.8336421203984775,0.0967621002749894,119,4,196,5,0.7686290673236198
C1_cash_reg_cash_features_cash_real_default,road_traffic_fines,equal,candidate,HM,heuristics_miner,9fd05dcc49e5b232,85,0.8472976270289231,0.9091484776358276,0.0,0.8472976270289231,0.7357034000201228,0.0618508506069045,0.0,0.9319683724623914,1.0,74,1,196,5,0.792260822903969
C1_cash_reg_cash_features_cash_real_default,road_traffic_fines,fitn,candidate,IMf,inductive_miner_imf,1ef0bc952bbfc17b,85,1.0,1.0,0.0,1.0,0.637766272135165,0.0,0.0,1.0,1.0,1,1,196,5,0.9994580902721276
C1_cash_reg_cash_features_cash_real_default,road_traffic_fines,prec,candidate,HM,heuristics_miner,9fd05dcc49e5b232,85,0.9913926579538832,1.0,0.0,0.9913926579538832,0.5080563293025482,0.0086073420461167,0.0,0.9913926579538832,1.0,106,1,196,5,0.8713812279044464
C1_cash_reg_cash_features_cash_real_default,road_traffic_fines,gene,candidate,IMd,inductive_miner_imd,5ce7ac8564c4b5b7,85,0.988255529682136,0.9916370973254746,0.0,0.988255529682136,0.9232130142183954,0.0033815676433385,0.0,0.9965899141405068,1.0,4,1,196,5,0.931916231678193
C1_cash_reg_cash_features_cash_real_default,road_traffic_fines,simp,candidate,AM,alpha_miner_classic,e3a8e709ceed9a3b,85,0.6571428571428571,0.8,0.0,0.6571428571428571,0.5135135135135136,0.1428571428571429,0.0,0.8214285714285714,1.0,45,1,196,5,0.8143521180587402
C1_cash_reg_cash_features_cash_real_default,road_traffic_fines,fit+pre,candidate,HM,heuristics_miner,9fd05dcc49e5b232,85,0.9598795032511696,0.9901742494392978,0.0,0.9598795032511696,0.6500603519943688,0.0302947461881282,0.0,0.969404631351216,1.0,44,1,196,5,0.9003541051410973
C1_cash_reg_cash_features_cash_real_default,road_traffic_fines,fit+gen,candidate,IMd,inductive_miner_imd,5ce7ac8564c4b5b7,85,0.994127764841068,0.9953412031561972,0.0,0.994127764841068,0.8116581555420307,0.0012134383151293,0.0,0.9987808820620692,1.0,2,1,196,5,0.965617271364602
C1_cash_reg_cash_features_cash_real_default,road_traffic_fines,fit+sim,candidate,IMf,inductive_miner_imf,1ef0bc952bbfc17b,85,0.8118811881188119,0.869886942078606,0.0,0.8118811881188119,0.6474545646390111,0.058005753959794,0.0,0.9333180541586376,1.0,17,1,196,5,0.8088868121711785
C1_cash_reg_cash_features_cash_real_default,road_traffic_fines,pre+gen,candidate,HM,heuristics_miner,9fd05dcc49e5b232,85,0.9573028360861392,0.9899221054016768,0.0,0.9573028360861392,0.7481559294923421,0.0326192693155373,0.0,0.9670486504568948,1.0,41,1,196,5,0.8433100744551643
C1_cash_reg_cash_features_cash_real_default,road_traffic_fines,pre+sim,candidate,HM,heuristics_miner,9fd05dcc49e5b232,85,0.7688055726744205,0.8710629687671056,0.0,0.7688055726744205,0.5107849214080309,0.1022573960926851,0.0,0.8826061952358975,1.0,108,1,196,5,0.712238694116123
C1_cash_reg_cash_features_cash_real_default,road_traffic_fines,gen+sim,candidate,AM,alpha_miner_classic,e3a8e709ceed9a3b,85,0.8213464480458768,0.8875669341178665,0.0,0.8213464480458768,0.7347157508066766,0.0662204860719897,0.0,0.9253909947222124,1.0,13,1,196,5,0.861118732584748
C1_cash_reg_cash_features_cash_real_default,road_traffic_fines,mix-fit,candidate,HM,heuristics_miner,9fd05dcc49e5b232,85,0.8703293357063786,0.917489504487446,0.0,0.8703293357063786,0.683796413733599,0.0471601687810674,0.0,0.9485986830907528,1.0,73,1,196,5,0.8252882854885814
C1_cash_reg_cash_features_cash_real_default,road_traffic_fines,mix-prec,candidate,HM,heuristics_miner,9fd05dcc49e5b232,85,0.913816085896259,0.9485628625742424,0.0,0.913816085896259,0.7510505419770115,0.0347467766779835,0.0,0.963369031142874,1.0,65,1,196,5,0.8342991799718729
C1_cash_reg_cash_features_cash_real_default,road_traffic_fines,mix-simp,candidate,IMf,inductive_miner_imf,1ef0bc952bbfc17b,85,0.8027820914375106,0.8891275547093468,0.0,0.8027820914375106,0.717532475472829,0.0863454632718362,0.0,0.9028874284521952,1.0,73,1,196,5,0.781762786817954
C1_cash_reg_cash_features_cash_real_default,road_traffic_fines,mix-gen,candidate,AM,alpha_miner_classic,e3a8e709ceed9a3b,85,0.7876103863066467,0.9083681673400874,0.0,0.8242659183514679,0.750967531787418,0.1207577810334407,0.0366555320448211,0.8670607520439124,0.4999135211142645,130,4,196,5,0.763555282683579
C1_cash_reg_cash_features_cash_real_default,sepsis,equal,candidate,HM,heuristics_miner,6e00f695b9765352,85,0.7189961247213809,0.835724100545018,0.0,0.7189961247213809,0.5249929107876445,0.1167279758236371,0.0,0.8603271393663137,1.0,112,1,196,5,0.7366249130060576
C1_cash_reg_cash_features_cash_real_default,sepsis,fitn,candidate,IMd,inductive_miner_imd,cf73e2e20e689341,85,1.0,1.0,0.0,1.0,0.2658896119719338,0.0,0.0,1.0,1.0,1,1,196,5,0.9976450077413472
C1_cash_reg_cash_features_cash_real_default,sepsis,prec,candidate,HM,heuristics_miner,6e00f695b9765352,85,0.7033112582781457,1.0,0.0,0.7033112582781457,0.179251018798475,0.2966887417218543,0.0,0.7033112582781457,1.0,114,1,196,5,0.8193774224338009
C1_cash_reg_cash_features_cash_real_default,sepsis,gene,candidate,IMd,inductive_miner_imd,cf73e2e20e689341,85,0.9266596408851776,0.9290801678868448,0.0,0.9266596408851776,0.841792203394476,0.0024205270016671,0.0,0.9973947059841212,1.0,2,1,196,5,0.9454213061781463
C1_cash_reg_cash_features_cash_real_default,sepsis,simp,candidate,AM,alpha_miner_classic,3cde4651154418a0,85,0.4782608695652174,0.7567567567567567,0.0,0.6223776223776223,0.4331983805668016,0.2784958871915393,0.1441167528124048,0.6319875776397517,0.2381999661647778,138,3,196,5,0.7024904406020294
C1_cash_reg_cash_features_cash_real_default,sepsis,fit+pre,candidate,HM,heuristics_miner,6e00f695b9765352,85,0.8004969574621229,0.9487189551442284,0.0,0.8004969574621229,0.354265925407767,0.1482219976821056,0.0,0.8437661681803624,1.0,96,1,196,5,0.7947063710483309
C1_cash_reg_cash_features_cash_real_default,sepsis,fit+gen,candidate,IMd,inductive_miner_imd,cf73e2e20e689341,85,0.9633298204425887,0.9633298204425887,0.0,0.9633298204425887,0.5895342673708803,0.0,0.0,1.0,1.0,1,1,196,5,0.971533156959747
C1_cash_reg_cash_features_cash_real_default,sepsis,fit+sim,candidate,IMd,inductive_miner_imd,cf73e2e20e689341,85,0.7272727272727273,0.8140244733789898,0.0,0.8111888111888111,0.3720752407685755,0.0867517461062624,0.0839160839160838,0.89342857746505,0.8088966281871557,42,3,196,5,0.7584718518923381
C1_cash_reg_cash_features_cash_real_default,sepsis,pre+gen,candidate,HM,heuristics_miner,6e00f695b9765352,85,0.7725517308363108,0.9381130457761724,0.0,0.7725517308363108,0.5529553298418263,0.1655613149398616,0.0,0.8235166692486617,1.0,107,1,196,5,0.8356918027777847
C1_cash_reg_cash_features_cash_real_default,sepsis,pre+sim,candidate,HM,heuristics_miner,6e00f695b9765352,85,0.5682548194224737,0.8491941359263719,0.0,0.5682548194224737,0.3168982366719647,0.2809393165038982,0.0,0.6691695048065468,1.0,136,1,196,5,0.6622290746198003
C1_cash_reg_cash_features_cash_real_default,sepsis,gen+sim,candidate,AM,alpha_miner_classic,3cde4651154418a0,85,0.6957198961675222,0.8216829410862796,0.0,0.7624155479965967,0.6374952919806388,0.1259630449187574,0.0666956518290745,0.8467011561025813,0.4660941791493404,76,3,196,5,0.8005785430641141
C1_cash_reg_cash_features_cash_real_default,sepsis,mix-fit,candidate,HM,heuristics_miner,6e00f695b9765352,85,0.7408853365946917,0.8604442533384715,0.0,0.7408853365946917,0.4261185826318798,0.1195589167437798,0.0,0.8610497818075971,1.0,97,1,196,5,0.7400441182686215
C1_cash_reg_cash_features_cash_real_default,sepsis,mix-prec,candidate,HM,heuristics_miner,6e00f695b9765352,85,0.7567185337155014,0.899278649557322,0.0,0.7567185337155014,0.5520145817192967,0.1425601158418206,0.0,0.8414728116674436,1.0,107,1,196,5,0.7878679605232031
C1_cash_reg_cash_features_cash_real_default,sepsis,mix-simp,candidate,IMd,inductive_miner_imd,cf73e2e20e689341,85,0.6850752118750648,0.7905131280697297,0.0,0.7552038190935039,0.4979712398559925,0.1054379161946649,0.070128607218439,0.8666209169073225,0.7273727634877579,102,3,196,5,0.7357542260511949
C1_cash_reg_cash_features_cash_real_default,sepsis,mix-gen,candidate,HM,heuristics_miner,6e00f695b9765352,85,0.69710691284807,0.8286673700233692,0.0,0.6992188269981966,0.6238672389434095,0.1315604571752991,0.0021119141501265,0.8412385211069804,0.9719725329665112,128,3,196,5,0.7332057077434936
C2_cash_reg_cash_features_cash_full_clean_apdtm5_default,bpi2012,equal,candidate,HM,heuristics_miner,338af92936f97ac9,988,0.8264055189438223,0.8454937775108162,0.0,0.8264055189438223,0.6421431792744381,0.0190882585669939,0.0,0.9774235374940418,1.0,8,1,196,5,0.7130823390256328
C2_cash_reg_cash_features_cash_full_clean_apdtm5_default,bpi2012,fitn,candidate,IMd,inductive_miner_imd,150cca891c03e36c,988,1.0,1.0,0.0,1.0,0.631230892297019,0.0,0.0,1.0,1.0,1,1,196,5,0.8954118960918072
C2_cash_reg_cash_features_cash_full_clean_apdtm5_default,bpi2012,prec,candidate,HM,heuristics_miner,338af92936f97ac9,988,0.9158179923584578,1.0,0.0,0.9158179923584578,0.1394427299083702,0.0841820076415421,0.0,0.9158179923584578,1.0,58,1,196,5,0.6258391789602465
C2_cash_reg_cash_features_cash_full_clean_apdtm5_default,bpi2012,gene,candidate,AM,alpha_miner_classic,f5dfdeada5f4e603,988,0.9832966969411556,0.9846855427449372,0.0,0.9846855427449372,0.945799466108147,0.0013888458037816,0.0013888458037816,0.9985895539809492,0.9642842394013174,11,2,196,5,0.9461008585151064
C2_cash_reg_cash_features_cash_full_clean_apdtm5_default,bpi2012,simp,candidate,AM,alpha_miner_classic,f5dfdeada5f4e603,988,0.853658536585366,0.853658536585366,0.0,0.853658536585366,0.4444444444444444,0.0,0.0,1.0,1.0,1,1,196,5,0.6113713903792429
C2_cash_reg_cash_features_cash_full_clean_apdtm5_default,bpi2012,fit+pre,candidate,HM,heuristics_miner,338af92936f97ac9,988,0.9085934753762068,0.9301612956045748,0.0,0.9085934753762068,0.3882467160435721,0.0215678202283681,0.0,0.9768128169487532,1.0,6,1,196,5,0.7449694377219487
C2_cash_reg_cash_features_cash_full_clean_apdtm5_default,bpi2012,fit+gen,candidate,IMd,inductive_miner_imd,150cca891c03e36c,988,0.9923427713724686,0.9923427713724686,0.0,0.9923427713724686,0.8072637946190873,0.0,0.0,1.0,1.0,1,1,196,5,0.9091024074321532
C2_cash_reg_cash_features_cash_full_clean_apdtm5_default,bpi2012,fit+sim,candidate,IMd,inductive_miner_imd,150cca891c03e36c,988,0.7222222222222222,0.8121921418178204,0.0,0.7950530873536228,0.7220023086543421,0.0899699195955981,0.0728308651314005,0.8892258186662203,0.0030104205840896,70,4,196,5,0.6975412838426233
C2_cash_reg_cash_features_cash_full_clean_apdtm5_default,bpi2012,pre+gen,candidate,HM,heuristics_miner,338af92936f97ac9,988,0.9308087292333024,0.9634656515705696,0.0,0.9308087292333024,0.5620641363266538,0.032656922337267,0.0,0.9661047362881778,1.0,37,1,196,5,0.7409439679575036
C2_cash_reg_cash_features_cash_full_clean_apdtm5_default,bpi2012,pre+sim,candidate,HM,heuristics_miner,338af92936f97ac9,988,0.7292268256365932,0.8077460186427269,0.0,0.7292268256365932,0.2919435871764073,0.0785191930061336,0.0,0.9027922252862712,1.0,69,1,196,5,0.5660904513320599
C2_cash_reg_cash_features_cash_full_clean_apdtm5_default,bpi2012,gen+sim,candidate,AM,alpha_miner_classic,f5dfdeada5f4e603,988,0.9184776167632608,0.9184776167632608,0.0,0.9184776167632608,0.7145649935946908,0.0,0.0,1.0,1.0,1,1,196,5,0.7787361244471747
C2_cash_reg_cash_features_cash_full_clean_apdtm5_default,bpi2012,mix-fit,candidate,HM,heuristics_miner,338af92936f97ac9,988,0.83840005945888,0.8579335371394458,0.0,0.83840005945888,0.565132495867034,0.0195334776805657,0.0,0.9772319453256308,1.0,6,1,196,5,0.7202648527177851
C2_cash_reg_cash_features_cash_full_clean_apdtm5_default,bpi2012,mix-prec,candidate,HM,heuristics_miner,338af92936f97ac9,988,0.8846043943460913,0.9094815824532986,0.0,0.8846043943460913,0.5647060571163371,0.0248771881072072,0.0,0.9726468478447888,1.0,6,1,196,5,0.7306044103376444
C2_cash_reg_cash_features_cash_full_clean_apdtm5_default,bpi2012,mix-simp,candidate,HM,heuristics_miner,338af92936f97ac9,988,0.7682066435415533,0.8154342316428806,0.0,0.7682066435415533,0.6886591593176022,0.0472275881013273,0.0,0.9420828973463912,1.0,22,1,196,5,0.6955602677136214
C2_cash_reg_cash_features_cash_full_clean_apdtm5_default,bpi2012,mix-gen,candidate,HM,heuristics_miner,338af92936f97ac9,988,0.8144109784287645,0.858090575541927,0.0,0.8144109784287645,0.6550960964129823,0.0436795971131624,0.0,0.9490967523031276,1.0,14,1,196,5,0.7058998253334807
C2_cash_reg_cash_features_cash_full_clean_apdtm5_default,bpi2013_closed_problems,equal,candidate,IMf,inductive_miner_imf,2bfbec63c5b94b8a,993,0.8326648346142267,0.9163782860150956,0.0,0.8856717323021799,0.7989866614480718,0.083713451400869,0.0530068976879531,0.90864749560479,0.3885118029474256,104,3,196,5,0.861893305511338
C2_cash_reg_cash_features_cash_full_clean_apdtm5_default,bpi2013_closed_problems,fitn,candidate,IM,inductive_miner_im,8f8f99e301cae23f,993,1.0,1.0,0.0,1.0,0.6403632397723371,0.0,0.0,1.0,1.0,1,1,196,5,0.9974438905106048
C2_cash_reg_cash_features_cash_full_clean_apdtm5_default,bpi2013_closed_problems,prec,candidate,HM,heuristics_miner,596eb63f26ecfd51,993,0.8684298767708944,1.0,0.0,1.0,0.7923798798798799,0.1315701232291055,0.1315701232291055,0.8684298767708944,0.3662939644145051,165,2,196,5,0.8568934277549409
C2_cash_reg_cash_features_cash_full_clean_apdtm5_default,bpi2013_closed_problems,gene,candidate,IMf,inductive_miner_imf,2bfbec63c5b94b8a,993,0.8770683921112377,0.9751741745874558,0.0,0.9417621438127408,0.7139696253234955,0.0981057824762181,0.0646937517015031,0.8993966564816778,0.7159970304092427,50,3,196,5,0.9155767418086704
C2_cash_reg_cash_features_cash_full_clean_apdtm5_default,bpi2013_closed_problems,simp,candidate,AM,alpha_miner_classic,7c5f11f12d85d342,993,1.0,1.0,0.0,1.0,0.6190476190476191,0.0,0.0,1.0,1.0,1,1,196,5,0.8678912115857375
C2_cash_reg_cash_features_cash_full_clean_apdtm5_default,bpi2013_closed_problems,fit+pre,candidate,HM,heuristics_miner,596eb63f26ecfd51,993,0.9314647007105864,0.9833244744389686,0.0,0.9314647007105864,0.8201816198861686,0.0518597737283822,0.0,0.9472607719257974,1.0,49,1,196,5,0.918095500639703
C2_cash_reg_cash_features_cash_full_clean_apdtm5_default,bpi2013_closed_problems,fit+gen,candidate,IMf,inductive_miner_imf,2bfbec63c5b94b8a,993,0.9385341960556188,0.9768396200213344,0.0,0.9708810719063704,0.7713434646043598,0.0383054239657154,0.0323468758507515,0.9607863735452512,0.8378908302644279,24,2,196,5,0.9560721779476826
C2_cash_reg_cash_features_cash_full_clean_apdtm5_default,bpi2013_closed_problems,fit+sim,candidate,IMf,inductive_miner_imf,2bfbec63c5b94b8a,993,0.8301886792452831,0.8813768133238105,0.0,0.8421052631578947,0.8067735718489487,0.0511881340785274,0.0119165839126116,0.9419225315384814,0.6627225170623418,53,2,196,5,0.8463766428937165
C2_cash_reg_cash_features_cash_full_clean_apdtm5_default,bpi2013_closed_problems,pre+gen,candidate,HM,heuristics_miner,596eb63f26ecfd51,993,0.791199751047195,0.9873630729568104,0.0,0.9511618447181912,0.791199751047195,0.1961633219096153,0.1599620936709962,0.8013260498773018,0.0,189,5,196,5,0.8791252063270252
C2_cash_reg_cash_features_cash_full_clean_apdtm5_default,bpi2013_closed_problems,pre+sim,candidate,AM,alpha_miner_classic,7c5f11f12d85d342,993,1.0,1.0,0.0,1.0,0.7267954731728345,0.0,0.0,1.0,1.0,1,1,196,5,0.795862725450917
C2_cash_reg_cash_features_cash_full_clean_apdtm5_default,bpi2013_closed_problems,gen+sim,candidate,AM,alpha_miner_classic,7c5f11f12d85d342,993,0.9511618447181912,0.987587087293728,0.0,0.9511618447181912,0.6665086221855573,0.0364252425755367,0.0,0.9631169311099922,1.0,4,1,196,5,0.8894649827375467
C2_cash_reg_cash_features_cash_full_clean_apdtm5_default,bpi2013_closed_problems,mix-fit,candidate,IMf,inductive_miner_imf,2bfbec63c5b94b8a,993,0.8577463872657678,0.934116875905002,0.0,0.8687322836083959,0.8463776648525732,0.0763704886392343,0.0109858963426281,0.91824311217454,0.5085625721187211,84,2,196,5,0.8811948124904672
C2_cash_reg_cash_features_cash_full_clean_apdtm5_default,bpi2013_closed_problems,mix-prec,candidate,IMf,inductive_miner_imf,2bfbec63c5b94b8a,993,0.8464436886244692,0.9478472946591556,0.0,0.8987697547853822,0.822367505140224,0.1014036060346864,0.052326066160913,0.8930169378484633,0.3151240126575368,108,3,196,5,0.8793023903097134
C2_cash_reg_cash_features_cash_full_clean_apdtm5_default,bpi2013_closed_problems,mix-simp,candidate,IMf,inductive_miner_imf,2bfbec63c5b94b8a,993,0.8188859806039843,0.8876203584183078,0.0,0.8725737098189776,0.7756058177559197,0.0687343778143234,0.0536877292149933,0.9225633153155652,0.4463349870482863,71,3,196,5,0.8444842207129628
C2_cash_reg_cash_features_cash_full_clean_apdtm5_default,bpi2013_closed_problems,mix-gen,candidate,IMf,inductive_miner_imf,2bfbec63c5b94b8a,993,0.8075832819626856,0.9265291608189076,0.0,0.9249657997517868,0.7444380636628907,0.1189458788562221,0.1173825177891012,0.8716220882340148,0.3497812561539059,147,3,196,5,0.8425917985322089
C2_cash_reg_cash_features_cash_full_clean_apdtm5_default,bpi2013_incidents,equal,candidate,IM,inductive_miner_im,1d6773312dd28578,993,0.7909074147300356,0.922771311384078,0.0,0.8512319772476271,0.6771578170832514,0.1318638966540423,0.0603245625175915,0.8571001340990351,0.6534548122442301,150,3,196,5,0.8488889399734386
C2_cash_reg_cash_features_cash_full_clean_apdtm5_default,bpi2013_incidents,fitn,candidate,IMf,inductive_miner_imf,ecc1d0166bfd7823,993,1.0,1.0,0.0,1.0,0.2261167659340351,0.0,0.0,1.0,1.0,1,1,196,5,0.9880557206035384
C2_cash_reg_cash_features_cash_full_clean_apdtm5_default,bpi2013_incidents,prec,candidate,HM,heuristics_miner,10cce99744388f4f,993,0.8850810072924525,1.0,0.0,0.8850810072924525,0.6000158860441103,0.1149189927075474,0.0,0.8850810072924525,1.0,125,1,196,5,0.7794410928438721
C2_cash_reg_cash_features_cash_full_clean_apdtm5_default,bpi2013_incidents,gene,candidate,AM,alpha_miner_classic,ed85abd9c8a01ce2,993,0.8824986163548602,0.9924026869731328,0.0,0.9374222306098524,0.871132170779936,0.1099040706182726,0.0549236142549922,0.8892545616200572,0.1714653087368996,143,3,196,5,0.9767952986284398
C2_cash_reg_cash_features_cash_full_clean_apdtm5_default,bpi2013_incidents,simp,candidate,AM,alpha_miner_classic,ed85abd9c8a01ce2,993,1.0,1.0,0.0,1.0,0.6216216216216216,0.0,0.0,1.0,1.0,1,1,196,5,0.7938156368510796
C2_cash_reg_cash_features_cash_full_clean_apdtm5_default,bpi2013_incidents,fit+pre,candidate,IM,inductive_miner_im,1d6773312dd28578,993,0.8129154107367698,0.9765794350540196,0.0,0.9404450614048588,0.4130663259890726,0.1636640243172498,0.1275296506680889,0.8324109453439426,0.7581820386300854,100,2,196,5,0.8732392622058138
C2_cash_reg_cash_features_cash_full_clean_apdtm5_default,bpi2013_incidents,fit+gen,candidate,IMf,inductive_miner_imf,ecc1d0166bfd7823,993,0.935566085389968,0.9948630084104292,0.0,0.9687111153049262,0.5543076911444477,0.059296923020461,0.0331450299149581,0.9403968963373114,0.9200174805936868,60,3,196,5,0.9710900123314816
C2_cash_reg_cash_features_cash_full_clean_apdtm5_default,bpi2013_incidents,fit+sim,candidate,IMf,inductive_miner_imf,ecc1d0166bfd7823,993,0.8333333333333333,0.8762171658937965,0.0,0.8421052631578947,0.6130583829670175,0.0428838325604632,0.0087719298245614,0.9510579862736208,0.9617024697422148,24,2,196,5,0.8412854018150611
C2_cash_reg_cash_features_cash_full_clean_apdtm5_default,bpi2013_incidents,pre+gen,candidate,HM,heuristics_miner,10cce99744388f4f,993,0.893748585925811,0.9962013434865664,0.0,0.893748585925811,0.7412572511994853,0.1024527575607554,0.0,0.8971565755952657,1.0,132,1,196,5,0.8634768130745809
C2_cash_reg_cash_features_cash_full_clean_apdtm5_default,bpi2013_incidents,pre+sim,candidate,IM,inductive_miner_im,1d6773312dd28578,993,0.6462487440701031,1.0,0.0,0.8000079430220551,0.6462487440701031,0.3537512559298968,0.153759198951952,0.6462487440701031,0.0,173,4,196,5,0.727821389717387
C2_cash_reg_cash_features_cash_full_clean_apdtm5_default,bpi2013_incidents,gen+sim,candidate,AM,alpha_miner_classic,ed85abd9c8a01ce2,993,0.94124930817743,0.9962013434865664,0.0,0.94124930817743,0.7620188930903955,0.0549520353091363,0.0,0.944838424813992,1.0,4,1,196,5,0.8853054677397597
C2_cash_reg_cash_features_cash_full_clean_apdtm5_default,bpi2013_incidents,mix-fit,candidate,IM,inductive_miner_im,1d6773312dd28578,993,0.8081957968533888,0.9349837317539984,0.0,0.8784138891748832,0.5587013338223332,0.1267879349006094,0.0702180923214943,0.8643955711798754,0.7803711767150833,99,3,196,5,0.8570091787292187
C2_cash_reg_cash_features_cash_full_clean_apdtm5_default,bpi2013_incidents,mix-prec,candidate,IM,inductive_miner_im,1d6773312dd28578,993,0.7783386464900632,0.9521545943141788,0.0,0.8860812375503471,0.6499792925109092,0.1738159478241155,0.1077425910602838,0.8174498670047249,0.5436607223109203,150,3,196,5,0.856998784694254
C2_cash_reg_cash_features_cash_full_clean_apdtm5_default,bpi2013_incidents,mix-simp,candidate,IM,inductive_miner_im,1d6773312dd28578,993,0.8034761829700079,0.893388028453977,0.0,0.8237417114451061,0.7043363416555937,0.0899118454839691,0.0202655284750982,0.8993585736317028,0.8302795886749293,95,3,196,5,0.8407790952526235
C2_cash_reg_cash_features_cash_full_clean_apdtm5_default,bpi2013_incidents,mix-gen,candidate,IM,inductive_miner_im,1d6773312dd28578,993,0.7736190326066823,0.9176337438459292,0.0,0.8240500653203712,0.7736190326066823,0.1440147112392469,0.0504310327136888,0.8430586143926427,0.0,171,4,196,5,0.8407687012176587
C2_cash_reg_cash_features_cash_full_clean_apdtm5_default,bpi2013_open_problems,equal,candidate,IMf,inductive_miner_imf,c3dd65d421b2ed6e,993,0.8830533310680836,0.9162455491114012,0.0,0.9162455491114012,0.7971612190845068,0.0331922180433176,0.0331922180433176,0.9637736651757728,0.7212713206194185,21,2,196,5,0.8680897151315796
C2_cash_reg_cash_features_cash_full_clean_apdtm5_default,bpi2013_open_problems,fitn,candidate,IM,inductive_miner_im,16728b2313b05e00,993,1.0,1.0,0.0,1.0,0.5167192429022083,0.0,0.0,1.0,1.0,1,1,196,5,0.9858228453396388
C2_cash_reg_cash_features_cash_full_clean_apdtm5_default,bpi2013_open_problems,prec,candidate,IMf,inductive_miner_imf,c3dd65d421b2ed6e,993,0.9065645824471856,1.0,0.0,1.0,0.9065645824471856,0.0934354175528143,0.0934354175528143,0.9065645824471856,0.0,170,4,196,5,0.8538066228975711
C2_cash_reg_cash_features_cash_full_clean_apdtm5_default,bpi2013_open_problems,gene,candidate,IMd,inductive_miner_imd,4b39f6be45649b32,993,0.96197551956781,0.9656228232165908,0.0,0.96197551956781,0.8611132579521872,0.0036473036487807,0.0,0.9962228485480168,1.0,5,1,196,5,0.9292594357142416
C2_cash_reg_cash_features_cash_full_clean_apdtm5_default,bpi2013_open_problems,simp,candidate,AM,alpha_miner_classic,65361c91085f4e7e,993,0.7142857142857143,1.0,0.0,0.7391304347826086,0.625,0.2857142857142857,0.0248447204968943,0.7142857142857143,0.7823129251700685,36,2,196,5,0.8392270672796984
C2_cash_reg_cash_features_cash_full_clean_apdtm5_default,bpi2013_open_problems,fit+pre,candidate,IM,inductive_miner_im,16728b2313b05e00,993,0.9532822912235928,0.9819381210475931,0.0,0.9819381210475931,0.7583596214511041,0.0286558298240005,0.0286558298240005,0.9708170716567875,0.871831012929606,44,3,196,5,0.919104942395828
C2_cash_reg_cash_features_cash_full_clean_apdtm5_default,bpi2013_open_problems,fit+gen,candidate,IM,inductive_miner_im,16728b2313b05e00,993,0.9666705247587284,0.9828114116082952,0.0,0.975860335679935,0.7371795810261562,0.0161408868495668,0.0091898109212065,0.9835768219020234,0.96149747835959,18,2,196,5,0.9501450788283948
C2_cash_reg_cash_features_cash_full_clean_apdtm5_default,bpi2013_open_problems,fit+sim,candidate,IM,inductive_miner_im,16728b2313b05e00,993,0.846153846153846,0.8644377932873344,0.0,0.8644377932873344,0.6155024785939613,0.0182839471334883,0.0182839471334883,0.9788487416035374,0.9265514129403069,3,2,196,5,0.8520009592756393
C2_cash_reg_cash_features_cash_full_clean_apdtm5_default,bpi2013_open_problems,pre+gen,candidate,IMd,inductive_miner_imd,4b39f6be45649b32,993,0.9680533049354684,0.9793652708841788,0.0,0.978819959575052,0.9115847807508796,0.0113119659487105,0.0107666546395838,0.9884496966708876,0.8398657543881931,16,2,196,5,0.886176065604168
C2_cash_reg_cash_features_cash_full_clean_apdtm5_default,bpi2013_open_problems,pre+sim,candidate,AM,alpha_miner_classic,65361c91085f4e7e,993,0.8571428571428572,0.9951923076923076,0.0,0.8571428571428572,0.7935281517747859,0.1380494505494505,0.0,0.8612836438923396,1.0,25,1,196,5,0.8309637315862528
C2_cash_reg_cash_features_cash_full_clean_apdtm5_default,bpi2013_open_problems,gen+sim,candidate,AM,alpha_miner_classic,65361c91085f4e7e,993,0.8359628167179092,0.978819959575052,0.0,0.8505529771752094,0.7430566289760936,0.1428571428571429,0.0145901604573002,0.8540516655185869,0.8642729664613832,36,2,196,5,0.8714365338765004
C2_cash_reg_cash_features_cash_full_clean_apdtm5_default,bpi2013_open_problems,mix-fit,candidate,IM,inductive_miner_im,16728b2313b05e00,993,0.90376501814744,0.9321610267210648,0.0,0.9321610267210648,0.7453088319330367,0.0283960085736247,0.0283960085736247,0.969537442824112,0.8480295690086046,29,2,196,5,0.8851277958455038
C2_cash_reg_cash_features_cash_full_clean_apdtm5_default,bpi2013_open_problems,mix-prec,candidate,IMf,inductive_miner_imf,c3dd65d421b2ed6e,993,0.9118589170648804,0.9501071658282664,0.0,0.9501071658282664,0.8620643957540444,0.0382482487633859,0.0382482487633859,0.959743226723227,0.5655719517781894,46,2,196,5,0.8849408700685486
C2_cash_reg_cash_features_cash_full_clean_apdtm5_default,bpi2013_open_problems,mix-simp,candidate,IMf,inductive_miner_imf,c3dd65d421b2ed6e,993,0.8542477450712869,0.8823839323945362,0.0,0.8823839323945362,0.7322580424149691,0.0281361873232492,0.0281361873232492,0.9681134409973948,0.812582710902971,13,2,196,5,0.8512385601946107
C2_cash_reg_cash_features_cash_full_clean_apdtm5_default,bpi2013_open_problems,mix-gen,candidate,IMf,inductive_miner_imf,c3dd65d421b2ed6e,993,0.8623416439887276,0.9253321454132266,0.0,0.9003300715017378,0.823835292661598,0.062990501424499,0.0379884275130102,0.931926604153183,0.5033853540200546,50,2,196,5,0.8521117819533739
C2_cash_reg_cash_features_cash_full_clean_apdtm5_default,bpi2017,equal,candidate,IMd,inductive_miner_imd,9d837cc3c8eeb105,993,0.6454551910455785,0.8802301190425359,0.0,0.7897159833979309,0.5001675983519174,0.2347749279969574,0.1442607923523524,0.7332800560695057,0.5017731066625453,164,4,196,5,0.5415385457778891
C2_cash_reg_cash_features_cash_full_clean_apdtm5_default,bpi2017,fitn,candidate,IMd,inductive_miner_imd,9d837cc3c8eeb105,993,1.0,1.0,0.0,1.0,0.495774473479623,0.0,0.0,1.0,1.0,1,1,196,5,0.8502859351937857
C2_cash_reg_cash_features_cash_full_clean_apdtm5_default,bpi2017,prec,candidate,HM,heuristics_miner,811f4a70bfa6226f,993,0.9977548056712652,0.9982184707429071,0.0,0.9977548056712652,0.1259019512485154,0.0004636650716419,0.0,0.9995355074212392,1.0,4,1,196,5,0.416547227356826
C2_cash_reg_cash_features_cash_full_clean_apdtm5_default,bpi2017,gene,candidate,AM,alpha_miner_classic,9a9cd65c1066e3fa,993,0.9869939686795314,0.99095165942404,0.0,0.988416241415834,0.8436482021383097,0.0039576907445085,0.0014222727363025,0.9960061717371674,0.9901755059790784,19,2,196,5,0.8514572448291321
C2_cash_reg_cash_features_cash_full_clean_apdtm5_default,bpi2017,simp,candidate,AM,alpha_miner_classic,9a9cd65c1066e3fa,993,0.392,0.7701149425287357,0.0,0.6170212765957447,0.392,0.3781149425287357,0.2250212765957446,0.5090149253731343,0.0,165,5,196,5,0.7199190213879603
C2_cash_reg_cash_features_cash_full_clean_apdtm5_default,bpi2017,fit+pre,candidate,HM,heuristics_miner,811f4a70bfa6226f,993,0.9168671249859665,0.9550451175767803,0.0,0.9168671249859665,0.3108382123640691,0.0381779925908141,0.0,0.9600249329710386,1.0,30,1,196,5,0.4993052795741742
C2_cash_reg_cash_features_cash_full_clean_apdtm5_default,bpi2017,fit+gen,candidate,IMd,inductive_miner_imd,9d837cc3c8eeb105,993,0.994208120707917,0.9949668505231788,0.0,0.994208120707917,0.7413842210795771,0.0007587298152618,0.0,0.999237432066342,1.0,4,1,196,5,0.8242267411662347
C2_cash_reg_cash_features_cash_full_clean_apdtm5_default,bpi2017,fit+sim,candidate,IMd,inductive_miner_imd,9d837cc3c8eeb105,993,0.725,0.8402404432249244,0.0,0.8085106382978724,0.4438872367398115,0.1152404432249244,0.0835106382978724,0.8628482547416779,0.7709674202450372,66,3,196,5,0.633115840141146
C2_cash_reg_cash_features_cash_full_clean_apdtm5_default,bpi2017,pre+gen,candidate,AM,alpha_miner_classic,9a9cd65c1066e3fa,993,0.5564479599640234,0.98591999350851,0.0,0.9207015039047874,0.5564479599640234,0.4294720335444865,0.364253543940764,0.5643946401612561,0.0,175,5,196,5,0.534700486511687
C2_cash_reg_cash_features_cash_full_clean_apdtm5_default,bpi2017,pre+sim,candidate,AM,alpha_miner_classic,9a9cd65c1066e3fa,993,0.2589509756242577,0.8723812160130642,0.0,0.7396181435763733,0.2589509756242577,0.6134302403888064,0.4806671679521156,0.296832360522054,0.0,176,5,196,5,0.4689313747911011
C2_cash_reg_cash_features_cash_full_clean_apdtm5_default,bpi2017,gen+sim,candidate,AM,alpha_miner_classic,9a9cd65c1066e3fa,993,0.6894969843397657,0.8792604640175905,0.0,0.7963457765194307,0.6625648418098955,0.1897634796778248,0.106848792179665,0.7841783095639924,0.2013152515965386,107,4,196,5,0.7856881331085461
C2_cash_reg_cash_features_cash_full_clean_apdtm5_default,bpi2017,mix-fit,candidate,IMd,inductive_miner_imd,9d837cc3c8eeb105,993,0.6318629809715274,0.8744182289149186,0.0,0.8143793359317738,0.413179771634357,0.2425552479433912,0.1825163549602464,0.722609570657759,0.5450733968770125,168,4,196,5,0.5336467645162581
C2_cash_reg_cash_features_cash_full_clean_apdtm5_default,bpi2017,mix-prec,candidate,HM,heuristics_miner,811f4a70bfa6226f,993,0.8675404199182807,0.9247332260272324,0.0,0.8675404199182807,0.4848138657991901,0.0571928061089518,0.0,0.938152102142302,1.0,38,1,196,5,0.497710121205323
C2_cash_reg_cash_features_cash_full_clean_apdtm5_default,bpi2017,mix-simp,candidate,IMd,inductive_miner_imd,9d837cc3c8eeb105,993,0.6920237005598147,0.8548318499663207,0.0,0.7712039241360872,0.5155213309046448,0.162808149406506,0.0791802235762725,0.8095436553833125,0.690318286530366,112,4,196,5,0.591273083590333
C2_cash_reg_cash_features_cash_full_clean_apdtm5_default,bpi2017,mix-gen,candidate,AM,alpha_miner_classic,9a9cd65c1066e3fa,993,0.587155425069478,0.8969137795391169,0.0,0.7650526308640881,0.587155425069478,0.3097583544696388,0.1778972057946101,0.6546397641155546,0.0,173,5,196,5,0.6311750660525793
C2_cash_reg_cash_features_cash_full_clean_apdtm5_default,bpi2020_domestic,equal,candidate,HM,heuristics_miner,7ff65ee42a91cefb,988,0.782697276145632,0.9013014428805918,0.0,0.782697276145632,0.5280586222617515,0.1186041667349597,0.0,0.868407880990519,1.0,137,1,196,5,0.7719764051947324
C2_cash_reg_cash_features_cash_full_clean_apdtm5_default,bpi2020_domestic,fitn,candidate,IMf,inductive_miner_imf,e2ae705eb727870e,988,1.0,1.0,0.0,1.0,0.723032771051894,0.0,0.0,1.0,1.0,1,1,196,5,0.9994927581327144
C2_cash_reg_cash_features_cash_full_clean_apdtm5_default,bpi2020_domestic,prec,candidate,HM,heuristics_miner,7ff65ee42a91cefb,988,0.8670356093278883,0.986007752461474,0.0,0.8670356093278883,0.1975518121669374,0.1189721431335857,0.0,0.8793395459248843,1.0,108,1,196,5,0.8412238410596652
C2_cash_reg_cash_features_cash_full_clean_apdtm5_default,bpi2020_domestic,gene,candidate,IMf,inductive_miner_imf,e2ae705eb727870e,988,0.8554073029005208,0.9326053854610896,0.0,0.8554073029005208,0.7516056740657073,0.0771980825605688,0.0,0.9172232074100652,1.0,76,1,196,5,0.8945444903170633
C2_cash_reg_cash_features_cash_full_clean_apdtm5_default,bpi2020_domestic,simp,candidate,IMf,inductive_miner_imf,e2ae705eb727870e,988,0.6000000000000001,0.875,0.0,0.6000000000000001,0.3541666666666666,0.2749999999999999,0.0,0.6857142857142858,1.0,125,1,196,5,0.6127231182402447
C2_cash_reg_cash_features_cash_full_clean_apdtm5_default,bpi2020_domestic,fit+pre,candidate,HM,heuristics_miner,7ff65ee42a91cefb,988,0.896113454388845,0.980580685505521,0.0,0.896113454388845,0.4865074575922279,0.0844672311166759,0.0,0.9138599889175562,1.0,125,1,196,5,0.8857856707151756
C2_cash_reg_cash_features_cash_full_clean_apdtm5_default,bpi2020_domestic,fit+gen,candidate,IMf,inductive_miner_imf,e2ae705eb727870e,988,0.9277036514502603,0.9529492086056026,0.0,0.9277036514502603,0.7540428391238887,0.0252455571553422,0.0,0.97350797195972,1.0,32,1,196,5,0.9470186242248888
C2_cash_reg_cash_features_cash_full_clean_apdtm5_default,bpi2020_domestic,fit+sim,candidate,IMf,inductive_miner_imf,e2ae705eb727870e,988,0.8,0.892967594352212,0.0,0.8,0.5385997188592803,0.0929675943522119,0.0,0.8958891734255444,1.0,60,1,196,5,0.8061079381864796
C2_cash_reg_cash_features_cash_full_clean_apdtm5_default,bpi2020_domestic,pre+gen,candidate,HM,heuristics_miner,7ff65ee42a91cefb,988,0.8093206416967977,0.957510356458128,0.0,0.8093206416967977,0.5175175256642226,0.1481897147613302,0.0,0.8452343478461263,1.0,134,1,196,5,0.7974887526289909
C2_cash_reg_cash_features_cash_full_clean_apdtm5_default,bpi2020_domestic,pre+sim,candidate,HM,heuristics_miner,7ff65ee42a91cefb,988,0.7269960655335093,0.8607303005919194,0.0,0.7269960655335093,0.3020744053996142,0.1337342350584101,0.0,0.8446270161902726,1.0,128,1,196,5,0.7019022281049635
C2_cash_reg_cash_features_cash_full_clean_apdtm5_default,bpi2020_domestic,gen+sim,candidate,IMf,inductive_miner_imf,e2ae705eb727870e,988,0.7277036514502604,0.836843156586478,0.0,0.7277036514502604,0.569609786931275,0.1091395051362176,0.0,0.8695818872661841,1.0,120,1,196,5,0.753633804278654
C2_cash_reg_cash_features_cash_full_clean_apdtm5_default,bpi2020_domestic,mix-fit,candidate,HM,heuristics_miner,7ff65ee42a91cefb,988,0.822739074332684,0.9217713572150562,0.0,0.822739074332684,0.5135463757134479,0.0990322828823722,0.0,0.8925630720598892,1.0,129,1,196,5,0.8123976419160579
C2_cash_reg_cash_features_cash_full_clean_apdtm5_default,bpi2020_domestic,mix-prec,candidate,HM,heuristics_miner,7ff65ee42a91cefb,988,0.8160298580147409,0.939640856836592,0.0,0.8160298580147409,0.5155319506888352,0.1236109988218511,0.0,0.86844867597818,1.0,131,1,196,5,0.8049431972725244
C2_cash_reg_cash_features_cash_full_clean_apdtm5_default,bpi2020_domestic,mix-simp,candidate,IMf,inductive_miner_imf,e2ae705eb727870e,988,0.7501620398307685,0.8629620289245914,0.0,0.7501620398307685,0.5405852938346677,0.1127999890938229,0.0,0.8692874248077955,1.0,156,1,196,5,0.7586919014678843
C2_cash_reg_cash_features_cash_full_clean_apdtm5_default,bpi2020_domestic,mix-gen,candidate,HM,heuristics_miner,7ff65ee42a91cefb,988,0.7426554779585799,0.88113234738198,0.0,0.7426554779585799,0.5425708688100551,0.1384768694234001,0.0,0.8428421452976473,1.0,140,1,196,5,0.7315551684734067
C2_cash_reg_cash_features_cash_full_clean_apdtm5_default,bpi2020_international,equal,candidate,HM,heuristics_miner,a8fc09154990e706,993,0.748944593081187,0.8501918473231604,0.0,0.748944593081187,0.4273062136187044,0.1012472542419734,0.0,0.8809124616276295,1.0,74,1,196,5,0.7343209357724597
C2_cash_reg_cash_features_cash_full_clean_apdtm5_default,bpi2020_international,fitn,candidate,IM,inductive_miner_im,6150b352c065731b,993,0.9707533277618512,1.0,0.0,1.0,0.543631678095892,0.0292466722381488,0.0292466722381488,0.9707533277618512,0.9359143243857884,11,2,196,5,0.9981333226893924
C2_cash_reg_cash_features_cash_full_clean_apdtm5_default,bpi2020_international,prec,candidate,HM,heuristics_miner,a8fc09154990e706,993,0.914192461570857,1.0,0.0,0.914192461570857,0.0,0.085807538429143,0.0,0.914192461570857,1.0,28,1,196,5,0.8138102008468303
C2_cash_reg_cash_features_cash_full_clean_apdtm5_default,bpi2020_international,gene,candidate,IMd,inductive_miner_imd,3a17215508b7f71d,993,0.9085268002629592,0.9418786896404474,0.0,0.9085268002629592,0.6807656098412334,0.0333518893774882,0.0,0.9645900371838544,1.0,12,1,196,5,0.9000454128591899
C2_cash_reg_cash_features_cash_full_clean_apdtm5_default,bpi2020_international,simp,candidate,IM,inductive_miner_im,6150b352c065731b,993,0.6222222222222222,0.726190476190476,0.0,0.6222222222222222,0.2668810289389067,0.1039682539682538,0.0,0.8568306010928963,1.0,55,1,196,5,0.5799050838927591
C2_cash_reg_cash_features_cash_full_clean_apdtm5_default,bpi2020_international,fit+pre,candidate,HM,heuristics_miner,a8fc09154990e706,993,0.9075063812417572,0.9444725618292222,0.0,0.9075063812417572,0.271815839047946,0.0369661805874649,0.0,0.9608605034371036,1.0,33,1,196,5,0.8591671148508087
C2_cash_reg_cash_features_cash_full_clean_apdtm5_default,bpi2020_international,fit+gen,candidate,IM,inductive_miner_im,6150b352c065731b,993,0.923712707927782,0.9642924535411258,0.0,0.9542634001314796,0.7211719127679556,0.0405797456133438,0.0305506922036976,0.9579175949533518,0.8689326129012531,18,2,196,5,0.9486500828277644
C2_cash_reg_cash_features_cash_full_clean_apdtm5_default,bpi2020_international,fit+sim,candidate,IM,inductive_miner_im,6150b352c065731b,993,0.7964877749920367,0.8252695672008914,0.0,0.7964877749920367,0.4052563535173993,0.0287817922088546,0.0,0.9651243746858674,1.0,18,1,196,5,0.7890192032910758
C2_cash_reg_cash_features_cash_full_clean_apdtm5_default,bpi2020_international,pre+gen,candidate,HM,heuristics_miner,a8fc09154990e706,993,0.7974790357060452,0.9244692854293904,0.0,0.7974790357060452,0.4493560737200096,0.1269902497233451,0.0,0.8626344306675784,1.0,62,1,196,5,0.7711995023205138
C2_cash_reg_cash_features_cash_full_clean_apdtm5_default,bpi2020_international,pre+sim,candidate,HM,heuristics_miner,a8fc09154990e706,993,0.7070962307854285,0.863095238095238,0.0,0.7070962307854285,0.1334405144694533,0.1559990073098095,0.0,0.8192563225651862,1.0,49,1,196,5,0.652085455220427
C2_cash_reg_cash_features_cash_full_clean_apdtm5_default,bpi2020_international,gen+sim,candidate,IM,inductive_miner_im,6150b352c065731b,993,0.7494471551579674,0.8021013140485984,0.0,0.7494471551579674,0.5827965881894629,0.0526541588906309,0.0,0.934354728051922,1.0,45,1,196,5,0.7395359634294477
C2_cash_reg_cash_features_cash_full_clean_apdtm5_default,bpi2020_international,mix-fit,candidate,HM,heuristics_miner,a8fc09154990e706,993,0.8026624198204434,0.8651430903153831,0.0,0.8026624198204434,0.36070009177014,0.0624806704949396,0.0,0.9277799577961576,1.0,55,1,196,5,0.7768836940941883
C2_cash_reg_cash_features_cash_full_clean_apdtm5_default,bpi2020_international,mix-prec,candidate,HM,heuristics_miner,a8fc09154990e706,993,0.8000707277632444,0.8789785552291676,0.0,0.8000707277632444,0.4050280827450748,0.0789078274659231,0.0,0.910227812730482,1.0,61,1,196,5,0.7740415982073512
C2_cash_reg_cash_features_cash_full_clean_apdtm5_default,bpi2020_international,mix-simp,candidate,IM,inductive_miner_im,6150b352c065731b,993,0.7380189347317311,0.8280233355013684,0.0,0.7380189347317311,0.4495843444923341,0.0900044007696373,0.0,0.8913020963169599,1.0,76,1,196,5,0.7376366034305916
C2_cash_reg_cash_features_cash_full_clean_apdtm5_default,bpi2020_international,mix-gen,candidate,HM,heuristics_miner,a8fc09154990e706,993,0.6952267663419306,0.8352406043309378,0.0,0.6952267663419306,0.4939123354672689,0.1400138379890072,0.0,0.8323670601465022,1.0,109,1,196,5,0.6917581774507309
C2_cash_reg_cash_features_cash_full_clean_apdtm5_default,bpi2020_payment,equal,candidate,HM,heuristics_miner,67cd1ccc54854e66,993,0.7459843675155176,0.8696763776738392,0.0,0.7459843675155176,0.4539079536155171,0.1236920101583216,0.0,0.8577723698910094,1.0,129,1,196,5,0.7826596627182667
C2_cash_reg_cash_features_cash_full_clean_apdtm5_default,bpi2020_payment,fitn,candidate,IMd,inductive_miner_imd,8cefc3b841ae652c,993,1.0,1.0,0.0,1.0,0.6986954515961711,0.0,0.0,1.0,1.0,1,1,196,5,0.9999248994266756
C2_cash_reg_cash_features_cash_full_clean_apdtm5_default,bpi2020_payment,prec,candidate,HM,heuristics_miner,67cd1ccc54854e66,993,0.8082905921163525,1.0,0.0,0.8082905921163525,0.0,0.1917094078836475,0.0,0.8082905921163525,1.0,103,1,196,5,0.8859429643942586
C2_cash_reg_cash_features_cash_full_clean_apdtm5_default,bpi2020_payment,gene,candidate,IMf,inductive_miner_imf,8029fc494c1c09a0,993,0.8669709790187637,0.9042989365923124,0.0,0.8669709790187637,0.6750512131653676,0.0373279575735486,0.0,0.9587216615401404,1.0,4,1,196,5,0.8736071355506627
C2_cash_reg_cash_features_cash_full_clean_apdtm5_default,bpi2020_payment,simp,candidate,IM,inductive_miner_im,d6c08269cc6ee4f8,993,0.6000000000000001,0.8214285714285714,0.0,0.6000000000000001,0.3333333333333333,0.2214285714285713,0.0,0.7304347826086958,1.0,105,1,196,5,0.5910577984398517
C2_cash_reg_cash_features_cash_full_clean_apdtm5_default,bpi2020_payment,fit+pre,candidate,HM,heuristics_miner,67cd1ccc54854e66,993,0.8729305234063345,0.9825892284678608,0.0,0.8729305234063345,0.3493477257980855,0.1096587050615264,0.0,0.8883982218769935,1.0,101,1,196,5,0.8987004803213163
C2_cash_reg_cash_features_cash_full_clean_apdtm5_default,bpi2020_payment,fit+gen,candidate,IMf,inductive_miner_imf,8029fc494c1c09a0,993,0.9334854895093818,0.951497082337022,0.0,0.9334854895093818,0.7411492405643676,0.0180115928276403,0.0,0.9810702595289088,1.0,2,1,196,5,0.9366524848297568
C2_cash_reg_cash_features_cash_full_clean_apdtm5_default,bpi2020_payment,fit+sim,candidate,IM,inductive_miner_im,d6c08269cc6ee4f8,993,0.8,0.8691224178435837,0.0,0.8,0.5160143924647522,0.0691224178435836,0.0,0.9204687206031502,1.0,56,1,196,5,0.7954512380809813
C2_cash_reg_cash_features_cash_full_clean_apdtm5_default,bpi2020_payment,pre+gen,candidate,HM,heuristics_miner,67cd1ccc54854e66,993,0.7416709026408601,0.916868426053467,0.0,0.7416709026408601,0.391801514766282,0.1751975234126068,0.0,0.8089174864852525,1.0,127,1,196,5,0.8202713804624993
C2_cash_reg_cash_features_cash_full_clean_apdtm5_default,bpi2020_payment,pre+sim,candidate,HM,heuristics_miner,67cd1ccc54854e66,993,0.6856579011001931,0.87,0.0,0.6856579011001931,0.1666666666666666,0.1843420988998069,0.0,0.788112530000222,1.0,122,1,196,5,0.7322904290469764
C2_cash_reg_cash_features_cash_full_clean_apdtm5_default,bpi2020_payment,gen+sim,candidate,IMf,inductive_miner_imf,8029fc494c1c09a0,993,0.7334854895093819,0.7955758933524278,0.0,0.7334854895093819,0.5584681814329486,0.0620904038430459,0.0,0.921955398143844,1.0,54,1,196,5,0.7316061054653991
C2_cash_reg_cash_features_cash_full_clean_apdtm5_default,bpi2020_payment,mix-fit,candidate,HM,heuristics_miner,67cd1ccc54854e66,993,0.7976255228467759,0.9053177010011466,0.0,0.7976255228467759,0.4245051502583915,0.1076921781543707,0.0,0.8810448773560053,1.0,121,1,196,5,0.82155364621064
C2_cash_reg_cash_features_cash_full_clean_apdtm5_default,bpi2020_payment,mix-prec,candidate,HM,heuristics_miner,67cd1ccc54854e66,993,0.769648212743818,0.9102277500261444,0.0,0.769648212743818,0.4081533325123367,0.1405795372823265,0.0,0.8455556455202683,1.0,126,1,196,5,0.8209125133365696
C2_cash_reg_cash_features_cash_full_clean_apdtm5_default,bpi2020_payment,mix-simp,candidate,IM,inductive_miner_im,d6c08269cc6ee4f8,993,0.7427293481371395,0.829125005321534,0.0,0.7427293481371395,0.4996625747186974,0.0863956571843944,0.0,0.895798996978881,1.0,147,1,196,5,0.748884917774097
C2_cash_reg_cash_features_cash_full_clean_apdtm5_default,bpi2020_payment,mix-gen,candidate,HM,heuristics_miner,67cd1ccc54854e66,993,0.6943432121842593,0.836099433132433,0.0,0.6943432121842593,0.4833107569726427,0.1417562209481736,0.0,0.8304553079086703,1.0,145,1,196,5,0.7437656792258934
C2_cash_reg_cash_features_cash_full_clean_apdtm5_default,bpi2020_permit,equal,candidate,HM,heuristics_miner,8dc0dde1f149f92e,993,0.6953084541835005,0.8429076490043279,0.0,0.6953084541835005,0.0,0.1475991948208274,0.0,0.8248928040987922,1.0,86,1,196,5,0.7077475960124746
C2_cash_reg_cash_features_cash_full_clean_apdtm5_default,bpi2020_permit,fitn,candidate,IMd,inductive_miner_imd,83bfdaba62b71641,993,1.0,1.0,0.0,1.0,0.0,0.0,0.0,1.0,1.0,1,1,196,5,0.9977889760596356
C2_cash_reg_cash_features_cash_full_clean_apdtm5_default,bpi2020_permit,prec,candidate,HM,heuristics_miner,8dc0dde1f149f92e,993,0.8137442437123628,0.9911533085603246,0.0,0.8137442437123628,0.0,0.1774090648479618,0.0,0.8210074432323159,1.0,43,1,196,5,0.8713971349694699
C2_cash_reg_cash_features_cash_full_clean_apdtm5_default,bpi2020_permit,gene,candidate,IMd,inductive_miner_imd,83bfdaba62b71641,993,0.8652393738255396,0.9078165537742844,0.0,0.8652393738255396,0.0,0.0425771799487447,0.0,0.9530993571644752,1.0,41,1,196,5,0.8893110416861792
C2_cash_reg_cash_features_cash_full_clean_apdtm5_default,bpi2020_permit,simp,candidate,AM,alpha_miner_classic,26f32bcd43f69421,993,0.419047619047619,0.7142857142857143,0.0,0.5946547884187082,0.0,0.2952380952380953,0.1756071693710892,0.5866666666666666,0.7046905653647226,158,3,196,5,0.5338176581979183
C2_cash_reg_cash_features_cash_full_clean_apdtm5_default,bpi2020_permit,fit+pre,candidate,HM,heuristics_miner,8dc0dde1f149f92e,993,0.8512783359444481,0.9243881790529204,0.0,0.8512783359444481,0.0,0.0731098431084723,0.0,0.9209100194429392,1.0,34,1,196,5,0.8634543849525711
C2_cash_reg_cash_features_cash_full_clean_apdtm5_default,bpi2020_permit,fit+gen,candidate,IMd,inductive_miner_imd,83bfdaba62b71641,993,0.93261968691277,0.9448808304983668,0.0,0.93261968691277,0.0,0.0122611435855969,0.0,0.9870236084913164,1.0,7,1,196,5,0.9435500088729074
C2_cash_reg_cash_features_cash_full_clean_apdtm5_default,bpi2020_permit,fit+sim,candidate,IM,inductive_miner_im,1e49d93937c2bb45,993,0.7973273942093542,0.8272924879786688,0.0,0.7973273942093542,0.0,0.0299650937693146,0.0,0.9637793232686922,1.0,15,1,196,5,0.7417729828275723
C2_cash_reg_cash_features_cash_full_clean_apdtm5_default,bpi2020_permit,pre+gen,candidate,HM,heuristics_miner,8dc0dde1f149f92e,993,0.7082588870498185,0.9322600772514232,0.0,0.7082588870498185,0.0,0.2240011902016045,0.0,0.7597224254609014,1.0,78,1,196,5,0.7579605877608284
C2_cash_reg_cash_features_cash_full_clean_apdtm5_default,bpi2020_permit,pre+sim,candidate,HM,heuristics_miner,8dc0dde1f149f92e,993,0.644823929085097,0.816594001468874,0.0,0.644823929085097,0.0,0.1717700723837769,0.0,0.7896505826949498,1.0,46,1,196,5,0.6654773542810195
C2_cash_reg_cash_features_cash_full_clean_apdtm5_default,bpi2020_permit,gen+sim,candidate,AM,alpha_miner_classic,26f32bcd43f69421,993,0.6371573999611837,0.7992898469819344,0.0,0.7281672934908063,0.0,0.1621324470207507,0.0910098935296226,0.7971543769347852,0.8750151313535044,124,2,196,5,0.7070358822709977
C2_cash_reg_cash_features_cash_full_clean_apdtm5_default,bpi2020_permit,mix-fit,candidate,HM,heuristics_miner,8dc0dde1f149f92e,993,0.755106320314616,0.8639118088087243,0.0,0.755106320314616,0.0,0.1088054884941083,0.0,0.8740548660352916,1.0,52,1,196,5,0.7599877132388424
C2_cash_reg_cash_features_cash_full_clean_apdtm5_default,bpi2020_permit,mix-prec,candidate,HM,heuristics_miner,8dc0dde1f149f92e,993,0.7316826036822173,0.8885842618048088,0.0,0.7316826036822173,0.0,0.1569016581225915,0.0,0.8234251214354082,1.0,68,1,196,5,0.7589741504998354
C2_cash_reg_cash_features_cash_full_clean_apdtm5_default,bpi2020_permit,mix-simp,candidate,IM,inductive_miner_im,1e49d93937c2bb45,993,0.7200015916100726,0.81761289182125,0.0,0.7200015916100726,0.0,0.0976113002111773,0.0,0.8806142843543646,1.0,72,1,196,5,0.6915960776870727
C2_cash_reg_cash_features_cash_full_clean_apdtm5_default,bpi2020_permit,mix-gen,candidate,HM,heuristics_miner,8dc0dde1f149f92e,993,0.6355105880523851,0.8269571869508153,0.0,0.642675789010791,0.0,0.1914465988984302,0.0071652009584058,0.7684927322485235,0.9888509866391036,127,2,196,5,0.6555074787861066
C2_cash_reg_cash_features_cash_full_clean_apdtm5_default,bpi2020_prepaid,equal,candidate,HM,heuristics_miner,29f7ad244446d4aa,993,0.7280027250543759,0.8668476328686328,0.0,0.7280027250543759,0.3835715428314981,0.1388449078142568,0.0,0.8398277822426744,1.0,83,1,196,5,0.7653344368716356
C2_cash_reg_cash_features_cash_full_clean_apdtm5_default,bpi2020_prepaid,fitn,candidate,IM,inductive_miner_im,08b79ae23a413281,993,0.9865754284763762,1.0,0.0,1.0,0.4702681384715757,0.0134245715236237,0.0134245715236237,0.9865754284763762,0.9746577985985396,9,2,196,5,0.9986807827597934
C2_cash_reg_cash_features_cash_full_clean_apdtm5_default,bpi2020_prepaid,prec,candidate,HM,heuristics_miner,29f7ad244446d4aa,993,0.8877260430015663,0.9997522759645756,0.0,0.8877260430015663,0.0,0.1120262329630092,0.0,0.8879460085700482,1.0,23,1,196,5,0.8900463547882047
C2_cash_reg_cash_features_cash_full_clean_apdtm5_default,bpi2020_prepaid,gene,candidate,IMd,inductive_miner_imd,8cca159c4df3be24,993,0.8904211520153033,0.9112866050560324,0.0,0.8904211520153033,0.5988575329285628,0.0208654530407291,0.0,0.9771033032583132,1.0,10,1,196,5,0.9119805161159636
C2_cash_reg_cash_features_cash_full_clean_apdtm5_default,bpi2020_prepaid,simp,candidate,IM,inductive_miner_im,08b79ae23a413281,993,0.5903614457831325,0.8241758241758241,0.0,0.5903614457831325,0.1867088607594936,0.2338143783926916,0.0,0.7163052208835342,1.0,105,1,196,5,0.5997271210727192
C2_cash_reg_cash_features_cash_full_clean_apdtm5_default,bpi2020_prepaid,fit+pre,candidate,HM,heuristics_miner,29f7ad244446d4aa,993,0.8946719217397086,0.9548684615240935,0.0,0.8946719217397086,0.2351340692357878,0.0601965397843851,0.0,0.936958290895582,1.0,27,1,196,5,0.9008868492576
C2_cash_reg_cash_features_cash_full_clean_apdtm5_default,bpi2020_prepaid,fit+gen,candidate,IMd,inductive_miner_imd,8cca159c4df3be24,993,0.9452105760076516,0.949603353381388,0.0,0.9452105760076516,0.6737886552832494,0.0043927773737363,0.0,0.9953740923954256,1.0,3,1,196,5,0.9531073644421496
C2_cash_reg_cash_features_cash_full_clean_apdtm5_default,bpi2020_prepaid,fit+sim,candidate,IM,inductive_miner_im,08b79ae23a413281,993,0.7884684371297543,0.8494129668934964,0.0,0.7884684371297543,0.3284884996155346,0.060944529763742,0.0,0.9282510014102674,1.0,66,1,196,5,0.7992039519162564
C2_cash_reg_cash_features_cash_full_clean_apdtm5_default,bpi2020_prepaid,pre+gen,candidate,HM,heuristics_miner,29f7ad244446d4aa,993,0.7432917879650646,0.9409693886867966,0.0,0.7432917879650646,0.4386545860474615,0.197677600721732,0.0,0.7899213267738624,1.0,65,1,196,5,0.8113129848669715
C2_cash_reg_cash_features_cash_full_clean_apdtm5_default,bpi2020_prepaid,pre+sim,candidate,HM,heuristics_miner,29f7ad244446d4aa,993,0.7057677834055451,0.8334790489391193,0.0,0.7057677834055451,0.0933544303797468,0.1277112655335741,0.0,0.8467732743898849,1.0,38,1,196,5,0.7085153944069043
C2_cash_reg_cash_features_cash_full_clean_apdtm5_default,bpi2020_prepaid,gen+sim,candidate,IM,inductive_miner_im,08b79ae23a413281,993,0.7379476465690233,0.815098321546149,0.0,0.7379476465690233,0.5320090164272083,0.0771506749771256,0.0,0.9053480139294366,1.0,81,1,196,5,0.7518629887981794
C2_cash_reg_cash_features_cash_full_clean_apdtm5_default,bpi2020_prepaid,mix-fit,candidate,HM,heuristics_miner,29f7ad244446d4aa,993,0.7916125911463714,0.8887029376845874,0.0,0.7916125911463714,0.3131799447500213,0.097090346538216,0.0,0.8907505056850902,1.0,40,1,196,5,0.8103596922269544
C2_cash_reg_cash_features_cash_full_clean_apdtm5_default,bpi2020_prepaid,mix-prec,candidate,HM,heuristics_miner,29f7ad244446d4aa,993,0.767452189555718,0.9102502378418412,0.0,0.767452189555718,0.3759172653987414,0.142798048286123,0.0,0.843122207114507,1.0,52,1,196,5,0.8108363385469629
C2_cash_reg_cash_features_cash_full_clean_apdtm5_default,bpi2020_prepaid,mix-simp,candidate,IM,inductive_miner_im,08b79ae23a413281,993,0.724823854120391,0.8311667650921324,0.0,0.724823854120391,0.3912258202642548,0.1063429109717414,0.0,0.8720558672001838,1.0,103,1,196,5,0.758963717771443
C2_cash_reg_cash_features_cash_full_clean_apdtm5_default,bpi2020_prepaid,mix-gen,candidate,HM,heuristics_miner,29f7ad244446d4aa,993,0.6643928589623807,0.8449923280526782,0.0,0.6643928589623807,0.4539631409129749,0.1805994690902975,0.0,0.7862708771492672,1.0,142,1,196,5,0.7203091815163171
C2_cash_reg_cash_features_cash_full_clean_apdtm5_default,bpic15_1,equal,candidate,IMd,inductive_miner_imd,8ec8a2cb08851acf,988,0.5006533211257762,0.7538067736145151,0.0,0.5006533211257762,0.0,0.2531534524887389,0.0,0.6641666520521378,1.0,124,1,196,5,0.4956469029645957
C2_cash_reg_cash_features_cash_full_clean_apdtm5_default,bpic15_1,fitn,candidate,IMd,inductive_miner_imd,8ec8a2cb08851acf,988,1.0,1.0,0.0,1.0,0.0,0.0,0.0,1.0,1.0,1,1,196,5,1.0
C2_cash_reg_cash_features_cash_full_clean_apdtm5_default,bpic15_1,prec,candidate,IMd,inductive_miner_imd,8ec8a2cb08851acf,988,0.0055144083252097,0.9967132292522596,0.0,0.0055144083252097,0.0,0.99119882092705,0.0,0.0055325926890191,1.0,141,1,196,5,0.0056338774710963
C2_cash_reg_cash_features_cash_full_clean_apdtm5_default,bpic15_1,gene,candidate,IMd,inductive_miner_imd,8ec8a2cb08851acf,988,0.6526451647517064,0.7947596517508088,0.0,0.6526451647517064,0.0,0.1421144869991023,0.0,0.8211855789532942,1.0,112,1,196,5,0.6375803806179384
C2_cash_reg_cash_features_cash_full_clean_apdtm5_default,bpic15_1,simp,candidate,IMd,inductive_miner_imd,8ec8a2cb08851acf,988,0.3444537114261885,1.0,0.0,0.3444537114261885,0.0,0.6555462885738115,0.0,0.3444537114261885,1.0,137,1,196,5,0.3393733537693481
C2_cash_reg_cash_features_cash_full_clean_apdtm5_default,bpic15_1,fit+pre,candidate,IMd,inductive_miner_imd,8ec8a2cb08851acf,988,0.5027572041626048,0.8688577238297088,0.0,0.5027572041626048,0.0,0.366100519667104,0.0,0.5786415777563397,1.0,74,1,196,5,0.5028169387355481
C2_cash_reg_cash_features_cash_full_clean_apdtm5_default,bpic15_1,fit+gen,candidate,IMd,inductive_miner_imd,8ec8a2cb08851acf,988,0.8263225823758532,0.871727415992749,0.0,0.8263225823758532,0.0,0.0454048336168958,0.0,0.9479139547708414,1.0,4,1,196,5,0.8187901903089692
C2_cash_reg_cash_features_cash_full_clean_apdtm5_default,bpic15_1,fit+sim,candidate,IMd,inductive_miner_imd,8ec8a2cb08851acf,988,0.6722268557130943,0.8645266546833184,0.0,0.6722268557130943,0.0,0.1922997989702241,0.0,0.7775663735426819,1.0,85,1,196,5,0.6696866768846741
C2_cash_reg_cash_features_cash_full_clean_apdtm5_default,bpic15_1,pre+gen,candidate,IMd,inductive_miner_imd,8ec8a2cb08851acf,988,0.329079786538458,0.8387467991159434,0.0,0.329079786538458,0.0,0.5096670125774854,0.0,0.3923469954047097,1.0,126,1,196,5,0.3216071290445174
C2_cash_reg_cash_features_cash_full_clean_apdtm5_default,bpic15_1,pre+sim,candidate,IMd,inductive_miner_imd,8ec8a2cb08851acf,988,0.1749840598756991,0.8214077863143173,0.0,0.1749840598756991,0.0,0.6464237264386182,0.0,0.2130294633081798,1.0,142,1,196,5,0.1725036156202222
C2_cash_reg_cash_features_cash_full_clean_apdtm5_default,bpic15_1,gen+sim,candidate,IMd,inductive_miner_imd,8ec8a2cb08851acf,988,0.4985494380889474,0.8973798258754044,0.0,0.4985494380889474,0.0,0.3988303877864569,0.0,0.5555612280481197,1.0,131,1,196,5,0.4884768671936432
C2_cash_reg_cash_features_cash_full_clean_apdtm5_default,bpic15_1,mix-fit,candidate,IMd,inductive_miner_imd,8ec8a2cb08851acf,988,0.5358095812579713,0.7829881701741386,0.0,0.5358095812579713,0.0,0.2471785889161672,0.0,0.6843137631808739,1.0,94,1,196,5,0.5333228720569924
C2_cash_reg_cash_features_cash_full_clean_apdtm5_default,bpic15_1,mix-prec,candidate,IMd,inductive_miner_imd,8ec8a2cb08851acf,988,0.4324446838982146,0.8104949307104619,0.0,0.4324446838982146,0.0,0.3780502468122472,0.0,0.5335563092530922,1.0,118,1,196,5,0.4274650005507548
C2_cash_reg_cash_features_cash_full_clean_apdtm5_default,bpic15_1,mix-simp,candidate,IMd,inductive_miner_imd,8ec8a2cb08851acf,988,0.5688619583533376,0.7694736087116352,0.0,0.5688619583533376,0.0,0.2006116503582975,0.0,0.7392871593163659,1.0,121,1,196,5,0.5638288053784366
C2_cash_reg_cash_features_cash_full_clean_apdtm5_default,bpic15_1,mix-gen,candidate,IMd,inductive_miner_imd,8ec8a2cb08851acf,988,0.465497060993581,0.7344918748892888,0.0,0.465497060993581,0.0,0.2689948138957077,0.0,0.6337674750503486,1.0,131,1,196,5,0.4579709338721991
C2_cash_reg_cash_features_cash_full_clean_apdtm5_default,bpic15_2,equal,candidate,IMd,inductive_miner_imd,2bd4a2c68f811174,988,0.4958761568622505,0.739796087901852,0.0,0.4958761568622505,0.0,0.2439199310396015,0.0,0.6702876170494672,1.0,123,1,196,5,0.4969789291013232
C2_cash_reg_cash_features_cash_full_clean_apdtm5_default,bpic15_2,fitn,candidate,IMd,inductive_miner_imd,2bd4a2c68f811174,988,1.0,1.0,0.0,1.0,0.0,0.0,0.0,1.0,1.0,1,1,196,5,0.999999853725252
C2_cash_reg_cash_features_cash_full_clean_apdtm5_default,bpic15_2,prec,candidate,IMd,inductive_miner_imd,2bd4a2c68f811174,988,0.0047466811844114,0.9964080459770116,0.0,0.0047466811844114,0.0,0.9916613647926004,0.0,0.0047637925080754,1.0,141,1,196,5,0.0056758032250761
C2_cash_reg_cash_features_cash_full_clean_apdtm5_default,bpic15_2,gene,candidate,IMd,inductive_miner_imd,2bd4a2c68f811174,988,0.630479323366272,0.8434264748464657,0.0,0.630479323366272,0.0,0.2129471514801937,0.0,0.7475213811388149,1.0,119,1,196,5,0.6442421528927178
C2_cash_reg_cash_features_cash_full_clean_apdtm5_default,bpic15_2,simp,candidate,IMd,inductive_miner_imd,2bd4a2c68f811174,988,0.3482786228983187,1.0,0.0,0.3482786228983187,0.0,0.6517213771016813,0.0,0.3482786228983187,1.0,133,1,196,5,0.337997906562247
C2_cash_reg_cash_features_cash_full_clean_apdtm5_default,bpic15_2,fit+pre,candidate,IMd,inductive_miner_imd,2bd4a2c68f811174,988,0.5023733405922057,0.8552632687420797,0.0,0.5023733405922057,0.0,0.3528899281498739,0.0,0.587390291332277,1.0,62,1,196,5,0.5028378284751641
C2_cash_reg_cash_features_cash_full_clean_apdtm5_default,bpic15_2,fit+gen,candidate,IMd,inductive_miner_imd,2bd4a2c68f811174,988,0.815239661683136,0.888226048940476,0.0,0.815239661683136,0.0,0.0729863872573399,0.0,0.9178290398661444,1.0,6,1,196,5,0.822121003308985
C2_cash_reg_cash_features_cash_full_clean_apdtm5_default,bpic15_2,fit+sim,candidate,IMd,inductive_miner_imd,2bd4a2c68f811174,988,0.6741393114491594,0.8502937315725136,0.0,0.6741393114491594,0.0,0.1761544201233542,0.0,0.7928310963817429,1.0,81,1,196,5,0.6689988801437495
C2_cash_reg_cash_features_cash_full_clean_apdtm5_default,bpic15_2,pre+gen,candidate,IMd,inductive_miner_imd,2bd4a2c68f811174,988,0.3176130022753416,0.8135744140072105,0.0,0.3176130022753416,0.0,0.4959614117318688,0.0,0.3903920733088918,1.0,136,1,196,5,0.3249589780588969
C2_cash_reg_cash_features_cash_full_clean_apdtm5_default,bpic15_2,pre+sim,candidate,IMd,inductive_miner_imd,2bd4a2c68f811174,988,0.176512652041365,0.7980406242956953,0.0,0.176512652041365,0.0,0.6215279722543303,0.0,0.2211825396697629,1.0,138,1,196,5,0.1718368548936615
C2_cash_reg_cash_features_cash_full_clean_apdtm5_default,bpic15_2,gen+sim,candidate,IMd,inductive_miner_imd,2bd4a2c68f811174,988,0.4893789731322953,0.9217132374232327,0.0,0.4893789731322953,0.0,0.4323342642909375,0.0,0.5309449330470905,1.0,131,1,196,5,0.4911200297274823
C2_cash_reg_cash_features_cash_full_clean_apdtm5_default,bpic15_2,mix-fit,candidate,IMd,inductive_miner_imd,2bd4a2c68f811174,988,0.5341276612716144,0.7675374461630222,0.0,0.5341276612716144,0.0,0.2334097848914078,0.0,0.695897853507681,1.0,88,1,196,5,0.5337264790593448
C2_cash_reg_cash_features_cash_full_clean_apdtm5_default,bpic15_2,mix-prec,candidate,IMd,inductive_miner_imd,2bd4a2c68f811174,988,0.425870331773478,0.7904532226862232,0.0,0.425870331773478,0.0,0.3645828909127451,0.0,0.5387672787596828,1.0,118,1,196,5,0.4293427285591208
C2_cash_reg_cash_features_cash_full_clean_apdtm5_default,bpic15_2,mix-simp,candidate,IMd,inductive_miner_imd,2bd4a2c68f811174,988,0.565881981951023,0.7666984383330109,0.0,0.565881981951023,0.0,0.2008164563819878,0.0,0.7380763461334137,1.0,118,1,196,5,0.5646151296435256
C2_cash_reg_cash_features_cash_full_clean_apdtm5_default,bpic15_2,mix-gen,candidate,IMd,inductive_miner_imd,2bd4a2c68f811174,988,0.4576246524528867,0.7177077196779903,0.0,0.4576246524528867,0.0,0.2600830672251036,0.0,0.6376197996842036,1.0,136,1,196,5,0.4602313791433016
C2_cash_reg_cash_features_cash_full_clean_apdtm5_default,bpic15_3,equal,candidate,IMd,inductive_miner_imd,1e1739de3216125c,988,0.5062291863779904,0.7711497484903616,0.0,0.5062291863779904,0.0,0.2649205621123711,0.0,0.6564602885094731,1.0,126,1,196,5,0.4970970606031898
C2_cash_reg_cash_features_cash_full_clean_apdtm5_default,bpic15_3,fitn,candidate,IMd,inductive_miner_imd,1e1739de3216125c,988,1.0,1.0,0.0,1.0,0.0,0.0,0.0,1.0,1.0,1,1,196,5,0.9999188401557804
C2_cash_reg_cash_features_cash_full_clean_apdtm5_default,bpic15_3,prec,candidate,HM,heuristics_miner,b47e1fe582935617,988,0.0,0.9713690786048932,0.0,0.0056460981272722,0.0,0.9713690786048932,0.0056460981272722,0.0,0.0,143,2,196,5,0.0100621145525318
C2_cash_reg_cash_features_cash_full_clean_apdtm5_default,bpic15_3,gene,candidate,IMd,inductive_miner_imd,1e1739de3216125c,988,0.6755746197508381,0.7690804510999736,0.0,0.6755746197508381,0.0,0.0935058313491354,0.0,0.8784186606025427,1.0,104,1,196,5,0.6458054830425478
C2_cash_reg_cash_features_cash_full_clean_apdtm5_default,bpic15_3,simp,candidate,IMd,inductive_miner_imd,1e1739de3216125c,988,0.3436960276338515,1.0,0.0,0.3436960276338515,0.0,0.6563039723661486,0.0,0.3436960276338515,1.0,133,1,196,5,0.3365731788652986
C2_cash_reg_cash_features_cash_full_clean_apdtm5_default,bpic15_3,fit+pre,candidate,IMd,inductive_miner_imd,1e1739de3216125c,988,0.5028230490636361,0.8737992058502052,0.0,0.5028230490636361,0.0,0.3709761567865691,0.0,0.5754446166775696,1.0,68,1,196,5,0.5030047902524564
C2_cash_reg_cash_features_cash_full_clean_apdtm5_default,bpic15_3,fit+gen,candidate,IMd,inductive_miner_imd,1e1739de3216125c,988,0.837787309875419,0.8764050391703524,0.0,0.837787309875419,0.0,0.0386177292949333,0.0,0.955936208067116,1.0,8,1,196,5,0.822862161599164
C2_cash_reg_cash_features_cash_full_clean_apdtm5_default,bpic15_3,fit+sim,candidate,IMd,inductive_miner_imd,1e1739de3216125c,988,0.6718480138169257,0.8866318702272058,0.0,0.6718480138169257,0.0,0.21478385641028,0.0,0.7577530611941119,1.0,98,1,196,5,0.6682460095105394
C2_cash_reg_cash_features_cash_full_clean_apdtm5_default,bpic15_3,pre+gen,candidate,IMd,inductive_miner_imd,1e1739de3216125c,988,0.3406103589390551,0.8335999035488251,0.0,0.3406103589390551,0.0,0.4929895446097699,0.0,0.4086017254668566,1.0,124,1,196,5,0.3259481116958402
C2_cash_reg_cash_features_cash_full_clean_apdtm5_default,bpic15_3,pre+sim,candidate,IMd,inductive_miner_imd,1e1739de3216125c,988,0.1746710628805618,0.806269466186586,0.0,0.1746710628805618,0.0,0.6315984033060242,0.0,0.2166410489370307,1.0,139,1,196,5,0.1713319596072155
C2_cash_reg_cash_features_cash_full_clean_apdtm5_default,bpic15_3,gen+sim,candidate,IMd,inductive_miner_imd,1e1739de3216125c,988,0.5096353236923448,0.8774480269684266,0.0,0.5096353236923448,0.0,0.3678127032760818,0.0,0.5808153965006101,1.0,130,1,196,5,0.4911893309539232
C2_cash_reg_cash_features_cash_full_clean_apdtm5_default,bpic15_3,mix-fit,candidate,IMd,inductive_miner_imd,1e1739de3216125c,988,0.5379904969400358,0.7997195004226063,0.0,0.5379904969400358,0.0,0.2617290034825705,0.0,0.6727239946703042,1.0,101,1,196,5,0.5336899422443664
C2_cash_reg_cash_features_cash_full_clean_apdtm5_default,bpic15_3,mix-prec,candidate,IMd,inductive_miner_imd,1e1739de3216125c,988,0.4393004279395454,0.8166597019857158,0.0,0.4393004279395454,0.0,0.3773592740461703,0.0,0.5379234788632061,1.0,117,1,196,5,0.4298190269701032
C2_cash_reg_cash_features_cash_full_clean_apdtm5_default,bpic15_3,mix-simp,candidate,IMd,inductive_miner_imd,1e1739de3216125c,988,0.5731579448164354,0.7807894458056361,0.0,0.5731579448164354,0.0,0.2076315009892007,0.0,0.7340749134038795,1.0,122,1,196,5,0.5643750942362764
C2_cash_reg_cash_features_cash_full_clean_apdtm5_default,bpic15_3,mix-gen,candidate,IMd,inductive_miner_imd,1e1739de3216125c,988,0.4744678758159452,0.742579996558117,0.0,0.4744678758159452,0.0,0.2681121207421718,0.0,0.6389451345513205,1.0,133,1,196,5,0.4605041789620132
C2_cash_reg_cash_features_cash_full_clean_apdtm5_default,bpic15_4,equal,candidate,IMd,inductive_miner_imd,f68041a3f2d86846,988,0.5004532568394435,0.7570912404815519,0.0,0.5004532568394435,0.0,0.2566379836421083,0.0,0.6610210633544348,1.0,134,1,196,5,0.4929762670854948
C2_cash_reg_cash_features_cash_full_clean_apdtm5_default,bpic15_4,fitn,candidate,IMd,inductive_miner_imd,f68041a3f2d86846,988,1.0,1.0,0.0,1.0,0.0,0.0,0.0,1.0,1.0,1,1,196,5,1.0
C2_cash_reg_cash_features_cash_full_clean_apdtm5_default,bpic15_4,prec,candidate,IMd,inductive_miner_imd,f68041a3f2d86846,988,0.0063677194723514,0.9771181199752628,0.0,0.0063677194723514,0.0,0.9707504005029114,0.0,0.0065168369536659,1.0,146,1,196,5,0.0048827156827602
C2_cash_reg_cash_features_cash_full_clean_apdtm5_default,bpic15_4,gene,candidate,IMd,inductive_miner_imd,f68041a3f2d86846,988,0.6484303825122886,0.8125621208083507,0.0,0.6484303825122886,0.0,0.1641317382960621,0.0,0.7980071503545094,1.0,113,1,196,5,0.6255760238681146
C2_cash_reg_cash_features_cash_full_clean_apdtm5_default,bpic15_4,simp,candidate,IMd,inductive_miner_imd,f68041a3f2d86846,988,0.3470149253731343,1.0,0.0,0.3470149253731343,0.0,0.6529850746268657,0.0,0.3470149253731343,1.0,143,1,196,5,0.3414463287911045
C2_cash_reg_cash_features_cash_full_clean_apdtm5_default,bpic15_4,fit+pre,candidate,IMd,inductive_miner_imd,f68041a3f2d86846,988,0.5031838597361757,0.8685599938464359,0.0,0.5031838597361757,0.0,0.3653761341102601,0.0,0.5793311496052398,1.0,84,1,196,5,0.5024413578413801
C2_cash_reg_cash_features_cash_full_clean_apdtm5_default,bpic15_4,fit+gen,candidate,IMd,inductive_miner_imd,f68041a3f2d86846,988,0.8242151912561443,0.8717994934557993,0.0,0.8242151912561443,0.0,0.047584302199655,0.0,0.94541829565531,1.0,5,1,196,5,0.8127880119340574
C2_cash_reg_cash_features_cash_full_clean_apdtm5_default,bpic15_4,fit+sim,candidate,IMd,inductive_miner_imd,f68041a3f2d86846,988,0.6735074626865671,0.8675538703293734,0.0,0.6735074626865671,0.0,0.1940464076428062,0.0,0.7763292698248986,1.0,95,1,196,5,0.6707231643955522
C2_cash_reg_cash_features_cash_full_clean_apdtm5_default,bpic15_4,pre+gen,candidate,IMd,inductive_miner_imd,f68041a3f2d86846,988,0.32739905099232,0.8247132962569865,0.0,0.32739905099232,0.0,0.4973142452646665,0.0,0.3969852947421137,1.0,138,1,196,5,0.3152293697754375
C2_cash_reg_cash_features_cash_full_clean_apdtm5_default,bpic15_4,pre+sim,candidate,IMd,inductive_miner_imd,f68041a3f2d86846,988,0.1766913224227428,0.7904575186873295,0.0,0.1766913224227428,0.0,0.6137661962645866,0.0,0.2235304469191015,1.0,146,1,196,5,0.1731645222369323
C2_cash_reg_cash_features_cash_full_clean_apdtm5_default,bpic15_4,gen+sim,candidate,IMd,inductive_miner_imd,f68041a3f2d86846,988,0.4977226539427114,0.8981830671938409,0.0,0.4977226539427114,0.0,0.4004604132511294,0.0,0.5541438846066508,1.0,135,1,196,5,0.4835111763296095
C2_cash_reg_cash_features_cash_full_clean_apdtm5_default,bpic15_4,mix-fit,candidate,IMd,inductive_miner_imd,f68041a3f2d86846,988,0.5361563391675611,0.7881543306724185,0.0,0.5361563391675611,0.0,0.2519979915048573,0.0,0.6802682143611851,1.0,112,1,196,5,0.5323116828498604
C2_cash_reg_cash_features_cash_full_clean_apdtm5_default,bpic15_4,mix-prec,candidate,IMd,inductive_miner_imd,f68041a3f2d86846,988,0.4317776950799405,0.8064338134647027,0.0,0.4317776950799405,0.0,0.3746561183847621,0.0,0.5354161592318193,1.0,128,1,196,5,0.4237705263126489
C2_cash_reg_cash_features_cash_full_clean_apdtm5_default,bpic15_4,mix-simp,candidate,IMd,inductive_miner_imd,f68041a3f2d86846,988,0.5691288185989466,0.7784157949851235,0.0,0.5691288185989466,0.0,0.2092869763861768,0.0,0.7311372948307445,1.0,129,1,196,5,0.5621820078583407
C2_cash_reg_cash_features_cash_full_clean_apdtm5_default,bpic15_4,mix-gen,candidate,IMd,inductive_miner_imd,f68041a3f2d86846,988,0.464750174511326,0.7260281502906851,0.0,0.464750174511326,0.0,0.2612779757793591,0.0,0.6401269349201552,1.0,141,1,196,5,0.4536408513211292
C2_cash_reg_cash_features_cash_full_clean_apdtm5_default,bpic15_5,equal,candidate,IMd,inductive_miner_imd,a0710095115a2fbb,988,0.4980303762681133,0.7432661612580866,0.0,0.4980303762681133,0.0,0.2452357849899732,0.0,0.6700565722313042,1.0,128,1,196,5,0.5017541295711437
C2_cash_reg_cash_features_cash_full_clean_apdtm5_default,bpic15_5,fitn,candidate,IMd,inductive_miner_imd,a0710095115a2fbb,988,1.0,1.0,0.0,1.0,0.0,0.0,0.0,1.0,1.0,1,1,196,5,0.999999707450504
C2_cash_reg_cash_features_cash_full_clean_apdtm5_default,bpic15_5,prec,candidate,HM,heuristics_miner,5fe2fca8d068cc08,988,0.0,0.9914236706689536,0.0,0.0050756012401533,0.0,0.9914236706689536,0.0050756012401533,0.0,0.0,147,2,196,5,0.0218788995233411
C2_cash_reg_cash_features_cash_full_clean_apdtm5_default,bpic15_5,gene,candidate,IMd,inductive_miner_imd,a0710095115a2fbb,988,0.6480339787897107,0.8420322364834529,0.0,0.6480339787897107,0.0,0.1939982576937422,0.0,0.7696070895053498,1.0,117,1,196,5,0.6642853049006382
C2_cash_reg_cash_features_cash_full_clean_apdtm5_default,bpic15_5,simp,candidate,IMd,inductive_miner_imd,a0710095115a2fbb,988,0.3390119250425894,1.0,0.0,0.3390119250425894,0.0,0.6609880749574106,0.0,0.3390119250425894,1.0,135,1,196,5,0.3363016196470068
C2_cash_reg_cash_features_cash_full_clean_apdtm5_default,bpic15_5,fit+pre,candidate,IMd,inductive_miner_imd,a0710095115a2fbb,988,0.5025378006200767,0.8302814710249038,0.0,0.5025378006200767,0.0,0.3277436704048271,0.0,0.6052619721836516,1.0,69,1,196,5,0.5032147968684649
C2_cash_reg_cash_features_cash_full_clean_apdtm5_default,bpic15_5,fit+gen,candidate,IMd,inductive_miner_imd,a0710095115a2fbb,988,0.8240169893948553,0.8491470544465778,0.0,0.8240169893948553,0.0,0.0251300650517224,0.0,0.9704055205513248,1.0,2,1,196,5,0.8321425061755712
C2_cash_reg_cash_features_cash_full_clean_apdtm5_default,bpic15_5,fit+sim,candidate,IMd,inductive_miner_imd,a0710095115a2fbb,988,0.6695059625212947,0.8492461162887588,0.0,0.6695059625212947,0.0,0.1797401537674641,0.0,0.7883532814339662,1.0,85,1,196,5,0.6681506635487555
C2_cash_reg_cash_features_cash_full_clean_apdtm5_default,bpic15_5,pre+gen,candidate,IMd,inductive_miner_imd,a0710095115a2fbb,988,0.326554790014932,0.8116192280976056,0.0,0.326554790014932,0.0,0.4850644380826736,0.0,0.4023497456810627,1.0,132,1,196,5,0.3353575955935319
C2_cash_reg_cash_features_cash_full_clean_apdtm5_default,bpic15_5,pre+sim,candidate,IMd,inductive_miner_imd,a0710095115a2fbb,988,0.1720437631413713,0.7827816467542539,0.0,0.1720437631413713,0.0,0.6107378836128825,0.0,0.2197851263564214,1.0,141,1,196,5,0.1713657529667162
C2_cash_reg_cash_features_cash_full_clean_apdtm5_default,bpic15_5,gen+sim,candidate,IMd,inductive_miner_imd,a0710095115a2fbb,988,0.49352295191615,0.9210161182417264,0.0,0.49352295191615,0.0,0.4274931663255764,0.0,0.535846161800419,1.0,133,1,196,5,0.5002934622738225
C2_cash_reg_cash_features_cash_full_clean_apdtm5_default,bpic15_5,mix-fit,candidate,IMd,inductive_miner_imd,a0710095115a2fbb,988,0.534128463259535,0.7619159908588385,0.0,0.534128463259535,0.0,0.2277875275993035,0.0,0.7010332761981549,1.0,95,1,196,5,0.5356177032855945
C2_cash_reg_cash_features_cash_full_clean_apdtm5_default,bpic15_5,mix-prec,candidate,IMd,inductive_miner_imd,a0710095115a2fbb,988,0.4303416266372334,0.7845385057794599,0.0,0.4303416266372334,0.0,0.3541968791422265,0.0,0.5485283685466497,1.0,123,1,196,5,0.4354876494395633
C2_cash_reg_cash_features_cash_full_clean_apdtm5_default,bpic15_5,mix-simp,candidate,IMd,inductive_miner_imd,a0710095115a2fbb,988,0.5657191258989932,0.7677189214161869,0.0,0.5657191258989932,0.0,0.2019997955171937,0.0,0.736883135373854,1.0,123,1,196,5,0.5680206097027243
C2_cash_reg_cash_features_cash_full_clean_apdtm5_default,bpic15_5,mix-gen,candidate,IMd,inductive_miner_imd,a0710095115a2fbb,988,0.4619322892766918,0.7246163316573346,0.0,0.4619322892766918,0.0,0.2626840423806428,0.0,0.6374853409944063,1.0,136,1,196,5,0.4678905558566928
C2_cash_reg_cash_features_cash_full_clean_apdtm5_default,hospital_billing,equal,candidate,IM,inductive_miner_im,d281a0841299287f,988,0.7728985458636999,0.8734035144022313,0.0,0.7728985458636999,0.7080210029131718,0.1005049685385314,0.0,0.8849272222045977,1.0,93,1,196,5,0.7597841729935733
C2_cash_reg_cash_features_cash_full_clean_apdtm5_default,hospital_billing,fitn,candidate,IM,inductive_miner_im,d281a0841299287f,988,1.0,1.0,0.0,1.0,0.6797553093982478,0.0,0.0,1.0,1.0,1,1,196,5,0.9846179646921628
C2_cash_reg_cash_features_cash_full_clean_apdtm5_default,hospital_billing,prec,candidate,HM,heuristics_miner,f0ba1c246feb1617,988,0.9123900422661322,1.0,0.0,0.9123900422661322,0.3867395245470101,0.0876099577338678,0.0,0.9123900422661322,1.0,79,1,196,5,0.8125048711536471
C2_cash_reg_cash_features_cash_full_clean_apdtm5_default,hospital_billing,gene,candidate,IMd,inductive_miner_imd,8ee363d72269d593,988,0.9406716490462892,0.974570314262808,0.0,0.9406716490462892,0.7467548005194038,0.0338986652165188,0.0,0.9652168091717828,1.0,8,1,196,5,0.9031238431395892
C2_cash_reg_cash_features_cash_full_clean_apdtm5_default,hospital_billing,simp,candidate,AM,alpha_miner_classic,dd1a8da3834bc19e,988,1.0,1.0,0.0,1.0,0.4729241877256318,0.0,0.0,1.0,1.0,1,1,196,5,0.621176786778898
C2_cash_reg_cash_features_cash_full_clean_apdtm5_default,hospital_billing,fit+pre,candidate,HM,heuristics_miner,f0ba1c246feb1617,988,0.9148592576033848,0.989140582975968,0.0,0.9148592576033848,0.5332474169726289,0.0742813253725833,0.0,0.9249031667984974,1.0,84,1,196,5,0.8487504968557367
C2_cash_reg_cash_features_cash_full_clean_apdtm5_default,hospital_billing,fit+gen,candidate,IM,inductive_miner_im,d281a0841299287f,988,0.9674639487291108,0.9872657861978588,0.0,0.9703358245231446,0.7961812639516811,0.0198018374687479,0.0028718757940336,0.9799427492114272,0.983509614766274,10,2,196,5,0.941727565310584
C2_cash_reg_cash_features_cash_full_clean_apdtm5_default,hospital_billing,fit+sim,candidate,IM,inductive_miner_im,d281a0841299287f,988,0.8130841121495327,0.8398776546991239,0.0,0.8398776546991239,0.6951263303331345,0.0267935425495912,0.0267935425495912,0.9680982790771,0.8148994997666039,12,2,196,5,0.7898346151346964
C2_cash_reg_cash_features_cash_full_clean_apdtm5_default,hospital_billing,pre+gen,candidate,HM,heuristics_miner,f0ba1c246feb1617,988,0.829572421392768,0.9583893297505974,0.0,0.829572421392768,0.6496733715260623,0.1288169083578294,0.0,0.8655902102005334,1.0,100,1,196,5,0.7881921459888893
C2_cash_reg_cash_features_cash_full_clean_apdtm5_default,hospital_billing,pre+sim,candidate,HM,heuristics_miner,f0ba1c246feb1617,988,0.692657114995882,0.8030539885899708,0.0,0.6933697622735051,0.4457061813031991,0.1103968735940887,0.0007126472776231,0.8625287027240506,0.9971225188829498,96,2,196,5,0.6644140846927762
C2_cash_reg_cash_features_cash_full_clean_apdtm5_default,hospital_billing,gen+sim,candidate,AM,alpha_miner_classic,dd1a8da3834bc19e,988,0.9563036092525572,0.9594156800838196,0.0,0.9563036092525572,0.6098394941225178,0.0031120708312625,0.0,0.9967562852099826,1.0,2,1,196,5,0.7543216354272175
C2_cash_reg_cash_features_cash_full_clean_apdtm5_default,hospital_billing,mix-fit,candidate,HM,heuristics_miner,f0ba1c246feb1617,988,0.8099087194531612,0.8999403930024692,0.0,0.8099087194531612,0.6791847029739135,0.0900316735493079,0.0,0.899958181398064,1.0,92,1,196,5,0.7774025120980188
C2_cash_reg_cash_features_cash_full_clean_apdtm5_default,hospital_billing,mix-prec,candidate,HM,heuristics_miner,f0ba1c246feb1617,988,0.8197405704229648,0.9266041872906544,0.0,0.8197405704229648,0.6644290372499878,0.1068636168676897,0.0,0.8846717742770474,1.0,93,1,196,5,0.782797329043454
C2_cash_reg_cash_features_cash_full_clean_apdtm5_default,hospital_billing,mix-simp,candidate,IM,inductive_miner_im,d281a0841299287f,988,0.7905026753810218,0.8448731726232275,0.0,0.8251219889751983,0.704958181302938,0.0543704972422056,0.0346193135941764,0.9356465573721652,0.7118989963384099,37,2,196,5,0.7692363584019314
C2_cash_reg_cash_features_cash_full_clean_apdtm5_default,hospital_billing,mix-gen,candidate,IM,inductive_miner_im,d281a0841299287f,988,0.7679212386125109,0.8574303226558113,0.0,0.8103663232512726,0.7045511321397954,0.0895090840433003,0.0424450846387616,0.8956077459844735,0.5988753203304678,76,2,196,5,0.7486381016691663
C2_cash_reg_cash_features_cash_full_clean_apdtm5_default,road_traffic_fines,equal,candidate,HM,heuristics_miner,9fd05dcc49e5b232,988,0.8472976270289231,0.9091484776358276,0.0,0.8472976270289231,0.7357034000201228,0.0618508506069045,0.0,0.9319683724623914,1.0,74,1,196,5,0.8297580804353595
C2_cash_reg_cash_features_cash_full_clean_apdtm5_default,road_traffic_fines,fitn,candidate,IMd,inductive_miner_imd,5ce7ac8564c4b5b7,988,1.0,1.0,0.0,1.0,0.637766272135165,0.0,0.0,1.0,1.0,1,1,196,5,0.9879795022025988
C2_cash_reg_cash_features_cash_full_clean_apdtm5_default,road_traffic_fines,prec,candidate,HM,heuristics_miner,9fd05dcc49e5b232,988,0.9913926579538832,1.0,0.0,0.9913926579538832,0.5080563293025482,0.0086073420461167,0.0,0.9913926579538832,1.0,106,1,196,5,0.8711499129547867
C2_cash_reg_cash_features_cash_full_clean_apdtm5_default,road_traffic_fines,gene,candidate,AM,alpha_miner_classic,e3a8e709ceed9a3b,988,0.9855500389488964,0.9916370973254746,0.0,0.988255529682136,0.9232130142183954,0.0060870583765781,0.0027054907332396,0.9938616068388372,0.9584042727445266,19,2,196,5,0.9758313215422956
C2_cash_reg_cash_features_cash_full_clean_apdtm5_default,road_traffic_fines,simp,candidate,AM,alpha_miner_classic,e3a8e709ceed9a3b,988,0.6571428571428571,0.8,0.0,0.6571428571428571,0.5135135135135136,0.1428571428571429,0.0,0.8214285714285714,1.0,45,1,196,5,0.7242907592957306
C2_cash_reg_cash_features_cash_full_clean_apdtm5_default,road_traffic_fines,fit+pre,candidate,HM,heuristics_miner,9fd05dcc49e5b232,988,0.9598795032511696,0.9901742494392978,0.0,0.9598795032511696,0.6500603519943688,0.0302947461881282,0.0,0.969404631351216,1.0,44,1,196,5,0.9006650397662672
C2_cash_reg_cash_features_cash_full_clean_apdtm5_default,road_traffic_fines,fit+gen,candidate,IMd,inductive_miner_imd,5ce7ac8564c4b5b7,988,0.994127764841068,0.9953412031561972,0.0,0.994127764841068,0.8116581555420307,0.0012134383151293,0.0,0.9987808820620692,1.0,2,1,196,5,0.9785188892009864
C2_cash_reg_cash_features_cash_full_clean_apdtm5_default,road_traffic_fines,fit+sim,candidate,IM,inductive_miner_im,bc38a80ef2ff6b06,988,0.8118811881188119,0.869886942078606,0.0,0.8118811881188119,0.6474545646390111,0.058005753959794,0.0,0.9333180541586376,1.0,17,1,196,5,0.7964635971611111
C2_cash_reg_cash_features_cash_full_clean_apdtm5_default,road_traffic_fines,pre+gen,candidate,HM,heuristics_miner,9fd05dcc49e5b232,988,0.9573028360861392,0.9899221054016768,0.0,0.9573028360861392,0.7481559294923421,0.0326192693155373,0.0,0.9670486504568948,1.0,41,1,196,5,0.9088134587658528
C2_cash_reg_cash_features_cash_full_clean_apdtm5_default,road_traffic_fines,pre+sim,candidate,HM,heuristics_miner,9fd05dcc49e5b232,988,0.7688055726744205,0.8710629687671056,0.0,0.7688055726744205,0.5107849214080309,0.1022573960926851,0.0,0.8826061952358975,1.0,108,1,196,5,0.7211875752933856
C2_cash_reg_cash_features_cash_full_clean_apdtm5_default,road_traffic_fines,gen+sim,candidate,AM,alpha_miner_classic,e3a8e709ceed9a3b,988,0.8213464480458768,0.8875669341178665,0.0,0.8213464480458768,0.7347157508066766,0.0662204860719897,0.0,0.9253909947222124,1.0,13,1,196,5,0.8500610404190131
C2_cash_reg_cash_features_cash_full_clean_apdtm5_default,road_traffic_fines,mix-fit,candidate,HM,heuristics_miner,9fd05dcc49e5b232,988,0.8703293357063786,0.917489504487446,0.0,0.8703293357063786,0.683796413733599,0.0471601687810674,0.0,0.9485986830907528,1.0,73,1,196,5,0.8423097885016241
C2_cash_reg_cash_features_cash_full_clean_apdtm5_default,road_traffic_fines,mix-prec,candidate,HM,heuristics_miner,9fd05dcc49e5b232,988,0.913816085896259,0.9485628625742424,0.0,0.913816085896259,0.7510505419770115,0.0347467766779835,0.0,0.963369031142874,1.0,65,1,196,5,0.8755616236337384
C2_cash_reg_cash_features_cash_full_clean_apdtm5_default,road_traffic_fines,mix-simp,candidate,IM,inductive_miner_im,bc38a80ef2ff6b06,988,0.8027820914375106,0.8891275547093468,0.0,0.8027820914375106,0.717532475472829,0.0863454632718362,0.0,0.9028874284521952,1.0,73,1,196,5,0.7940499022626166
C2_cash_reg_cash_features_cash_full_clean_apdtm5_default,road_traffic_fines,mix-gen,candidate,HM,heuristics_miner,9fd05dcc49e5b232,988,0.8242659183514679,0.9083681673400874,0.0,0.8242659183514679,0.750967531787418,0.0841022489886195,0.0,0.9074139187033708,1.0,88,1,196,5,0.817206372369095
C2_cash_reg_cash_features_cash_full_clean_apdtm5_default,sepsis,equal,candidate,HM,heuristics_miner,6e00f695b9765352,993,0.7189961247213809,0.835724100545018,0.0,0.7189961247213809,0.5249929107876445,0.1167279758236371,0.0,0.8603271393663137,1.0,112,1,196,5,0.7446276752686047
C2_cash_reg_cash_features_cash_full_clean_apdtm5_default,sepsis,fitn,candidate,IM,inductive_miner_im,9b19fee2e6fe09c3,993,1.0,1.0,0.0,1.0,0.2658896119719338,0.0,0.0,1.0,1.0,1,1,196,5,0.997944459262922
C2_cash_reg_cash_features_cash_full_clean_apdtm5_default,sepsis,prec,candidate,HM,heuristics_miner,6e00f695b9765352,993,0.7033112582781457,1.0,0.0,0.7033112582781457,0.179251018798475,0.2966887417218543,0.0,0.7033112582781457,1.0,114,1,196,5,0.7265167752471906
C2_cash_reg_cash_features_cash_full_clean_apdtm5_default,sepsis,gene,candidate,AM,alpha_miner_classic,3cde4651154418a0,993,0.9131789227698268,0.9290801678868448,0.0,0.9266596408851776,0.841792203394476,0.0159012451170179,0.0134807181153507,0.982884959052366,0.84115558906998,15,2,196,5,0.9502087090075776
C2_cash_reg_cash_features_cash_full_clean_apdtm5_default,sepsis,simp,candidate,AM,alpha_miner_classic,3cde4651154418a0,993,0.4782608695652174,0.7567567567567567,0.0,0.6223776223776223,0.4331983805668016,0.2784958871915393,0.1441167528124048,0.6319875776397517,0.2381999661647778,138,3,196,5,0.7652433359270848
C2_cash_reg_cash_features_cash_full_clean_apdtm5_default,sepsis,fit+pre,candidate,HM,heuristics_miner,6e00f695b9765352,993,0.8004969574621229,0.9487189551442284,0.0,0.8004969574621229,0.354265925407767,0.1482219976821056,0.0,0.8437661681803624,1.0,96,1,196,5,0.8154544715853316
C2_cash_reg_cash_features_cash_full_clean_apdtm5_default,sepsis,fit+gen,candidate,IMd,inductive_miner_imd,cf73e2e20e689341,993,0.9633298204425887,0.9633298204425887,0.0,0.9633298204425887,0.5895342673708803,0.0,0.0,1.0,1.0,1,1,196,5,0.966047205230638
C2_cash_reg_cash_features_cash_full_clean_apdtm5_default,sepsis,fit+sim,candidate,IM,inductive_miner_im,9b19fee2e6fe09c3,993,0.8111888111888111,0.8140244733789898,0.0,0.8111888111888111,0.3720752407685755,0.0028356621901786,0.0,0.9965164902494787,1.0,5,1,196,5,0.8082195457646842
C2_cash_reg_cash_features_cash_full_clean_apdtm5_default,sepsis,pre+gen,candidate,HM,heuristics_miner,6e00f695b9765352,993,0.7725517308363108,0.9381130457761724,0.0,0.7725517308363108,0.5529553298418263,0.1655613149398616,0.0,0.8235166692486617,1.0,107,1,196,5,0.7819767575292946
C2_cash_reg_cash_features_cash_full_clean_apdtm5_default,sepsis,pre+sim,candidate,HM,heuristics_miner,6e00f695b9765352,993,0.5682548194224737,0.8491941359263719,0.0,0.5682548194224737,0.3168982366719647,0.2809393165038982,0.0,0.6691695048065468,1.0,136,1,196,5,0.6183408966697738
C2_cash_reg_cash_features_cash_full_clean_apdtm5_default,sepsis,gen+sim,candidate,AM,alpha_miner_classic,3cde4651154418a0,993,0.6957198961675222,0.8216829410862796,0.0,0.7624155479965967,0.6374952919806388,0.1259630449187574,0.0666956518290745,0.8467011561025813,0.4660941791493404,76,3,196,5,0.8577260224673312
C2_cash_reg_cash_features_cash_full_clean_apdtm5_default,sepsis,mix-fit,candidate,HM,heuristics_miner,6e00f695b9765352,993,0.7408853365946917,0.8604442533384715,0.0,0.7408853365946917,0.4261185826318798,0.1195589167437798,0.0,0.8610497818075971,1.0,97,1,196,5,0.7654885773431575
C2_cash_reg_cash_features_cash_full_clean_apdtm5_default,sepsis,mix-prec,candidate,HM,heuristics_miner,6e00f695b9765352,993,0.7567185337155014,0.899278649557322,0.0,0.7567185337155014,0.5520145817192967,0.1425601158418206,0.0,0.8414728116674436,1.0,107,1,196,5,0.7737326674362259
C2_cash_reg_cash_features_cash_full_clean_apdtm5_default,sepsis,mix-simp,candidate,IM,inductive_miner_im,9b19fee2e6fe09c3,993,0.7552038190935039,0.7905131280697297,0.0,0.7552038190935039,0.4979712398559925,0.0353093089762258,0.0,0.9553336842584208,1.0,39,1,196,5,0.7619989533786822
C2_cash_reg_cash_features_cash_full_clean_apdtm5_default,sepsis,mix-gen,candidate,AM,alpha_miner_classic,3cde4651154418a0,993,0.6238672389434095,0.8286673700233692,0.0,0.6992188269981966,0.6238672389434095,0.2048001310799597,0.0753515880547871,0.7528560451533355,0.0,171,5,196,5,0.7515341659814807
C3_cash_reg_cash_features_cash_full_clean_apdtm5_hparams,bpi2012,equal,candidate,HM,heuristics_miner,e26e5e46f99ccbb3,17145,0.7343923687218626,0.8454937775108162,0.0,0.8454937775108162,0.6344315801454322,0.1111014087889535,0.1111014087889535,0.8685958291543638,0.4736082056578874,114,44,196,87,0.8123960822125373
C3_cash_reg_cash_features_cash_full_clean_apdtm5_hparams,bpi2012,fitn,candidate,IMf,inductive_miner_imf,7e2c5e206ff9ce37,17145,0.9997867134317217,1.0,0.0,1.0,0.631230892297019,0.0002132865682783,0.0002132865682783,0.9997867134317217,0.9994216257169508,5,5,196,87,0.9995642121579632
C3_cash_reg_cash_features_cash_full_clean_apdtm5_hparams,bpi2012,prec,candidate,HM,heuristics_miner,a980bfe3ebdce767,17145,0.3828605521505668,1.0,0.0,1.0,0.1394427299083702,0.6171394478494332,0.6171394478494332,0.3828605521505668,0.2828606888839347,154,67,196,87,0.8258678345390372
C3_cash_reg_cash_features_cash_full_clean_apdtm5_hparams,bpi2012,gene,candidate,IMf,inductive_miner_imf,7e2c5e206ff9ce37,17145,0.9765772006529632,0.9846855427449372,0.0,0.9846855427449372,0.7903916159300588,0.008108342091974,0.008108342091974,0.9917655518030952,0.9582676503332004,22,10,196,87,0.964446193496174
C3_cash_reg_cash_features_cash_full_clean_apdtm5_hparams,bpi2012,simp,candidate,HM,heuristics_miner,97d5c9b164ae888c,17145,0.6197183098591549,0.853658536585366,0.0,0.853658536585366,0.4444444444444444,0.233940226726211,0.233940226726211,0.7259557344064385,0.4283182538942261,37,25,196,87,0.6801755068135581
C3_cash_reg_cash_features_cash_full_clean_apdtm5_hparams,bpi2012,fit+pre,candidate,HM,heuristics_miner,ec7bee5b1bfcdb5d,17145,0.8921120949825567,0.9301612956045748,0.0,0.9301612956045748,0.3882467160435721,0.0380492006220181,0.0380492006220181,0.9590939756343148,0.9297874571803526,8,8,196,87,0.8581225485600213
C3_cash_reg_cash_features_cash_full_clean_apdtm5_hparams,bpi2012,fit+gen,candidate,IMf,inductive_miner_imf,7e2c5e206ff9ce37,17145,0.9881819570423424,0.9923427713724686,0.0,0.9923427713724686,0.7840331977464351,0.0041608143301261,0.0041608143301261,0.9958070795191348,0.9800258132274045,5,5,196,87,0.9820052028270684
C3_cash_reg_cash_features_cash_full_clean_apdtm5_hparams,bpi2012,fit+sim,candidate,IMf,inductive_miner_imf,da01a502b50ae65f,17145,0.7534151481583533,0.8121921418178204,0.0,0.8121921418178204,0.5834069149930922,0.058776993659467,0.058776993659467,0.9276316641922754,0.7430909570726085,45,40,196,87,0.8129508469426217
C3_cash_reg_cash_features_cash_full_clean_apdtm5_hparams,bpi2012,pre+gen,candidate,HM,heuristics_miner,d2b4450b0869c10c,17145,0.9500035575937522,0.9634656515705696,0.0,0.9634656515705696,0.5478586290034753,0.0134620939768173,0.0134620939768173,0.9860274271792956,0.9676085983974344,11,3,196,87,0.8658396529830799
C3_cash_reg_cash_features_cash_full_clean_apdtm5_hparams,bpi2012,pre+sim,candidate,HM,heuristics_miner,d99ed3042679ac1a,17145,0.5630053685489242,0.8077460186427269,0.0,0.786257565667103,0.2919435871764073,0.2447406500938026,0.2232521971181787,0.6970079153035682,0.5483595309203237,130,51,196,87,0.7257401104379739
C3_cash_reg_cash_features_cash_full_clean_apdtm5_hparams,bpi2012,gen+sim,candidate,AM,alpha_miner_classic,f5dfdeada5f4e603,17145,0.9184776167632608,0.9184776167632608,0.0,0.9184776167632608,0.6817345950959122,0.0,0.0,1.0,1.0,1,1,196,87,0.8061670616406951
C3_cash_reg_cash_features_cash_full_clean_apdtm5_hparams,bpi2012,mix-fit,candidate,HM,heuristics_miner,ec7bee5b1bfcdb5d,17145,0.8376844109644911,0.8579335371394458,0.0,0.8579335371394458,0.565132495867034,0.0202491261749546,0.0202491261749546,0.9763977915556604,0.9308433942483298,7,7,196,87,0.8215837363207796
C3_cash_reg_cash_features_cash_full_clean_apdtm5_hparams,bpi2012,mix-prec,candidate,HM,heuristics_miner,16f0cc77977c4d21,17145,0.6699413127009066,0.9094815824532986,0.0,0.9094815824532986,0.5647060571163371,0.2395402697523919,0.2395402697523919,0.7366188888550778,0.3052283235061981,149,66,196,87,0.8382914514528571
C3_cash_reg_cash_features_cash_full_clean_apdtm5_hparams,bpi2012,mix-simp,candidate,HM,heuristics_miner,e26e5e46f99ccbb3,17145,0.7469688952085023,0.8154342316428806,0.0,0.7908151071731038,0.6531919454159001,0.0684653364343783,0.0438462119646014,0.9160381870449084,0.6814038319948247,57,46,196,87,0.7974110350435266
C3_cash_reg_cash_features_cash_full_clean_apdtm5_hparams,bpi2012,mix-gen,candidate,HM,heuristics_miner,d99ed3042679ac1a,17145,0.7471235822375321,0.858090575541927,0.0,0.8354900416856049,0.6550960964129823,0.1109669933043949,0.0883664594480728,0.8706814915962527,0.5101473094646944,110,38,196,87,0.8078082343860734
C3_cash_reg_cash_features_cash_full_clean_apdtm5_hparams,bpi2013_closed_problems,equal,candidate,HM,heuristics_miner,54f7f648ad3351ff,17232,0.8816242514064788,0.9163782860150956,0.0,0.9163782860150956,0.771082125833427,0.0347540346086169,0.0347540346086169,0.962074576472402,0.7608055535317467,17,13,196,87,0.9063236934027684
C3_cash_reg_cash_features_cash_full_clean_apdtm5_hparams,bpi2013_closed_problems,fitn,candidate,IMf,inductive_miner_imf,685e2f2ecd62d260,17232,0.9996714609038476,1.0,0.0,1.0,0.6403632397723371,0.0003285390961523,0.0003285390961523,0.9996714609038476,0.9990864696480292,7,6,196,87,0.999411756694458
C3_cash_reg_cash_features_cash_full_clean_apdtm5_hparams,bpi2013_closed_problems,prec,candidate,HM,heuristics_miner,41278f47d85c2522,17232,0.9979896307269072,1.0,0.0,1.0,0.7923798798798799,0.0020103692730928,0.0020103692730928,0.9979896307269072,0.9903170787497392,85,5,196,87,0.988150025238817
C3_cash_reg_cash_features_cash_full_clean_apdtm5_hparams,bpi2013_closed_problems,gene,candidate,IMf,inductive_miner_imf,9697befff4e40604,17232,0.9559026622070114,0.9751741745874558,0.0,0.9559026622070114,0.6806984046483963,0.0192715123804444,0.0,0.9802378765940996,1.0,4,1,196,87,0.9787876385673696
C3_cash_reg_cash_features_cash_full_clean_apdtm5_hparams,bpi2013_closed_problems,simp,candidate,AM,alpha_miner_classic,7c5f11f12d85d342,17232,1.0,1.0,0.0,1.0,0.6190476190476191,0.0,0.0,1.0,1.0,1,1,196,87,0.8191362598160812
C3_cash_reg_cash_features_cash_full_clean_apdtm5_hparams,bpi2013_closed_problems,fit+pre,candidate,HM,heuristics_miner,7456961d7d532990,17232,0.979606884293844,0.9833244744389686,0.0,0.9833244744389686,0.8201816198861686,0.0037175901451245,0.0037175901451245,0.9962193657925116,0.977212669501738,6,6,196,87,0.9793115657632446
C3_cash_reg_cash_features_cash_full_clean_apdtm5_hparams,bpi2013_closed_problems,fit+gen,candidate,IMf,inductive_miner_imf,a578d2e6f397c58e,17232,0.9768396200213344,0.9768396200213344,0.0,0.9768396200213344,0.7633553486363038,0.0,0.0,1.0,1.0,1,1,196,87,0.988668199305354
C3_cash_reg_cash_features_cash_full_clean_apdtm5_hparams,bpi2013_closed_problems,fit+sim,candidate,IMf,inductive_miner_imf,9697befff4e40604,17232,0.8812412300942993,0.8813768133238105,0.0,0.8812412300942993,0.7370936537280899,0.0001355832295111,0.0,0.9998461688264751,1.0,2,1,196,87,0.8583706616391729
C3_cash_reg_cash_features_cash_full_clean_apdtm5_hparams,bpi2013_closed_problems,pre+gen,candidate,HM,heuristics_miner,8fdca8382b8de01b,17232,0.9111415126362624,0.9873630729568104,0.0,0.961577713413309,0.7720311753332957,0.076221560320548,0.0504362007770466,0.9228029056299514,0.7339112532049725,43,15,196,87,0.9783814997115484
C3_cash_reg_cash_features_cash_full_clean_apdtm5_hparams,bpi2013_closed_problems,pre+sim,candidate,HM,heuristics_miner,41278f47d85c2522,17232,0.8739948153634536,1.0,0.0,1.0,0.7267954731728345,0.1260051846365464,0.1260051846365464,0.8739948153634536,0.5387880790267441,94,9,196,87,0.8355233062717473
C3_cash_reg_cash_features_cash_full_clean_apdtm5_hparams,bpi2013_closed_problems,gen+sim,candidate,AM,alpha_miner_classic,7c5f11f12d85d342,17232,0.9511618447181912,0.987587087293728,0.0,0.9511618447181912,0.6585310205060162,0.0364252425755367,0.0,0.9631169311099922,1.0,4,1,196,87,0.8918504311473028
C3_cash_reg_cash_features_cash_full_clean_apdtm5_hparams,bpi2013_closed_problems,mix-fit,candidate,HM,heuristics_miner,7456961d7d532990,17232,0.9149138523154684,0.934116875905002,0.0,0.934116875905002,0.7931701880506052,0.0192030235895337,0.0192030235895337,0.9794425900175188,0.863756829749904,10,10,196,87,0.9225052440636844
C3_cash_reg_cash_features_cash_full_clean_apdtm5_hparams,bpi2013_closed_problems,mix-prec,candidate,HM,heuristics_miner,7456961d7d532990,17232,0.9130276824758652,0.9478472946591556,0.0,0.9478472946591556,0.7957193490561143,0.0348196121832903,0.0348196121832903,0.9632645338764074,0.7711162663423609,14,11,196,87,0.9466116957663018
C3_cash_reg_cash_features_cash_full_clean_apdtm5_hparams,bpi2013_closed_problems,mix-simp,candidate,IMf,inductive_miner_imf,d72e7fc019b98cfe,17232,0.8873108352472803,0.8876203584183078,0.0,0.8876203584183078,0.7430438586721694,0.0003095231710275,0.0003095231710275,0.9996512887879464,0.9978591045462368,4,4,196,87,0.8699104125238286
C3_cash_reg_cash_features_cash_full_clean_apdtm5_hparams,bpi2013_closed_problems,mix-gen,candidate,HM,heuristics_miner,54f7f648ad3351ff,17232,0.8483346504974895,0.9265291608189076,0.0,0.9249657997517868,0.7271251847810654,0.0781945103214182,0.0766311492542973,0.9156049117198788,0.6126621964572945,45,15,196,87,0.8901535818802364
C3_cash_reg_cash_features_cash_full_clean_apdtm5_hparams,bpi2013_incidents,equal,candidate,HM,heuristics_miner,6d674de5ca55a6de,17232,0.8741407348217747,0.922771311384078,0.0,0.8984451814185139,0.6771578170832514,0.0486305765623031,0.0243044465967392,0.9472994273203384,0.8901679421699077,34,27,196,87,0.885609588498055
C3_cash_reg_cash_features_cash_full_clean_apdtm5_hparams,bpi2013_incidents,fitn,candidate,IMf,inductive_miner_imf,43ee14d3ba2a3840,17232,1.0,1.0,0.0,1.0,0.2261167659340351,0.0,0.0,1.0,1.0,1,1,196,87,0.9989847135091036
C3_cash_reg_cash_features_cash_full_clean_apdtm5_hparams,bpi2013_incidents,prec,candidate,HM,heuristics_miner,b1032953db7cbdc5,17232,0.9994277250387128,1.0,0.0,1.0,0.6000158860441103,0.0005722749612872,0.0005722749612872,0.9994277250387128,0.9985692557746172,54,3,196,87,0.9339141339382598
C3_cash_reg_cash_features_cash_full_clean_apdtm5_hparams,bpi2013_incidents,gene,candidate,IMf,inductive_miner_imf,d6726280fa5a23f8,17232,0.8702220201766876,0.9924026869731328,0.0,0.989726016820858,0.838386283818375,0.1221806667964452,0.1195039966441704,0.8768839822783017,0.2103594061302478,151,78,196,87,0.986406137147747
C3_cash_reg_cash_features_cash_full_clean_apdtm5_hparams,bpi2013_incidents,simp,candidate,AM,alpha_miner_classic,ed85abd9c8a01ce2,17232,1.0,1.0,0.0,1.0,0.6000000000000001,0.0,0.0,1.0,1.0,1,1,196,87,0.8115128783094875
C3_cash_reg_cash_features_cash_full_clean_apdtm5_hparams,bpi2013_incidents,fit+pre,candidate,HM,heuristics_miner,81344b96357ba37f,17232,0.9554491226288636,0.9765794350540196,0.0,0.9673974304135688,0.4130663259890726,0.0211303124251559,0.0119483077847052,0.9783629352956964,0.9784455396975966,23,21,196,87,0.9458428574508644
C3_cash_reg_cash_features_cash_full_clean_apdtm5_hparams,bpi2013_incidents,fit+gen,candidate,IMf,inductive_miner_imf,a1365ed99f2e27fa,17232,0.992688450921566,0.9948630084104292,0.0,0.9948630084104292,0.5543076911444477,0.0021745574888629,0.0021745574888629,0.9978142141475966,0.9950640534715188,2,2,196,87,0.990927953101451
C3_cash_reg_cash_features_cash_full_clean_apdtm5_hparams,bpi2013_incidents,fit+sim,candidate,IMf,inductive_miner_imf,84de51991fce9b01,17232,0.8645509542431231,0.8762171658937965,0.0,0.8645509542431231,0.6130583829670175,0.0116662116506733,0.0,0.9866857074880824,1.0,3,1,196,87,0.8718954539289114
C3_cash_reg_cash_features_cash_full_clean_apdtm5_hparams,bpi2013_incidents,pre+gen,candidate,HM,heuristics_miner,b1032953db7cbdc5,17232,0.9691953215682892,0.9962013434865664,0.0,0.9702210733904376,0.7412572511994853,0.0270060219182772,0.0010257518221484,0.9728910003034528,0.9955200266472972,7,2,196,87,0.9309594023748792
C3_cash_reg_cash_features_cash_full_clean_apdtm5_hparams,bpi2013_incidents,pre+sim,candidate,HM,heuristics_miner,b1032953db7cbdc5,17232,0.8330471958526897,1.0,0.0,0.8518518518518519,0.6462487440701031,0.1669528041473102,0.0188046559991621,0.8330471958526897,0.908539047867294,66,3,196,87,0.8298173570964553
C3_cash_reg_cash_features_cash_full_clean_apdtm5_hparams,bpi2013_incidents,gen+sim,candidate,AM,alpha_miner_classic,ed85abd9c8a01ce2,17232,0.94124930817743,0.9962013434865664,0.0,0.94124930817743,0.7616049210752689,0.0549520353091363,0.0,0.944838424813992,1.0,4,1,196,87,0.8887456710309779
C3_cash_reg_cash_features_cash_full_clean_apdtm5_hparams,bpi2013_incidents,mix-fit,candidate,HM,heuristics_miner,81344b96357ba37f,17232,0.8914326267408512,0.9349837317539984,0.0,0.9064560765461308,0.5587013338223332,0.043551105013147,0.0150234498052796,0.9534204676145042,0.9567987205936916,32,29,196,87,0.9005303035658432
C3_cash_reg_cash_features_cash_full_clean_apdtm5_hparams,bpi2013_incidents,mix-prec,candidate,HM,heuristics_miner,81344b96357ba37f,17232,0.9208653387907106,0.9521545943141788,0.0,0.9307850842466936,0.6499792925109092,0.0312892555234681,0.0099197454559829,0.9671384713046464,0.9646739997965688,23,21,196,87,0.9114975706484498
C3_cash_reg_cash_features_cash_full_clean_apdtm5_hparams,bpi2013_incidents,mix-simp,candidate,IMf,inductive_miner_imf,bb155433aaddeaf2,17232,0.8771345294828939,0.893388028453977,0.0,0.87749262026701,0.7043363416555937,0.016253498971083,0.000358090784116,0.981806898622528,0.9979319792098346,6,4,196,87,0.8683445202191944
C3_cash_reg_cash_features_cash_full_clean_apdtm5_hparams,bpi2013_incidents,mix-gen,candidate,HM,heuristics_miner,6d674de5ca55a6de,17232,0.8568488429026982,0.9176337438459292,0.0,0.8904342862908972,0.7736190326066823,0.0607849009432309,0.0335854433881989,0.933759082694068,0.7124909433575345,64,28,196,87,0.8719049372787604
C3_cash_reg_cash_features_cash_full_clean_apdtm5_hparams,bpi2013_open_problems,equal,candidate,IMf,inductive_miner_imf,196324b5a1d06553,17232,0.8504110620922044,0.9162455491114012,0.0,0.9162455491114012,0.7971612190845068,0.0658344870191968,0.0658344870191968,0.928147550530483,0.4471607892967236,89,54,196,87,0.9051699679310792
C3_cash_reg_cash_features_cash_full_clean_apdtm5_hparams,bpi2013_open_problems,fitn,candidate,IMf,inductive_miner_imf,570cdef08cfa5e61,17232,1.0,1.0,0.0,1.0,0.5167192429022083,0.0,0.0,1.0,1.0,1,1,196,87,0.9999848368838676
C3_cash_reg_cash_features_cash_full_clean_apdtm5_hparams,bpi2013_open_problems,prec,candidate,HM,heuristics_miner,c1d7bad604679c58,17232,0.9980653898239504,1.0,0.0,1.0,0.9065645824471856,0.0019346101760495,0.0019346101760495,0.9980653898239504,0.979294680467864,83,2,196,87,0.9396834674604544
C3_cash_reg_cash_features_cash_full_clean_apdtm5_hparams,bpi2013_open_problems,gene,candidate,IMf,inductive_miner_imf,570cdef08cfa5e61,17232,0.9523525757945852,0.9656228232165908,0.0,0.9656228232165908,0.8401877722579618,0.0132702474220055,0.0132702474220055,0.986257317968313,0.8942062260860215,32,8,196,87,0.9665813282031448
C3_cash_reg_cash_features_cash_full_clean_apdtm5_hparams,bpi2013_open_problems,simp,candidate,AM,alpha_miner_classic,65361c91085f4e7e,17232,0.7142857142857143,1.0,0.0,0.7391304347826086,0.6129032258064515,0.2857142857142857,0.0248447204968943,0.7142857142857143,0.8031746031746038,36,3,196,87,0.8413104568764375
C3_cash_reg_cash_features_cash_full_clean_apdtm5_hparams,bpi2013_open_problems,fit+pre,candidate,IMf,inductive_miner_imf,196324b5a1d06553,17232,0.8941509953496671,0.9819381210475931,0.0,0.9819381210475931,0.7583596214511041,0.0877871256979261,0.0877871256979261,0.9105981081534248,0.6073543482205895,99,81,196,87,0.92725962922392
C3_cash_reg_cash_features_cash_full_clean_apdtm5_hparams,bpi2013_open_problems,fit+gen,candidate,IMf,inductive_miner_imf,570cdef08cfa5e61,17232,0.9761762878972926,0.9828114116082952,0.0,0.9828114116082952,0.7371795810261562,0.0066351237110027,0.0066351237110027,0.9932488332627876,0.9729875248852003,10,5,196,87,0.9832830825435062
C3_cash_reg_cash_features_cash_full_clean_apdtm5_hparams,bpi2013_open_problems,fit+sim,candidate,IMf,inductive_miner_imf,6453bbb0c9938050,17232,0.8444444444444444,0.8644377932873344,0.0,0.8644377932873344,0.6155024785939613,0.0199933488428899,0.0199933488428899,0.9768712693982778,0.91968456196134,6,6,196,87,0.902069004522524
C3_cash_reg_cash_features_cash_full_clean_apdtm5_hparams,bpi2013_open_problems,pre+gen,candidate,HM,heuristics_miner,c1d7bad604679c58,17232,0.9237093411838004,0.9793652708841788,0.0,0.978819959575052,0.8989242690923871,0.0556559297003782,0.0551106183912515,0.943171428112688,0.3102178846153295,61,13,196,87,0.9483333994995984
C3_cash_reg_cash_features_cash_full_clean_apdtm5_hparams,bpi2013_open_problems,pre+sim,candidate,HM,heuristics_miner,3cc25bd0fc69cedc,17232,0.8124011353724702,0.9951923076923076,0.0,0.8571428571428572,0.7781942718968807,0.1827911723198375,0.044741721770387,0.8163257785385207,0.4332802591587003,126,28,196,87,0.8510230354401892
C3_cash_reg_cash_features_cash_full_clean_apdtm5_hparams,bpi2013_open_problems,gen+sim,candidate,AM,alpha_miner_classic,65361c91085f4e7e,17232,0.8359628167179092,0.978819959575052,0.0,0.8505529771752094,0.7336332230019579,0.1428571428571429,0.0145901604573002,0.8540516655185869,0.8752121866790744,36,3,196,87,0.8975918310093252
C3_cash_reg_cash_features_cash_full_clean_apdtm5_hparams,bpi2013_open_problems,mix-fit,candidate,IMf,inductive_miner_imf,196324b5a1d06553,17232,0.8537404992858345,0.9321610267210648,0.0,0.9321610267210648,0.7453088319330367,0.0784205274352302,0.0784205274352302,0.9158723383758284,0.5803071645789695,93,81,196,87,0.912988753419124
C3_cash_reg_cash_features_cash_full_clean_apdtm5_hparams,bpi2013_open_problems,mix-prec,candidate,IMf,inductive_miner_imf,196324b5a1d06553,17232,0.8874921209624071,0.9501071658282664,0.0,0.9501071658282664,0.8590082960343259,0.0626150448658593,0.0626150448658593,0.934096860735416,0.3126693557506222,111,75,196,87,0.9116220582478306
C3_cash_reg_cash_features_cash_full_clean_apdtm5_hparams,bpi2013_open_problems,mix-simp,candidate,IMf,inductive_miner_imf,fb80094bbb32a74c,17232,0.8133300032220019,0.8823839323945362,0.0,0.8823839323945362,0.7322580424149691,0.0690539291725342,0.0690539291725342,0.9217416289696688,0.5400265125360265,86,54,196,87,0.8988674684941178
C3_cash_reg_cash_features_cash_full_clean_apdtm5_hparams,bpi2013_open_problems,mix-gen,candidate,IMf,inductive_miner_imf,196324b5a1d06553,17232,0.8470816248985744,0.9253321454132266,0.0,0.9003300715017378,0.8082745256617534,0.0782505205146522,0.0532484466031634,0.9154352078845076,0.4215617742822085,61,17,196,87,0.8973511824430342
C3_cash_reg_cash_features_cash_full_clean_apdtm5_hparams,bpi2017,equal,candidate,HM,heuristics_miner,7aa6eb00c0305497,17232,0.8296442583129863,0.8802301190425359,0.0,0.8531066656815616,0.5001675983519174,0.0505858607295496,0.0234624073685753,0.9425310954088074,0.933522781861206,26,20,196,87,0.7510060831246055
C3_cash_reg_cash_features_cash_full_clean_apdtm5_hparams,bpi2017,fitn,candidate,HM,heuristics_miner,6cfc725146e82955,17232,0.9299750929211812,1.0,0.0,1.0,0.495774473479623,0.0700249070788188,0.0700249070788188,0.9299750929211812,0.8611238356731847,25,22,196,87,0.9399395226874824
C3_cash_reg_cash_features_cash_full_clean_apdtm5_hparams,bpi2017,prec,candidate,HM,heuristics_miner,481897a008a41042,17232,0.7312690816073933,0.9982184707429071,0.0,0.9982184707429071,0.1259019512485154,0.2669493891355138,0.2669493891355138,0.7325741839490896,0.693976460184152,100,41,196,87,0.8036875679111507
C3_cash_reg_cash_features_cash_full_clean_apdtm5_hparams,bpi2017,gene,candidate,IMf,inductive_miner_imf,3ac23cfcda623d88,17232,0.9899337010463576,0.99095165942404,0.0,0.99095165942404,0.7802368441849864,0.0010179583776823,0.0010179583776823,0.9989727466844608,0.9951690232292044,3,3,196,87,0.9439750959627796
C3_cash_reg_cash_features_cash_full_clean_apdtm5_hparams,bpi2017,simp,candidate,AM,alpha_miner_classic,9a9cd65c1066e3fa,17232,0.392,0.7701149425287357,0.0,0.6842105263157894,0.392,0.3781149425287357,0.2922105263157893,0.5090149253731343,0.0,165,87,196,87,0.6985291693403949
C3_cash_reg_cash_features_cash_full_clean_apdtm5_hparams,bpi2017,fit+pre,candidate,HM,heuristics_miner,7aa6eb00c0305497,17232,0.9216595329814552,0.9550451175767803,0.0,0.9550451175767803,0.3108382123640691,0.0333855845953252,0.0333855845953252,0.9650429241709187,0.9481756803207478,25,25,196,87,0.8239443454312643
C3_cash_reg_cash_features_cash_full_clean_apdtm5_hparams,bpi2017,fit+gen,candidate,HM,heuristics_miner,779c11f388d4de08,17232,0.9204406743041746,0.9949668505231788,0.0,0.9949668505231788,0.7413842210795771,0.0745261762190041,0.0745261762190041,0.9250968249044514,0.7061069349169312,28,19,196,87,0.9016991468665784
C3_cash_reg_cash_features_cash_full_clean_apdtm5_hparams,bpi2017,fit+sim,candidate,HM,heuristics_miner,9398d42cb708f020,17232,0.7644317727347332,0.8402404432249244,0.0,0.825386541776858,0.4438872367398115,0.0758086704901912,0.0609547690421248,0.9097774082389676,0.8402231190533738,30,21,196,87,0.7229250723671277
C3_cash_reg_cash_features_cash_full_clean_apdtm5_hparams,bpi2017,pre+gen,candidate,HM,heuristics_miner,7aa6eb00c0305497,17232,0.9528194763154744,0.98591999350851,0.0,0.95848390371448,0.5409867884187414,0.0331005171930356,0.0056644273990057,0.9664267715321976,0.9864324154791028,6,4,196,87,0.8245925593505343
C3_cash_reg_cash_features_cash_full_clean_apdtm5_hparams,bpi2017,pre+sim,candidate,HM,heuristics_miner,7aa6eb00c0305497,17232,0.7741648516453157,0.8723812160130642,0.0,0.7972159570193,0.2589509756242577,0.0982163643677485,0.0230511053739843,0.8874157735575571,0.9571751717634652,21,19,196,87,0.6184617481726158
C3_cash_reg_cash_features_cash_full_clean_apdtm5_hparams,bpi2017,gen+sim,candidate,AM,alpha_miner_classic,9a9cd65c1066e3fa,17232,0.6894969843397657,0.8792604640175905,0.0,0.8063040891652848,0.6625648418098955,0.1897634796778248,0.1168071048255191,0.7841783095639924,0.1873680503090543,107,81,196,87,0.8117060565299867
C3_cash_reg_cash_features_cash_full_clean_apdtm5_hparams,bpi2017,mix-fit,candidate,HM,heuristics_miner,7aa6eb00c0305497,17232,0.8418153245798764,0.8744182289149186,0.0,0.8744182289149186,0.413179771634357,0.0326029043350422,0.0326029043350422,0.9627147476379811,0.929314427666619,27,24,196,87,0.7654640928020833
C3_cash_reg_cash_features_cash_full_clean_apdtm5_hparams,bpi2017,mix-prec,candidate,HM,heuristics_miner,7aa6eb00c0305497,17232,0.8973174004476754,0.9247332260272324,0.0,0.910009749303839,0.4848138657991901,0.0274158255795571,0.0126923488561636,0.9703527192406194,0.9701494079586382,21,19,196,87,0.7950283260763088
C3_cash_reg_cash_features_cash_full_clean_apdtm5_hparams,bpi2017,mix-simp,candidate,HM,heuristics_miner,9398d42cb708f020,17232,0.7981134375914688,0.8548318499663207,0.0,0.7981134375914688,0.5155213309046448,0.0567184123748518,0.0,0.9336496266756013,1.0,10,1,196,87,0.723263054977827
C3_cash_reg_cash_features_cash_full_clean_apdtm5_hparams,bpi2017,mix-gen,candidate,HM,heuristics_miner,7aa6eb00c0305497,17232,0.8174731920460965,0.8969137795391169,0.0,0.8317951024482044,0.587155425069478,0.0794405874930204,0.0143219104021079,0.9114289586075472,0.9414571235722478,31,20,196,87,0.7365480734471277
C3_cash_reg_cash_features_cash_full_clean_apdtm5_hparams,bpi2020_domestic,equal,candidate,HM,heuristics_miner,2c6129ad4ba6531c,17145,0.9013014428805918,0.9013014428805918,0.0,0.9013014428805918,0.5280586222617515,0.0,0.0,1.0,1.0,1,1,196,87,0.8679748333110996
C3_cash_reg_cash_features_cash_full_clean_apdtm5_hparams,bpi2020_domestic,fitn,candidate,IM,inductive_miner_im,5113d39349ddacb6,17145,1.0,1.0,0.0,1.0,0.723032771051894,0.0,0.0,1.0,1.0,1,1,196,87,0.9999350219123694
C3_cash_reg_cash_features_cash_full_clean_apdtm5_hparams,bpi2020_domestic,prec,candidate,HM,heuristics_miner,ca5a0f829234aeee,17145,0.9441786760748668,0.986007752461474,0.0,0.9852620266906452,0.1111017056757099,0.0418290763866071,0.0410833506157783,0.9575773351860724,0.9530024989374044,64,31,196,87,0.9774768236436568
C3_cash_reg_cash_features_cash_full_clean_apdtm5_hparams,bpi2020_domestic,gene,candidate,IMf,inductive_miner_imf,49dca65ecc572022,17145,0.9066825262043146,0.9326053854610896,0.0,0.9326053854610896,0.7516056740657073,0.025922859256775,0.025922859256775,0.9722038284778308,0.8567795547466469,45,43,196,87,0.9192305779490562
C3_cash_reg_cash_features_cash_full_clean_apdtm5_hparams,bpi2020_domestic,simp,candidate,IMf,inductive_miner_imf,167b503091320125,17145,0.6666666666666666,0.875,0.0,0.7391304347826086,0.3541666666666666,0.2083333333333333,0.072463768115942,0.7619047619047619,0.8117647058823529,27,7,196,87,0.6938273266709367
C3_cash_reg_cash_features_cash_full_clean_apdtm5_hparams,bpi2020_domestic,fit+pre,candidate,HM,heuristics_miner,ca5a0f829234aeee,17145,0.927306881679178,0.980580685505521,0.0,0.980580685505521,0.4865074575922279,0.0532738038263431,0.0532738038263431,0.945671167489008,0.8921742753572303,89,43,196,87,0.9793390245601962
C3_cash_reg_cash_features_cash_full_clean_apdtm5_hparams,bpi2020_domestic,fit+gen,candidate,IMf,inductive_miner_imf,49dca65ecc572022,17145,0.9529492086056026,0.9529492086056026,0.0,0.9529492086056026,0.7540428391238887,0.0,0.0,1.0,1.0,1,1,196,87,0.9588766426482388
C3_cash_reg_cash_features_cash_full_clean_apdtm5_hparams,bpi2020_domestic,fit+sim,candidate,IMf,inductive_miner_imf,e9289286e94060bd,17145,0.8273300792329799,0.892967594352212,0.0,0.8450925293030556,0.5385997188592803,0.0656375151192321,0.0177624500700757,0.9264950760426556,0.9420461118015878,16,2,196,87,0.839412741921724
C3_cash_reg_cash_features_cash_full_clean_apdtm5_hparams,bpi2020_domestic,pre+gen,candidate,HM,heuristics_miner,5aab509544030eb7,17145,0.9335764537942012,0.957510356458128,0.0,0.957510356458128,0.461723072803957,0.0239339026639267,0.0239339026639267,0.9750040273689996,0.9517254607913233,16,16,196,87,0.9252641377356974
C3_cash_reg_cash_features_cash_full_clean_apdtm5_hparams,bpi2020_domestic,pre+sim,candidate,HM,heuristics_miner,5aab509544030eb7,17145,0.8148941082321586,0.8607303005919194,0.0,0.8607303005919194,0.3020744053996142,0.0458361923597607,0.0458361923597607,0.946747323373838,0.9179527276911976,4,4,196,87,0.8216083719431295
C3_cash_reg_cash_features_cash_full_clean_apdtm5_hparams,bpi2020_domestic,gen+sim,candidate,IMf,inductive_miner_imf,14ebea71ffee4963,17145,0.7625101659627997,0.836843156586478,0.0,0.8358679101218491,0.569609786931275,0.0743329906236782,0.0733577441590493,0.9111745253114264,0.7244863620309394,56,47,196,87,0.7920017547205516
C3_cash_reg_cash_features_cash_full_clean_apdtm5_hparams,bpi2020_domestic,mix-fit,candidate,HM,heuristics_miner,ca5a0f829234aeee,17145,0.8636212953851464,0.9217713572150562,0.0,0.9217713572150562,0.5135463757134479,0.0581500618299097,0.0581500618299097,0.9369148744157136,0.8575538870354982,72,49,196,87,0.8961092467166096
C3_cash_reg_cash_features_cash_full_clean_apdtm5_hparams,bpi2020_domestic,mix-prec,candidate,HM,heuristics_miner,2c6129ad4ba6531c,17145,0.939640856836592,0.939640856836592,0.0,0.939640856836592,0.5155319506888352,0.0,0.0,1.0,1.0,1,1,196,87,0.9046301767301964
C3_cash_reg_cash_features_cash_full_clean_apdtm5_hparams,bpi2020_domestic,mix-simp,candidate,HM,heuristics_miner,2c6129ad4ba6531c,17145,0.8629620289245914,0.8629620289245914,0.0,0.8629620289245914,0.5405852938346677,0.0,0.0,1.0,1.0,1,1,196,87,0.8313194898920029
C3_cash_reg_cash_features_cash_full_clean_apdtm5_hparams,bpi2020_domestic,mix-gen,candidate,HM,heuristics_miner,2c6129ad4ba6531c,17145,0.8808315285461273,0.88113234738198,0.0,0.88113234738198,0.5425708688100551,0.0003008188358526,0.0003008188358526,0.9996585997134864,0.9991114794361086,2,2,196,87,0.8416885818488301
C3_cash_reg_cash_features_cash_full_clean_apdtm5_hparams,bpi2020_international,equal,candidate,HM,heuristics_miner,26e88b73658ad95c,17232,0.8191450679569319,0.8501918473231604,0.0,0.8339546459567867,0.4273062136187044,0.0310467793662285,0.0148095779998548,0.9634826192888348,0.963581371961266,15,7,196,87,0.8166623003536174
C3_cash_reg_cash_features_cash_full_clean_apdtm5_hparams,bpi2020_international,fitn,candidate,IM,inductive_miner_im,cfc3cfd9b264bc4a,17232,1.0,1.0,0.0,1.0,0.543631678095892,0.0,0.0,1.0,1.0,1,1,196,87,0.9995620826295004
C3_cash_reg_cash_features_cash_full_clean_apdtm5_hparams,bpi2020_international,prec,candidate,HM,heuristics_miner,3502fe6025e21858,17232,0.9619118334570856,1.0,0.0,0.9838819920204732,0.0,0.0380881665429143,0.0219701585633875,0.9619118334570856,0.977669925111374,12,5,196,87,0.9197780287627586
C3_cash_reg_cash_features_cash_full_clean_apdtm5_hparams,bpi2020_international,gene,candidate,IMf,inductive_miner_imf,417d3dbab29b85e7,17232,0.9032196165727332,0.9418786896404474,0.0,0.9418786896404474,0.6807656098412334,0.0386590730677142,0.0386590730677142,0.9589553585903172,0.8519450917685106,25,9,196,87,0.9230775000222092
C3_cash_reg_cash_features_cash_full_clean_apdtm5_hparams,bpi2020_international,simp,candidate,HM,heuristics_miner,1ebb3bf23547b360,17232,0.6756756756756757,0.726190476190476,0.0,0.6969696969696969,0.2668810289389067,0.0505148005148003,0.0212940212940212,0.9304386353566684,0.9504892296011463,9,5,196,87,0.7005968471605541
C3_cash_reg_cash_features_cash_full_clean_apdtm5_hparams,bpi2020_international,fit+pre,candidate,HM,heuristics_miner,07257e3aba3414f9,17232,0.8796324591328901,0.9444725618292222,0.0,0.93993393025119,0.271815839047946,0.0648401026963321,0.0603014711182998,0.9313478174837054,0.909744292345534,63,30,196,87,0.9136349574529984
C3_cash_reg_cash_features_cash_full_clean_apdtm5_hparams,bpi2020_international,fit+gen,candidate,IMf,inductive_miner_imf,417d3dbab29b85e7,17232,0.9511551196791704,0.9642924535411258,0.0,0.9642924535411258,0.7211719127679556,0.0131373338619554,0.0131373338619554,0.9863761934320736,0.9459637025313606,9,6,196,87,0.9607662309030623
C3_cash_reg_cash_features_cash_full_clean_apdtm5_hparams,bpi2020_international,fit+sim,candidate,HM,heuristics_miner,38309ceca35764db,17232,0.8242506513210164,0.8252695672008914,0.0,0.8252695672008914,0.4052563535173993,0.001018915879875,0.001018915879875,0.998765353866942,0.9975740861318644,2,2,196,87,0.8182657493609234
C3_cash_reg_cash_features_cash_full_clean_apdtm5_hparams,bpi2020_international,pre+gen,candidate,HM,heuristics_miner,b1ebe12e87daa284,17232,0.8903352776288136,0.9244692854293904,0.0,0.9041184348832808,0.4493560737200096,0.0341340078005767,0.0137831572544673,0.9630771856474144,0.9696915170833172,10,3,196,87,0.8762739807649059
C3_cash_reg_cash_features_cash_full_clean_apdtm5_hparams,bpi2020_international,pre+sim,candidate,HM,heuristics_miner,b1ebe12e87daa284,17232,0.7843807639086371,0.863095238095238,0.0,0.7843807639086371,0.1334405144694533,0.0787144741866009,0.0,0.9087997816320762,1.0,5,1,196,87,0.751797400652076
C3_cash_reg_cash_features_cash_full_clean_apdtm5_hparams,bpi2020_international,gen+sim,candidate,HM,heuristics_miner,38309ceca35764db,17232,0.7867161272311131,0.8021013140485984,0.0,0.8021013140485984,0.5827965881894629,0.0153851868174853,0.0153851868174853,0.9808188983760308,0.9298456211683848,12,4,196,87,0.7979613341219569
C3_cash_reg_cash_features_cash_full_clean_apdtm5_hparams,bpi2020_international,mix-fit,candidate,HM,heuristics_miner,07257e3aba3414f9,17232,0.817655909734262,0.8651430903153831,0.0,0.8558195195042841,0.36070009177014,0.047487180581121,0.038163609770022,0.9451106052713084,0.9229203952980124,39,25,196,87,0.8424354724499712
C3_cash_reg_cash_features_cash_full_clean_apdtm5_hparams,bpi2020_international,mix-prec,candidate,HM,heuristics_miner,b1ebe12e87daa284,17232,0.8694918291273745,0.8789785552291676,0.0,0.8765359941053709,0.4050280827450748,0.009486726101793,0.0070441649779963,0.989207101759929,0.985060346161162,9,2,196,87,0.8545400270946961
C3_cash_reg_cash_features_cash_full_clean_apdtm5_hparams,bpi2020_international,mix-simp,candidate,HM,heuristics_miner,38309ceca35764db,17232,0.7737647399348628,0.8280233355013684,0.0,0.7913732978082023,0.4495843444923341,0.0542585955665055,0.0176085578733394,0.934472141979366,0.9484811966492482,23,13,196,87,0.801328271134247
C3_cash_reg_cash_features_cash_full_clean_apdtm5_hparams,bpi2020_international,mix-gen,candidate,HM,heuristics_miner,2536d00ac2393cf1,17232,0.7560787121107022,0.8352406043309378,0.0,0.8189557385861124,0.4939123354672689,0.0791618922202356,0.0628770264754101,0.9052226486478736,0.8065580600249227,39,19,196,87,0.7936540269719118
C3_cash_reg_cash_features_cash_full_clean_apdtm5_hparams,bpi2020_payment,equal,candidate,HM,heuristics_miner,76f9d2f741e58cc1,17232,0.8696763776738392,0.8696763776738392,0.0,0.8696763776738392,0.4539079536155171,0.0,0.0,1.0,1.0,1,1,196,87,0.8837216562929318
C3_cash_reg_cash_features_cash_full_clean_apdtm5_hparams,bpi2020_payment,fitn,candidate,IM,inductive_miner_im,560de7b4bb2edb08,17232,1.0,1.0,0.0,1.0,0.6986954515961711,0.0,0.0,1.0,1.0,1,1,196,87,0.999654387814504
C3_cash_reg_cash_features_cash_full_clean_apdtm5_hparams,bpi2020_payment,prec,candidate,HM,heuristics_miner,76f9d2f741e58cc1,17232,0.9812575474351128,1.0,0.0,0.9843810507293146,0.0,0.0187424525648871,0.0031235032942017,0.9812575474351128,0.996826936792528,11,4,196,87,0.948292696172005
C3_cash_reg_cash_features_cash_full_clean_apdtm5_hparams,bpi2020_payment,gene,candidate,IMf,inductive_miner_imf,b5227fb408bd1324,17232,0.9042989365923124,0.9042989365923124,0.0,0.9042989365923124,0.6750512131653676,0.0,0.0,1.0,1.0,1,1,196,87,0.925520389521133
C3_cash_reg_cash_features_cash_full_clean_apdtm5_hparams,bpi2020_payment,simp,candidate,HM,heuristics_miner,d0ac158fa88b1db5,17232,0.6923076923076922,0.8214285714285714,0.0,0.6981132075471698,0.3333333333333333,0.1291208791208792,0.0058055152394775,0.8428093645484949,0.9840848806366046,18,8,196,87,0.7112828160426906
C3_cash_reg_cash_features_cash_full_clean_apdtm5_hparams,bpi2020_payment,fit+pre,candidate,HM,heuristics_miner,ff42212892f93877,17232,0.9511802044192164,0.9825892284678608,0.0,0.9825892284678608,0.3493477257980855,0.0314090240486445,0.0314090240486445,0.9680344307278635,0.950399612286588,12,12,196,87,0.9576773969563168
C3_cash_reg_cash_features_cash_full_clean_apdtm5_hparams,bpi2020_payment,fit+gen,candidate,IMf,inductive_miner_imf,b5227fb408bd1324,17232,0.951497082337022,0.951497082337022,0.0,0.951497082337022,0.7411492405643676,0.0,0.0,1.0,1.0,1,1,196,87,0.9597101509624762
C3_cash_reg_cash_features_cash_full_clean_apdtm5_hparams,bpi2020_payment,fit+sim,candidate,HM,heuristics_miner,76f9d2f741e58cc1,17232,0.8242149562965362,0.8691224178435837,0.0,0.841625242332154,0.5160143924647522,0.0449074615470475,0.0174102860356177,0.9483301079053176,0.9465303872929672,29,14,196,87,0.8329390323489068
C3_cash_reg_cash_features_cash_full_clean_apdtm5_hparams,bpi2020_payment,pre+gen,candidate,HM,heuristics_miner,d0ac158fa88b1db5,17232,0.916868426053467,0.916868426053467,0.0,0.916868426053467,0.391801514766282,0.0,0.0,1.0,1.0,1,1,196,87,0.935746284737695
C3_cash_reg_cash_features_cash_full_clean_apdtm5_hparams,bpi2020_payment,pre+sim,candidate,HM,heuristics_miner,d0ac158fa88b1db5,17232,0.8353662704651565,0.87,0.0,0.8353662704651565,0.1666666666666666,0.0346337295348434,0.0,0.9601911154771916,1.0,2,1,196,87,0.8296812759546319
C3_cash_reg_cash_features_cash_full_clean_apdtm5_hparams,bpi2020_payment,gen+sim,candidate,HM,heuristics_miner,d0ac158fa88b1db5,17232,0.7738098478960027,0.7955758933524278,0.0,0.783122214809832,0.5584681814329486,0.0217660454564251,0.0093123669138293,0.9726411450644808,0.9585479647355952,11,4,196,87,0.8173478248257537
C3_cash_reg_cash_features_cash_full_clean_apdtm5_hparams,bpi2020_payment,mix-fit,candidate,HM,heuristics_miner,76f9d2f741e58cc1,17232,0.9053177010011466,0.9053177010011466,0.0,0.9053177010011466,0.4245051502583915,0.0,0.0,1.0,1.0,1,1,196,87,0.9018768843131232
C3_cash_reg_cash_features_cash_full_clean_apdtm5_hparams,bpi2020_payment,mix-prec,candidate,HM,heuristics_miner,76f9d2f741e58cc1,17232,0.9102277500261444,0.9102277500261444,0.0,0.9102277500261444,0.4081533325123367,0.0,0.0,1.0,1.0,1,1,196,87,0.91819058227504
C3_cash_reg_cash_features_cash_full_clean_apdtm5_hparams,bpi2020_payment,mix-simp,candidate,HM,heuristics_miner,76f9d2f741e58cc1,17232,0.829125005321534,0.829125005321534,0.0,0.829125005321534,0.4996625747186974,0.0,0.0,1.0,1.0,1,1,196,87,0.8492527303108235
C3_cash_reg_cash_features_cash_full_clean_apdtm5_hparams,bpi2020_payment,mix-gen,candidate,HM,heuristics_miner,76f9d2f741e58cc1,17232,0.8340350543465319,0.836099433132433,0.0,0.836099433132433,0.4833107569726427,0.002064378785901,0.002064378785901,0.9975309410530672,0.994148398388598,5,5,196,87,0.8655664282727403
C3_cash_reg_cash_features_cash_full_clean_apdtm5_hparams,bpi2020_permit,equal,candidate,HM,heuristics_miner,c481762fc01bdf3c,17232,0.8297579919726721,0.8429076490043279,0.0,0.837665970840167,0.0,0.0131496570316558,0.0079079788674949,0.9843996468092456,0.9905595080344932,10,5,196,87,0.7863718875595985
C3_cash_reg_cash_features_cash_full_clean_apdtm5_hparams,bpi2020_permit,fitn,candidate,IMd,inductive_miner_imd,533cc4ab2b8e0bb9,17232,1.0,1.0,0.0,1.0,0.0,0.0,0.0,1.0,1.0,1,1,196,87,0.992866737173008
C3_cash_reg_cash_features_cash_full_clean_apdtm5_hparams,bpi2020_permit,prec,candidate,HM,heuristics_miner,26c5d45c96873bc8,17232,0.973606544842878,0.9911533085603246,0.0,0.986129179408336,0.0,0.0175467637174465,0.0125226345654579,0.9822966199417388,0.9873012229767184,3,2,196,87,0.9056205011390368
C3_cash_reg_cash_features_cash_full_clean_apdtm5_hparams,bpi2020_permit,gene,candidate,IMd,inductive_miner_imd,83bfdaba62b71641,17232,0.8652393738255396,0.9078165537742844,0.0,0.9036644397265806,0.0,0.0425771799487447,0.038425065901041,0.9530993571644752,0.9574786124010068,41,32,196,87,0.8919345619069518
C3_cash_reg_cash_features_cash_full_clean_apdtm5_hparams,bpi2020_permit,simp,candidate,IMf,inductive_miner_imf,7d7cec2d8c8194ea,17232,0.6557377049180328,0.7142857142857143,0.0,0.7007874015748031,0.0,0.0585480093676814,0.0450496966567702,0.918032786885246,0.9357156013998896,19,11,196,87,0.6358984147120845
C3_cash_reg_cash_features_cash_full_clean_apdtm5_hparams,bpi2020_permit,fit+pre,candidate,HM,heuristics_miner,26c5d45c96873bc8,17232,0.9115407060912478,0.9243881790529204,0.0,0.9243881790529204,0.0,0.0128474729616726,0.0128474729616726,0.9861016472810854,0.9861016472810854,6,4,196,87,0.8963743385768611
C3_cash_reg_cash_features_cash_full_clean_apdtm5_hparams,bpi2020_permit,fit+gen,candidate,IMd,inductive_miner_imd,533cc4ab2b8e0bb9,17232,0.93261968691277,0.9448808304983668,0.0,0.9433827022400416,0.0,0.0122611435855969,0.0107630153272717,0.9870236084913164,0.9885910401985164,7,4,196,87,0.942332595318622
C3_cash_reg_cash_features_cash_full_clean_apdtm5_hparams,bpi2020_permit,fit+sim,candidate,IMf,inductive_miner_imf,0b62cdd706a8a46d,17232,0.8047698051853329,0.8272924879786688,0.0,0.8210508173187079,0.0,0.0225226827933359,0.0162810121333749,0.9727754293425706,0.98017051832852,9,5,196,87,0.7896232413028901
C3_cash_reg_cash_features_cash_full_clean_apdtm5_hparams,bpi2020_permit,pre+gen,candidate,HM,heuristics_miner,288a6858c2ed8937,17232,0.9322600772514232,0.9322600772514232,0.0,0.9322600772514232,0.0,0.0,0.0,1.0,1.0,1,1,196,87,0.8538839090584751
C3_cash_reg_cash_features_cash_full_clean_apdtm5_hparams,bpi2020_permit,pre+sim,candidate,HM,heuristics_miner,d72d4659f6ad9e91,17232,0.7768274971399971,0.816594001468874,0.0,0.816594001468874,0.0,0.0397665043288768,0.0397665043288768,0.9513019881883216,0.9513019881883216,6,4,196,87,0.7284183385507685
C3_cash_reg_cash_features_cash_full_clean_apdtm5_hparams,bpi2020_permit,gen+sim,candidate,IMf,inductive_miner_imf,2cadec1a9339332a,17232,0.6985175434640691,0.7992898469819344,0.0,0.7992898469819344,0.0,0.1007723035178652,0.1007723035178652,0.8739227028863499,0.8739227028863499,89,58,196,87,0.733386603058753
C3_cash_reg_cash_features_cash_full_clean_apdtm5_hparams,bpi2020_permit,mix-fit,candidate,HM,heuristics_miner,c481762fc01bdf3c,17232,0.8564205341710445,0.8639118088087243,0.0,0.8599569185601915,0.0,0.0074912746376798,0.003536384389147,0.9913286581323506,0.9958877191254324,4,2,196,87,0.8121772934360806
C3_cash_reg_cash_features_cash_full_clean_apdtm5_hparams,bpi2020_permit,mix-prec,candidate,HM,heuristics_miner,288a6858c2ed8937,17232,0.8885842618048088,0.8885842618048088,0.0,0.8885842618048088,0.0,0.0,0.0,1.0,1.0,1,1,196,87,0.8302487968981392
C3_cash_reg_cash_features_cash_full_clean_apdtm5_hparams,bpi2020_permit,mix-simp,candidate,HM,heuristics_miner,07e7913e3089eea9,17232,0.7803200297439585,0.81761289182125,0.0,0.7972498110142302,0.0,0.0372928620772914,0.0169297812702716,0.9543881188147354,0.9787647723004984,18,12,196,87,0.7520712194425927
C3_cash_reg_cash_features_cash_full_clean_apdtm5_hparams,bpi2020_permit,mix-gen,candidate,HM,heuristics_miner,288a6858c2ed8937,17232,0.8256545805583848,0.8269571869508153,0.0,0.8269571869508153,0.0,0.0013026063924305,0.0013026063924305,0.998424820035444,0.998424820035444,3,3,196,87,0.7653827854643862
C3_cash_reg_cash_features_cash_full_clean_apdtm5_hparams,bpi2020_prepaid,equal,candidate,HM,heuristics_miner,c37c655dba38045b,17232,0.7766899874288093,0.8668476328686328,0.0,0.8586979426161805,0.3835715428314981,0.0901576454398234,0.0820079551873711,0.8959936648364979,0.8273976036176153,32,23,196,87,0.8311963766628419
C3_cash_reg_cash_features_cash_full_clean_apdtm5_hparams,bpi2020_prepaid,fitn,candidate,IM,inductive_miner_im,f657a1c5652eae0e,17232,1.0,1.0,0.0,1.0,0.4702681384715757,0.0,0.0,1.0,1.0,1,1,196,87,0.9993209721745892
C3_cash_reg_cash_features_cash_full_clean_apdtm5_hparams,bpi2020_prepaid,prec,candidate,HM,heuristics_miner,bd6fd87dd8783fc5,17232,0.9851180847622129,0.9997522759645756,0.0,0.9851180847622129,0.0,0.0146341912023627,0.0,0.9853621826584557,1.0,3,1,196,87,0.9010152685914076
C3_cash_reg_cash_features_cash_full_clean_apdtm5_hparams,bpi2020_prepaid,gene,candidate,IMf,inductive_miner_imf,8ed4d616fd3bcb77,17232,0.8911707006021861,0.9112866050560324,0.0,0.9112866050560324,0.5988575329285628,0.0201159044538463,0.0201159044538463,0.9779258201072653,0.9356144922210082,9,4,196,87,0.9466636280991084
C3_cash_reg_cash_features_cash_full_clean_apdtm5_hparams,bpi2020_prepaid,simp,candidate,HM,heuristics_miner,49a6424174530618,17232,0.6825396825396826,0.8241758241758241,0.0,0.7333333333333333,0.1867088607594936,0.1416361416361415,0.0507936507936507,0.8281481481481482,0.9070776129826692,41,18,196,87,0.7148054929227119
C3_cash_reg_cash_features_cash_full_clean_apdtm5_hparams,bpi2020_prepaid,fit+pre,candidate,HM,heuristics_miner,503ad4613c502b89,17232,0.9533923522906886,0.9548684615240935,0.0,0.9548684615240935,0.2351340692357878,0.001476109233405,0.001476109233405,0.9984541229573664,0.9979490917076896,4,3,196,87,0.9211949225277972
C3_cash_reg_cash_features_cash_full_clean_apdtm5_hparams,bpi2020_prepaid,fit+gen,candidate,IMf,inductive_miner_imf,8ed4d616fd3bcb77,17232,0.9452509384141062,0.949603353381388,0.0,0.949603353381388,0.6737886552832494,0.0043524149672817,0.0043524149672817,0.995416596885654,0.98421978597481,2,2,196,87,0.9724515692760842
C3_cash_reg_cash_features_cash_full_clean_apdtm5_hparams,bpi2020_prepaid,fit+sim,candidate,HM,heuristics_miner,49a6424174530618,17232,0.823437790696418,0.8494129668934964,0.0,0.8327493947082487,0.3284884996155346,0.0259751761970784,0.0093116040118307,0.9694198496968138,0.9815341540411958,17,7,196,87,0.8285796505104083
C3_cash_reg_cash_features_cash_full_clean_apdtm5_hparams,bpi2020_prepaid,pre+gen,candidate,HM,heuristics_miner,43677bb7a70418e1,17232,0.7266618297094016,0.9409693886867966,0.0,0.9223371416058134,0.4386545860474615,0.2143075589773949,0.1956753118964117,0.7722481075856469,0.5954468284047815,80,40,196,87,0.8690020914305967
C3_cash_reg_cash_features_cash_full_clean_apdtm5_hparams,bpi2020_prepaid,pre+sim,candidate,HM,heuristics_miner,43677bb7a70418e1,17232,0.6292266757944887,0.8334790489391193,0.0,0.821199676435816,0.0933544303797468,0.2042523731446306,0.1919730006413273,0.7549400031055249,0.7362447557615306,76,37,196,87,0.7663813743050676
C3_cash_reg_cash_features_cash_full_clean_apdtm5_hparams,bpi2020_prepaid,gen+sim,candidate,HM,heuristics_miner,49a6424174530618,17232,0.7773476064288216,0.815098321546149,0.0,0.8015541427480886,0.5320090164272083,0.0377507151173274,0.0242065363192669,0.9536856915056352,0.9101948655140948,39,21,196,87,0.7967953115035614
C3_cash_reg_cash_features_cash_full_clean_apdtm5_hparams,bpi2020_prepaid,mix-fit,candidate,HM,heuristics_miner,989ec8e29ca57bf8,17232,0.8632249837907912,0.8887029376845874,0.0,0.8869237526462591,0.3131799447500213,0.0254779538937962,0.0236987688554679,0.9713313045187224,0.9586945104604008,13,6,196,87,0.8535069172202826
C3_cash_reg_cash_features_cash_full_clean_apdtm5_hparams,bpi2020_prepaid,mix-prec,candidate,HM,heuristics_miner,989ec8e29ca57bf8,17232,0.8654822587289789,0.9102502378418412,0.0,0.8984168414639362,0.3759172653987414,0.0447679791128622,0.0329345827349573,0.9508179429658762,0.9369672546282644,16,9,196,87,0.8584738167758951
C3_cash_reg_cash_features_cash_full_clean_apdtm5_hparams,bpi2020_prepaid,mix-simp,candidate,HM,heuristics_miner,49a6424174530618,17232,0.7997174082873605,0.8311667650921324,0.0,0.8189790437684248,0.3912258202642548,0.0314493568047719,0.0192616354810643,0.9621623985394968,0.9549702154824872,12,5,196,87,0.8173614838650798
C3_cash_reg_cash_features_cash_full_clean_apdtm5_hparams,bpi2020_prepaid,mix-gen,candidate,HM,heuristics_miner,c37c655dba38045b,17232,0.7674627657194737,0.8449923280526782,0.0,0.8304721325861018,0.4539631409129749,0.0775295623332045,0.063009366866628,0.9082482056235056,0.8326484406477846,25,15,196,87,0.8092280615012857
C3_cash_reg_cash_features_cash_full_clean_apdtm5_hparams,bpic15_1,equal,candidate,HM,heuristics_miner,047b46f420412034,17145,0.6415088677840908,0.7538067736145151,0.0,0.7029554252303153,0.0,0.1122979058304243,0.0614465574462245,0.8510256079393475,0.9125882591686488,10,5,196,87,0.6994333344038913
C3_cash_reg_cash_features_cash_full_clean_apdtm5_hparams,bpic15_1,fitn,candidate,IMd,inductive_miner_imd,89475fb634b40b0a,17145,1.0,1.0,0.0,1.0,0.0,0.0,0.0,1.0,1.0,1,1,196,87,1.0
C3_cash_reg_cash_features_cash_full_clean_apdtm5_hparams,bpic15_1,prec,candidate,HM,heuristics_miner,19960b4a2c175fd9,17145,0.8105507491031864,0.9967132292522596,0.0,0.8105507491031864,0.0,0.1861624801490732,0.0,0.8132236287374921,1.0,5,1,196,87,0.7793744467666266
C3_cash_reg_cash_features_cash_full_clean_apdtm5_hparams,bpic15_1,gene,candidate,HM,heuristics_miner,7ffd94991d50d424,17145,0.7436516012818184,0.7947596517508088,0.0,0.7455937309312874,0.0,0.0511080504689903,0.001942129649469,0.935693702673,0.9973951904785422,13,3,196,87,0.7682366572097843
C3_cash_reg_cash_features_cash_full_clean_apdtm5_hparams,bpic15_1,simp,candidate,HM,heuristics_miner,177bf440d5ae2bae,17145,0.6507042253521127,1.0,0.0,0.6645739910313901,0.0,0.3492957746478873,0.0138697656792774,0.6507042253521127,0.979129839767349,35,4,196,87,0.6565196903934108
C3_cash_reg_cash_features_cash_full_clean_apdtm5_hparams,bpic15_1,fit+pre,candidate,HM,heuristics_miner,19960b4a2c175fd9,17145,0.8142852813322995,0.8688577238297088,0.0,0.8142852813322995,0.0,0.0545724424974093,0.0,0.9371905882854242,1.0,3,1,196,87,0.7988506475502992
C3_cash_reg_cash_features_cash_full_clean_apdtm5_hparams,bpic15_1,fit+gen,candidate,IMf,inductive_miner_imf,85716a3b710d56aa,17145,0.871727415992749,0.871727415992749,0.0,0.871727415992749,0.0,0.0,0.0,1.0,1.0,1,1,196,87,0.8769408792060377
C3_cash_reg_cash_features_cash_full_clean_apdtm5_hparams,bpic15_1,fit+sim,candidate,HM,heuristics_miner,3d7e8fc71d399751,17145,0.7188386762878523,0.8645266546833184,0.0,0.7257317803870689,0.0,0.1456879783954661,0.0068931040992166,0.831482375232453,0.9905018571798796,27,4,196,87,0.7242819050635009
C3_cash_reg_cash_features_cash_full_clean_apdtm5_hparams,bpic15_1,pre+gen,candidate,HM,heuristics_miner,19960b4a2c175fd9,17145,0.7408033827043146,0.8387467991159434,0.0,0.7408033827043146,0.0,0.0979434164116288,0.0,0.8832264796540944,1.0,4,1,196,87,0.7336909885965672
C3_cash_reg_cash_features_cash_full_clean_apdtm5_hparams,bpic15_1,pre+sim,candidate,HM,heuristics_miner,19960b4a2c175fd9,17145,0.6613729355272029,0.8214077863143173,0.0,0.6613729355272029,0.0,0.1600348507871144,0.0,0.8051700343562656,1.0,5,1,196,87,0.6446306230067782
C3_cash_reg_cash_features_cash_full_clean_apdtm5_hparams,bpic15_1,gen+sim,candidate,HM,heuristics_miner,9b5dd7580f42c27e,17145,0.6833721374918558,0.8973798258754044,0.0,0.6909541591998656,0.0,0.2140076883835486,0.0075820217080098,0.7615193898806655,0.9890267370026544,32,2,196,87,0.7077759336176721
C3_cash_reg_cash_features_cash_full_clean_apdtm5_hparams,bpic15_1,mix-fit,candidate,HM,heuristics_miner,19960b4a2c175fd9,17145,0.739917776176309,0.7829881701741386,0.0,0.739917776176309,0.0,0.0430703939978295,0.0,0.9449922800388536,1.0,4,1,196,87,0.7319211862556134
C3_cash_reg_cash_features_cash_full_clean_apdtm5_hparams,bpic15_1,mix-prec,candidate,HM,heuristics_miner,19960b4a2c175fd9,17145,0.7403605794403119,0.8104949307104619,0.0,0.7403605794403119,0.0,0.07013435127015,0.0,0.9134672548677488,1.0,4,1,196,87,0.7328060874260904
C3_cash_reg_cash_features_cash_full_clean_apdtm5_hparams,bpic15_1,mix-simp,candidate,HM,heuristics_miner,047b46f420412034,17145,0.6645464838421924,0.7694736087116352,0.0,0.673013029128888,0.0,0.1049271248694427,0.0084665452866956,0.8636377860377472,0.9874199385149284,33,6,196,87,0.689567159334631
C3_cash_reg_cash_features_cash_full_clean_apdtm5_hparams,bpic15_1,mix-gen,candidate,HM,heuristics_miner,047b46f420412034,17145,0.6326994345947807,0.7344918748892888,0.0,0.6687467441955159,0.0,0.101792440294508,0.0360473096007352,0.8614110737305959,0.946097218545566,21,6,196,87,0.682963842031247
C3_cash_reg_cash_features_cash_full_clean_apdtm5_hparams,bpic15_2,equal,candidate,HM,heuristics_miner,637b28b48831bbab,17145,0.739796087901852,0.739796087901852,0.0,0.739796087901852,0.0,0.0,0.0,1.0,1.0,1,1,196,87,0.661130032447804
C3_cash_reg_cash_features_cash_full_clean_apdtm5_hparams,bpic15_2,fitn,candidate,IMd,inductive_miner_imd,2bd4a2c68f811174,17145,1.0,1.0,0.0,1.0,0.0,0.0,0.0,1.0,1.0,1,1,196,87,0.9999997440191912
C3_cash_reg_cash_features_cash_full_clean_apdtm5_hparams,bpic15_2,prec,candidate,HM,heuristics_miner,2acb9ad2b65704cf,17145,0.9078236753758576,0.9964080459770116,0.0,0.9078236753758576,0.0,0.0885843706011539,0.0,0.9110962913649556,1.0,3,1,196,87,0.5811059294822861
C3_cash_reg_cash_features_cash_full_clean_apdtm5_hparams,bpic15_2,gene,candidate,HM,heuristics_miner,22a193e6409f0a62,17145,0.7301861081378671,0.8434264748464657,0.0,0.7765767505034231,0.0,0.1132403667085986,0.046390642365556,0.8657377138544146,0.9402626432796464,68,46,196,87,0.8153920200020199
C3_cash_reg_cash_features_cash_full_clean_apdtm5_hparams,bpic15_2,simp,candidate,HM,heuristics_miner,417ec4206692155d,17145,0.6838235294117647,1.0,0.0,0.6989247311827957,0.0,0.3161764705882353,0.015101201771031,0.6838235294117647,0.978393665158371,34,4,196,87,0.726395781232867
C3_cash_reg_cash_features_cash_full_clean_apdtm5_hparams,bpic15_2,fit+pre,candidate,HM,heuristics_miner,2acb9ad2b65704cf,17145,0.8502184182082324,0.8552632687420797,0.0,0.8502184182082324,0.0,0.0050448505338472,0.0,0.9941014062941492,1.0,2,1,196,87,0.6949263661723618
C3_cash_reg_cash_features_cash_full_clean_apdtm5_hparams,bpic15_2,fit+gen,candidate,IMf,inductive_miner_imf,9495b95840cb86ce,17145,0.846016250692231,0.888226048940476,0.0,0.888226048940476,0.0,0.042209798248245,0.042209798248245,0.9524785404587096,0.9524785404587096,3,3,196,87,0.8431461423847773
C3_cash_reg_cash_features_cash_full_clean_apdtm5_hparams,bpic15_2,fit+sim,candidate,HM,heuristics_miner,417ec4206692155d,17145,0.7166171893365975,0.8502937315725136,0.0,0.7236224397366864,0.0,0.1336765422359161,0.0070052504000889,0.8427878069985323,0.9903191913138596,30,6,196,87,0.7366542705188402
C3_cash_reg_cash_features_cash_full_clean_apdtm5_hparams,bpic15_2,pre+gen,candidate,HM,heuristics_miner,2acb9ad2b65704cf,17145,0.8135744140072105,0.8135744140072105,0.0,0.8135744140072105,0.0,0.0,0.0,1.0,1.0,1,1,196,87,0.6419550526526068
C3_cash_reg_cash_features_cash_full_clean_apdtm5_hparams,bpic15_2,pre+sim,candidate,HM,heuristics_miner,2acb9ad2b65704cf,17145,0.7090842514810323,0.7980406242956953,0.0,0.7090842514810323,0.0,0.088956372814663,0.0,0.8885315232001243,1.0,4,1,196,87,0.5395147685995124
C3_cash_reg_cash_features_cash_full_clean_apdtm5_hparams,bpic15_2,gen+sim,candidate,HM,heuristics_miner,417ec4206692155d,17145,0.7126045015069312,0.9217132374232327,0.0,0.7216533402343195,0.0,0.2091087359163016,0.0090488387273882,0.7731303756677166,0.9874609619011115,34,6,196,87,0.7708895747012033
C3_cash_reg_cash_features_cash_full_clean_apdtm5_hparams,bpic15_2,mix-fit,candidate,HM,heuristics_miner,2acb9ad2b65704cf,17145,0.7633938478100979,0.7675374461630222,0.0,0.7633938478100979,0.0,0.0041435983529243,0.0,0.9946014381791554,1.0,2,1,196,87,0.6676956391153014
C3_cash_reg_cash_features_cash_full_clean_apdtm5_hparams,bpic15_2,mix-prec,candidate,HM,heuristics_miner,2acb9ad2b65704cf,17145,0.7884841309086542,0.7904532226862232,0.0,0.7884841309086542,0.0,0.0019690917775689,0.0,0.9975089079011186,1.0,2,1,196,87,0.6548253458839539
C3_cash_reg_cash_features_cash_full_clean_apdtm5_hparams,bpic15_2,mix-simp,candidate,HM,heuristics_miner,417ec4206692155d,17145,0.6830423524418969,0.7666984383330109,0.0,0.7004707286021397,0.0,0.0836560858911139,0.0174283761602427,0.8908878879771783,0.9751190514484128,26,3,196,87,0.7093835182186451
C3_cash_reg_cash_features_cash_full_clean_apdtm5_hparams,bpic15_2,mix-gen,candidate,HM,heuristics_miner,417ec4206692155d,17145,0.6494675155471963,0.7177077196779903,0.0,0.7177077196779903,0.0,0.068240204130794,0.068240204130794,0.9049192278976588,0.9049192278976588,22,6,196,87,0.6821127659184499
C3_cash_reg_cash_features_cash_full_clean_apdtm5_hparams,bpic15_3,equal,candidate,HM,heuristics_miner,8c3db9789edea2a4,17145,0.7330399184257719,0.7711497484903616,0.0,0.7330399184257719,0.0,0.0381098300645896,0.0,0.9505805063942572,1.0,2,1,196,87,0.6887095732000106
C3_cash_reg_cash_features_cash_full_clean_apdtm5_hparams,bpic15_3,fitn,candidate,IMd,inductive_miner_imd,1e1739de3216125c,17145,1.0,1.0,0.0,1.0,0.0,0.0,0.0,1.0,1.0,1,1,196,87,0.9599983909777728
C3_cash_reg_cash_features_cash_full_clean_apdtm5_hparams,bpic15_3,prec,candidate,HM,heuristics_miner,8c3db9789edea2a4,17145,0.9269511726259132,0.9713690786048932,0.0,0.9269511726259132,0.0,0.0444179059789799,0.0,0.9542728845736224,1.0,2,1,196,87,0.7440004067936785
C3_cash_reg_cash_features_cash_full_clean_apdtm5_hparams,bpic15_3,gene,candidate,HM,heuristics_miner,0eaf4cb89bf1c7ec,17145,0.7386905589536538,0.7690804510999736,0.0,0.7649368206278943,0.0,0.0303898921463198,0.0262462616742404,0.9604854185243497,0.9656883274978234,25,11,196,87,0.7613806196808162
C3_cash_reg_cash_features_cash_full_clean_apdtm5_hparams,bpic15_3,simp,candidate,HM,heuristics_miner,e329bf822f7a5a7b,17145,0.6274509803921569,1.0,0.0,0.6631016042780747,0.0,0.3725490196078431,0.0356506238859178,0.6274509803921569,0.9462365591397852,43,10,196,87,0.6665995923281739
C3_cash_reg_cash_features_cash_full_clean_apdtm5_hparams,bpic15_3,fit+pre,candidate,HM,heuristics_miner,8c3db9789edea2a4,17145,0.8726480175471594,0.8737992058502052,0.0,0.8726480175471594,0.0,0.0011511883030458,0.0,0.9986825482383842,1.0,2,1,196,87,0.7837450977234006
C3_cash_reg_cash_features_cash_full_clean_apdtm5_hparams,bpic15_3,fit+gen,candidate,IMf,inductive_miner_imf,58cab9b9ff0f9de9,17145,0.8760132116076293,0.8764050391703524,0.0,0.8764050391703524,0.0,0.000391827562723,0.000391827562723,0.9995529149819884,0.9995529149819884,2,2,196,87,0.8229295615682706
C3_cash_reg_cash_features_cash_full_clean_apdtm5_hparams,bpic15_3,fit+sim,candidate,HM,heuristics_miner,60c21ac943a3f5cc,17145,0.7323568833248469,0.8866318702272058,0.0,0.7328912266751959,0.0,0.1542749869023588,0.0005343433503489,0.825998825349212,0.999270910428587,25,2,196,87,0.7223937600991677
C3_cash_reg_cash_features_cash_full_clean_apdtm5_hparams,bpic15_3,pre+gen,candidate,HM,heuristics_miner,8c3db9789edea2a4,17145,0.7957133757665948,0.8335999035488251,0.0,0.7957133757665948,0.0,0.0378865277822302,0.0,0.9545507051753022,1.0,2,1,196,87,0.7099818948282357
C3_cash_reg_cash_features_cash_full_clean_apdtm5_hparams,bpic15_3,pre+sim,candidate,HM,heuristics_miner,8c3db9789edea2a4,17145,0.724669616163703,0.806269466186586,0.0,0.724669616163703,0.0,0.081599850022883,0.0,0.8987933272373243,1.0,2,1,196,87,0.6276925606420632
C3_cash_reg_cash_features_cash_full_clean_apdtm5_hparams,bpic15_3,gen+sim,candidate,HM,heuristics_miner,e329bf822f7a5a7b,17145,0.6693355481939701,0.8774480269684266,0.0,0.6788016217022406,0.0,0.2081124787744565,0.0094660735082704,0.7628207342451007,0.9860547276175736,41,10,196,87,0.7072709253105791
C3_cash_reg_cash_features_cash_full_clean_apdtm5_hparams,bpic15_3,mix-fit,candidate,HM,heuristics_miner,8c3db9789edea2a4,17145,0.7763484666061624,0.7997195004226063,0.0,0.7763484666061624,0.0,0.0233710338164438,0.0,0.9707759610662318,1.0,2,1,196,87,0.7224693186837217
C3_cash_reg_cash_features_cash_full_clean_apdtm5_hparams,bpic15_3,mix-prec,candidate,HM,heuristics_miner,8c3db9789edea2a4,17145,0.7860309211863786,0.8166597019857158,0.0,0.7860309211863786,0.0,0.0306287807993371,0.0,0.9624950506008036,1.0,2,1,196,87,0.7162256067559787
C3_cash_reg_cash_features_cash_full_clean_apdtm5_hparams,bpic15_3,mix-simp,candidate,HM,heuristics_miner,0eaf4cb89bf1c7ec,17145,0.6643347761172111,0.7807894458056361,0.0,0.6941478639113687,0.0,0.116454669688425,0.0298130877941575,0.8508500975339588,0.9570508110099664,36,11,196,87,0.6800938218264984
C3_cash_reg_cash_features_cash_full_clean_apdtm5_hparams,bpic15_3,mix-gen,candidate,HM,heuristics_miner,d3d4989f85a5bd20,17145,0.6895779790768899,0.742579996558117,0.0,0.6897313702453814,0.0,0.0530020174812271,0.0001533911684915,0.9286245014316392,0.9997776073771488,3,2,196,87,0.6686413221211353
C3_cash_reg_cash_features_cash_full_clean_apdtm5_hparams,bpic15_4,equal,candidate,HM,heuristics_miner,342942da432f36b3,17145,0.6643185789833216,0.7570912404815519,0.0,0.7166804550536395,0.0,0.0927726614982302,0.0523618760703179,0.8774617159231406,0.92693832278934,13,6,196,87,0.6801706549973475
C3_cash_reg_cash_features_cash_full_clean_apdtm5_hparams,bpic15_4,fitn,candidate,IMd,inductive_miner_imd,f68041a3f2d86846,17145,1.0,1.0,0.0,1.0,0.0,0.0,0.0,1.0,1.0,1,1,196,87,1.0
C3_cash_reg_cash_features_cash_full_clean_apdtm5_hparams,bpic15_4,prec,candidate,HM,heuristics_miner,ef503d43d3be128e,17145,0.5860379177377892,0.9771181199752628,0.0,0.9562175795935848,0.0,0.3910802022374735,0.3701796618557955,0.59976159049494,0.6128708886390368,18,5,196,87,0.702296163300175
C3_cash_reg_cash_features_cash_full_clean_apdtm5_hparams,bpic15_4,gene,candidate,HM,heuristics_miner,140ff69851301416,17145,0.7929066888616153,0.8125621208083507,0.0,0.8125621208083507,0.0,0.0196554319467353,0.0196554319467353,0.9758105485803574,0.9758105485803574,11,8,196,87,0.7794386177516687
C3_cash_reg_cash_features_cash_full_clean_apdtm5_hparams,bpic15_4,simp,candidate,HM,heuristics_miner,140ff69851301416,17145,0.67601246105919,1.0,0.0,0.6868327402135233,0.0,0.32398753894081,0.0108202791543332,0.67601246105919,0.9842461220602712,32,3,196,87,0.6911954568720924
C3_cash_reg_cash_features_cash_full_clean_apdtm5_hparams,bpic15_4,fit+pre,candidate,HM,heuristics_miner,ef503d43d3be128e,17145,0.7105677786969731,0.8685599938464359,0.0,0.8340263293396972,0.0,0.1579922151494628,0.1234585506427241,0.818098673357276,0.8519728379073274,11,4,196,87,0.7607365003767377
C3_cash_reg_cash_features_cash_full_clean_apdtm5_hparams,bpic15_4,fit+gen,candidate,IMf,inductive_miner_imf,9a9adbfbf1882331,17145,0.8717994934557993,0.8717994934557993,0.0,0.8717994934557993,0.0,0.0,0.0,1.0,1.0,1,1,196,87,0.856487631309645
C3_cash_reg_cash_features_cash_full_clean_apdtm5_hparams,bpic15_4,fit+sim,candidate,HM,heuristics_miner,140ff69851301416,17145,0.7225165126855353,0.8675538703293734,0.0,0.7311383487964667,0.0,0.145037357643838,0.0086218361109313,0.8328203439530809,0.9882076543719476,30,4,196,87,0.7326072333190522
C3_cash_reg_cash_features_cash_full_clean_apdtm5_hparams,bpic15_4,pre+gen,candidate,HM,heuristics_miner,ef503d43d3be128e,17145,0.6374192782505862,0.8247132962569865,0.0,0.7338448733768307,0.0,0.1872940180064003,0.0964255951262444,0.772898025463581,0.8686022092345806,19,9,196,87,0.693535541814801
C3_cash_reg_cash_features_cash_full_clean_apdtm5_hparams,bpic15_4,pre+sim,candidate,HM,heuristics_miner,ef503d43d3be128e,17145,0.5478266511765869,0.7904575186873295,0.0,0.6948643238087491,0.0,0.2426308675107426,0.1470376726321621,0.6930500858367864,0.7883936941441937,20,8,196,87,0.6054043886843913
C3_cash_reg_cash_features_cash_full_clean_apdtm5_hparams,bpic15_4,gen+sim,candidate,HM,heuristics_miner,140ff69851301416,17145,0.7344595749604026,0.8981830671938409,0.0,0.739990348233883,0.0,0.1637234922334383,0.0055307732734803,0.8177170131419274,0.9925258845785212,29,3,196,87,0.7353170373118805
C3_cash_reg_cash_features_cash_full_clean_apdtm5_hparams,bpic15_4,mix-fit,candidate,HM,heuristics_miner,ef503d43d3be128e,17145,0.6806535719832147,0.7881543306724185,0.0,0.7319172957740783,0.0,0.1075007586892037,0.0512637237908635,0.8636044306227578,0.9299596770197284,13,6,196,87,0.7085395988180369
C3_cash_reg_cash_features_cash_full_clean_apdtm5_hparams,bpic15_4,mix-prec,candidate,HM,heuristics_miner,ef503d43d3be128e,17145,0.6590364251169005,0.8064338134647027,0.0,0.7328810845754545,0.0,0.1473973883478021,0.073844659458554,0.8172232043265462,0.8992405984917308,16,8,196,87,0.701037570316419
C3_cash_reg_cash_features_cash_full_clean_apdtm5_hparams,bpic15_4,mix-simp,candidate,HM,heuristics_miner,140ff69851301416,17145,0.6932622670262619,0.7784157949851235,0.0,0.7037995460311011,0.0,0.0851535279588615,0.0105372790048391,0.8906066288640906,0.9850280110803404,24,4,196,87,0.6970223298471291
C3_cash_reg_cash_features_cash_full_clean_apdtm5_hparams,bpic15_4,mix-gen,candidate,HM,heuristics_miner,342942da432f36b3,17145,0.6578201998336084,0.7260281502906851,0.0,0.7014436143332008,0.0,0.0682079504570767,0.0436234144995923,0.9060532977546836,0.937809093121389,27,12,196,87,0.6692842445411697
C3_cash_reg_cash_features_cash_full_clean_apdtm5_hparams,bpic15_5,equal,candidate,HM,heuristics_miner,b7fe17a2f4b586be,17145,0.6797196727634475,0.7432661612580866,0.0,0.7432661612580866,0.0,0.0635464884946391,0.0635464884946391,0.9145037244974566,0.9145037244974566,7,5,196,87,0.6953698094032282
C3_cash_reg_cash_features_cash_full_clean_apdtm5_hparams,bpic15_5,fitn,candidate,IMd,inductive_miner_imd,9cf84c1625593f62,17145,1.0,1.0,0.0,1.0,0.0,0.0,0.0,1.0,1.0,1,1,196,87,1.0
C3_cash_reg_cash_features_cash_full_clean_apdtm5_hparams,bpic15_5,prec,candidate,HM,heuristics_miner,5cf8270e1adc63ea,17145,0.8006730007917656,0.9914236706689536,0.0,0.8510936623667975,0.0,0.190750669877188,0.0504206615750318,0.8075992378228363,0.9407577992828456,6,3,196,87,0.7508979517154958
C3_cash_reg_cash_features_cash_full_clean_apdtm5_hparams,bpic15_5,gene,candidate,HM,heuristics_miner,02c0ac1769ed3c9b,17145,0.7842728945075981,0.8420322364834529,0.0,0.7984274485451801,0.0,0.0577593419758548,0.014154554037582,0.9314048328873096,0.9822719596334356,10,6,196,87,0.7721601141684767
C3_cash_reg_cash_features_cash_full_clean_apdtm5_hparams,bpic15_5,simp,candidate,HM,heuristics_miner,3717d5a75e1d79f1,17145,0.672316384180791,1.0,0.0,0.6866096866096866,0.0,0.327683615819209,0.0142933024288955,0.672316384180791,0.9791827835994094,36,4,196,87,0.6628118399684964
C3_cash_reg_cash_features_cash_full_clean_apdtm5_hparams,bpic15_5,fit+pre,candidate,HM,heuristics_miner,5cf8270e1adc63ea,17145,0.8057687960921467,0.8302814710249038,0.0,0.8302814710249038,0.0,0.0245126749327571,0.0245126749327571,0.9704766687103128,0.9704766687103128,6,3,196,87,0.7804932141152912
C3_cash_reg_cash_features_cash_full_clean_apdtm5_hparams,bpic15_5,fit+gen,candidate,IMf,inductive_miner_imf,ba24ee5ec94fe512,17145,0.8240169893948553,0.8491470544465778,0.0,0.8491470544465778,0.0,0.0251300650517224,0.0251300650517224,0.9704055205513248,0.9704055205513248,2,2,196,87,0.8708368860947816
C3_cash_reg_cash_features_cash_full_clean_apdtm5_hparams,bpic15_5,fit+sim,candidate,HM,heuristics_miner,02c0ac1769ed3c9b,17145,0.7126871153285965,0.8492461162887588,0.0,0.7205271092930995,0.0,0.1365590009601622,0.0078399939645029,0.839199734516384,0.9891190853704384,31,4,196,87,0.7193650094289032
C3_cash_reg_cash_features_cash_full_clean_apdtm5_hparams,bpic15_5,pre+gen,candidate,HM,heuristics_miner,5cf8270e1adc63ea,17145,0.7418555307648408,0.8116192280976056,0.0,0.8116192280976056,0.0,0.0697636973327647,0.0697636973327647,0.9140438090700644,0.9140438090700644,6,4,196,87,0.7276146615879435
C3_cash_reg_cash_features_cash_full_clean_apdtm5_hparams,bpic15_5,pre+sim,candidate,HM,heuristics_miner,5cf8270e1adc63ea,17145,0.6373798308971572,0.7827816467542539,0.0,0.6844268346076785,0.0,0.1454018158570966,0.0470470037105212,0.8142498403482062,0.9312607260095388,8,4,196,87,0.6326624618050781
C3_cash_reg_cash_features_cash_full_clean_apdtm5_hparams,bpic15_5,gen+sim,candidate,HM,heuristics_miner,f1290783f4c08588,17145,0.7425185675774333,0.9210161182417264,0.0,0.7425185675774333,0.0,0.1784975506642931,0.0,0.8061949762561643,1.0,29,1,196,87,0.7133277903195614
C3_cash_reg_cash_features_cash_full_clean_apdtm5_hparams,bpic15_5,mix-fit,candidate,HM,heuristics_miner,5cf8270e1adc63ea,17145,0.7276688750688423,0.7619159908588385,0.0,0.7619159908588385,0.0,0.0342471157899962,0.0342471157899962,0.9550513229793318,0.9550513229793318,5,3,196,87,0.7226233076456546
C3_cash_reg_cash_features_cash_full_clean_apdtm5_hparams,bpic15_5,mix-prec,candidate,HM,heuristics_miner,5cf8270e1adc63ea,17145,0.7347622029168415,0.7845385057794599,0.0,0.7845385057794599,0.0,0.0497763028626184,0.0497763028626184,0.9365533973209328,0.9365533973209328,6,4,196,87,0.725118984616799
C3_cash_reg_cash_features_cash_full_clean_apdtm5_hparams,bpic15_5,mix-simp,candidate,HM,heuristics_miner,b7fe17a2f4b586be,17145,0.6746862998423737,0.7677189214161869,0.0,0.7067950383769899,0.0,0.0930326215738132,0.0321087385346161,0.8788194233871442,0.954571358327094,36,10,196,87,0.6882841280958314
C3_cash_reg_cash_features_cash_full_clean_apdtm5_hparams,bpic15_5,mix-gen,candidate,HM,heuristics_miner,b7fe17a2f4b586be,17145,0.6693701899661375,0.7246163316573346,0.0,0.7246163316573346,0.0,0.0552461416911971,0.0552461416911971,0.9237580782027937,0.9237580782027937,14,4,196,87,0.6833274976791883
C3_cash_reg_cash_features_cash_full_clean_apdtm5_hparams,hospital_billing,equal,candidate,HM,heuristics_miner,f07518fbf57438d0,17145,0.8592245830013778,0.8734035144022313,0.0,0.8682534093885091,0.7080210029131718,0.0141789314008534,0.0090288263871313,0.983765886938802,0.943651683290914,11,9,196,87,0.8714512522928838
C3_cash_reg_cash_features_cash_full_clean_apdtm5_hparams,hospital_billing,fitn,candidate,IMf,inductive_miner_imf,def98b53d2d054f9,17145,0.9999612581329096,1.0,0.0,1.0,0.6797553093982478,3.874186709040828e-05,3.874186709040828e-05,0.9999612581329096,0.999879024170494,10,9,196,87,0.9992075362965356
C3_cash_reg_cash_features_cash_full_clean_apdtm5_hparams,hospital_billing,prec,candidate,HM,heuristics_miner,97616377bd2ffcfc,17145,0.9953352618763676,1.0,0.0,1.0,0.3812349478652709,0.0046647381236324,0.0046647381236324,0.9953352618763676,0.992461212688824,33,19,196,87,0.9942461364395776
C3_cash_reg_cash_features_cash_full_clean_apdtm5_hparams,hospital_billing,gene,candidate,IMf,inductive_miner_imf,def98b53d2d054f9,17145,0.974570314262808,0.974570314262808,0.0,0.974570314262808,0.7467548005194038,0.0,0.0,1.0,1.0,1,1,196,87,0.9559708947603454
C3_cash_reg_cash_features_cash_full_clean_apdtm5_hparams,hospital_billing,simp,candidate,HM,heuristics_miner,35c7ace19149cb35,17145,0.6103896103896105,1.0,0.0,1.0,0.4647887323943662,0.3896103896103895,0.3896103896103895,0.6103896103896105,0.2720437457279565,28,16,196,87,0.6564888545869505
C3_cash_reg_cash_features_cash_full_clean_apdtm5_hparams,hospital_billing,fit+pre,candidate,HM,heuristics_miner,2cb39729215e6a14,17145,0.9860094859944556,0.989140582975968,0.0,0.989140582975968,0.5332474169726289,0.0031310969815124,0.0031310969815124,0.9968345278361826,0.9931319501694624,14,14,196,87,0.979651341512236
C3_cash_reg_cash_features_cash_full_clean_apdtm5_hparams,hospital_billing,fit+gen,candidate,IMf,inductive_miner_imf,def98b53d2d054f9,17145,0.9872657861978588,0.9872657861978588,0.0,0.9872657861978588,0.7961812639516811,0.0,0.0,1.0,1.0,1,1,196,87,0.9775892155284404
C3_cash_reg_cash_features_cash_full_clean_apdtm5_hparams,hospital_billing,fit+sim,candidate,HM,heuristics_miner,ac83307e4d4f5113,17145,0.7551183110695285,0.8398776546991239,0.0,0.8398776546991239,0.641914649335458,0.0847593436295953,0.0847593436295953,0.8990813207669403,0.5718425092916269,60,55,196,87,0.8058369238709502
C3_cash_reg_cash_features_cash_full_clean_apdtm5_hparams,hospital_billing,pre+gen,candidate,HM,heuristics_miner,deb6ce3bd5707298,17145,0.9411109907029528,0.9583893297505974,0.0,0.9583893297505974,0.6474969122664587,0.0172783390476447,0.0172783390476447,0.981971482244965,0.9444234144162544,22,22,196,87,0.9513810867243088
C3_cash_reg_cash_features_cash_full_clean_apdtm5_hparams,hospital_billing,pre+sim,candidate,HM,heuristics_miner,6670f6fd005dae24,17145,0.7992093755119596,0.8030539885899708,0.0,0.8030539885899708,0.4457061813031991,0.0038446130780112,0.0038446130780112,0.995212509827936,0.9892412573979336,3,3,196,87,0.8141840987830915
C3_cash_reg_cash_features_cash_full_clean_apdtm5_hparams,hospital_billing,gen+sim,candidate,AM,alpha_miner_classic,dd1a8da3834bc19e,17145,0.9563036092525572,0.9594156800838196,0.0,0.9563036092525572,0.6098394941225178,0.0031120708312625,0.0,0.9967562852099826,1.0,2,1,196,87,0.7851348523177879
C3_cash_reg_cash_features_cash_full_clean_apdtm5_hparams,hospital_billing,mix-fit,candidate,HM,heuristics_miner,f07518fbf57438d0,17145,0.893828364087292,0.8999403930024692,0.0,0.8999403930024692,0.6791847029739135,0.0061120289151771,0.0061120289151771,0.9932084069537256,0.9723131534485632,6,6,196,87,0.8990319398488753
C3_cash_reg_cash_features_cash_full_clean_apdtm5_hparams,hospital_billing,mix-prec,candidate,HM,heuristics_miner,82e6753d01a7f989,17145,0.9152953821490776,0.9266041872906544,0.0,0.9266041872906544,0.6644290372499878,0.0113088051415769,0.0113088051415769,0.9877954305660508,0.9568654575392715,15,15,196,87,0.9242158370379546
C3_cash_reg_cash_features_cash_full_clean_apdtm5_hparams,hospital_billing,mix-simp,candidate,HM,heuristics_miner,ac83307e4d4f5113,17145,0.7948282677896091,0.8448731726232275,0.0,0.8251219889751983,0.6819932536640475,0.0500449048336183,0.0302937211855891,0.9407663700834114,0.7883463364660287,25,21,196,87,0.8240555510878941
C3_cash_reg_cash_features_cash_full_clean_apdtm5_hparams,hospital_billing,mix-gen,candidate,HM,heuristics_miner,f07518fbf57438d0,17145,0.8246208019154635,0.8574303226558113,0.0,0.8397114144626169,0.6999510479823836,0.0328095207403478,0.0150906125471533,0.961735058962315,0.8920250931848573,24,19,196,87,0.8438705647368924
C3_cash_reg_cash_features_cash_full_clean_apdtm5_hparams,road_traffic_fines,equal,candidate,HM,heuristics_miner,fcbe54d7b21b45c9,17145,0.8923412477311364,0.9091484776358276,0.0,0.8933839266085828,0.7357034000201228,0.0168072299046911,0.0010426788774463,0.9815132177877072,0.9933873960215284,5,2,196,87,0.8780047122654508
C3_cash_reg_cash_features_cash_full_clean_apdtm5_hparams,road_traffic_fines,fitn,candidate,IMf,inductive_miner_imf,8a4d6618dcf349b1,17145,0.9883378207431168,1.0,0.0,1.0,0.637766272135165,0.0116621792568831,0.0116621792568831,0.9883378207431168,0.9678048222466052,12,9,196,87,0.9981735392166996
C3_cash_reg_cash_features_cash_full_clean_apdtm5_hparams,road_traffic_fines,prec,candidate,HM,heuristics_miner,fcbe54d7b21b45c9,17145,0.99682952439645,1.0,0.0,1.0,0.5080563293025482,0.0031704756035499,0.0031704756035499,0.99682952439645,0.9935552060278464,83,17,196,87,0.988662615836084
C3_cash_reg_cash_features_cash_full_clean_apdtm5_hparams,road_traffic_fines,gene,candidate,IMf,inductive_miner_imf,11a2a0f5b1456f60,17145,0.9915542309623429,0.9916370973254746,0.0,0.9916370973254746,0.8113477734085984,8.286636313170614e-05,8.286636313170614e-05,0.9999164347891428,0.9995403701043888,2,2,196,87,0.965039520753912
C3_cash_reg_cash_features_cash_full_clean_apdtm5_hparams,road_traffic_fines,simp,candidate,AM,alpha_miner_classic,e3a8e709ceed9a3b,17145,0.6571428571428571,0.8,0.0,0.7142857142857143,0.5,0.1428571428571429,0.0571428571428571,0.8214285714285714,0.7333333333333333,45,31,196,87,0.6906261305034378
C3_cash_reg_cash_features_cash_full_clean_apdtm5_hparams,road_traffic_fines,fit+pre,candidate,HM,heuristics_miner,3e91b938b8f5c415,17145,0.9404686656620806,0.9901742494392978,0.0,0.9901742494392978,0.6500603519943688,0.0497055837772171,0.0497055837772171,0.9498011750907844,0.853856063658012,83,40,196,87,0.9758642042039584
C3_cash_reg_cash_features_cash_full_clean_apdtm5_hparams,road_traffic_fines,fit+gen,candidate,IMf,inductive_miner_imf,8a4d6618dcf349b1,17145,0.8998427970758576,0.9953412031561972,0.0,0.9953412031561972,0.8116581555420307,0.0954984060803397,0.0954984060803397,0.9040546038107162,0.4800913458223,110,83,196,87,0.9796421392712664
C3_cash_reg_cash_features_cash_full_clean_apdtm5_hparams,road_traffic_fines,fit+sim,candidate,IMf,inductive_miner_imf,af77e003c49349e3,17145,0.7939097648619096,0.869886942078606,0.0,0.8329591036253352,0.6474545646390111,0.0759771772166963,0.0390493387634256,0.912658561082492,0.7894965860306822,63,59,196,87,0.8206027236851585
C3_cash_reg_cash_features_cash_full_clean_apdtm5_hparams,road_traffic_fines,pre+gen,candidate,HM,heuristics_miner,ef4113231a5100ca,17145,0.944342171814906,0.9899221054016768,0.0,0.9833497696562996,0.7247273279622504,0.0455799335867707,0.0390075978413936,0.9539560402398772,0.8491716434742361,70,43,196,87,0.94105666384152
C3_cash_reg_cash_features_cash_full_clean_apdtm5_hparams,road_traffic_fines,pre+sim,candidate,HM,heuristics_miner,fcbe54d7b21b45c9,17145,0.810914762198225,0.8710629687671056,0.0,0.8423042102743643,0.5107849214080309,0.0601482065688806,0.0313894480761393,0.9309484977256997,0.90531637485264,19,4,196,87,0.8299424303834448
C3_cash_reg_cash_features_cash_full_clean_apdtm5_hparams,road_traffic_fines,gen+sim,candidate,AM,alpha_miner_classic,e3a8e709ceed9a3b,17145,0.8213464480458768,0.8875669341178665,0.0,0.8257904635723481,0.6997400824689752,0.0662204860719897,0.0044440155264713,0.9253909947222124,0.964744132563734,13,5,196,87,0.8054734562864035
C3_cash_reg_cash_features_cash_full_clean_apdtm5_hparams,road_traffic_fines,mix-fit,candidate,HM,heuristics_miner,fcbe54d7b21b45c9,17145,0.9130128915309834,0.917489504487446,0.0,0.9137759554921854,0.683796413733599,0.0044766129564626,0.0007630639612019,0.9951208019987504,0.9966820354742556,4,3,196,87,0.904252950029097
C3_cash_reg_cash_features_cash_full_clean_apdtm5_hparams,road_traffic_fines,mix-prec,candidate,HM,heuristics_miner,fcbe54d7b21b45c9,17145,0.9474222871972624,0.9485628625742424,0.0,0.9485628625742424,0.7510505419770115,0.00114057537698,0.00114057537698,0.9987975753405686,0.9942252950421966,3,3,196,87,0.9221620281617816
C3_cash_reg_cash_features_cash_full_clean_apdtm5_hparams,road_traffic_fines,mix-simp,candidate,HM,heuristics_miner,2ae4beb85b90ac80,17145,0.8370149802482647,0.8891275547093468,0.0,0.8480373795977749,0.717532475472829,0.052112574461082,0.0110223993495102,0.9413890907046316,0.9155403436873352,18,15,196,87,0.8339999260628408
C3_cash_reg_cash_features_cash_full_clean_apdtm5_hparams,road_traffic_fines,mix-gen,candidate,HM,heuristics_miner,fcbe54d7b21b45c9,17145,0.8716696039312893,0.9083681673400874,0.0,0.8729918977249802,0.7441449528724383,0.036698563408798,0.0013222937936908,0.959599461178544,0.9897374843058626,6,3,196,87,0.8517564745018046
C3_cash_reg_cash_features_cash_full_clean_apdtm5_hparams,sepsis,equal,candidate,HM,heuristics_miner,a28bf9046da7a176,17232,0.8046221974010864,0.835724100545018,0.0,0.835724100545018,0.5249929107876445,0.0311019031439315,0.0311019031439315,0.9627844845880974,0.8999073663373905,22,22,196,87,0.7927729485561128
C3_cash_reg_cash_features_cash_full_clean_apdtm5_hparams,sepsis,fitn,candidate,IMf,inductive_miner_imf,d2347a45df322d9c,17232,1.0,1.0,0.0,1.0,0.2658896119719338,0.0,0.0,1.0,1.0,1,1,196,87,0.9991455547093612
C3_cash_reg_cash_features_cash_full_clean_apdtm5_hparams,sepsis,prec,candidate,HM,heuristics_miner,85ca58f2419ab5bc,17232,0.989007470651014,1.0,0.0,0.997843665768194,0.179251018798475,0.0109925293489859,0.00883619511718,0.989007470651014,0.9892056260828996,26,9,196,87,0.8577392809753317
C3_cash_reg_cash_features_cash_full_clean_apdtm5_hparams,sepsis,gene,candidate,IMf,inductive_miner_imf,d2347a45df322d9c,17232,0.9266596408851776,0.9290801678868448,0.0,0.9266596408851776,0.6782612557950953,0.0024205270016671,0.0,0.9973947059841212,1.0,2,1,196,87,0.951479866117852
C3_cash_reg_cash_features_cash_full_clean_apdtm5_hparams,sepsis,simp,candidate,HM,heuristics_miner,aea713d60d4d2a3f,17232,0.5609756097560976,0.7567567567567567,0.0,0.6571428571428571,0.4331983805668016,0.195781147000659,0.0961672473867595,0.741289198606272,0.5705754888127397,61,26,196,87,0.6585610185027371
C3_cash_reg_cash_features_cash_full_clean_apdtm5_hparams,sepsis,fit+pre,candidate,HM,heuristics_miner,9bbc6ecb6371d354,17232,0.840628517292286,0.9487189551442284,0.0,0.9487189551442284,0.354265925407767,0.1080904378519425,0.1080904378519425,0.8860669566410107,0.8181682446805559,73,54,196,87,0.8490562065464373
C3_cash_reg_cash_features_cash_full_clean_apdtm5_hparams,sepsis,fit+gen,candidate,IMf,inductive_miner_imf,d2347a45df322d9c,17232,0.9633298204425887,0.9633298204425887,0.0,0.9633298204425887,0.5895342673708803,0.0,0.0,1.0,1.0,1,1,196,87,0.9753127104136066
C3_cash_reg_cash_features_cash_full_clean_apdtm5_hparams,sepsis,fit+sim,candidate,IMf,inductive_miner_imf,aca8a143c5e4f9c1,17232,0.7900670904768077,0.8140244733789898,0.0,0.8140244733789898,0.3720752407685755,0.023957382902182,0.023957382902182,0.9705692105266372,0.9457915499464143,19,16,196,87,0.7924296787447038
C3_cash_reg_cash_features_cash_full_clean_apdtm5_hparams,sepsis,pre+gen,candidate,HM,heuristics_miner,85ca58f2419ab5bc,17232,0.9092130397061018,0.9381130457761724,0.0,0.9381130457761724,0.5529553298418263,0.0289000060700705,0.0289000060700705,0.9691934717247648,0.9249657870673508,34,27,196,87,0.8673973170651859
C3_cash_reg_cash_features_cash_full_clean_apdtm5_hparams,sepsis,pre+sim,candidate,HM,heuristics_miner,85ca58f2419ab5bc,17232,0.7922565443142711,0.8491941359263719,0.0,0.7922565443142711,0.3168982366719647,0.0569375916121008,0.0,0.9329510306262436,1.0,2,1,196,87,0.725334952813298
C3_cash_reg_cash_features_cash_full_clean_apdtm5_hparams,sepsis,gen+sim,candidate,IMf,inductive_miner_imf,aca8a143c5e4f9c1,17232,0.7629044029207481,0.8216829410862796,0.0,0.7724018487436433,0.5856282819074967,0.0587785381655314,0.0094974458228951,0.9284656706054708,0.9491499467308075,18,5,196,87,0.781558871782713
C3_cash_reg_cash_features_cash_full_clean_apdtm5_hparams,sepsis,mix-fit,candidate,HM,heuristics_miner,29b724b9a3cc3531,17232,0.8491540806070244,0.8604442533384715,0.0,0.8604442533384715,0.4261185826318798,0.0112901727314471,0.0112901727314471,0.9868786703059008,0.9740052833785312,15,15,196,87,0.8059227694040764
C3_cash_reg_cash_features_cash_full_clean_apdtm5_hparams,sepsis,mix-prec,candidate,HM,heuristics_miner,9ef86a23b6ceb07c,17232,0.8529845710272542,0.899278649557322,0.0,0.899278649557322,0.5520145817192967,0.0462940785300677,0.0462940785300677,0.94852087442212,0.8666891198439203,40,39,196,87,0.8266052672300747
C3_cash_reg_cash_features_cash_full_clean_apdtm5_hparams,sepsis,mix-simp,candidate,HM,heuristics_miner,43f79180cd1f397f,17232,0.7719034390750825,0.7905131280697297,0.0,0.7809212822554452,0.4979712398559925,0.0186096889946472,0.0090178431803626,0.9764587223996036,0.968129203643547,10,7,196,87,0.7747935564091553
C3_cash_reg_cash_features_cash_full_clean_apdtm5_hparams,sepsis,mix-gen,candidate,HM,heuristics_miner,7da43d32b3a94cdb,17232,0.8042559097736921,0.8286673700233692,0.0,0.8117108206647771,0.6238672389434095,0.0244114602496771,0.0074549108910849,0.9705413038660028,0.9603131987647948,7,6,196,87,0.7861544008397845
C4_cash_reg_cash_features_cash_full_clean_all_algos_default,bpi2012,equal,candidate,HM,heuristics_miner,338af92936f97ac9,1977,0.8264055189438223,0.8454937775108162,0.0,0.8264055189438223,0.0,0.0190882585669939,0.0,0.9774235374940418,1.0,8,1,196,10,0.7121505827903633
C4_cash_reg_cash_features_cash_full_clean_all_algos_default,bpi2012,fitn,candidate,IMd,inductive_miner_imd,150cca891c03e36c,1977,1.0,1.0,0.0,1.0,0.0,0.0,0.0,1.0,1.0,1,1,196,10,0.9306193798675696
C4_cash_reg_cash_features_cash_full_clean_all_algos_default,bpi2012,prec,candidate,,split_miner,727d2890891ca23e,1977,0.8368884862460879,1.0,0.0,0.993641212535353,0.0,0.163111513753912,0.156752726289265,0.8368884862460879,0.8422441377111379,77,3,196,10,0.7033068015115146
C4_cash_reg_cash_features_cash_full_clean_all_algos_default,bpi2012,gene,candidate,AM,alpha_miner_classic,f5dfdeada5f4e603,1977,0.9832966969411556,0.9846855427449372,0.0,0.9846855427449372,0.0,0.0013888458037816,0.0013888458037816,0.9985895539809492,0.9985895539809492,11,3,196,10,0.9684580013325887
C4_cash_reg_cash_features_cash_full_clean_all_algos_default,bpi2012,simp,candidate,AM,alpha_miner_classic,f5dfdeada5f4e603,1977,0.853658536585366,0.853658536585366,0.0,0.853658536585366,0.0,0.0,0.0,1.0,1.0,1,1,196,10,0.5926121969472716
C4_cash_reg_cash_features_cash_full_clean_all_algos_default,bpi2012,fit+pre,candidate,HM,heuristics_miner,338af92936f97ac9,1977,0.9085934753762068,0.9301612956045748,0.0,0.9085934753762068,0.0,0.0215678202283681,0.0,0.9768128169487532,1.0,6,1,196,10,0.7730822898491019
C4_cash_reg_cash_features_cash_full_clean_all_algos_default,bpi2012,fit+gen,candidate,IMd,inductive_miner_imd,150cca891c03e36c,1977,0.9923427713724686,0.9923427713724686,0.0,0.9923427713724686,0.0,0.0,0.0,1.0,1.0,1,1,196,10,0.9288398806768275
C4_cash_reg_cash_features_cash_full_clean_all_algos_default,bpi2012,fit+sim,candidate,IM,inductive_miner_im,40ae54cd34f036ae,1977,0.7950530873536228,0.8121921418178204,0.0,0.7950530873536228,0.0,0.0171390544641976,0.0,0.9788977834409508,1.0,5,1,196,10,0.7417817334976604
C4_cash_reg_cash_features_cash_full_clean_all_algos_default,bpi2012,pre+gen,candidate,,split_miner,727d2890891ca23e,1977,0.903572243892092,0.9634656515705696,0.0,0.9308087292333024,0.0,0.0598934076784776,0.0272364853412105,0.9378354510294749,0.9707389021118816,65,3,196,10,0.7432673811381798
C4_cash_reg_cash_features_cash_full_clean_all_algos_default,bpi2012,pre+sim,candidate,,split_miner,727d2890891ca23e,1977,0.7871311118099127,0.8077460186427269,0.0,0.7871311118099127,0.0,0.0206149068328141,0.0,0.9744784791790694,1.0,8,1,196,10,0.6194923195913178
C4_cash_reg_cash_features_cash_full_clean_all_algos_default,bpi2012,gen+sim,candidate,AM,alpha_miner_classic,f5dfdeada5f4e603,1977,0.9184776167632608,0.9184776167632608,0.0,0.9184776167632608,0.0,0.0,0.0,1.0,1.0,1,1,196,10,0.7805350991399302
C4_cash_reg_cash_features_cash_full_clean_all_algos_default,bpi2012,mix-fit,candidate,HM,heuristics_miner,338af92936f97ac9,1977,0.83840005945888,0.8579335371394458,0.0,0.83840005945888,0.0,0.0195334776805657,0.0,0.9772319453256308,1.0,6,1,196,10,0.7338833039899227
C4_cash_reg_cash_features_cash_full_clean_all_algos_default,bpi2012,mix-prec,candidate,HM,heuristics_miner,338af92936f97ac9,1977,0.8846043943460913,0.9094815824532986,0.0,0.8846043943460913,0.0,0.0248771881072072,0.0,0.9726468478447888,1.0,6,1,196,10,0.7296168474499829
C4_cash_reg_cash_features_cash_full_clean_all_algos_default,bpi2012,mix-simp,candidate,IM,inductive_miner_im,40ae54cd34f036ae,1977,0.749841418803626,0.8154342316428806,0.0,0.7682066435415533,0.0,0.0655928128392546,0.0183652247379273,0.9195608789845592,0.9760933794411608,51,3,196,10,0.7011646099485984
C4_cash_reg_cash_features_cash_full_clean_all_algos_default,bpi2012,mix-gen,candidate,HM,heuristics_miner,338af92936f97ac9,1977,0.8144109784287645,0.858090575541927,0.0,0.8379874314584572,0.0,0.0436795971131624,0.0235764530296926,0.9490967523031276,0.9718653858702158,14,2,196,10,0.6904178615908036
C4_cash_reg_cash_features_cash_full_clean_all_algos_default,bpi2013_closed_problems,equal,candidate,IMf,inductive_miner_imf,2bfbec63c5b94b8a,1987,0.8326648346142267,0.9163782860150956,0.0,0.8856717323021799,0.0,0.083713451400869,0.0530068976879531,0.90864749560479,0.9401506271966372,104,5,196,10,0.8680528240468598
C4_cash_reg_cash_features_cash_full_clean_all_algos_default,bpi2013_closed_problems,fitn,candidate,IM,inductive_miner_im,8f8f99e301cae23f,1987,1.0,1.0,0.0,1.0,0.0,0.0,0.0,1.0,1.0,1,1,196,10,0.996500676438434
C4_cash_reg_cash_features_cash_full_clean_all_algos_default,bpi2013_closed_problems,prec,candidate,,split_miner,e7a29190228d9157,1987,0.9280977766220256,1.0,0.0,1.0,0.0,0.0719022233779743,0.0719022233779743,0.9280977766220256,0.9280977766220256,145,4,196,10,0.918239251082707
C4_cash_reg_cash_features_cash_full_clean_all_algos_default,bpi2013_closed_problems,gene,candidate,,ilp_miner,10886c3391cdc611,1987,0.9262382903865688,0.9751741745874558,0.0,0.9417621438127408,0.0,0.048935884200887,0.015523853426172,0.94981831402417,0.9835161632603712,27,2,196,10,0.9439042251850828
C4_cash_reg_cash_features_cash_full_clean_all_algos_default,bpi2013_closed_problems,simp,candidate,,alpha_miner_plus,e787a9b1833ccccd,1987,0.0,1.0,0.0,1.0,0.0,1.0,1.0,0.0,0.0,191,10,196,10,0.9729440102381278
C4_cash_reg_cash_features_cash_full_clean_all_algos_default,bpi2013_closed_problems,fit+pre,candidate,IMf,inductive_miner_imf,2bfbec63c5b94b8a,1987,0.8966067939275515,0.9833244744389686,0.0,0.9314647007105864,0.0,0.0867176805114171,0.0348579067830349,0.9118117338014052,0.9625773185431044,85,2,196,10,0.9241749059353436
C4_cash_reg_cash_features_cash_full_clean_all_algos_default,bpi2013_closed_problems,fit+gen,candidate,IM,inductive_miner_im,8f8f99e301cae23f,1987,0.9385341960556188,0.9768396200213344,0.0,0.9708810719063704,0.0,0.0383054239657154,0.0323468758507515,0.9607863735452512,0.9666829678868524,24,3,196,10,0.9637670276171254
C4_cash_reg_cash_features_cash_full_clean_all_algos_default,bpi2013_closed_problems,fit+sim,candidate,IMf,inductive_miner_imf,2bfbec63c5b94b8a,1987,0.8301886792452831,0.8813768133238105,0.0,0.8421052631578947,0.0,0.0511881340785274,0.0119165839126116,0.9419225315384814,0.9858490566037736,53,2,196,10,0.8458505706130577
C4_cash_reg_cash_features_cash_full_clean_all_algos_default,bpi2013_closed_problems,pre+gen,candidate,,split_miner,e7a29190228d9157,1987,0.9223549479048988,0.9873630729568104,0.0,0.9511618447181912,0.0,0.0650081250519115,0.0288068968132924,0.9341598578755486,0.969713990344275,32,3,196,10,0.9185877893266414
C4_cash_reg_cash_features_cash_full_clean_all_algos_default,bpi2013_closed_problems,pre+sim,candidate,,split_miner,e7a29190228d9157,1987,0.8871258113879359,1.0,0.0,1.0,0.0,0.1128741886120641,0.1128741886120641,0.8871258113879359,0.8871258113879359,81,4,196,10,0.907993300954669
C4_cash_reg_cash_features_cash_full_clean_all_algos_default,bpi2013_closed_problems,gen+sim,candidate,,alpha_miner_plus,e787a9b1833ccccd,1987,0.0,0.987587087293728,0.0,0.9511618447181912,0.0,0.987587087293728,0.9511618447181912,0.0,0.0,191,10,196,10,0.933976375653036
C4_cash_reg_cash_features_cash_full_clean_all_algos_default,bpi2013_closed_problems,mix-fit,candidate,IMf,inductive_miner_imf,2bfbec63c5b94b8a,1987,0.8577463872657678,0.934116875905002,0.0,0.8687322836083959,0.0,0.0763704886392343,0.0109858963426281,0.91824311217454,0.9873541060348342,84,2,196,10,0.8860612061154929
C4_cash_reg_cash_features_cash_full_clean_all_algos_default,bpi2013_closed_problems,mix-prec,candidate,IMf,inductive_miner_imf,2bfbec63c5b94b8a,1987,0.8464436886244692,0.9478472946591556,0.0,0.8987697547853822,0.0,0.1014036060346864,0.052326066160913,0.8930169378484633,0.9417803437617812,108,5,196,10,0.8881581417980775
C4_cash_reg_cash_features_cash_full_clean_all_algos_default,bpi2013_closed_problems,mix-simp,candidate,IMf,inductive_miner_imf,2bfbec63c5b94b8a,1987,0.8188859806039843,0.8876203584183078,0.0,0.8725737098189776,0.0,0.0687343778143234,0.0536877292149933,0.9225633153155652,0.9384719839586604,71,5,196,10,0.8479475062956422
C4_cash_reg_cash_features_cash_full_clean_all_algos_default,bpi2013_closed_problems,mix-gen,candidate,,split_miner,e7a29190228d9157,1987,0.874525151934789,0.9265291608189076,0.0,0.9249657997517868,0.0,0.0520040088841187,0.0504406478169978,0.9438722372880792,0.945467553686273,19,2,196,10,0.881818456402348
C4_cash_reg_cash_features_cash_full_clean_all_algos_default,bpi2013_incidents,equal,candidate,IMf,inductive_miner_imf,ecc1d0166bfd7823,1987,0.7909074147300356,0.922771311384078,0.0,0.8512319772476271,0.6525859375637348,0.1318638966540423,0.0603245625175915,0.8571001340990351,0.6963213431609977,150,4,196,10,0.8482188702077725
C4_cash_reg_cash_features_cash_full_clean_all_algos_default,bpi2013_incidents,fitn,candidate,IM,inductive_miner_im,1d6773312dd28578,1987,1.0,1.0,0.0,1.0,0.2261167659340351,0.0,0.0,1.0,1.0,1,1,196,10,0.9892117057699302
C4_cash_reg_cash_features_cash_full_clean_all_algos_default,bpi2013_incidents,prec,candidate,,split_miner,7718689c93cef8e5,1987,0.8672789896670494,1.0,0.0,0.9998279421885754,0.0,0.1327210103329505,0.132548952521526,0.8672789896670494,0.8674282374711566,133,3,196,10,0.8811416584239388
C4_cash_reg_cash_features_cash_full_clean_all_algos_default,bpi2013_incidents,gene,candidate,IM,inductive_miner_im,1d6773312dd28578,1987,0.871132170779936,0.9924026869731328,0.0,0.9374222306098524,0.8452125351032832,0.1212705161931968,0.0662900598299164,0.8778011005158837,0.2810944720537139,149,8,196,10,0.9583460078074524
C4_cash_reg_cash_features_cash_full_clean_all_algos_default,bpi2013_incidents,simp,candidate,AM,alpha_miner_classic,ed85abd9c8a01ce2,1987,1.0,1.0,0.0,1.0,0.3846153846153846,0.0,0.0,1.0,1.0,1,1,196,10,0.8199453185703183
C4_cash_reg_cash_features_cash_full_clean_all_algos_default,bpi2013_incidents,fit+pre,candidate,IMf,inductive_miner_imf,ecc1d0166bfd7823,1987,0.8129154107367698,0.9765794350540196,0.0,0.9404450614048588,0.4130663259890726,0.1636640243172498,0.1275296506680889,0.8324109453439426,0.7581820386300854,100,2,196,10,0.8758032178738844
C4_cash_reg_cash_features_cash_full_clean_all_algos_default,bpi2013_incidents,fit+gen,candidate,IM,inductive_miner_im,1d6773312dd28578,1987,0.935566085389968,0.9948630084104292,0.0,0.9687111153049262,0.5543076911444477,0.059296923020461,0.0331450299149581,0.9403968963373114,0.9200174805936868,60,4,196,10,0.9737788567886914
C4_cash_reg_cash_features_cash_full_clean_all_algos_default,bpi2013_incidents,fit+sim,candidate,IMf,inductive_miner_imf,ecc1d0166bfd7823,1987,0.8333333333333333,0.8762171658937965,0.0,0.8562159532363469,0.6059729607026312,0.0428838325604632,0.0228826199030136,0.9510579862736208,0.9085583988933053,24,4,196,10,0.832027874474871
C4_cash_reg_cash_features_cash_full_clean_all_algos_default,bpi2013_incidents,pre+gen,candidate,,split_miner,7718689c93cef8e5,1987,0.8892272308925537,0.9962013434865664,0.0,0.942540567067092,0.4489559218911229,0.1069741125940126,0.0533133361745382,0.8926179799962745,0.8919874499833126,134,3,196,10,0.9066642443605958
C4_cash_reg_cash_features_cash_full_clean_all_algos_default,bpi2013_incidents,pre+sim,candidate,,split_miner,7718689c93cef8e5,1987,0.8669728281668581,1.0,0.0,0.8999139710942877,0.4130434782608695,0.1330271718331419,0.0329411429274296,0.8669728281668581,0.932341056990898,59,2,196,10,0.8463486251026385
C4_cash_reg_cash_features_cash_full_clean_all_algos_default,bpi2013_incidents,gen+sim,candidate,,split_miner,7718689c93cef8e5,1987,0.8889210693923624,0.9962013434865664,0.0,0.94124930817743,0.6512229545426818,0.107280274094204,0.0523282387850676,0.8923106510590139,0.8195741934163386,23,3,196,10,0.8718712110392955
C4_cash_reg_cash_features_cash_full_clean_all_algos_default,bpi2013_incidents,mix-fit,candidate,IMf,inductive_miner_imf,ecc1d0166bfd7823,1987,0.8081957968533888,0.9349837317539984,0.0,0.8784138891748832,0.5587013338223332,0.1267879349006094,0.0702180923214943,0.8643955711798754,0.7803711767150833,99,3,196,10,0.856014410127637
C4_cash_reg_cash_features_cash_full_clean_all_algos_default,bpi2013_incidents,mix-prec,candidate,,split_miner,7718689c93cef8e5,1987,0.7759867551166231,0.9521545943141788,0.0,0.8860812375503471,0.5292512387770386,0.1761678391975557,0.110094482433724,0.8149797939856116,0.6914651716161728,152,6,196,10,0.8631696154592432
C4_cash_reg_cash_features_cash_full_clean_all_algos_default,bpi2013_incidents,mix-simp,candidate,IMf,inductive_miner_imf,ecc1d0166bfd7823,1987,0.8034761829700079,0.893388028453977,0.0,0.8352756481086132,0.6999853135369696,0.0899118454839691,0.0317994651386053,0.8993585736317028,0.7649539027360024,95,4,196,10,0.8362256023813895
C4_cash_reg_cash_features_cash_full_clean_all_algos_default,bpi2013_incidents,mix-gen,candidate,,split_miner,7718689c93cef8e5,1987,0.8324539122544927,0.9176337438459292,0.0,0.8498333989299145,0.6956253194645156,0.0851798315914365,0.0173794866754217,0.9071744776576806,0.8872984688242527,131,2,196,10,0.8675204132492693
C4_cash_reg_cash_features_cash_full_clean_all_algos_default,bpi2013_open_problems,equal,candidate,IMf,inductive_miner_imf,c3dd65d421b2ed6e,1987,0.8830533310680836,0.9162455491114012,0.0,0.9162455491114012,0.7663322567617996,0.0331922180433176,0.0331922180433176,0.9637736651757728,0.7785905604293412,21,3,196,10,0.8685062261873217
C4_cash_reg_cash_features_cash_full_clean_all_algos_default,bpi2013_open_problems,fitn,candidate,,ilp_miner,e24d0de34454f328,1987,1.0,1.0,0.0,1.0,0.1173044925124792,0.0,0.0,1.0,1.0,1,1,196,10,0.9960216526441832
C4_cash_reg_cash_features_cash_full_clean_all_algos_default,bpi2013_open_problems,prec,candidate,,split_miner,b968db3201eb6b44,1987,1.0,1.0,0.0,1.0,0.9065645824471856,0.0,0.0,1.0,1.0,1,1,196,10,0.9073326412079988
C4_cash_reg_cash_features_cash_full_clean_all_algos_default,bpi2013_open_problems,gene,candidate,IMd,inductive_miner_imd,4b39f6be45649b32,1987,0.96197551956781,0.9656228232165908,0.0,0.96197551956781,0.7939000099030549,0.0036473036487807,0.0,0.9962228485480168,1.0,5,1,196,10,0.9372872583652504
C4_cash_reg_cash_features_cash_full_clean_all_algos_default,bpi2013_open_problems,simp,candidate,,split_miner,b968db3201eb6b44,1987,0.8461538461538463,1.0,0.0,1.0,0.625,0.1538461538461537,0.1538461538461537,0.8461538461538463,0.58974358974359,10,2,196,10,0.841378986845626
C4_cash_reg_cash_features_cash_full_clean_all_algos_default,bpi2013_open_problems,fit+pre,candidate,IMf,inductive_miner_imf,c3dd65d421b2ed6e,1987,0.9532822912235928,0.9819381210475931,0.0,0.9819381210475931,0.5538445539485473,0.0286558298240005,0.0286558298240005,0.9708170716567875,0.933061760263801,44,3,196,10,0.9140830367412404
C4_cash_reg_cash_features_cash_full_clean_all_algos_default,bpi2013_open_problems,fit+gen,candidate,IMf,inductive_miner_imf,c3dd65d421b2ed6e,1987,0.9666705247587284,0.9828114116082952,0.0,0.9803034101668852,0.5374722058312916,0.0161408868495668,0.0136328854081567,0.9835768219020234,0.9692142620603916,18,3,196,10,0.9571153905527674
C4_cash_reg_cash_features_cash_full_clean_all_algos_default,bpi2013_open_problems,fit+sim,candidate,IMf,inductive_miner_imf,c3dd65d421b2ed6e,1987,0.846153846153846,0.8644377932873344,0.0,0.8644377932873344,0.5586522462562395,0.0182839471334883,0.0182839471334883,0.9788487416035374,0.9402066339923216,3,2,196,10,0.8528751791203388
C4_cash_reg_cash_features_cash_full_clean_all_algos_default,bpi2013_open_problems,pre+gen,candidate,IMd,inductive_miner_imd,4b39f6be45649b32,1987,0.9680533049354684,0.9793652708841788,0.0,0.9793652708841788,0.8969500049515274,0.0113119659487105,0.0113119659487105,0.9884496966708876,0.8627442886860971,16,4,196,10,0.8861935233914604
C4_cash_reg_cash_features_cash_full_clean_all_algos_default,bpi2013_open_problems,pre+sim,candidate,,split_miner,b968db3201eb6b44,1987,0.9230769230769232,0.9951923076923076,0.0,0.9951923076923076,0.7866156245569261,0.0721153846153845,0.0721153846153845,0.927536231884058,0.6542500171575919,5,2,196,10,0.8743558140268124
C4_cash_reg_cash_features_cash_full_clean_all_algos_default,bpi2013_open_problems,gen+sim,candidate,,split_miner,b968db3201eb6b44,1987,0.902442193961102,0.978819959575052,0.0,0.978819959575052,0.7430566289760936,0.0763777656139501,0.0763777656139501,0.9219695462206255,0.676040521569186,8,2,196,10,0.850909049387139
C4_cash_reg_cash_features_cash_full_clean_all_algos_default,bpi2013_open_problems,mix-fit,candidate,IMf,inductive_miner_imf,c3dd65d421b2ed6e,1987,0.90376501814744,0.9321610267210648,0.0,0.9321610267210648,0.6398011735353868,0.0283960085736247,0.0283960085736247,0.969537442824112,0.902873091964544,29,2,196,10,0.8836107409954925
C4_cash_reg_cash_features_cash_full_clean_all_algos_default,bpi2013_open_problems,mix-prec,candidate,IMf,inductive_miner_imf,c3dd65d421b2ed6e,1987,0.9118589170648804,0.9501071658282664,0.0,0.9501071658282664,0.8069067204013732,0.0382482487633859,0.0382482487633859,0.959743226723227,0.7329041215663504,46,4,196,10,0.8838740071248985
C4_cash_reg_cash_features_cash_full_clean_all_algos_default,bpi2013_open_problems,mix-simp,candidate,IMf,inductive_miner_imf,c3dd65d421b2ed6e,1987,0.8542477450712869,0.8823839323945362,0.0,0.8823839323945362,0.7257577931222261,0.0281361873232492,0.0281361873232492,0.9681134409973948,0.820360844914068,13,2,196,10,0.8531384452497448
C4_cash_reg_cash_features_cash_full_clean_all_algos_default,bpi2013_open_problems,mix-gen,candidate,,split_miner,b968db3201eb6b44,1987,0.908576564484664,0.9253321454132266,0.0,0.908576564484664,0.8020640134652315,0.0167555809285626,0.0,0.981892360476594,1.0,2,1,196,10,0.8588467015209134
C4_cash_reg_cash_features_cash_full_clean_all_algos_default,bpi2017,equal,candidate,AM,alpha_miner_classic,9a9cd65c1066e3fa,1987,0.5001675983519174,0.8802301190425359,0.0,0.8802301190425359,0.0,0.3800625206906185,0.3800625206906185,0.5682236809801182,0.5682236809801182,176,8,196,10,0.5991156661174795
C4_cash_reg_cash_features_cash_full_clean_all_algos_default,bpi2017,fitn,candidate,IMd,inductive_miner_imd,9d837cc3c8eeb105,1987,1.0,1.0,0.0,1.0,0.0,0.0,0.0,1.0,1.0,1,1,196,10,0.8960916204995774
C4_cash_reg_cash_features_cash_full_clean_all_algos_default,bpi2017,prec,candidate,,split_miner,03d330ed30b3abe5,1987,0.9892068764705728,0.9982184707429071,0.0,0.9977548056712652,0.0,0.0090115942723343,0.0085479292006923,0.9909723226563544,0.9914328358509468,16,2,196,10,0.62335479863617
C4_cash_reg_cash_features_cash_full_clean_all_algos_default,bpi2017,gene,candidate,AM,alpha_miner_classic,9a9cd65c1066e3fa,1987,0.9869939686795314,0.99095165942404,0.0,0.988416241415834,0.0,0.0039576907445085,0.0014222727363025,0.9960061717371674,0.9985610589175818,19,3,196,10,0.913703553040496
C4_cash_reg_cash_features_cash_full_clean_all_algos_default,bpi2017,simp,candidate,AM,alpha_miner_classic,9a9cd65c1066e3fa,1987,0.392,0.7701149425287357,0.0,0.7555555555555554,0.0,0.3781149425287357,0.3635555555555554,0.5090149253731343,0.5188235294117648,165,8,196,10,0.8615515716260207
C4_cash_reg_cash_features_cash_full_clean_all_algos_default,bpi2017,fit+pre,candidate,,split_miner,03d330ed30b3abe5,1987,0.8913659050340706,0.9550451175767803,0.0,0.9168671249859665,0.0,0.0636792125427098,0.0255012199518956,0.9333233463312371,0.9721865696163052,49,2,196,10,0.5610065159557287
C4_cash_reg_cash_features_cash_full_clean_all_algos_default,bpi2017,fit+gen,candidate,IMd,inductive_miner_imd,9d837cc3c8eeb105,1987,0.994208120707917,0.9949668505231788,0.0,0.994208120707917,0.0,0.0007587298152618,0.0,0.999237432066342,1.0,4,1,196,10,0.8989380604591833
C4_cash_reg_cash_features_cash_full_clean_all_algos_default,bpi2017,fit+sim,candidate,IM,inductive_miner_im,d4bdd8ab8d6977a4,1987,0.8085106382978724,0.8402404432249244,0.0,0.8085106382978724,0.0,0.031729804927052,0.0,0.9622372319936542,1.0,13,1,196,10,0.6767572908567436
C4_cash_reg_cash_features_cash_full_clean_all_algos_default,bpi2017,pre+gen,candidate,,split_miner,03d330ed30b3abe5,1987,0.98591999350851,0.98591999350851,0.0,0.98591999350851,0.0,0.0,0.0,1.0,1.0,1,1,196,10,0.6766357999134732
C4_cash_reg_cash_features_cash_full_clean_all_algos_default,bpi2017,pre+sim,candidate,,split_miner,03d330ed30b3abe5,1987,0.8723812160130642,0.8723812160130642,0.0,0.8723812160130642,0.0,0.0,0.0,1.0,1.0,1,1,196,10,0.5739499026661385
C4_cash_reg_cash_features_cash_full_clean_all_algos_default,bpi2017,gen+sim,candidate,AM,alpha_miner_classic,9a9cd65c1066e3fa,1987,0.6894969843397657,0.8792604640175905,0.0,0.8690943330510013,0.0,0.1897634796778248,0.1795973487112355,0.7841783095639924,0.7933511451159166,107,6,196,10,0.8876275623332583
C4_cash_reg_cash_features_cash_full_clean_all_algos_default,bpi2017,mix-fit,candidate,IMd,inductive_miner_imd,9d837cc3c8eeb105,1987,0.6318629809715274,0.8744182289149186,0.0,0.863546458545955,0.0,0.2425552479433912,0.2316834775744276,0.722609570657759,0.7317069912317888,168,6,196,10,0.5665224119085386
C4_cash_reg_cash_features_cash_full_clean_all_algos_default,bpi2017,mix-prec,candidate,,split_miner,03d330ed30b3abe5,1987,0.9247332260272324,0.9247332260272324,0.0,0.9247332260272324,0.0,0.0,0.0,1.0,1.0,1,1,196,10,0.6205031071363691
C4_cash_reg_cash_features_cash_full_clean_all_algos_default,bpi2017,mix-simp,candidate,,alpha_miner_plus,91c90c192aa73589,1987,0.6645590693717247,0.8548318499663207,0.0,0.8357270120578394,0.0,0.1902727805945959,0.1711679426861146,0.7774149610802493,0.7951867772412405,135,6,196,10,0.6684825884104215
C4_cash_reg_cash_features_cash_full_clean_all_algos_default,bpi2017,mix-gen,candidate,AM,alpha_miner_classic,9a9cd65c1066e3fa,1987,0.587155425069478,0.8969137795391169,0.0,0.8969137795391169,0.0,0.3097583544696388,0.3097583544696388,0.6546397641155546,0.6546397641155546,173,8,196,10,0.711610400320853
C4_cash_reg_cash_features_cash_full_clean_all_algos_default,bpi2020_domestic,equal,candidate,HM,heuristics_miner,7ff65ee42a91cefb,1977,0.782697276145632,0.9013014428805918,0.0,0.8012383524768629,0.51380247405829,0.1186041667349597,0.0185410763312309,0.868407880990519,0.9354949130455076,137,2,196,10,0.7760580686903388
C4_cash_reg_cash_features_cash_full_clean_all_algos_default,bpi2020_domestic,fitn,candidate,IM,inductive_miner_im,df7d13e54451760d,1977,1.0,1.0,0.0,1.0,0.723032771051894,0.0,0.0,1.0,1.0,1,1,196,10,0.9956915543529052
C4_cash_reg_cash_features_cash_full_clean_all_algos_default,bpi2020_domestic,prec,candidate,HM,heuristics_miner,7ff65ee42a91cefb,1977,0.8670356093278883,0.986007752461474,0.0,0.8670356093278883,0.111129923176229,0.1189721431335857,0.0,0.8793395459248843,1.0,108,1,196,10,0.8441077433289551
C4_cash_reg_cash_features_cash_full_clean_all_algos_default,bpi2020_domestic,gene,candidate,IM,inductive_miner_im,df7d13e54451760d,1977,0.8554073029005208,0.9326053854610896,0.0,0.8554073029005208,0.6904784909157251,0.0771980825605688,0.0,0.9172232074100652,1.0,76,1,196,10,0.8956549204262768
C4_cash_reg_cash_features_cash_full_clean_all_algos_default,bpi2020_domestic,simp,candidate,IM,inductive_miner_im,df7d13e54451760d,1977,0.6000000000000001,0.875,0.0,0.6799999999999999,0.0604651162790697,0.2749999999999999,0.0799999999999998,0.6857142857142858,0.8708708708708711,125,3,196,10,0.6089051455377651
C4_cash_reg_cash_features_cash_full_clean_all_algos_default,bpi2020_domestic,fit+pre,candidate,HM,heuristics_miner,7ff65ee42a91cefb,1977,0.896113454388845,0.980580685505521,0.0,0.896113454388845,0.4865074575922279,0.0844672311166759,0.0,0.9138599889175562,1.0,125,1,196,10,0.886165562080637
C4_cash_reg_cash_features_cash_full_clean_all_algos_default,bpi2020_domestic,fit+gen,candidate,IM,inductive_miner_im,df7d13e54451760d,1977,0.9277036514502603,0.9529492086056026,0.0,0.9277036514502603,0.7540428391238887,0.0252455571553422,0.0,0.97350797195972,1.0,32,1,196,10,0.9456732373895912
C4_cash_reg_cash_features_cash_full_clean_all_algos_default,bpi2020_domestic,fit+sim,candidate,IM,inductive_miner_im,df7d13e54451760d,1977,0.8,0.892967594352212,0.0,0.8,0.5302325581395348,0.0929675943522119,0.0,0.8958891734255444,1.0,60,1,196,10,0.8022983499453351
C4_cash_reg_cash_features_cash_full_clean_all_algos_default,bpi2020_domestic,pre+gen,candidate,,split_miner,087b0ac3165af45d,1977,0.8291800224391339,0.957510356458128,0.0,0.8291800224391339,0.4732486991064734,0.128330334018994,0.0,0.8659749911283534,1.0,127,1,196,10,0.7995249705083526
C4_cash_reg_cash_features_cash_full_clean_all_algos_default,bpi2020_domestic,pre+sim,candidate,HM,heuristics_miner,7ff65ee42a91cefb,1977,0.7269960655335093,0.8607303005919194,0.0,0.7520934933412282,0.1242791212515525,0.1337342350584101,0.0250974278077189,0.8446270161902726,0.9600241266790654,128,2,196,10,0.7127936993195112
C4_cash_reg_cash_features_cash_full_clean_all_algos_default,bpi2020_domestic,gen+sim,candidate,IM,inductive_miner_im,df7d13e54451760d,1977,0.7277036514502604,0.836843156586478,0.0,0.7570865290979056,0.4335583850045623,0.1091395051362176,0.0293828776476452,0.8695818872661841,0.9091798405051036,120,3,196,10,0.752280032982021
C4_cash_reg_cash_features_cash_full_clean_all_algos_default,bpi2020_domestic,mix-fit,candidate,HM,heuristics_miner,7ff65ee42a91cefb,1977,0.822739074332684,0.9217713572150562,0.0,0.822739074332684,0.5135463757134479,0.0990322828823722,0.0,0.8925630720598892,1.0,129,1,196,10,0.8158597559226288
C4_cash_reg_cash_features_cash_full_clean_all_algos_default,bpi2020_domestic,mix-prec,candidate,HM,heuristics_miner,7ff65ee42a91cefb,1977,0.8160298580147409,0.939640856836592,0.0,0.8212453851375626,0.5155319506888352,0.1236109988218511,0.0052155271228216,0.86844867597818,0.982939817047208,131,2,196,10,0.8065621876160566
C4_cash_reg_cash_features_cash_full_clean_all_algos_default,bpi2020_domestic,mix-simp,candidate,IM,inductive_miner_im,df7d13e54451760d,1977,0.7501620398307685,0.8629620289245914,0.0,0.7812313198161629,0.5043256898800424,0.1127999890938229,0.0310692799853944,0.8692874248077955,0.88779830878642,156,2,196,10,0.756734007811541
C4_cash_reg_cash_features_cash_full_clean_all_algos_default,bpi2020_domestic,mix-gen,candidate,,split_miner,087b0ac3165af45d,1977,0.7891659571177342,0.88113234738198,0.0,0.7891659571177342,0.4784188216205499,0.0919663902642458,0.0,0.8956270411164721,1.0,115,1,196,10,0.751378297736327
C4_cash_reg_cash_features_cash_full_clean_all_algos_default,bpi2020_international,equal,candidate,,split_miner,c9540fd3013c5d8d,1987,0.7950101022303788,0.8501918473231604,0.0,0.7950101022303788,0.0,0.0551817450927816,0.0,0.9350949491382186,1.0,32,1,196,10,0.77395332766667
C4_cash_reg_cash_features_cash_full_clean_all_algos_default,bpi2020_international,fitn,candidate,IM,inductive_miner_im,6150b352c065731b,1987,0.9707533277618512,1.0,0.0,1.0,0.0,0.0292466722381488,0.0292466722381488,0.9707533277618512,0.9707533277618512,11,3,196,10,0.9986140778078852
C4_cash_reg_cash_features_cash_full_clean_all_algos_default,bpi2020_international,prec,candidate,,split_miner,c9540fd3013c5d8d,1987,0.8981117607591297,1.0,0.0,0.914192461570857,0.0,0.1018882392408703,0.0160807008117273,0.8981117607591297,0.9824099393861816,38,3,196,10,0.8386329986611714
C4_cash_reg_cash_features_cash_full_clean_all_algos_default,bpi2020_international,gene,candidate,IM,inductive_miner_im,6150b352c065731b,1987,0.8766720880937127,0.9418786896404474,0.0,0.9085268002629592,0.0,0.0652066015467347,0.0318547121692465,0.9307696391648624,0.964938059988955,55,6,196,10,0.9030816213893657
C4_cash_reg_cash_features_cash_full_clean_all_algos_default,bpi2020_international,simp,candidate,,split_miner,c9540fd3013c5d8d,1987,0.654320987654321,0.726190476190476,0.0,0.654320987654321,0.0,0.071869488536155,0.0,0.9010321797207044,1.0,24,1,196,10,0.6520384103592568
C4_cash_reg_cash_features_cash_full_clean_all_algos_default,bpi2020_international,fit+pre,candidate,HM,heuristics_miner,a8fc09154990e706,1987,0.9075063812417572,0.9444725618292222,0.0,0.9081115721145704,0.0,0.0369661805874649,0.000605190872813,0.9608605034371036,0.9993335721166906,33,2,196,10,0.8452974357731264
C4_cash_reg_cash_features_cash_full_clean_all_algos_default,bpi2020_international,fit+gen,candidate,IM,inductive_miner_im,6150b352c065731b,1987,0.923712707927782,0.9642924535411258,0.0,0.9542634001314796,0.0,0.0405797456133438,0.0305506922036976,0.9579175949533518,0.9679850529743796,18,3,196,10,0.9508478495986252
C4_cash_reg_cash_features_cash_full_clean_all_algos_default,bpi2020_international,fit+sim,candidate,IM,inductive_miner_im,6150b352c065731b,1987,0.7964877749920367,0.8252695672008914,0.0,0.7964877749920367,0.0,0.0287817922088546,0.0,0.9651243746858674,1.0,18,1,196,10,0.7969112873263065
C4_cash_reg_cash_features_cash_full_clean_all_algos_default,bpi2020_international,pre+gen,candidate,,split_miner,c9540fd3013c5d8d,1987,0.8880112060070884,0.9244692854293904,0.0,0.8880112060070884,0.0,0.0364580794223019,0.0,0.9605632334173566,1.0,13,1,196,10,0.8571332987627666
C4_cash_reg_cash_features_cash_full_clean_all_algos_default,bpi2020_international,pre+sim,candidate,,split_miner,c9540fd3013c5d8d,1987,0.7762163742067254,0.863095238095238,0.0,0.7762163742067254,0.0,0.0868788638885126,0.0,0.8993403508050336,1.0,8,1,196,10,0.745335704510214
C4_cash_reg_cash_features_cash_full_clean_all_algos_default,bpi2020_international,gen+sim,candidate,,split_miner,c9540fd3013c5d8d,1987,0.766115819454684,0.8021013140485984,0.0,0.766115819454684,0.0,0.0359854945939144,0.0,0.9551359735190084,1.0,27,1,196,10,0.7638360046118093
C4_cash_reg_cash_features_cash_full_clean_all_algos_default,bpi2020_international,mix-fit,candidate,,split_miner,c9540fd3013c5d8d,1987,0.7879675945853151,0.8651430903153831,0.0,0.8026624198204434,0.0,0.0771754957300679,0.0146948252351283,0.9107945302991044,0.98169239661374,72,3,196,10,0.7613642626693949
C4_cash_reg_cash_features_cash_full_clean_all_algos_default,bpi2020_international,mix-prec,candidate,,split_miner,c9540fd3013c5d8d,1987,0.8379894002962017,0.8789785552291676,0.0,0.8379894002962017,0.0,0.0409891549329658,0.0,0.9533672867339988,1.0,31,1,196,10,0.8092487807160809
C4_cash_reg_cash_features_cash_full_clean_all_algos_default,bpi2020_international,mix-simp,candidate,IM,inductive_miner_im,6150b352c065731b,1987,0.7380189347317311,0.8280233355013684,0.0,0.7520308041645561,0.0,0.0900044007696373,0.014011869432825,0.8913020963169599,0.981367958127206,76,2,196,10,0.7421675559497969
C4_cash_reg_cash_features_cash_full_clean_all_algos_default,bpi2020_international,mix-gen,candidate,,split_miner,c9540fd3013c5d8d,1987,0.8020526098754429,0.8352406043309378,0.0,0.8020526098754429,0.0,0.0331879944554949,0.0,0.9602653483518324,1.0,13,1,196,10,0.7865423926639451
C4_cash_reg_cash_features_cash_full_clean_all_algos_default,bpi2020_payment,equal,candidate,,split_miner,b9b111d877df10fd,1987,0.7808966705282737,0.8696763776738392,0.0,0.7808966705282737,0.4539079536155171,0.0887797071455654,0.0,0.8979163865724071,1.0,106,1,196,10,0.8038021457899895
C4_cash_reg_cash_features_cash_full_clean_all_algos_default,bpi2020_payment,fitn,candidate,IM,inductive_miner_im,d6c08269cc6ee4f8,1987,1.0,1.0,0.0,1.0,0.6986954515961711,0.0,0.0,1.0,1.0,1,1,196,10,0.9995234368516084
C4_cash_reg_cash_features_cash_full_clean_all_algos_default,bpi2020_payment,prec,candidate,HM,heuristics_miner,67cd1ccc54854e66,1987,0.8082905921163525,1.0,0.0,0.8082905921163525,0.0,0.1917094078836475,0.0,0.8082905921163525,1.0,103,1,196,10,0.8989644540421738
C4_cash_reg_cash_features_cash_full_clean_all_algos_default,bpi2020_payment,gene,candidate,IM,inductive_miner_im,d6c08269cc6ee4f8,1987,0.8669709790187637,0.9042989365923124,0.0,0.8669709790187637,0.6532286025143847,0.0373279575735486,0.0,0.9587216615401404,1.0,4,1,196,10,0.8894273760409809
C4_cash_reg_cash_features_cash_full_clean_all_algos_default,bpi2020_payment,simp,candidate,,split_miner,b9b111d877df10fd,1987,0.6923076923076922,0.8214285714285714,0.0,0.6923076923076922,0.1719745222929936,0.1291208791208792,0.0,0.8428093645484949,1.0,18,1,196,10,0.6675907349639503
C4_cash_reg_cash_features_cash_full_clean_all_algos_default,bpi2020_payment,fit+pre,candidate,HM,heuristics_miner,67cd1ccc54854e66,1987,0.8729305234063345,0.9825892284678608,0.0,0.8729305234063345,0.3493477257980855,0.1096587050615264,0.0,0.8883982218769935,1.0,101,1,196,10,0.9053658098212248
C4_cash_reg_cash_features_cash_full_clean_all_algos_default,bpi2020_payment,fit+gen,candidate,IM,inductive_miner_im,d6c08269cc6ee4f8,1987,0.9334854895093818,0.951497082337022,0.0,0.9334854895093818,0.7411492405643676,0.0180115928276403,0.0,0.9810702595289088,1.0,2,1,196,10,0.9444754064462946
C4_cash_reg_cash_features_cash_full_clean_all_algos_default,bpi2020_payment,fit+sim,candidate,IM,inductive_miner_im,d6c08269cc6ee4f8,1987,0.8,0.8691224178435837,0.0,0.8,0.5160143924647522,0.0691224178435836,0.0,0.9204687206031502,1.0,56,1,196,10,0.7971169179615819
C4_cash_reg_cash_features_cash_full_clean_all_algos_default,bpi2020_payment,pre+gen,candidate,,split_miner,b9b111d877df10fd,1987,0.7870840368819612,0.916868426053467,0.0,0.7870840368819612,0.3800219252001248,0.1297843891715058,0.0,0.8584481857117223,1.0,106,1,196,10,0.8517417385864717
C4_cash_reg_cash_features_cash_full_clean_all_algos_default,bpi2020_payment,pre+sim,candidate,HM,heuristics_miner,67cd1ccc54854e66,1987,0.6856579011001931,0.87,0.0,0.7395622893145799,0.1666666666666666,0.1843420988998069,0.0539043882143868,0.788112530000222,0.9059088844749036,122,2,196,10,0.7435285077814889
C4_cash_reg_cash_features_cash_full_clean_all_algos_default,bpi2020_payment,gen+sim,candidate,,split_miner,b9b111d877df10fd,1987,0.7398294398750735,0.7955758933524278,0.0,0.7398294398750735,0.4875195451263374,0.0557464534773542,0.0,0.9299294335799344,1.0,50,1,196,10,0.7763414557793434
C4_cash_reg_cash_features_cash_full_clean_all_algos_default,bpi2020_payment,mix-fit,candidate,HM,heuristics_miner,67cd1ccc54854e66,1987,0.7976255228467759,0.9053177010011466,0.0,0.7976255228467759,0.4245051502583915,0.1076921781543707,0.0,0.8810448773560053,1.0,121,1,196,10,0.8267232194304519
C4_cash_reg_cash_features_cash_full_clean_all_algos_default,bpi2020_payment,mix-prec,candidate,,split_miner,b9b111d877df10fd,1987,0.7915850632003887,0.9102277500261444,0.0,0.7915850632003887,0.4081533325123367,0.1186426868257558,0.0,0.8696560428724042,1.0,114,1,196,10,0.8284701209107116
C4_cash_reg_cash_features_cash_full_clean_all_algos_default,bpi2020_payment,mix-simp,candidate,,split_miner,b9b111d877df10fd,1987,0.7702082778561588,0.829125005321534,0.0,0.7702082778561588,0.4996625747186974,0.0589167274653752,0.0,0.9289410799490634,1.0,80,1,196,10,0.7791341706692674
C4_cash_reg_cash_features_cash_full_clean_all_algos_default,bpi2020_payment,mix-gen,candidate,,split_miner,b9b111d877df10fd,1987,0.7657072515377311,0.836099433132433,0.0,0.7657072515377311,0.4833107569726427,0.0703921815947018,0.0,0.9158088394690346,1.0,67,1,196,10,0.8024057883450276
C4_cash_reg_cash_features_cash_full_clean_all_algos_default,bpi2020_permit,equal,candidate,,split_miner,dc77a286a87cc2ae,1987,0.7402210446486844,0.8429076490043279,0.0,0.7402210446486844,0.0,0.1026866043556434,0.0,0.8781757355305287,1.0,50,1,196,10,0.6859622065378757
C4_cash_reg_cash_features_cash_full_clean_all_algos_default,bpi2020_permit,fitn,candidate,IMd,inductive_miner_imd,83bfdaba62b71641,1987,1.0,1.0,0.0,1.0,0.0,0.0,0.0,1.0,1.0,1,1,196,10,0.9890069955429528
C4_cash_reg_cash_features_cash_full_clean_all_algos_default,bpi2020_permit,prec,candidate,HM,heuristics_miner,8dc0dde1f149f92e,1987,0.8137442437123628,0.9911533085603246,0.0,0.8137442437123628,0.0,0.1774090648479618,0.0,0.8210074432323159,1.0,43,1,196,10,0.86944082177231
C4_cash_reg_cash_features_cash_full_clean_all_algos_default,bpi2020_permit,gene,candidate,IMd,inductive_miner_imd,83bfdaba62b71641,1987,0.8652393738255396,0.9078165537742844,0.0,0.8652393738255396,0.0,0.0425771799487447,0.0,0.9530993571644752,1.0,41,1,196,10,0.8993344256445708
C4_cash_reg_cash_features_cash_full_clean_all_algos_default,bpi2020_permit,simp,candidate,,split_miner,dc77a286a87cc2ae,1987,0.6506550218340611,0.7142857142857143,0.0,0.6506550218340611,0.0,0.0636306924516532,0.0,0.9109170305676856,1.0,25,1,196,10,0.604009357548388
C4_cash_reg_cash_features_cash_full_clean_all_algos_default,bpi2020_permit,fit+pre,candidate,HM,heuristics_miner,8dc0dde1f149f92e,1987,0.8512783359444481,0.9243881790529204,0.0,0.8512783359444481,0.0,0.0731098431084723,0.0,0.9209100194429392,1.0,34,1,196,10,0.8461855550782177
C4_cash_reg_cash_features_cash_full_clean_all_algos_default,bpi2020_permit,fit+gen,candidate,IMd,inductive_miner_imd,83bfdaba62b71641,1987,0.93261968691277,0.9448808304983668,0.0,0.93261968691277,0.0,0.0122611435855969,0.0,0.9870236084913164,1.0,7,1,196,10,0.9441707105937618
C4_cash_reg_cash_features_cash_full_clean_all_algos_default,bpi2020_permit,fit+sim,candidate,IM,inductive_miner_im,1e49d93937c2bb45,1987,0.7973273942093542,0.8272924879786688,0.0,0.7973273942093542,0.0,0.0299650937693146,0.0,0.9637793232686922,1.0,15,1,196,10,0.7354218491887752
C4_cash_reg_cash_features_cash_full_clean_all_algos_default,bpi2020_permit,pre+gen,candidate,,split_miner,dc77a286a87cc2ae,1987,0.7866876858175699,0.9322600772514232,0.0,0.7866876858175699,0.0,0.1455723914338532,0.0,0.8438500210552365,1.0,37,1,196,10,0.7689532075683114
C4_cash_reg_cash_features_cash_full_clean_all_algos_default,bpi2020_permit,pre+sim,candidate,,split_miner,dc77a286a87cc2ae,1987,0.6864364404701602,0.816594001468874,0.0,0.6864364404701602,0.0,0.1301575609987137,0.0,0.8406092124549178,1.0,30,1,196,10,0.6919116704237713
C4_cash_reg_cash_features_cash_full_clean_all_algos_default,bpi2020_permit,gen+sim,candidate,IM,inductive_miner_im,1e49d93937c2bb45,1987,0.7281672934908063,0.7992898469819344,0.0,0.7509062671814708,0.0,0.071122553491128,0.0227389736906644,0.9110178194309836,0.969717959904616,55,2,196,10,0.7184105333926647
C4_cash_reg_cash_features_cash_full_clean_all_algos_default,bpi2020_permit,mix-fit,candidate,HM,heuristics_miner,8dc0dde1f149f92e,1987,0.755106320314616,0.8639118088087243,0.0,0.755106320314616,0.0,0.1088054884941083,0.0,0.8740548660352916,1.0,52,1,196,10,0.7393767701840178
C4_cash_reg_cash_features_cash_full_clean_all_algos_default,bpi2020_permit,mix-prec,candidate,HM,heuristics_miner,8dc0dde1f149f92e,1987,0.7316826036822173,0.8885842618048088,0.0,0.7566706566096814,0.0,0.1569016581225915,0.024988052927464,0.8234251214354082,0.9669763156411736,68,2,196,10,0.7352155637131332
C4_cash_reg_cash_features_cash_full_clean_all_algos_default,bpi2020_permit,mix-simp,candidate,IM,inductive_miner_im,1e49d93937c2bb45,1987,0.7200015916100726,0.81761289182125,0.0,0.7237714326876876,0.0,0.0976113002111773,0.003769841077615,0.8806142843543646,0.9947913928246436,72,2,196,10,0.7009291978119503
C4_cash_reg_cash_features_cash_full_clean_all_algos_default,bpi2020_permit,mix-gen,candidate,,split_miner,dc77a286a87cc2ae,1987,0.7537884618955761,0.8269571869508153,0.0,0.7537884618955761,0.0,0.0731687250552391,0.0,0.9115205403498222,1.0,31,1,196,10,0.700595882005984
C4_cash_reg_cash_features_cash_full_clean_all_algos_default,bpi2020_prepaid,equal,candidate,,split_miner,d00664035691ce6c,1987,0.7896156612546479,0.8668476328686328,0.0,0.7896156612546479,0.3835715428314981,0.0772319716139848,0.0,0.9109047903166057,1.0,22,1,196,10,0.7672419836388977
C4_cash_reg_cash_features_cash_full_clean_all_algos_default,bpi2020_prepaid,fitn,candidate,IM,inductive_miner_im,08b79ae23a413281,1987,0.9865754284763762,1.0,0.0,1.0,0.4702681384715757,0.0134245715236237,0.0134245715236237,0.9865754284763762,0.9746577985985396,9,3,196,10,0.9985631082235852
C4_cash_reg_cash_features_cash_full_clean_all_algos_default,bpi2020_prepaid,prec,candidate,HM,heuristics_miner,29f7ad244446d4aa,1987,0.8877260430015663,0.9997522759645756,0.0,0.9997522759645756,0.0,0.1120262329630092,0.1120262329630092,0.8879460085700482,0.8879460085700482,23,2,196,10,0.8615634849529841
C4_cash_reg_cash_features_cash_full_clean_all_algos_default,bpi2020_prepaid,gene,candidate,AM,alpha_miner_classic,a227ba81ae0c6705,1987,0.8773091720949231,0.9112866050560324,0.0,0.8904211520153033,0.4696652658125709,0.0339774329611093,0.0131119799203801,0.9627148772158016,0.9688370849931202,41,7,196,10,0.9204056320515636
C4_cash_reg_cash_features_cash_full_clean_all_algos_default,bpi2020_prepaid,simp,candidate,,split_miner,d00664035691ce6c,1987,0.6984126984126985,0.8241758241758241,0.0,0.7333333333333333,0.045045045045045,0.1257631257631256,0.0349206349206348,0.8474074074074075,0.949264522562952,26,2,196,10,0.6480813503482048
C4_cash_reg_cash_features_cash_full_clean_all_algos_default,bpi2020_prepaid,fit+pre,candidate,HM,heuristics_miner,29f7ad244446d4aa,1987,0.8946719217397086,0.9548684615240935,0.0,0.8946719217397086,0.2351340692357878,0.0601965397843851,0.0,0.936958290895582,1.0,27,1,196,10,0.8762716429137533
C4_cash_reg_cash_features_cash_full_clean_all_algos_default,bpi2020_prepaid,fit+gen,candidate,IMf,inductive_miner_imf,e8719cb81ea22b00,1987,0.9360546379156452,0.949603353381388,0.0,0.9452105760076516,0.6737886552832494,0.0135487154657427,0.0091559380920064,0.9857322371309052,0.9662667699514836,11,3,196,10,0.9544327081493196
C4_cash_reg_cash_features_cash_full_clean_all_algos_default,bpi2020_prepaid,fit+sim,candidate,IMf,inductive_miner_imf,e8719cb81ea22b00,1987,0.7884684371297543,0.8494129668934964,0.0,0.8230332638671308,0.3284884996155346,0.060944529763742,0.0345648267373764,0.9282510014102674,0.9301077895553416,66,2,196,10,0.8091351227603951
C4_cash_reg_cash_features_cash_full_clean_all_algos_default,bpi2020_prepaid,pre+gen,candidate,,split_miner,d00664035691ce6c,1987,0.8666631085328209,0.9409693886867966,0.0,0.9409693886867966,0.4386545860474615,0.0743062801539756,0.0743062801539756,0.921032202484635,0.8520722866147984,19,2,196,10,0.8323360750923134
C4_cash_reg_cash_features_cash_full_clean_all_algos_default,bpi2020_prepaid,pre+sim,candidate,,split_miner,d00664035691ce6c,1987,0.7760895508303614,0.8334790489391193,0.0,0.7760895508303614,0.0933544303797468,0.0573894981087579,0.0,0.9311446422296934,1.0,11,1,196,10,0.7163377033399646
C4_cash_reg_cash_features_cash_full_clean_all_algos_default,bpi2020_prepaid,gen+sim,candidate,IMf,inductive_miner_imf,e8719cb81ea22b00,1987,0.7379476465690233,0.815098321546149,0.0,0.7889862561151579,0.4644307808719548,0.0771506749771256,0.0510386095461345,0.9053480139294366,0.8427430333508033,81,3,196,10,0.7655673306090935
C4_cash_reg_cash_features_cash_full_clean_all_algos_default,bpi2020_prepaid,mix-fit,candidate,HM,heuristics_miner,29f7ad244446d4aa,1987,0.7916125911463714,0.8887029376845874,0.0,0.7916125911463714,0.3131799447500213,0.097090346538216,0.0,0.8907505056850902,1.0,40,1,196,10,0.7871044757500285
C4_cash_reg_cash_features_cash_full_clean_all_algos_default,bpi2020_prepaid,mix-prec,candidate,,split_miner,d00664035691ce6c,1987,0.8205605211938151,0.9102502378418412,0.0,0.8205605211938151,0.3759172653987414,0.089689716648026,0.0,0.9014669670829464,1.0,25,1,196,10,0.7939120725279329
C4_cash_reg_cash_features_cash_full_clean_all_algos_default,bpi2020_prepaid,mix-simp,candidate,IMf,inductive_miner_imf,e8719cb81ea22b00,1987,0.724823854120391,0.8311667650921324,0.0,0.7586708013154808,0.3912258202642548,0.1063429109717414,0.0338469471950898,0.8720558672001838,0.9078856728475188,103,3,196,10,0.7675250574700861
C4_cash_reg_cash_features_cash_full_clean_all_algos_default,bpi2020_prepaid,mix-gen,candidate,,split_miner,d00664035691ce6c,1987,0.8047733886544866,0.8449923280526782,0.0,0.8047733886544866,0.4539631409129749,0.0402189393981916,0.0,0.9524031898717022,1.0,13,1,196,10,0.7789958973142433
C4_cash_reg_cash_features_cash_full_clean_all_algos_default,bpic15_1,equal,candidate,IMd,inductive_miner_imd,8ec8a2cb08851acf,1977,0.5006533211257762,0.7538067736145151,0.0,0.5006533211257762,0.0,0.2531534524887389,0.0,0.6641666520521378,1.0,124,1,196,10,0.4988671078508227
C4_cash_reg_cash_features_cash_full_clean_all_algos_default,bpic15_1,fitn,candidate,IMd,inductive_miner_imd,8ec8a2cb08851acf,1977,1.0,1.0,0.0,1.0,0.0,0.0,0.0,1.0,1.0,1,1,196,10,1.0
C4_cash_reg_cash_features_cash_full_clean_all_algos_default,bpic15_1,prec,candidate,IMd,inductive_miner_imd,8ec8a2cb08851acf,1977,0.0055144083252097,0.9967132292522596,0.0,0.0055144083252097,0.0,0.99119882092705,0.0,0.0055325926890191,1.0,141,1,196,10,0.0056950271502706
C4_cash_reg_cash_features_cash_full_clean_all_algos_default,bpic15_1,gene,candidate,IMd,inductive_miner_imd,8ec8a2cb08851acf,1977,0.6526451647517064,0.7947596517508088,0.0,0.6526451647517064,0.0,0.1421144869991023,0.0,0.8211855789532942,1.0,112,1,196,10,0.6475449989969901
C4_cash_reg_cash_features_cash_full_clean_all_algos_default,bpic15_1,simp,candidate,IMd,inductive_miner_imd,8ec8a2cb08851acf,1977,0.3444537114261885,1.0,0.0,0.3444537114261885,0.0,0.6555462885738115,0.0,0.3444537114261885,1.0,137,1,196,10,0.34222840525603
C4_cash_reg_cash_features_cash_full_clean_all_algos_default,bpic15_1,fit+pre,candidate,IMd,inductive_miner_imd,8ec8a2cb08851acf,1977,0.5027572041626048,0.8688577238297088,0.0,0.5027572041626048,0.0,0.366100519667104,0.0,0.5786415777563397,1.0,74,1,196,10,0.5028475135751354
C4_cash_reg_cash_features_cash_full_clean_all_algos_default,bpic15_1,fit+gen,candidate,IMd,inductive_miner_imd,8ec8a2cb08851acf,1977,0.8263225823758532,0.871727415992749,0.0,0.8263225823758532,0.0,0.0454048336168958,0.0,0.9479139547708414,1.0,4,1,196,10,0.8237724994984951
C4_cash_reg_cash_features_cash_full_clean_all_algos_default,bpic15_1,fit+sim,candidate,IMd,inductive_miner_imd,8ec8a2cb08851acf,1977,0.6722268557130943,0.8645266546833184,0.0,0.6722268557130943,0.0,0.1922997989702241,0.0,0.7775663735426819,1.0,85,1,196,10,0.671114202628015
C4_cash_reg_cash_features_cash_full_clean_all_algos_default,bpic15_1,pre+gen,candidate,IMd,inductive_miner_imd,8ec8a2cb08851acf,1977,0.329079786538458,0.8387467991159434,0.0,0.329079786538458,0.0,0.5096670125774854,0.0,0.3923469954047097,1.0,126,1,196,10,0.3266200130736303
C4_cash_reg_cash_features_cash_full_clean_all_algos_default,bpic15_1,pre+sim,candidate,IMd,inductive_miner_imd,8ec8a2cb08851acf,1977,0.1749840598756991,0.8214077863143173,0.0,0.1749840598756991,0.0,0.6464237264386182,0.0,0.2130294633081798,1.0,142,1,196,10,0.1739617162031503
C4_cash_reg_cash_features_cash_full_clean_all_algos_default,bpic15_1,gen+sim,candidate,IMd,inductive_miner_imd,8ec8a2cb08851acf,1977,0.4985494380889474,0.8973798258754044,0.0,0.4985494380889474,0.0,0.3988303877864569,0.0,0.5555612280481197,1.0,131,1,196,10,0.4948867021265101
C4_cash_reg_cash_features_cash_full_clean_all_algos_default,bpic15_1,mix-fit,candidate,IMd,inductive_miner_imd,8ec8a2cb08851acf,1977,0.5358095812579713,0.7829881701741386,0.0,0.5358095812579713,0.0,0.2471785889161672,0.0,0.6843137631808739,1.0,94,1,196,10,0.5349086890959862
C4_cash_reg_cash_features_cash_full_clean_all_algos_default,bpic15_1,mix-prec,candidate,IMd,inductive_miner_imd,8ec8a2cb08851acf,1977,0.4324446838982146,0.8104949307104619,0.0,0.4324446838982146,0.0,0.3780502468122472,0.0,0.5335563092530922,1.0,118,1,196,10,0.4307643510848082
C4_cash_reg_cash_features_cash_full_clean_all_algos_default,bpic15_1,mix-simp,candidate,IMd,inductive_miner_imd,8ec8a2cb08851acf,1977,0.5688619583533376,0.7694736087116352,0.0,0.5688619583533376,0.0,0.2006116503582975,0.0,0.7392871593163659,1.0,121,1,196,10,0.5669698646168371
C4_cash_reg_cash_features_cash_full_clean_all_algos_default,bpic15_1,mix-gen,candidate,IMd,inductive_miner_imd,8ec8a2cb08851acf,1977,0.465497060993581,0.7344918748892888,0.0,0.465497060993581,0.0,0.2689948138957077,0.0,0.6337674750503486,1.0,131,1,196,10,0.4628255266056592
C4_cash_reg_cash_features_cash_full_clean_all_algos_default,bpic15_2,equal,candidate,IMd,inductive_miner_imd,2bd4a2c68f811174,1977,0.4958761568622505,0.739796087901852,0.0,0.4958761568622505,0.0,0.2439199310396015,0.0,0.6702876170494672,1.0,123,1,196,10,0.5000625239076593
C4_cash_reg_cash_features_cash_full_clean_all_algos_default,bpic15_2,fitn,candidate,IMd,inductive_miner_imd,2bd4a2c68f811174,1977,1.0,1.0,0.0,1.0,0.0,0.0,0.0,1.0,1.0,1,1,196,10,0.999999963431313
C4_cash_reg_cash_features_cash_full_clean_all_algos_default,bpic15_2,prec,candidate,,split_miner,f11027af3b38ef0a,1977,0.0,0.9964080459770116,0.0,0.0047466811844114,0.0,0.9964080459770116,0.0047466811844114,0.0,0.0,145,2,196,10,0.0139451570986036
C4_cash_reg_cash_features_cash_full_clean_all_algos_default,bpic15_2,gene,candidate,IMd,inductive_miner_imd,2bd4a2c68f811174,1977,0.630479323366272,0.8434264748464657,0.0,0.630479323366272,0.0,0.2129471514801937,0.0,0.7475213811388149,1.0,119,1,196,10,0.6536030418350522
C4_cash_reg_cash_features_cash_full_clean_all_algos_default,bpic15_2,simp,candidate,IMd,inductive_miner_imd,2bd4a2c68f811174,1977,0.3482786228983187,1.0,0.0,0.3482786228983187,0.0,0.6517213771016813,0.0,0.3482786228983187,1.0,133,1,196,10,0.3406818031012809
C4_cash_reg_cash_features_cash_full_clean_all_algos_default,bpic15_2,fit+pre,candidate,IMd,inductive_miner_imd,2bd4a2c68f811174,1977,0.5023733405922057,0.8552632687420797,0.0,0.5023733405922057,0.0,0.3528899281498739,0.0,0.587390291332277,1.0,62,1,196,10,0.5029826253471519
C4_cash_reg_cash_features_cash_full_clean_all_algos_default,bpic15_2,fit+gen,candidate,IMd,inductive_miner_imd,2bd4a2c68f811174,1977,0.815239661683136,0.888226048940476,0.0,0.815239661683136,0.0,0.0729863872573399,0.0,0.9178290398661444,1.0,6,1,196,10,0.8268015026331826
C4_cash_reg_cash_features_cash_full_clean_all_algos_default,bpic15_2,fit+sim,candidate,IMd,inductive_miner_imd,2bd4a2c68f811174,1977,0.6741393114491594,0.8502937315725136,0.0,0.6741393114491594,0.0,0.1761544201233542,0.0,0.7928310963817429,1.0,81,1,196,10,0.6703408832662969
C4_cash_reg_cash_features_cash_full_clean_all_algos_default,bpic15_2,pre+gen,candidate,IMd,inductive_miner_imd,2bd4a2c68f811174,1977,0.3176130022753416,0.8135744140072105,0.0,0.3176130022753416,0.0,0.4959614117318688,0.0,0.3903920733088918,1.0,136,1,196,10,0.3297841645490215
C4_cash_reg_cash_features_cash_full_clean_all_algos_default,bpic15_2,pre+sim,candidate,IMd,inductive_miner_imd,2bd4a2c68f811174,1977,0.176512652041365,0.7980406242956953,0.0,0.176512652041365,0.0,0.6215279722543303,0.0,0.2211825396697629,1.0,138,1,196,10,0.1733235451821358
C4_cash_reg_cash_features_cash_full_clean_all_algos_default,bpic15_2,gen+sim,candidate,IMd,inductive_miner_imd,2bd4a2c68f811174,1977,0.4893789731322953,0.9217132374232327,0.0,0.4893789731322953,0.0,0.4323342642909375,0.0,0.5309449330470905,1.0,131,1,196,10,0.4971424224681666
C4_cash_reg_cash_features_cash_full_clean_all_algos_default,bpic15_2,mix-fit,candidate,IMd,inductive_miner_imd,2bd4a2c68f811174,1977,0.5341276612716144,0.7675374461630222,0.0,0.5341276612716144,0.0,0.2334097848914078,0.0,0.695897853507681,1.0,88,1,196,10,0.5352862363551839
C4_cash_reg_cash_features_cash_full_clean_all_algos_default,bpic15_2,mix-prec,candidate,IMd,inductive_miner_imd,2bd4a2c68f811174,1977,0.425870331773478,0.7904532226862232,0.0,0.425870331773478,0.0,0.3645828909127451,0.0,0.5387672787596828,1.0,118,1,196,10,0.4325352004521026
C4_cash_reg_cash_features_cash_full_clean_all_algos_default,bpic15_2,mix-simp,candidate,IMd,inductive_miner_imd,2bd4a2c68f811174,1977,0.565881981951023,0.7666984383330109,0.0,0.565881981951023,0.0,0.2008164563819878,0.0,0.7380763461334137,1.0,118,1,196,10,0.5675898473632158
C4_cash_reg_cash_features_cash_full_clean_all_algos_default,bpic15_2,mix-gen,candidate,IMd,inductive_miner_imd,2bd4a2c68f811174,1977,0.4576246524528867,0.7177077196779903,0.0,0.4576246524528867,0.0,0.2600830672251036,0.0,0.6376197996842036,1.0,136,1,196,10,0.4648388114601346
C4_cash_reg_cash_features_cash_full_clean_all_algos_default,bpic15_3,equal,candidate,IMd,inductive_miner_imd,1e1739de3216125c,1977,0.5062291863779904,0.7711497484903616,0.0,0.5062291863779904,0.0,0.2649205621123711,0.0,0.6564602885094731,1.0,126,1,196,10,0.5010992694909308
C4_cash_reg_cash_features_cash_full_clean_all_algos_default,bpic15_3,fitn,candidate,IMd,inductive_miner_imd,1e1739de3216125c,1977,1.0,1.0,0.0,1.0,0.0,0.0,0.0,1.0,1.0,1,1,196,10,0.999999853725252
C4_cash_reg_cash_features_cash_full_clean_all_algos_default,bpic15_3,prec,candidate,IMd,inductive_miner_imd,1e1739de3216125c,1977,0.0056460981272722,0.9713690786048932,0.0,0.0056460981272722,0.0,0.965722980477621,0.0,0.0058125158105519,1.0,139,1,196,10,0.0063418945374315
C4_cash_reg_cash_features_cash_full_clean_all_algos_default,bpic15_3,gene,candidate,IMd,inductive_miner_imd,1e1739de3216125c,1977,0.6755746197508381,0.7690804510999736,0.0,0.6755746197508381,0.0,0.0935058313491354,0.0,0.8784186606025427,1.0,104,1,196,10,0.6587936537749196
C4_cash_reg_cash_features_cash_full_clean_all_algos_default,bpic15_3,simp,candidate,IMd,inductive_miner_imd,1e1739de3216125c,1977,0.3436960276338515,1.0,0.0,0.3436960276338515,0.0,0.6563039723661486,0.0,0.3436960276338515,1.0,133,1,196,10,0.3392616759261201
C4_cash_reg_cash_features_cash_full_clean_all_algos_default,bpic15_3,fit+pre,candidate,IMd,inductive_miner_imd,1e1739de3216125c,1977,0.5028230490636361,0.8737992058502052,0.0,0.5028230490636361,0.0,0.3709761567865691,0.0,0.5754446166775696,1.0,68,1,196,10,0.5031708741313418
C4_cash_reg_cash_features_cash_full_clean_all_algos_default,bpic15_3,fit+gen,candidate,IMd,inductive_miner_imd,1e1739de3216125c,1977,0.837787309875419,0.8764050391703524,0.0,0.837787309875419,0.0,0.0386177292949333,0.0,0.955936208067116,1.0,8,1,196,10,0.8293967537500858
C4_cash_reg_cash_features_cash_full_clean_all_algos_default,bpic15_3,fit+sim,candidate,IMd,inductive_miner_imd,1e1739de3216125c,1977,0.6718480138169257,0.8866318702272058,0.0,0.6718480138169257,0.0,0.21478385641028,0.0,0.7577530611941119,1.0,98,1,196,10,0.6696307648256861
C4_cash_reg_cash_features_cash_full_clean_all_algos_default,bpic15_3,pre+gen,candidate,IMd,inductive_miner_imd,1e1739de3216125c,1977,0.3406103589390551,0.8335999035488251,0.0,0.3406103589390551,0.0,0.4929895446097699,0.0,0.4086017254668566,1.0,124,1,196,10,0.3325677741561755
C4_cash_reg_cash_features_cash_full_clean_all_algos_default,bpic15_3,pre+sim,candidate,IMd,inductive_miner_imd,1e1739de3216125c,1977,0.1746710628805618,0.806269466186586,0.0,0.1746710628805618,0.0,0.6315984033060242,0.0,0.2166410489370307,1.0,139,1,196,10,0.1728017852317758
C4_cash_reg_cash_features_cash_full_clean_all_algos_default,bpic15_3,gen+sim,candidate,IMd,inductive_miner_imd,1e1739de3216125c,1977,0.5096353236923448,0.8774480269684266,0.0,0.5096353236923448,0.0,0.3678127032760818,0.0,0.5808153965006101,1.0,130,1,196,10,0.4990276648505198
C4_cash_reg_cash_features_cash_full_clean_all_algos_default,bpic15_3,mix-fit,candidate,IMd,inductive_miner_imd,1e1739de3216125c,1977,0.5379904969400358,0.7997195004226063,0.0,0.5379904969400358,0.0,0.2617290034825705,0.0,0.6727239946703042,1.0,101,1,196,10,0.5356342104140462
C4_cash_reg_cash_features_cash_full_clean_all_algos_default,bpic15_3,mix-prec,candidate,IMd,inductive_miner_imd,1e1739de3216125c,1977,0.4393004279395454,0.8166597019857158,0.0,0.4393004279395454,0.0,0.3773592740461703,0.0,0.5379234788632061,1.0,117,1,196,10,0.4341009922851109
C4_cash_reg_cash_features_cash_full_clean_all_algos_default,bpic15_3,mix-simp,candidate,IMd,inductive_miner_imd,1e1739de3216125c,1977,0.5731579448164354,0.7807894458056361,0.0,0.5731579448164354,0.0,0.2076315009892007,0.0,0.7340749134038795,1.0,122,1,196,10,0.5680975466967507
C4_cash_reg_cash_features_cash_full_clean_all_algos_default,bpic15_3,mix-gen,candidate,IMd,inductive_miner_imd,1e1739de3216125c,1977,0.4744678758159452,0.742579996558117,0.0,0.4744678758159452,0.0,0.2681121207421718,0.0,0.6389451345513205,1.0,133,1,196,10,0.4665643285678154
C4_cash_reg_cash_features_cash_full_clean_all_algos_default,bpic15_4,equal,candidate,IMd,inductive_miner_imd,f68041a3f2d86846,1977,0.5004532568394435,0.7570912404815519,0.0,0.5004532568394435,0.0,0.2566379836421083,0.0,0.6610210633544348,1.0,134,1,196,10,0.4943143255203892
C4_cash_reg_cash_features_cash_full_clean_all_algos_default,bpic15_4,fitn,candidate,IMd,inductive_miner_imd,f68041a3f2d86846,1977,1.0,1.0,0.0,1.0,0.0,0.0,0.0,1.0,1.0,1,1,196,10,1.0
C4_cash_reg_cash_features_cash_full_clean_all_algos_default,bpic15_4,prec,candidate,IMd,inductive_miner_imd,f68041a3f2d86846,1977,0.0063677194723514,0.9771181199752628,0.0,0.0063677194723514,0.0,0.9707504005029114,0.0,0.0065168369536659,1.0,146,1,196,10,0.0047991574989701
C4_cash_reg_cash_features_cash_full_clean_all_algos_default,bpic15_4,gene,candidate,IMd,inductive_miner_imd,f68041a3f2d86846,1977,0.6484303825122886,0.8125621208083507,0.0,0.6484303825122886,0.0,0.1641317382960621,0.0,0.7980071503545094,1.0,113,1,196,10,0.6264798606904157
C4_cash_reg_cash_features_cash_full_clean_all_algos_default,bpic15_4,simp,candidate,IMd,inductive_miner_imd,f68041a3f2d86846,1977,0.3470149253731343,1.0,0.0,0.3470149253731343,0.0,0.6529850746268657,0.0,0.3470149253731343,1.0,143,1,196,10,0.3459782838921709
C4_cash_reg_cash_features_cash_full_clean_all_algos_default,bpic15_4,fit+pre,candidate,IMd,inductive_miner_imd,f68041a3f2d86846,1977,0.5031838597361757,0.8685599938464359,0.0,0.5031838597361757,0.0,0.3653761341102601,0.0,0.5793311496052398,1.0,84,1,196,10,0.502399578749485
C4_cash_reg_cash_features_cash_full_clean_all_algos_default,bpic15_4,fit+gen,candidate,IMd,inductive_miner_imd,f68041a3f2d86846,1977,0.8242151912561443,0.8717994934557993,0.0,0.8242151912561443,0.0,0.047584302199655,0.0,0.94541829565531,1.0,5,1,196,10,0.8132399303452078
C4_cash_reg_cash_features_cash_full_clean_all_algos_default,bpic15_4,fit+sim,candidate,IMd,inductive_miner_imd,f68041a3f2d86846,1977,0.6735074626865671,0.8675538703293734,0.0,0.6735074626865671,0.0,0.1940464076428062,0.0,0.7763292698248986,1.0,95,1,196,10,0.6729891419460855
C4_cash_reg_cash_features_cash_full_clean_all_algos_default,bpic15_4,pre+gen,candidate,IMd,inductive_miner_imd,f68041a3f2d86846,1977,0.32739905099232,0.8247132962569865,0.0,0.32739905099232,0.0,0.4973142452646665,0.0,0.3969852947421137,1.0,138,1,196,10,0.3156395090946929
C4_cash_reg_cash_features_cash_full_clean_all_algos_default,bpic15_4,pre+sim,candidate,IMd,inductive_miner_imd,f68041a3f2d86846,1977,0.1766913224227428,0.7904575186873295,0.0,0.1766913224227428,0.0,0.6137661962645866,0.0,0.2235304469191015,1.0,146,1,196,10,0.1753887206955705
C4_cash_reg_cash_features_cash_full_clean_all_algos_default,bpic15_4,gen+sim,candidate,IMd,inductive_miner_imd,f68041a3f2d86846,1977,0.4977226539427114,0.8981830671938409,0.0,0.4977226539427114,0.0,0.4004604132511294,0.0,0.5541438846066508,1.0,135,1,196,10,0.4862290722912933
C4_cash_reg_cash_features_cash_full_clean_all_algos_default,bpic15_4,mix-fit,candidate,IMd,inductive_miner_imd,f68041a3f2d86846,1977,0.5361563391675611,0.7881543306724185,0.0,0.5361563391675611,0.0,0.2519979915048573,0.0,0.6802682143611851,1.0,112,1,196,10,0.5332833900971669
C4_cash_reg_cash_features_cash_full_clean_all_algos_default,bpic15_4,mix-prec,candidate,IMd,inductive_miner_imd,f68041a3f2d86846,1977,0.4317776950799405,0.8064338134647027,0.0,0.4317776950799405,0.0,0.3746561183847621,0.0,0.5354161592318193,1.0,128,1,196,10,0.4244614495959299
C4_cash_reg_cash_features_cash_full_clean_all_algos_default,bpic15_4,mix-simp,candidate,IMd,inductive_miner_imd,f68041a3f2d86846,1977,0.5691288185989466,0.7784157949851235,0.0,0.5691288185989466,0.0,0.2092869763861768,0.0,0.7311372948307445,1.0,129,1,196,10,0.5641672014448486
C4_cash_reg_cash_features_cash_full_clean_all_algos_default,bpic15_4,mix-gen,candidate,IMd,inductive_miner_imd,f68041a3f2d86846,1977,0.464750174511326,0.7260281502906851,0.0,0.464750174511326,0.0,0.2612779757793591,0.0,0.6401269349201552,1.0,141,1,196,10,0.4553452609436116
C4_cash_reg_cash_features_cash_full_clean_all_algos_default,bpic15_5,equal,candidate,IMd,inductive_miner_imd,a0710095115a2fbb,1977,0.4980303762681133,0.7432661612580866,0.0,0.4980303762681133,0.0,0.2452357849899732,0.0,0.6700565722313042,1.0,128,1,196,10,0.5047142959935003
C4_cash_reg_cash_features_cash_full_clean_all_algos_default,bpic15_5,fitn,candidate,IMd,inductive_miner_imd,a0710095115a2fbb,1977,1.0,1.0,0.0,1.0,0.0,0.0,0.0,1.0,1.0,1,1,196,10,0.9999996708818172
C4_cash_reg_cash_features_cash_full_clean_all_algos_default,bpic15_5,prec,candidate,HM,heuristics_miner,5fe2fca8d068cc08,1977,0.0,0.9914236706689536,0.0,0.0050756012401533,0.0,0.9914236706689536,0.0050756012401533,0.0,0.0,147,2,196,10,0.0145368482376929
C4_cash_reg_cash_features_cash_full_clean_all_algos_default,bpic15_5,gene,candidate,IMd,inductive_miner_imd,a0710095115a2fbb,1977,0.6480339787897107,0.8420322364834529,0.0,0.6480339787897107,0.0,0.1939982576937422,0.0,0.7696070895053498,1.0,117,1,196,10,0.6663642525565032
C4_cash_reg_cash_features_cash_full_clean_all_algos_default,bpic15_5,simp,candidate,IMd,inductive_miner_imd,a0710095115a2fbb,1977,0.3390119250425894,1.0,0.0,0.3390119250425894,0.0,0.6609880749574106,0.0,0.3390119250425894,1.0,135,1,196,10,0.3461616036355374
C4_cash_reg_cash_features_cash_full_clean_all_algos_default,bpic15_5,fit+pre,candidate,IMd,inductive_miner_imd,a0710095115a2fbb,1977,0.5025378006200767,0.8302814710249038,0.0,0.5025378006200767,0.0,0.3277436704048271,0.0,0.6052619721836516,1.0,69,1,196,10,0.5031656638909802
C4_cash_reg_cash_features_cash_full_clean_all_algos_default,bpic15_5,fit+gen,candidate,IMd,inductive_miner_imd,a0710095115a2fbb,1977,0.8240169893948553,0.8491470544465778,0.0,0.8240169893948553,0.0,0.0251300650517224,0.0,0.9704055205513248,1.0,2,1,196,10,0.8331819617191603
C4_cash_reg_cash_features_cash_full_clean_all_algos_default,bpic15_5,fit+sim,candidate,IMd,inductive_miner_imd,a0710095115a2fbb,1977,0.6695059625212947,0.8492461162887588,0.0,0.6695059625212947,0.0,0.1797401537674641,0.0,0.7883532814339662,1.0,85,1,196,10,0.6730806372586773
C4_cash_reg_cash_features_cash_full_clean_all_algos_default,bpic15_5,pre+gen,candidate,IMd,inductive_miner_imd,a0710095115a2fbb,1977,0.326554790014932,0.8116192280976056,0.0,0.326554790014932,0.0,0.4850644380826736,0.0,0.4023497456810627,1.0,132,1,196,10,0.3363479547283232
C4_cash_reg_cash_features_cash_full_clean_all_algos_default,bpic15_5,pre+sim,candidate,IMd,inductive_miner_imd,a0710095115a2fbb,1977,0.1720437631413713,0.7827816467542539,0.0,0.1720437631413713,0.0,0.6107378836128825,0.0,0.2197851263564214,1.0,141,1,196,10,0.1762466302678402
C4_cash_reg_cash_features_cash_full_clean_all_algos_default,bpic15_5,gen+sim,candidate,IMd,inductive_miner_imd,a0710095115a2fbb,1977,0.49352295191615,0.9210161182417264,0.0,0.49352295191615,0.0,0.4274931663255764,0.0,0.535846161800419,1.0,133,1,196,10,0.5062629280960202
C4_cash_reg_cash_features_cash_full_clean_all_algos_default,bpic15_5,mix-fit,candidate,IMd,inductive_miner_imd,a0710095115a2fbb,1977,0.534128463259535,0.7619159908588385,0.0,0.534128463259535,0.0,0.2277875275993035,0.0,0.7010332761981549,1.0,95,1,196,10,0.5377681114055276
C4_cash_reg_cash_features_cash_full_clean_all_algos_default,bpic15_5,mix-prec,candidate,IMd,inductive_miner_imd,a0710095115a2fbb,1977,0.4303416266372334,0.7845385057794599,0.0,0.4303416266372334,0.0,0.3541968791422265,0.0,0.5485283685466497,1.0,123,1,196,10,0.4370580330669253
C4_cash_reg_cash_features_cash_full_clean_all_algos_default,bpic15_5,mix-simp,candidate,IMd,inductive_miner_imd,a0710095115a2fbb,1977,0.5657191258989932,0.7677189214161869,0.0,0.5657191258989932,0.0,0.2019997955171937,0.0,0.736883135373854,1.0,123,1,196,10,0.572370558920075
C4_cash_reg_cash_features_cash_full_clean_all_algos_default,bpic15_5,mix-gen,candidate,IMd,inductive_miner_imd,a0710095115a2fbb,1977,0.4619322892766918,0.7246163316573346,0.0,0.4619322892766918,0.0,0.2626840423806428,0.0,0.6374853409944063,1.0,136,1,196,10,0.4716604805814728
C4_cash_reg_cash_features_cash_full_clean_all_algos_default,hospital_billing,equal,candidate,IM,inductive_miner_im,d281a0841299287f,1977,0.7728985458636999,0.8734035144022313,0.0,0.7728985458636999,0.0,0.1005049685385314,0.0,0.8849272222045977,1.0,93,1,196,10,0.7606644957759572
C4_cash_reg_cash_features_cash_full_clean_all_algos_default,hospital_billing,fitn,candidate,IM,inductive_miner_im,d281a0841299287f,1977,1.0,1.0,0.0,1.0,0.0,0.0,0.0,1.0,1.0,1,1,196,10,0.993748295532626
C4_cash_reg_cash_features_cash_full_clean_all_algos_default,hospital_billing,prec,candidate,HM,heuristics_miner,f0ba1c246feb1617,1977,0.9123900422661322,1.0,0.0,0.9629574047067224,0.0,0.0876099577338678,0.0505673624405902,0.9123900422661322,0.9474874358996274,79,2,196,10,0.7791646526211651
C4_cash_reg_cash_features_cash_full_clean_all_algos_default,hospital_billing,gene,candidate,IMd,inductive_miner_imd,8ee363d72269d593,1977,0.9406716490462892,0.974570314262808,0.0,0.9406716490462892,0.0,0.0338986652165188,0.0,0.9652168091717828,1.0,8,1,196,10,0.9100693111455874
C4_cash_reg_cash_features_cash_full_clean_all_algos_default,hospital_billing,simp,candidate,,alpha_miner_plus,7569b62a51053867,1977,1.0,1.0,0.0,1.0,0.0,0.0,0.0,1.0,1.0,1,1,196,10,0.7983573687848948
C4_cash_reg_cash_features_cash_full_clean_all_algos_default,hospital_billing,fit+pre,candidate,HM,heuristics_miner,f0ba1c246feb1617,1977,0.9148592576033848,0.989140582975968,0.0,0.9595597272243968,0.0,0.0742813253725833,0.044700469621012,0.9249031667984974,0.9534156464128484,84,2,196,10,0.7957118568478173
C4_cash_reg_cash_features_cash_full_clean_all_algos_default,hospital_billing,fit+gen,candidate,IMd,inductive_miner_imd,8ee363d72269d593,1977,0.9703358245231446,0.9872657861978588,0.0,0.9703358245231446,0.0,0.0169299616747142,0.0,0.9828516677966582,1.0,6,1,196,10,0.948584121885598
C4_cash_reg_cash_features_cash_full_clean_all_algos_default,hospital_billing,fit+sim,candidate,IM,inductive_miner_im,d281a0841299287f,1977,0.8130841121495327,0.8398776546991239,0.0,0.8398776546991239,0.0,0.0267935425495912,0.0267935425495912,0.9680982790771,0.9680982790771,12,2,196,10,0.7931403887301427
C4_cash_reg_cash_features_cash_full_clean_all_algos_default,hospital_billing,pre+gen,candidate,HM,heuristics_miner,f0ba1c246feb1617,1977,0.829572421392768,0.9583893297505974,0.0,0.8588651864474877,0.0,0.1288169083578294,0.0292927650547196,0.8655902102005334,0.9658936402162452,100,2,196,10,0.7736591519907798
C4_cash_reg_cash_features_cash_full_clean_all_algos_default,hospital_billing,pre+sim,candidate,,split_miner,f4e16e5fb4180fe7,1977,0.7486094345332757,0.8030539885899708,0.0,0.7486094345332757,0.0,0.0544445540566951,0.0,0.9322031210475764,1.0,45,1,196,10,0.6720842989474172
C4_cash_reg_cash_features_cash_full_clean_all_algos_default,hospital_billing,gen+sim,candidate,,alpha_miner_plus,7569b62a51053867,1977,0.9594156800838196,0.9594156800838196,0.0,0.9594156800838196,0.0,0.0,0.0,1.0,1.0,1,1,196,10,0.8230576255002413
C4_cash_reg_cash_features_cash_full_clean_all_algos_default,hospital_billing,mix-fit,candidate,IM,inductive_miner_im,d281a0841299287f,1977,0.7778758531148892,0.8999403930024692,0.0,0.8136962546913017,0.0,0.12206453988758,0.0358204015764125,0.864363750269797,0.9559781658451876,119,3,196,10,0.7740146891112529
C4_cash_reg_cash_features_cash_full_clean_all_algos_default,hospital_billing,mix-prec,candidate,HM,heuristics_miner,f0ba1c246feb1617,1977,0.8197405704229648,0.9266041872906544,0.0,0.8197405704229648,0.0,0.1068636168676897,0.0,0.8846717742770474,1.0,93,1,196,10,0.7541713325650925
C4_cash_reg_cash_features_cash_full_clean_all_algos_default,hospital_billing,mix-simp,candidate,IM,inductive_miner_im,d281a0841299287f,1977,0.7905026753810218,0.8448731726232275,0.0,0.8251219889751983,0.0,0.0543704972422056,0.0346193135941764,0.9356465573721652,0.9580433995739543,37,2,196,10,0.770227345585402
C4_cash_reg_cash_features_cash_full_clean_all_algos_default,hospital_billing,mix-gen,candidate,IM,inductive_miner_im,d281a0841299287f,1977,0.7679212386125109,0.8574303226558113,0.0,0.8103663232512726,0.0,0.0895090840433003,0.0424450846387616,0.8956077459844735,0.9476223487811444,76,4,196,10,0.7473143024406612
C4_cash_reg_cash_features_cash_full_clean_all_algos_default,road_traffic_fines,equal,candidate,IM,inductive_miner_im,bc38a80ef2ff6b06,1977,0.7953185937601113,0.9091484776358276,0.0,0.8472976270289231,0.6214060482884951,0.1138298838757163,0.0519790332688118,0.8747950563897743,0.7698938864447845,140,3,196,10,0.7833379013509519
C4_cash_reg_cash_features_cash_full_clean_all_algos_default,road_traffic_fines,fitn,candidate,IM,inductive_miner_im,bc38a80ef2ff6b06,1977,1.0,1.0,0.0,1.0,0.3925932669096653,0.0,0.0,1.0,1.0,1,1,196,10,0.9838743067957718
C4_cash_reg_cash_features_cash_full_clean_all_algos_default,road_traffic_fines,prec,candidate,HM,heuristics_miner,9fd05dcc49e5b232,1977,0.9913926579538832,1.0,0.0,1.0,0.5,0.0086073420461167,0.0086073420461167,0.9913926579538832,0.9827853159077664,106,3,196,10,0.8530936427538387
C4_cash_reg_cash_features_cash_full_clean_all_algos_default,road_traffic_fines,gene,candidate,,alpha_miner_plus,ae2ccb5898920deb,1977,0.9806764943907428,0.9916370973254746,0.0,0.988255529682136,0.7759264965092517,0.0109606029347317,0.0075790352913932,0.98894696158071,0.964305233353452,22,4,196,10,0.9835985132144712
C4_cash_reg_cash_features_cash_full_clean_all_algos_default,road_traffic_fines,simp,candidate,AM,alpha_miner_classic,e3a8e709ceed9a3b,1977,0.6571428571428571,0.8,0.0,0.7894736842105263,0.2035398230088495,0.1428571428571429,0.1323308270676692,0.8214285714285714,0.7741539859186918,45,3,196,10,0.6209912573393948
C4_cash_reg_cash_features_cash_full_clean_all_algos_default,road_traffic_fines,fit+pre,candidate,HM,heuristics_miner,9fd05dcc49e5b232,1977,0.9598795032511696,0.9901742494392978,0.0,0.9598795032511696,0.527473849381619,0.0302947461881282,0.0,0.969404631351216,1.0,44,1,196,10,0.8680335063972568
C4_cash_reg_cash_features_cash_full_clean_all_algos_default,road_traffic_fines,fit+gen,candidate,IM,inductive_miner_im,bc38a80ef2ff6b06,1977,0.9876297053108948,0.9953412031561972,0.0,0.994127764841068,0.6866348806502041,0.0077114978453026,0.0064980595301733,0.992252407696125,0.9788676100675554,9,3,196,10,0.9672158687078412
C4_cash_reg_cash_features_cash_full_clean_all_algos_default,road_traffic_fines,fit+sim,candidate,IM,inductive_miner_im,bc38a80ef2ff6b06,1977,0.8118811881188119,0.869886942078606,0.0,0.8118811881188119,0.4212966334548326,0.058005753959794,0.0,0.9333180541586376,1.0,17,1,196,10,0.7921468983627623
C4_cash_reg_cash_features_cash_full_clean_all_algos_default,road_traffic_fines,pre+gen,candidate,HM,heuristics_miner,9fd05dcc49e5b232,1977,0.9573028360861392,0.9899221054016768,0.0,0.9573028360861392,0.738529465585683,0.0326192693155373,0.0,0.9670486504568948,1.0,41,1,196,10,0.8361489860521771
C4_cash_reg_cash_features_cash_full_clean_all_algos_default,road_traffic_fines,pre+sim,candidate,HM,heuristics_miner,9fd05dcc49e5b232,1977,0.7688055726744205,0.8710629687671056,0.0,0.8564975021391137,0.3963759261581421,0.1022573960926851,0.0876919294646931,0.8826061952358975,0.8094157413119882,108,2,196,10,0.6964595732372508
C4_cash_reg_cash_features_cash_full_clean_all_algos_default,road_traffic_fines,gen+sim,candidate,AM,alpha_miner_classic,e3a8e709ceed9a3b,1977,0.8213464480458768,0.8875669341178665,0.0,0.8832663076909462,0.5950395622591833,0.0662204860719897,0.0619198596450694,0.9253909947222124,0.7851696255588161,13,2,196,10,0.8021731763260833
C4_cash_reg_cash_features_cash_full_clean_all_algos_default,road_traffic_fines,mix-fit,candidate,HM,heuristics_miner,9fd05dcc49e5b232,1977,0.8703293357063786,0.917489504487446,0.0,0.8703293357063786,0.5438112857590123,0.0471601687810674,0.0,0.9485986830907528,1.0,73,1,196,10,0.7990029745216057
C4_cash_reg_cash_features_cash_full_clean_all_algos_default,road_traffic_fines,mix-prec,candidate,HM,heuristics_miner,9fd05dcc49e5b232,1977,0.913816085896259,0.9485628625742424,0.0,0.913816085896259,0.682663374440585,0.0347467766779835,0.0,0.963369031142874,1.0,65,1,196,10,0.8175759802868915
C4_cash_reg_cash_features_cash_full_clean_all_algos_default,road_traffic_fines,mix-simp,candidate,IM,inductive_miner_im,bc38a80ef2ff6b06,1977,0.8027820914375106,0.8891275547093468,0.0,0.8101391065596582,0.5601487221364054,0.0863454632718362,0.0073570151221475,0.9028874284521952,0.9705708075967768,73,2,196,10,0.785291611940452
C4_cash_reg_cash_features_cash_full_clean_all_algos_default,road_traffic_fines,mix-gen,candidate,IM,inductive_miner_im,bc38a80ef2ff6b06,1977,0.7936829947562092,0.9083681673400874,0.0,0.8259801931845809,0.6735200733679487,0.1146851725838782,0.0322971984283717,0.873745936166276,0.7881596940418488,119,4,196,10,0.7784363255181418
C4_cash_reg_cash_features_cash_full_clean_all_algos_default,sepsis,equal,candidate,HM,heuristics_miner,6e00f695b9765352,1987,0.7189961247213809,0.835724100545018,0.0,0.7356992453028625,0.0,0.1167279758236371,0.0167031205814816,0.8603271393663137,0.9772962651679687,112,2,196,10,0.7416151450580397
C4_cash_reg_cash_features_cash_full_clean_all_algos_default,sepsis,fitn,candidate,IM,inductive_miner_im,9b19fee2e6fe09c3,1987,1.0,1.0,0.0,1.0,0.0,0.0,0.0,1.0,1.0,1,1,196,10,0.9956584651398432
C4_cash_reg_cash_features_cash_full_clean_all_algos_default,sepsis,prec,candidate,HM,heuristics_miner,6e00f695b9765352,1987,0.7033112582781457,1.0,0.0,0.94229112833764,0.0,0.2966887417218543,0.2389798700594942,0.7033112582781457,0.7463842512439919,114,2,196,10,0.7157702566538964
C4_cash_reg_cash_features_cash_full_clean_all_algos_default,sepsis,gene,candidate,,alpha_miner_plus,a357d2029903386e,1987,0.9188890052402672,0.9290801678868448,0.0,0.9266596408851776,0.0,0.0101911626465776,0.0077706356449104,0.9890309114338788,0.991614358387846,13,3,196,10,0.9496691794209852
C4_cash_reg_cash_features_cash_full_clean_all_algos_default,sepsis,simp,candidate,AM,alpha_miner_classic,3cde4651154418a0,1987,0.4782608695652174,0.7567567567567567,0.0,0.6875,0.0,0.2784958871915393,0.2092391304347826,0.6319875776397517,0.6956521739130435,138,4,196,10,0.6896570384740848
C4_cash_reg_cash_features_cash_full_clean_all_algos_default,sepsis,fit+pre,candidate,HM,heuristics_miner,6e00f695b9765352,1987,0.8004969574621229,0.9487189551442284,0.0,0.8139906313991154,0.0,0.1482219976821056,0.0134936739369925,0.8437661681803624,0.9834228141989804,96,2,196,10,0.820363578706412
C4_cash_reg_cash_features_cash_full_clean_all_algos_default,sepsis,fit+gen,candidate,IMd,inductive_miner_imd,cf73e2e20e689341,1987,0.9633298204425887,0.9633298204425887,0.0,0.9633298204425887,0.0,0.0,0.0,1.0,1.0,1,1,196,10,0.9683636344998152
C4_cash_reg_cash_features_cash_full_clean_all_algos_default,sepsis,fit+sim,candidate,IM,inductive_miner_im,9b19fee2e6fe09c3,1987,0.8111888111888111,0.8140244733789898,0.0,0.8111888111888111,0.0,0.0028356621901786,0.0,0.9965164902494787,1.0,5,1,196,10,0.8057922954779481
C4_cash_reg_cash_features_cash_full_clean_all_algos_default,sepsis,pre+gen,candidate,HM,heuristics_miner,6e00f695b9765352,1987,0.7725517308363108,0.9381130457761724,0.0,0.7973162305274542,0.0,0.1655613149398616,0.0247644996911433,0.8235166692486617,0.96894017863557,107,2,196,10,0.7651303453507059
C4_cash_reg_cash_features_cash_full_clean_all_algos_default,sepsis,pre+sim,candidate,,split_miner,10f1fbcb4a9f1cb0,1987,0.6512801866081229,0.8491941359263719,0.0,0.6962451657624454,0.0,0.197913949318249,0.0449649791543225,0.766939100324394,0.9354178939180394,98,2,196,10,0.6450413846237422
C4_cash_reg_cash_features_cash_full_clean_all_algos_default,sepsis,gen+sim,candidate,AM,alpha_miner_classic,3cde4651154418a0,1987,0.6957198961675222,0.8216829410862796,0.0,0.7987879295324212,0.0,0.1259630449187574,0.103068033364899,0.8467011561025813,0.8709694656687778,76,4,196,10,0.8192707334011275
C4_cash_reg_cash_features_cash_full_clean_all_algos_default,sepsis,mix-fit,candidate,HM,heuristics_miner,6e00f695b9765352,1987,0.7408853365946917,0.8604442533384715,0.0,0.7408853365946917,0.0,0.1195589167437798,0.0,0.8610497818075971,1.0,97,1,196,10,0.7684114784588554
C4_cash_reg_cash_features_cash_full_clean_all_algos_default,sepsis,mix-prec,candidate,HM,heuristics_miner,6e00f695b9765352,1987,0.7567185337155014,0.899278649557322,0.0,0.7567185337155014,0.0,0.1425601158418206,0.0,0.8414728116674436,1.0,107,1,196,10,0.7667709119047806
C4_cash_reg_cash_features_cash_full_clean_all_algos_default,sepsis,mix-simp,candidate,IM,inductive_miner_im,9b19fee2e6fe09c3,1987,0.7552038190935039,0.7905131280697297,0.0,0.7552038190935039,0.0,0.0353093089762258,0.0,0.9553336842584208,1.0,39,1,196,10,0.7635562556031884
C4_cash_reg_cash_features_cash_full_clean_all_algos_default,sepsis,mix-gen,candidate,,split_miner,10f1fbcb4a9f1cb0,1987,0.7663084931622224,0.8286673700233692,0.0,0.7663084931622224,0.0,0.0623588768611468,0.0,0.9247480000818804,1.0,43,1,196,10,0.7275664506551289
C5_cash_reg_cash_features_cash_full_clean_all_algos_hparams,bpi2012,equal,candidate,HM,heuristics_miner,94046d19ae6f1615,38720,0.7102648514605712,0.8454937775108162,0.0,0.8454937775108162,0.0,0.135228926050245,0.135228926050245,0.84005922971028,0.84005922971028,135,135,196,196,0.8288395572862186
C5_cash_reg_cash_features_cash_full_clean_all_algos_hparams,bpi2012,fitn,candidate,IMf,inductive_miner_imf,7e2c5e206ff9ce37,38720,0.9997867134317217,1.0,0.0,1.0,0.0,0.0002132865682783,0.0002132865682783,0.9997867134317217,0.9997867134317217,5,5,196,196,0.9996047849334896
C5_cash_reg_cash_features_cash_full_clean_all_algos_hparams,bpi2012,prec,candidate,HM,heuristics_miner,2238bc808a30bd2f,38720,0.5402119205298013,1.0,0.0,1.0,0.0,0.4597880794701987,0.4597880794701987,0.5402119205298013,0.5402119205298013,126,126,196,196,0.9292071848708402
C5_cash_reg_cash_features_cash_full_clean_all_algos_hparams,bpi2012,gene,candidate,,alpha_miner_plus,c0a59a19fc71b5c9,38720,0.9833839249293814,0.9846855427449372,0.0,0.9846855427449372,0.0,0.0013016178155558,0.0013016178155558,0.9986781385944518,0.9986781385944518,10,10,196,196,0.968720146367131
C5_cash_reg_cash_features_cash_full_clean_all_algos_hparams,bpi2012,simp,candidate,,split_miner,66f8441883879f85,38720,0.7303370786516854,0.853658536585366,0.0,0.853658536585366,0.0,0.1233214579336805,0.1233214579336805,0.85553772070626,0.85553772070626,5,5,196,196,0.704860217174
C5_cash_reg_cash_features_cash_full_clean_all_algos_hparams,bpi2012,fit+pre,candidate,HM,heuristics_miner,ec7bee5b1bfcdb5d,38720,0.8921120949825567,0.9301612956045748,0.0,0.9301612956045748,0.0,0.0380492006220181,0.0380492006220181,0.9590939756343148,0.9590939756343148,8,8,196,196,0.9246883982423744
C5_cash_reg_cash_features_cash_full_clean_all_algos_hparams,bpi2012,fit+gen,candidate,IMf,inductive_miner_imf,7e2c5e206ff9ce37,38720,0.9881819570423424,0.9923427713724686,0.0,0.9923427713724686,0.0,0.0041608143301261,0.0041608143301261,0.9958070795191348,0.9958070795191348,5,5,196,196,0.9797571072341736
C5_cash_reg_cash_features_cash_full_clean_all_algos_hparams,bpi2012,fit+sim,candidate,IMf,inductive_miner_imf,61c5d68ced4999f4,38720,0.7819994723761131,0.8121921418178204,0.0,0.8121921418178204,0.0,0.0301926694417072,0.0301926694417072,0.9628257060279712,0.9628257060279712,13,13,196,196,0.8197230200465249
C5_cash_reg_cash_features_cash_full_clean_all_algos_hparams,bpi2012,pre+gen,candidate,HM,heuristics_miner,b7bf6ee8468bc153,38720,0.9546937588748028,0.9634656515705696,0.0,0.9634656515705696,0.0,0.0087718926957667,0.0087718926957667,0.9908954795830373,0.9908954795830373,4,4,196,196,0.9198373780705256
C5_cash_reg_cash_features_cash_full_clean_all_algos_hparams,bpi2012,pre+sim,candidate,,split_miner,66f8441883879f85,38720,0.7893799987107687,0.8077460186427269,0.0,0.8077460186427269,0.0,0.0183660199319581,0.0183660199319581,0.9772626301980182,0.9772626301980182,7,7,196,196,0.7446083372129375
C5_cash_reg_cash_features_cash_full_clean_all_algos_hparams,bpi2012,gen+sim,candidate,,split_miner,66f8441883879f85,38720,0.8412354716977547,0.9184776167632608,0.0,0.9184776167632608,0.0,0.077242145065506,0.077242145065506,0.9159019842664108,0.9159019842664108,5,5,196,196,0.8246378939600173
C5_cash_reg_cash_features_cash_full_clean_all_algos_hparams,bpi2012,mix-fit,candidate,HM,heuristics_miner,94046d19ae6f1615,38720,0.7011465409009557,0.8579335371394458,0.0,0.8579335371394458,0.0,0.15678699623849,0.15678699623849,0.8172504169014594,0.8172504169014594,131,131,196,196,0.8502840744065034
C5_cash_reg_cash_features_cash_full_clean_all_algos_hparams,bpi2012,mix-prec,candidate,HM,heuristics_miner,dfc664f414a540a1,38720,0.6853588952417577,0.9094815824532986,0.0,0.9094815824532986,0.0,0.2241226872115408,0.2241226872115408,0.7535709446617085,0.7535709446617085,144,144,196,196,0.8796229137548641
C5_cash_reg_cash_features_cash_full_clean_all_algos_hparams,bpi2012,mix-simp,candidate,,split_miner,1d7d49cf82addc81,38720,0.7994258101166773,0.8154342316428806,0.0,0.8154342316428806,0.0,0.0160084215262032,0.0160084215262032,0.980368224799748,0.980368224799748,2,2,196,196,0.7993442122119955
C5_cash_reg_cash_features_cash_full_clean_all_algos_hparams,bpi2012,mix-gen,candidate,,split_miner,66f8441883879f85,38720,0.831391824555227,0.858090575541927,0.0,0.858090575541927,0.0,0.0266987509867,0.0266987509867,0.968885859199842,0.968885859199842,6,6,196,196,0.8256504636034816
C5_cash_reg_cash_features_cash_full_clean_all_algos_hparams,bpi2013_closed_problems,equal,candidate,IMf,inductive_miner_imf,d72e7fc019b98cfe,38916,0.911876527588001,0.9163782860150956,0.0,0.9163782860150956,0.0,0.0045017584270947,0.0045017584270947,0.995087445331479,0.995087445331479,2,2,196,196,0.8986621546589146
C5_cash_reg_cash_features_cash_full_clean_all_algos_hparams,bpi2013_closed_problems,fitn,candidate,IMf,inductive_miner_imf,685e2f2ecd62d260,38916,0.9996714609038476,1.0,0.0,1.0,0.0,0.0003285390961523,0.0003285390961523,0.9996714609038476,0.9996714609038476,7,7,196,196,0.9995120390710678
C5_cash_reg_cash_features_cash_full_clean_all_algos_hparams,bpi2013_closed_problems,prec,candidate,,split_miner,e874144789fa0467,38916,0.9918278852568378,1.0,0.0,1.0,0.0,0.0081721147431621,0.0081721147431621,0.9918278852568378,0.9918278852568378,91,91,196,196,0.971526657500024
C5_cash_reg_cash_features_cash_full_clean_all_algos_hparams,bpi2013_closed_problems,gene,candidate,IMf,inductive_miner_imf,a578d2e6f397c58e,38916,0.9559026622070114,0.9751741745874558,0.0,0.9751741745874558,0.0,0.0192715123804444,0.0192715123804444,0.9802378765940996,0.9802378765940996,4,4,196,196,0.9770592278275432
C5_cash_reg_cash_features_cash_full_clean_all_algos_hparams,bpi2013_closed_problems,simp,candidate,,alpha_miner_plus,e787a9b1833ccccd,38916,0.0,1.0,0.0,1.0,0.0,1.0,1.0,0.0,0.0,191,191,196,196,0.9560451052215756
C5_cash_reg_cash_features_cash_full_clean_all_algos_hparams,bpi2013_closed_problems,fit+pre,candidate,HM,heuristics_miner,41278f47d85c2522,38916,0.9652899729345528,0.9833244744389686,0.0,0.9833244744389686,0.0,0.0180345015044158,0.0180345015044158,0.9816596637496434,0.9816596637496434,34,34,196,196,0.9507019780683632
C5_cash_reg_cash_features_cash_full_clean_all_algos_hparams,bpi2013_closed_problems,fit+gen,candidate,IMf,inductive_miner_imf,a578d2e6f397c58e,38916,0.9768396200213344,0.9768396200213344,0.0,0.9768396200213344,0.0,0.0,0.0,1.0,1.0,1,1,196,196,0.9880912966185608
C5_cash_reg_cash_features_cash_full_clean_all_algos_hparams,bpi2013_closed_problems,fit+sim,candidate,IMf,inductive_miner_imf,7cc54a1eb964803e,38916,0.8812412300942993,0.8813768133238105,0.0,0.8813768133238105,0.0,0.0001355832295111,0.0001355832295111,0.9998461688264751,0.9998461688264751,2,2,196,196,0.8605629706634484
C5_cash_reg_cash_features_cash_full_clean_all_algos_hparams,bpi2013_closed_problems,pre+gen,candidate,,split_miner,e874144789fa0467,38916,0.9624563756843784,0.9873630729568104,0.0,0.9873630729568104,0.0,0.0249066972724318,0.0249066972724318,0.974774530307433,0.974774530307433,5,5,196,196,0.9591817710465012
C5_cash_reg_cash_features_cash_full_clean_all_algos_hparams,bpi2013_closed_problems,pre+sim,candidate,,split_miner,cd7534edeef8c83c,38916,0.8871258113879359,1.0,0.0,1.0,0.0,0.1128741886120641,0.1128741886120641,0.8871258113879359,0.8871258113879359,81,81,196,196,0.9235442626746851
C5_cash_reg_cash_features_cash_full_clean_all_algos_hparams,bpi2013_closed_problems,gen+sim,candidate,,alpha_miner_plus,e787a9b1833ccccd,38916,0.0,0.987587087293728,0.0,0.987587087293728,0.0,0.987587087293728,0.987587087293728,0.0,0.0,191,191,196,196,0.9286732739027276
C5_cash_reg_cash_features_cash_full_clean_all_algos_hparams,bpi2013_closed_problems,mix-fit,candidate,IMf,inductive_miner_imf,d72e7fc019b98cfe,38916,0.9287920181656044,0.934116875905002,0.0,0.934116875905002,0.0,0.0053248577393976,0.0053248577393976,0.9942995808375276,0.9942995808375276,2,2,196,196,0.9109492129712488
C5_cash_reg_cash_features_cash_full_clean_all_algos_hparams,bpi2013_closed_problems,mix-prec,candidate,IMf,inductive_miner_imf,349ee7c2c547bf69,38916,0.9364422199287218,0.9478472946591556,0.0,0.9478472946591556,0.0,0.0114050747304338,0.0114050747304338,0.9879673922216182,0.9879673922216182,2,2,196,196,0.9251090686151524
C5_cash_reg_cash_features_cash_full_clean_all_algos_hparams,bpi2013_closed_problems,mix-simp,candidate,IMf,inductive_miner_imf,d72e7fc019b98cfe,38916,0.8873108352472803,0.8876203584183078,0.0,0.8876203584183078,0.0,0.0003095231710275,0.0003095231710275,0.9996512887879464,0.9996512887879464,4,4,196,196,0.8722378557271913
C5_cash_reg_cash_features_cash_full_clean_all_algos_hparams,bpi2013_closed_problems,mix-gen,candidate,,split_miner,e874144789fa0467,38916,0.9098059720424396,0.9265291608189076,0.0,0.9265291608189076,0.0,0.016723188776468,0.016723188776468,0.9819507151165244,0.9819507151165244,5,5,196,196,0.9003900069057414
C5_cash_reg_cash_features_cash_full_clean_all_algos_hparams,bpi2013_incidents,equal,candidate,,split_miner,54b40b57dd6bca9e,38916,0.8492339108663403,0.922771311384078,0.0,0.922771311384078,0.0,0.0735374005177376,0.0735374005177376,0.9203080984307608,0.9203080984307608,79,79,196,196,0.8871285640938527
C5_cash_reg_cash_features_cash_full_clean_all_algos_hparams,bpi2013_incidents,fitn,candidate,IMf,inductive_miner_imf,43ee14d3ba2a3840,38916,1.0,1.0,0.0,1.0,0.0,0.0,0.0,1.0,1.0,1,1,196,196,0.9995593927075934
C5_cash_reg_cash_features_cash_full_clean_all_algos_hparams,bpi2013_incidents,prec,candidate,,split_miner,68aa01e8c94a0796,38916,0.9870135293135126,1.0,0.0,1.0,0.0,0.0129864706864873,0.0129864706864873,0.9870135293135126,0.9870135293135126,58,58,196,196,0.9479762118295822
C5_cash_reg_cash_features_cash_full_clean_all_algos_hparams,bpi2013_incidents,gene,candidate,IMf,inductive_miner_imf,43ee14d3ba2a3840,38916,0.989726016820858,0.9924026869731328,0.0,0.9924026869731328,0.0,0.0026766701522747,0.0026766701522747,0.9973028386688082,0.9973028386688082,4,4,196,196,0.979266613969498
C5_cash_reg_cash_features_cash_full_clean_all_algos_hparams,bpi2013_incidents,simp,candidate,,heuristics_miner_plusplus,3a94e725c577464d,38916,1.0,1.0,0.0,1.0,0.0,0.0,0.0,1.0,1.0,1,1,196,196,0.9124014345769116
C5_cash_reg_cash_features_cash_full_clean_all_algos_hparams,bpi2013_incidents,fit+pre,candidate,,split_miner,01befd83094731d5,38916,0.8821056240682748,0.9765794350540196,0.0,0.9765794350540196,0.0,0.0944738109857448,0.0944738109857448,0.9032604951582676,0.9032604951582676,74,74,196,196,0.9069345228475608
C5_cash_reg_cash_features_cash_full_clean_all_algos_hparams,bpi2013_incidents,fit+gen,candidate,IMf,inductive_miner_imf,43ee14d3ba2a3840,38916,0.9948630084104292,0.9948630084104292,0.0,0.9948630084104292,0.0,0.0,0.0,1.0,1.0,1,1,196,196,0.9894130033385458
C5_cash_reg_cash_features_cash_full_clean_all_algos_hparams,bpi2013_incidents,fit+sim,candidate,IMf,inductive_miner_imf,54ff4759f4c9d4a1,38916,0.8645509542431231,0.8762171658937965,0.0,0.8762171658937965,0.0,0.0116662116506733,0.0116662116506733,0.9866857074880824,0.9866857074880824,3,3,196,196,0.8739175864063141
C5_cash_reg_cash_features_cash_full_clean_all_algos_hparams,bpi2013_incidents,pre+gen,candidate,,split_miner,68aa01e8c94a0796,38916,0.9614415361639526,0.9962013434865664,0.0,0.9962013434865664,0.0,0.0347598073226138,0.0347598073226138,0.9651076486195458,0.9651076486195458,34,34,196,196,0.9600374651113256
C5_cash_reg_cash_features_cash_full_clean_all_algos_hparams,bpi2013_incidents,pre+sim,candidate,,split_miner,68aa01e8c94a0796,38916,0.9346832352449916,1.0,0.0,1.0,0.0,0.0653167647550083,0.0653167647550083,0.9346832352449916,0.9346832352449916,4,4,196,196,0.8986836606367545
C5_cash_reg_cash_features_cash_full_clean_all_algos_hparams,bpi2013_incidents,gen+sim,candidate,,heuristics_miner_plusplus,a7e4cf77f9eba0fd,38916,0.9962013434865664,0.9962013434865664,0.0,0.9962013434865664,0.0,0.0,0.0,1.0,1.0,1,1,196,196,0.920114605663023
C5_cash_reg_cash_features_cash_full_clean_all_algos_hparams,bpi2013_incidents,mix-fit,candidate,,split_miner,01befd83094731d5,38916,0.8604655168627189,0.9349837317539984,0.0,0.9349837317539984,0.0,0.0745182148912794,0.0745182148912794,0.9202999877318874,0.9202999877318874,70,70,196,196,0.8884492397877577
C5_cash_reg_cash_features_cash_full_clean_all_algos_hparams,bpi2013_incidents,mix-prec,candidate,,split_miner,54b40b57dd6bca9e,38916,0.8600008485333491,0.9521545943141788,0.0,0.9521545943141788,0.0,0.0921537457808296,0.0921537457808296,0.9032155635953146,0.9032155635953146,110,110,196,196,0.901552691539072
C5_cash_reg_cash_features_cash_full_clean_all_algos_hparams,bpi2013_incidents,mix-simp,candidate,,split_miner,54b40b57dd6bca9e,38916,0.8384669731993315,0.893388028453977,0.0,0.893388028453977,0.0,0.0549210552546455,0.0549210552546455,0.9385249706673512,0.9385249706673512,36,36,196,196,0.8727044366486334
C5_cash_reg_cash_features_cash_full_clean_all_algos_hparams,bpi2013_incidents,mix-gen,candidate,,split_miner,c5cb59e09ad88884,38916,0.8324539122544927,0.9176337438459292,0.0,0.9176337438459292,0.0,0.0851798315914365,0.0851798315914365,0.9071744776576806,0.9071744776576806,131,131,196,196,0.88958419255338
C5_cash_reg_cash_features_cash_full_clean_all_algos_hparams,bpi2013_open_problems,equal,candidate,,split_miner,c84b360d64510357,38916,0.8936145129557105,0.9162455491114012,0.0,0.9162455491114012,0.0,0.0226310361556907,0.0226310361556907,0.975300249831894,0.975300249831894,3,3,196,196,0.8886727478867109
C5_cash_reg_cash_features_cash_full_clean_all_algos_hparams,bpi2013_open_problems,fitn,candidate,IMf,inductive_miner_imf,c3dd65d421b2ed6e,38916,1.0,1.0,0.0,1.0,0.0,0.0,0.0,1.0,1.0,1,1,196,196,0.999770098877257
C5_cash_reg_cash_features_cash_full_clean_all_algos_hparams,bpi2013_open_problems,prec,candidate,,heuristics_miner_plusplus,f7f12972f2897edc,38916,1.0,1.0,0.0,1.0,0.0,0.0,0.0,1.0,1.0,1,1,196,196,0.9921741211598648
C5_cash_reg_cash_features_cash_full_clean_all_algos_hparams,bpi2013_open_problems,gene,candidate,IMf,inductive_miner_imf,558fd85abaaef3d4,38916,0.9656228232165908,0.9656228232165908,0.0,0.9656228232165908,0.0,0.0,0.0,1.0,1.0,1,1,196,196,0.9512731262000956
C5_cash_reg_cash_features_cash_full_clean_all_algos_hparams,bpi2013_open_problems,simp,candidate,,genetic_miner,17dfe82f286ea63b,38916,0.8095238095238095,1.0,0.0,1.0,0.0,0.1904761904761904,0.1904761904761904,0.8095238095238095,0.8095238095238095,13,13,196,196,0.8510797777619331
C5_cash_reg_cash_features_cash_full_clean_all_algos_hparams,bpi2013_open_problems,fit+pre,candidate,IMf,inductive_miner_imf,fb80094bbb32a74c,38916,0.8941509953496671,0.9819381210475931,0.0,0.9819381210475931,0.0,0.0877871256979261,0.0877871256979261,0.9105981081534248,0.9105981081534248,99,99,196,196,0.9378124560294536
C5_cash_reg_cash_features_cash_full_clean_all_algos_hparams,bpi2013_open_problems,fit+gen,candidate,IMf,inductive_miner_imf,558fd85abaaef3d4,38916,0.9828114116082952,0.9828114116082952,0.0,0.9828114116082952,0.0,0.0,0.0,1.0,1.0,1,1,196,196,0.9723357940932724
C5_cash_reg_cash_features_cash_full_clean_all_algos_hparams,bpi2013_open_problems,fit+sim,candidate,IMf,inductive_miner_imf,94227e6ad507e1bb,38916,0.8231568631706208,0.8644377932873344,0.0,0.8644377932873344,0.0,0.0412809301167136,0.0412809301167136,0.9522453432308552,0.9522453432308552,24,24,196,196,0.8627851989057702
C5_cash_reg_cash_features_cash_full_clean_all_algos_hparams,bpi2013_open_problems,pre+gen,candidate,,heuristics_miner_plusplus,e7994015fa117bc9,38916,0.8969500049515274,0.9793652708841788,0.0,0.9793652708841788,0.0,0.0824152659326513,0.0824152659326513,0.9158482862494745,0.9158482862494745,141,141,196,196,0.967438064556382
C5_cash_reg_cash_features_cash_full_clean_all_algos_hparams,bpi2013_open_problems,pre+sim,candidate,,split_miner,fbb4c7a204282d90,38916,0.9139711465451784,0.9951923076923076,0.0,0.9951923076923076,0.0,0.0812211611471291,0.0812211611471291,0.918386466093706,0.918386466093706,8,8,196,196,0.915139295814972
C5_cash_reg_cash_features_cash_full_clean_all_algos_hparams,bpi2013_open_problems,gen+sim,candidate,,split_miner,fbb4c7a204282d90,38916,0.9113778199915128,0.978819959575052,0.0,0.978819959575052,0.0,0.0674421395835392,0.0674421395835392,0.9310985243774362,0.9310985243774362,3,3,196,196,0.892387666709428
C5_cash_reg_cash_features_cash_full_clean_all_algos_hparams,bpi2013_open_problems,mix-fit,candidate,IMf,inductive_miner_imf,fb80094bbb32a74c,38916,0.8537404992858345,0.9321610267210648,0.0,0.9321610267210648,0.0,0.0784205274352302,0.0784205274352302,0.9158723383758284,0.9158723383758284,93,93,196,196,0.9005962701955997
C5_cash_reg_cash_features_cash_full_clean_all_algos_hparams,bpi2013_open_problems,mix-prec,candidate,,split_miner,fbb4c7a204282d90,38916,0.8931942896951641,0.9501071658282664,0.0,0.9501071658282664,0.0,0.0569128761331023,0.0569128761331023,0.9400984665940416,0.9400984665940416,84,84,196,196,0.9073828894871764
C5_cash_reg_cash_features_cash_full_clean_all_algos_hparams,bpi2013_open_problems,mix-simp,candidate,,split_miner,c84b360d64510357,38916,0.8566329156482542,0.8823839323945362,0.0,0.8823839323945362,0.0,0.0257510167462819,0.0257510167462819,0.9708165393760048,0.9708165393760048,7,7,196,196,0.8700888381634507
C5_cash_reg_cash_features_cash_full_clean_all_algos_hparams,bpi2013_open_problems,mix-gen,candidate,,split_miner,fbb4c7a204282d90,38916,0.9022860548433383,0.9253321454132266,0.0,0.9253321454132266,0.0,0.0230460905698881,0.0230460905698881,0.9750942505519502,0.9750942505519502,5,5,196,196,0.8998852780983024
C5_cash_reg_cash_features_cash_full_clean_all_algos_hparams,bpi2017,equal,candidate,HM,heuristics_miner,f64e1aefc4a69346,38916,0.8332030392864043,0.8802301190425359,0.0,0.8802301190425359,0.0,0.0470270797561316,0.0470270797561316,0.9465741074535317,0.9465741074535317,24,24,196,196,0.7752564009075172
C5_cash_reg_cash_features_cash_full_clean_all_algos_hparams,bpi2017,fitn,candidate,IMf,inductive_miner_imf,ca720cec984123c3,38916,0.9981750826432002,1.0,0.0,1.0,0.0,0.0018249173567997,0.0018249173567997,0.9981750826432002,0.9981750826432002,9,9,196,196,0.983150116923616
C5_cash_reg_cash_features_cash_full_clean_all_algos_hparams,bpi2017,prec,candidate,HM,heuristics_miner,481897a008a41042,38916,0.7312690816073933,0.9982184707429071,0.0,0.9982184707429071,0.0,0.2669493891355138,0.2669493891355138,0.7325741839490896,0.7325741839490896,100,100,196,196,0.8879008661099363
C5_cash_reg_cash_features_cash_full_clean_all_algos_hparams,bpi2017,gene,candidate,IMf,inductive_miner_imf,e46c1414be585be0,38916,0.989403026704562,0.99095165942404,0.0,0.99095165942404,0.0,0.0015486327194779,0.0015486327194779,0.9984372267761495,0.9984372267761495,4,4,196,196,0.9648984668791912
C5_cash_reg_cash_features_cash_full_clean_all_algos_hparams,bpi2017,simp,candidate,AM,alpha_miner_classic,9a9cd65c1066e3fa,38916,0.392,0.7701149425287357,0.0,0.7701149425287357,0.0,0.3781149425287357,0.3781149425287357,0.5090149253731343,0.5090149253731343,165,165,196,196,0.8587876132020367
C5_cash_reg_cash_features_cash_full_clean_all_algos_hparams,bpi2017,fit+pre,candidate,HM,heuristics_miner,f64e1aefc4a69346,38916,0.9284707204762276,0.9550451175767803,0.0,0.9550451175767803,0.0,0.0265743971005528,0.0265743971005528,0.972174720742011,0.972174720742011,17,17,196,196,0.8509898011613268
C5_cash_reg_cash_features_cash_full_clean_all_algos_hparams,bpi2017,fit+gen,candidate,IMf,inductive_miner_imf,ca720cec984123c3,38916,0.994396808119832,0.9949668505231788,0.0,0.9949668505231788,0.0,0.0005700424033466,0.0005700424033466,0.999427073974327,0.999427073974327,3,3,196,196,0.9721495991562968
C5_cash_reg_cash_features_cash_full_clean_all_algos_hparams,bpi2017,fit+sim,candidate,,split_miner,d9f964b80f4d9dc0,38916,0.7176603920905187,0.8402404432249244,0.0,0.8402404432249244,0.0,0.1225800511344057,0.1225800511344057,0.8541131266379757,0.8541131266379757,79,79,196,196,0.7775443677986182
C5_cash_reg_cash_features_cash_full_clean_all_algos_hparams,bpi2017,pre+gen,candidate,HM,heuristics_miner,481897a008a41042,38916,0.8202410775076411,0.98591999350851,0.0,0.98591999350851,0.0,0.1656789160008688,0.1656789160008688,0.8319550094412009,0.8319550094412009,77,77,196,196,0.8773125391044039
C5_cash_reg_cash_features_cash_full_clean_all_algos_hparams,bpi2017,pre+sim,candidate,,split_miner,dc30459a0be65696,38916,0.7650319346503849,0.8723812160130642,0.0,0.8723812160130642,0.0,0.1073492813626793,0.1073492813626793,0.876946821650649,0.876946821650649,28,28,196,196,0.7087004298946206
C5_cash_reg_cash_features_cash_full_clean_all_algos_hparams,bpi2017,gen+sim,candidate,,split_miner,dc30459a0be65696,38916,0.8792604640175905,0.8792604640175905,0.0,0.8792604640175905,0.0,0.0,0.0,1.0,1.0,1,1,196,196,0.8124837688760367
C5_cash_reg_cash_features_cash_full_clean_all_algos_hparams,bpi2017,mix-fit,candidate,HM,heuristics_miner,f64e1aefc4a69346,38916,0.8484283443957795,0.8744182289149186,0.0,0.8744182289149186,0.0,0.025989884519139,0.025989884519139,0.9702775129111954,0.9702775129111954,18,18,196,196,0.7871696835910519
C5_cash_reg_cash_features_cash_full_clean_all_algos_hparams,bpi2017,mix-prec,candidate,HM,heuristics_miner,f64e1aefc4a69346,38916,0.898020110257477,0.9247332260272324,0.0,0.9247332260272324,0.0,0.0267131157697555,0.0267131157697555,0.9711126246814789,0.9711126246814789,19,19,196,196,0.8271632357942573
C5_cash_reg_cash_features_cash_full_clean_all_algos_hparams,bpi2017,mix-simp,candidate,,split_miner,8f7b9e3b70f29b9d,38916,0.7942661960491573,0.8548318499663207,0.0,0.8548318499663207,0.0,0.0605656539171634,0.0605656539171634,0.9291490438504956,0.9291490438504956,16,16,196,196,0.7812478352883847
C5_cash_reg_cash_features_cash_full_clean_all_algos_hparams,bpi2017,mix-gen,candidate,,split_miner,dc30459a0be65696,38916,0.869423256707717,0.8969137795391169,0.0,0.8969137795391169,0.0,0.0274905228313998,0.0274905228313998,0.9693498712378732,0.9693498712378732,4,4,196,196,0.7937386314176134
C5_cash_reg_cash_features_cash_full_clean_all_algos_hparams,bpi2020_domestic,equal,candidate,,split_miner,2590df1e2c57e70c,38720,0.8413235137192283,0.9013014428805918,0.0,0.9013014428805918,0.0,0.0599779291613634,0.0599779291613634,0.9334540850509772,0.9334540850509772,52,52,196,196,0.8825080259509195
C5_cash_reg_cash_features_cash_full_clean_all_algos_hparams,bpi2020_domestic,fitn,candidate,IMd,inductive_miner_imd,4291c50fb5e0a873,38720,1.0,1.0,0.0,1.0,0.0,0.0,0.0,1.0,1.0,1,1,196,196,0.9992687568634732
C5_cash_reg_cash_features_cash_full_clean_all_algos_hparams,bpi2020_domestic,prec,candidate,,split_miner,c683f51b46a82958,38720,0.863880567316302,0.986007752461474,0.0,0.986007752461474,0.0,0.1221271851451719,0.1221271851451719,0.876139731315202,0.876139731315202,110,110,196,196,0.9294673807005408
C5_cash_reg_cash_features_cash_full_clean_all_algos_hparams,bpi2020_domestic,gene,candidate,IMf,inductive_miner_imf,49dca65ecc572022,38720,0.9066825262043146,0.9326053854610896,0.0,0.9326053854610896,0.0,0.025922859256775,0.025922859256775,0.9722038284778308,0.9722038284778308,45,45,196,196,0.9444979936884442
C5_cash_reg_cash_features_cash_full_clean_all_algos_hparams,bpi2020_domestic,simp,candidate,,heuristics_miner_plusplus,f70fdbed0663bd8d,38720,0.875,0.875,0.0,0.875,0.0,0.0,0.0,1.0,1.0,1,1,196,196,0.8111366186868336
C5_cash_reg_cash_features_cash_full_clean_all_algos_hparams,bpi2020_domestic,fit+pre,candidate,,split_miner,c683f51b46a82958,38720,0.9299613294064109,0.980580685505521,0.0,0.980580685505521,0.0,0.0506193560991101,0.0506193560991101,0.9483781836137082,0.9483781836137082,80,80,196,196,0.9549461292561534
C5_cash_reg_cash_features_cash_full_clean_all_algos_hparams,bpi2020_domestic,fit+gen,candidate,IMf,inductive_miner_imf,49dca65ecc572022,38720,0.9529492086056026,0.9529492086056026,0.0,0.9529492086056026,0.0,0.0,0.0,1.0,1.0,1,1,196,196,0.9713415607795086
C5_cash_reg_cash_features_cash_full_clean_all_algos_hparams,bpi2020_domestic,fit+sim,candidate,,heuristics_miner_plusplus,f70fdbed0663bd8d,38720,0.892967594352212,0.892967594352212,0.0,0.892967594352212,0.0,0.0,0.0,1.0,1.0,1,1,196,196,0.872433628274627
C5_cash_reg_cash_features_cash_full_clean_all_algos_hparams,bpi2020_domestic,pre+gen,candidate,,split_miner,c683f51b46a82958,38720,0.848804298893888,0.957510356458128,0.0,0.957510356458128,0.0,0.10870605756424,0.10870605756424,0.8864700973404106,0.8864700973404106,117,117,196,196,0.9350642114637912
C5_cash_reg_cash_features_cash_full_clean_all_algos_hparams,bpi2020_domestic,pre+sim,candidate,,split_miner,2590df1e2c57e70c,38720,0.767761179180539,0.8607303005919194,0.0,0.8607303005919194,0.0,0.0929691214113803,0.0929691214113803,0.8919880927307358,0.8919880927307358,91,91,196,196,0.8045431662621843
C5_cash_reg_cash_features_cash_full_clean_all_algos_hparams,bpi2020_domestic,gen+sim,candidate,,heuristics_miner_plusplus,c87f2e948f724f6c,38720,0.7850417114192549,0.836843156586478,0.0,0.836843156586478,0.0,0.051801445167223,0.051801445167223,0.9380989797675784,0.9380989797675784,27,27,196,196,0.8382275359530644
C5_cash_reg_cash_features_cash_full_clean_all_algos_hparams,bpi2020_domestic,mix-fit,candidate,,split_miner,2590df1e2c57e70c,38720,0.8752823255043851,0.9217713572150562,0.0,0.9217713572150562,0.0,0.046489031710671,0.046489031710671,0.9495655496921404,0.9495655496921404,31,31,196,196,0.9019872520276272
C5_cash_reg_cash_features_cash_full_clean_all_algos_hparams,bpi2020_domestic,mix-prec,candidate,,split_miner,c683f51b46a82958,38720,0.8620432334717444,0.939640856836592,0.0,0.939640856836592,0.0,0.0775976233648476,0.0775976233648476,0.9174177848906137,0.9174177848906137,108,108,196,196,0.9176823364954187
C5_cash_reg_cash_features_cash_full_clean_all_algos_hparams,bpi2020_domestic,mix-simp,candidate,,split_miner,2590df1e2c57e70c,38720,0.8206033216023596,0.8629620289245914,0.0,0.8629620289245914,0.0,0.0423587073222317,0.0423587073222317,0.9509147495457958,0.9509147495457958,28,28,196,196,0.8517603004691869
C5_cash_reg_cash_features_cash_full_clean_all_algos_hparams,bpi2020_domestic,mix-gen,candidate,,split_miner,c683f51b46a82958,38720,0.8073640721149347,0.88113234738198,0.0,0.88113234738198,0.0,0.0737682752670453,0.0737682752670453,0.9162801416992288,0.9162801416992288,66,66,196,196,0.8630366687663118
C5_cash_reg_cash_features_cash_full_clean_all_algos_hparams,bpi2020_international,equal,candidate,,split_miner,d668e32ff51abff6,38916,0.8489285261108875,0.8501918473231604,0.0,0.8501918473231604,0.0,0.0012633212122729,0.0012633212122729,0.998514075127572,0.998514075127572,3,3,196,196,0.8396781514642812
C5_cash_reg_cash_features_cash_full_clean_all_algos_hparams,bpi2020_international,fitn,candidate,IM,inductive_miner_im,cfc3cfd9b264bc4a,38916,1.0,1.0,0.0,1.0,0.0,0.0,0.0,1.0,1.0,1,1,196,196,0.9994856594334476
C5_cash_reg_cash_features_cash_full_clean_all_algos_hparams,bpi2020_international,prec,candidate,HM,heuristics_miner,3502fe6025e21858,38916,0.9619118334570856,1.0,0.0,1.0,0.0,0.0380881665429143,0.0380881665429143,0.9619118334570856,0.9619118334570856,12,12,196,196,0.9268116983858627
C5_cash_reg_cash_features_cash_full_clean_all_algos_hparams,bpi2020_international,gene,candidate,HM,heuristics_miner,38309ceca35764db,38916,0.8845433655733372,0.9418786896404474,0.0,0.9418786896404474,0.0,0.0573353240671101,0.0573353240671101,0.9391266362667178,0.9391266362667178,40,40,196,196,0.9260534361396904
C5_cash_reg_cash_features_cash_full_clean_all_algos_hparams,bpi2020_international,simp,candidate,,heuristics_miner_plusplus,3df66697813e08ed,38916,0.6551724137931035,0.726190476190476,0.0,0.726190476190476,0.0,0.0710180623973725,0.0710180623973725,0.9022046353872248,0.9022046353872248,23,23,196,196,0.8250217495119607
C5_cash_reg_cash_features_cash_full_clean_all_algos_hparams,bpi2020_international,fit+pre,candidate,HM,heuristics_miner,3502fe6025e21858,38916,0.920154361233576,0.9444725618292222,0.0,0.9444725618292222,0.0,0.0243182005956463,0.0243182005956463,0.97425208356657,0.97425208356657,12,12,196,196,0.9163902444617004
C5_cash_reg_cash_features_cash_full_clean_all_algos_hparams,bpi2020_international,fit+gen,candidate,IMf,inductive_miner_imf,417d3dbab29b85e7,38916,0.9511551196791704,0.9642924535411258,0.0,0.9642924535411258,0.0,0.0131373338619554,0.0131373338619554,0.9863761934320736,0.9863761934320736,9,9,196,196,0.9552761154488568
C5_cash_reg_cash_features_cash_full_clean_all_algos_hparams,bpi2020_international,fit+sim,candidate,,heuristics_miner_plusplus,3df66697813e08ed,38916,0.7730465419150024,0.8252695672008914,0.0,0.8252695672008914,0.0,0.0522230252858889,0.0522230252858889,0.9367200398979736,0.9367200398979736,51,51,196,196,0.8553050201254421
C5_cash_reg_cash_features_cash_full_clean_all_algos_hparams,bpi2020_international,pre+gen,candidate,,split_miner,0136b6b42d072b6e,38916,0.865852440802336,0.9244692854293904,0.0,0.9244692854293904,0.0,0.0586168446270543,0.0586168446270543,0.93659405936907,0.93659405936907,23,23,196,196,0.8789749185069937
C5_cash_reg_cash_features_cash_full_clean_all_algos_hparams,bpi2020_international,pre+sim,candidate,,split_miner,0136b6b42d072b6e,38916,0.7323003275384228,0.863095238095238,0.0,0.863095238095238,0.0,0.1307949105568152,0.1307949105568152,0.8484583105272762,0.8484583105272762,31,31,196,196,0.7691743205574826
C5_cash_reg_cash_features_cash_full_clean_all_algos_hparams,bpi2020_international,gen+sim,candidate,,heuristics_miner_plusplus,3df66697813e08ed,38916,0.7474978920928612,0.8021013140485984,0.0,0.8021013140485984,0.0,0.0546034219557372,0.0546034219557372,0.9319245324756708,0.9319245324756708,48,48,196,196,0.8280532380445838
C5_cash_reg_cash_features_cash_full_clean_all_algos_hparams,bpi2020_international,mix-fit,candidate,,split_miner,d668e32ff51abff6,38916,0.8643185757317289,0.8651430903153831,0.0,0.8651430903153831,0.0,0.0008245145836541,0.0008245145836541,0.9990469616033648,0.9990469616033648,3,3,196,196,0.8552144980736114
C5_cash_reg_cash_features_cash_full_clean_all_algos_hparams,bpi2020_international,mix-prec,candidate,,split_miner,d668e32ff51abff6,38916,0.872733684263436,0.8789785552291676,0.0,0.8789785552291676,0.0,0.0062448709657315,0.0062448709657315,0.9928953090737198,0.9928953090737198,3,3,196,196,0.8662960579971922
C5_cash_reg_cash_features_cash_full_clean_all_algos_hparams,bpi2020_international,mix-simp,candidate,,split_miner,d668e32ff51abff6,38916,0.8251233679583388,0.8280233355013684,0.0,0.8280233355013684,0.0,0.0028999675430295,0.0028999675430295,0.9964977224448952,0.9964977224448952,3,3,196,196,0.8130602449313704
C5_cash_reg_cash_features_cash_full_clean_all_algos_hparams,bpi2020_international,mix-gen,candidate,,split_miner,0136b6b42d072b6e,38916,0.828101303379969,0.8352406043309378,0.0,0.8352406043309378,0.0,0.0071393009509688,0.0071393009509688,0.9914524019618424,0.9914524019618424,6,6,196,196,0.824365515313367
C5_cash_reg_cash_features_cash_full_clean_all_algos_hparams,bpi2020_payment,equal,candidate,HM,heuristics_miner,76f9d2f741e58cc1,38916,0.8696763776738392,0.8696763776738392,0.0,0.8696763776738392,0.0,0.0,0.0,1.0,1.0,1,1,196,196,0.8938838509263818
C5_cash_reg_cash_features_cash_full_clean_all_algos_hparams,bpi2020_payment,fitn,candidate,IM,inductive_miner_im,560de7b4bb2edb08,38916,1.0,1.0,0.0,1.0,0.0,0.0,0.0,1.0,1.0,1,1,196,196,0.9999797218918288
C5_cash_reg_cash_features_cash_full_clean_all_algos_hparams,bpi2020_payment,prec,candidate,HM,heuristics_miner,d0ac158fa88b1db5,38916,0.9784248486226208,1.0,0.0,1.0,0.0,0.0215751513773791,0.0215751513773791,0.9784248486226208,0.9784248486226208,15,15,196,196,0.9713803463494496
C5_cash_reg_cash_features_cash_full_clean_all_algos_hparams,bpi2020_payment,gene,candidate,HM,heuristics_miner,d0ac158fa88b1db5,38916,0.8553120034843131,0.9042989365923124,0.0,0.9042989365923124,0.0,0.0489869331079992,0.0489869331079992,0.9458288281388478,0.9458288281388478,10,10,196,196,0.9274395871415853
C5_cash_reg_cash_features_cash_full_clean_all_algos_hparams,bpi2020_payment,simp,candidate,,heuristics_miner_plusplus,d8b237573094aaea,38916,0.8214285714285714,0.8214285714285714,0.0,0.8214285714285714,0.0,0.0,0.0,1.0,1.0,1,1,196,196,0.786945306019478
C5_cash_reg_cash_features_cash_full_clean_all_algos_hparams,bpi2020_payment,fit+pre,candidate,HM,heuristics_miner,76f9d2f741e58cc1,38916,0.9815103966807592,0.9825892284678608,0.0,0.9825892284678608,0.0,0.0010788317871016,0.0010788317871016,0.9989020520927306,0.9989020520927306,2,2,196,196,0.969854035220412
C5_cash_reg_cash_features_cash_full_clean_all_algos_hparams,bpi2020_payment,fit+gen,candidate,IMf,inductive_miner_imf,b5227fb408bd1324,38916,0.951497082337022,0.951497082337022,0.0,0.951497082337022,0.0,0.0,0.0,1.0,1.0,1,1,196,196,0.9549356586361576
C5_cash_reg_cash_features_cash_full_clean_all_algos_hparams,bpi2020_payment,fit+sim,candidate,,heuristics_miner_plusplus,d8b237573094aaea,38916,0.8691224178435837,0.8691224178435837,0.0,0.8691224178435837,0.0,0.0,0.0,1.0,1.0,1,1,196,196,0.8505880121206639
C5_cash_reg_cash_features_cash_full_clean_all_algos_hparams,bpi2020_payment,pre+gen,candidate,HM,heuristics_miner,d0ac158fa88b1db5,38916,0.916868426053467,0.916868426053467,0.0,0.916868426053467,0.0,0.0,0.0,1.0,1.0,1,1,196,196,0.9494099667455176
C5_cash_reg_cash_features_cash_full_clean_all_algos_hparams,bpi2020_payment,pre+sim,candidate,HM,heuristics_miner,d0ac158fa88b1db5,38916,0.8353662704651565,0.87,0.0,0.87,0.0,0.0346337295348434,0.0346337295348434,0.9601911154771916,0.9601911154771916,2,2,196,196,0.8464015403512934
C5_cash_reg_cash_features_cash_full_clean_all_algos_hparams,bpi2020_payment,gen+sim,candidate,HM,heuristics_miner,d0ac158fa88b1db5,38916,0.7738098478960027,0.7955758933524278,0.0,0.7955758933524278,0.0,0.0217660454564251,0.0217660454564251,0.9726411450644808,0.9726411450644808,11,11,196,196,0.8244311607473613
C5_cash_reg_cash_features_cash_full_clean_all_algos_hparams,bpi2020_payment,mix-fit,candidate,HM,heuristics_miner,76f9d2f741e58cc1,38916,0.9053177010011466,0.9053177010011466,0.0,0.9053177010011466,0.0,0.0,0.0,1.0,1.0,1,1,196,196,0.9134733701809006
C5_cash_reg_cash_features_cash_full_clean_all_algos_hparams,bpi2020_payment,mix-prec,candidate,HM,heuristics_miner,76f9d2f741e58cc1,38916,0.9102277500261444,0.9102277500261444,0.0,0.9102277500261444,0.0,0.0,0.0,1.0,1.0,1,1,196,196,0.9306749967113744
C5_cash_reg_cash_features_cash_full_clean_all_algos_hparams,bpi2020_payment,mix-simp,candidate,HM,heuristics_miner,76f9d2f741e58cc1,38916,0.829125005321534,0.829125005321534,0.0,0.829125005321534,0.0,0.0,0.0,1.0,1.0,1,1,196,196,0.8570927051413894
C5_cash_reg_cash_features_cash_full_clean_all_algos_hparams,bpi2020_payment,mix-gen,candidate,HM,heuristics_miner,76f9d2f741e58cc1,38916,0.8340350543465319,0.836099433132433,0.0,0.836099433132433,0.0,0.002064378785901,0.002064378785901,0.9975309410530672,0.9975309410530672,5,5,196,196,0.874294331671863
C5_cash_reg_cash_features_cash_full_clean_all_algos_hparams,bpi2020_permit,equal,candidate,HM,heuristics_miner,5cc7ec79e87dedd7,38916,0.8271046223278868,0.8429076490043279,0.0,0.8429076490043279,0.0,0.015803026676441,0.015803026676441,0.9812517697578044,0.9812517697578044,11,11,196,196,0.8000147772577827
C5_cash_reg_cash_features_cash_full_clean_all_algos_hparams,bpi2020_permit,fitn,candidate,IMd,inductive_miner_imd,83bfdaba62b71641,38916,1.0,1.0,0.0,1.0,0.0,0.0,0.0,1.0,1.0,1,1,196,196,0.9564905487080532
C5_cash_reg_cash_features_cash_full_clean_all_algos_hparams,bpi2020_permit,prec,candidate,HM,heuristics_miner,2c03ee5b7554ea66,38916,0.82335775487396,0.9911533085603246,0.0,0.9911533085603246,0.0,0.1677955536863645,0.1677955536863645,0.8307067612677479,0.8307067612677479,41,41,196,196,0.9091699288295318
C5_cash_reg_cash_features_cash_full_clean_all_algos_hparams,bpi2020_permit,gene,candidate,AM,alpha_miner_classic,26f32bcd43f69421,38916,0.8552671808747483,0.9078165537742844,0.0,0.9078165537742844,0.0,0.052549372899536,0.052549372899536,0.9421145465115612,0.9421145465115612,62,62,196,196,0.8853517330170777
C5_cash_reg_cash_features_cash_full_clean_all_algos_hparams,bpi2020_permit,simp,candidate,,heuristics_miner_plusplus,18db7b1cbe4a0058,38916,0.7142857142857143,0.7142857142857143,0.0,0.7142857142857143,0.0,0.0,0.0,1.0,1.0,1,1,196,196,0.7085894787167526
C5_cash_reg_cash_features_cash_full_clean_all_algos_hparams,bpi2020_permit,fit+pre,candidate,HM,heuristics_miner,2c8e2a490446e681,38916,0.9037893999299952,0.9243881790529204,0.0,0.9243881790529204,0.0,0.0205987791229254,0.0205987791229254,0.9777163105395508,0.9777163105395508,10,10,196,196,0.9083587465310706
C5_cash_reg_cash_features_cash_full_clean_all_algos_hparams,bpi2020_permit,fit+gen,candidate,IMd,inductive_miner_imd,83bfdaba62b71641,38916,0.93261968691277,0.9448808304983668,0.0,0.9448808304983668,0.0,0.0122611435855969,0.0122611435855969,0.9870236084913164,0.9870236084913164,7,7,196,196,0.9119767630168932
C5_cash_reg_cash_features_cash_full_clean_all_algos_hparams,bpi2020_permit,fit+sim,candidate,HM,heuristics_miner,9d8e1e9ac681354f,38916,0.8100352576635796,0.8272924879786688,0.0,0.8272924879786688,0.0,0.0172572303150891,0.0172572303150891,0.9791401099782088,0.9791401099782088,4,4,196,196,0.7854884151736656
C5_cash_reg_cash_features_cash_full_clean_all_algos_hparams,bpi2020_permit,pre+gen,candidate,HM,heuristics_miner,5cc7ec79e87dedd7,38916,0.8944839802190734,0.9322600772514232,0.0,0.9322600772514232,0.0,0.0377760970323497,0.0377760970323497,0.959479014543104,0.959479014543104,5,5,196,196,0.852889071999193
C5_cash_reg_cash_features_cash_full_clean_all_algos_hparams,bpi2020_permit,pre+sim,candidate,,split_miner,69b1675b631db462,38916,0.6817076702144634,0.816594001468874,0.0,0.816594001468874,0.0,0.1348863312544105,0.1348863312544105,0.8348183662728608,0.8348183662728608,37,37,196,196,0.7647913904389863
C5_cash_reg_cash_features_cash_full_clean_all_algos_hparams,bpi2020_permit,gen+sim,candidate,,split_miner,ab7b9ae518a98cb1,38916,0.7720900950689603,0.7992898469819344,0.0,0.7992898469819344,0.0,0.027199751912974,0.027199751912974,0.965970102065379,0.965970102065379,14,14,196,196,0.7586437043947141
C5_cash_reg_cash_features_cash_full_clean_all_algos_hparams,bpi2020_permit,mix-fit,candidate,HM,heuristics_miner,72dd1fcc540d6286,38916,0.8432644015829521,0.8639118088087243,0.0,0.8639118088087243,0.0,0.0206474072257721,0.0206474072257721,0.9761000983951782,0.9761000983951782,14,14,196,196,0.8309492502110563
C5_cash_reg_cash_features_cash_full_clean_all_algos_hparams,bpi2020_permit,mix-prec,candidate,HM,heuristics_miner,5cc7ec79e87dedd7,38916,0.8662544868730818,0.8885842618048088,0.0,0.8885842618048088,0.0,0.0223297749317269,0.0223297749317269,0.9748703911474048,0.9748703911474048,9,9,196,196,0.838290418948882
C5_cash_reg_cash_features_cash_full_clean_all_algos_hparams,bpi2020_permit,mix-simp,candidate,HM,heuristics_miner,07e7913e3089eea9,38916,0.7803200297439585,0.81761289182125,0.0,0.81761289182125,0.0,0.0372928620772914,0.0372928620772914,0.9543881188147354,0.9543881188147354,18,18,196,196,0.7708247552226619
C5_cash_reg_cash_features_cash_full_clean_all_algos_hparams,bpi2020_permit,mix-gen,candidate,HM,heuristics_miner,5cc7ec79e87dedd7,38916,0.8161842511286834,0.8269571869508153,0.0,0.8269571869508153,0.0,0.0107729358221319,0.0107729358221319,0.986972801020263,0.986972801020263,6,6,196,196,0.7763377886169942
C5_cash_reg_cash_features_cash_full_clean_all_algos_hparams,bpi2020_prepaid,equal,candidate,,split_miner,bceebdf01bb40b68,38916,0.8481551566974265,0.8668476328686328,0.0,0.8668476328686328,0.0,0.0186924761712062,0.0186924761712062,0.9784362609270236,0.9784362609270236,6,6,196,196,0.8266230664900138
C5_cash_reg_cash_features_cash_full_clean_all_algos_hparams,bpi2020_prepaid,fitn,candidate,IM,inductive_miner_im,f657a1c5652eae0e,38916,1.0,1.0,0.0,1.0,0.0,0.0,0.0,1.0,1.0,1,1,196,196,0.9996781444159653
C5_cash_reg_cash_features_cash_full_clean_all_algos_hparams,bpi2020_prepaid,prec,candidate,HM,heuristics_miner,bd6fd87dd8783fc5,38916,0.9851180847622129,0.9997522759645756,0.0,0.9997522759645756,0.0,0.0146341912023627,0.0146341912023627,0.9853621826584557,0.9853621826584557,3,3,196,196,0.8944917405204947
C5_cash_reg_cash_features_cash_full_clean_all_algos_hparams,bpi2020_prepaid,gene,candidate,IMf,inductive_miner_imf,6046e3eaa710f8f5,38916,0.859525024081783,0.9112866050560324,0.0,0.9112866050560324,0.0,0.0517615809742494,0.0517615809742494,0.9431994493422112,0.9431994493422112,68,68,196,196,0.930415074694883
C5_cash_reg_cash_features_cash_full_clean_all_algos_hparams,bpi2020_prepaid,simp,candidate,,heuristics_miner_plusplus,b7e1e63c7acd9968,38916,0.8105263157894738,0.8241758241758241,0.0,0.8241758241758241,0.0,0.0136495083863503,0.0136495083863503,0.9834385964912282,0.9834385964912282,2,2,196,196,0.7703767102089872
C5_cash_reg_cash_features_cash_full_clean_all_algos_hparams,bpi2020_prepaid,fit+pre,candidate,HM,heuristics_miner,bd6fd87dd8783fc5,38916,0.9346981514753504,0.9548684615240935,0.0,0.9548684615240935,0.0,0.0201703100487431,0.0201703100487431,0.9788763469928112,0.9788763469928112,9,9,196,196,0.9011110660880508
C5_cash_reg_cash_features_cash_full_clean_all_algos_hparams,bpi2020_prepaid,fit+gen,candidate,IMf,inductive_miner_imf,8ed4d616fd3bcb77,38916,0.9452509384141062,0.949603353381388,0.0,0.949603353381388,0.0,0.0043524149672817,0.0043524149672817,0.995416596885654,0.995416596885654,2,2,196,196,0.9625739436078956
C5_cash_reg_cash_features_cash_full_clean_all_algos_hparams,bpi2020_prepaid,fit+sim,candidate,,heuristics_miner_plusplus,b7e1e63c7acd9968,38916,0.836479383032376,0.8494129668934964,0.0,0.8494129668934964,0.0,0.0129335838611204,0.0129335838611204,0.9847735031542766,0.9847735031542766,3,3,196,196,0.8233708737025185
C5_cash_reg_cash_features_cash_full_clean_all_algos_hparams,bpi2020_prepaid,pre+gen,candidate,,split_miner,ef11957285a67280,38916,0.8655576881701521,0.9409693886867966,0.0,0.9409693886867966,0.0,0.0754117005166444,0.0754117005166444,0.919857434871619,0.919857434871619,20,20,196,196,0.8706078729031446
C5_cash_reg_cash_features_cash_full_clean_all_algos_hparams,bpi2020_prepaid,pre+sim,candidate,,split_miner,ef11957285a67280,38916,0.7759225089189413,0.8334790489391193,0.0,0.8334790489391193,0.0,0.0575565400201779,0.0575565400201779,0.9309442269803448,0.9309442269803448,12,12,196,196,0.7651988422155385
C5_cash_reg_cash_features_cash_full_clean_all_algos_hparams,bpi2020_prepaid,gen+sim,candidate,,heuristics_miner_plusplus,b7e1e63c7acd9968,38916,0.803423086871057,0.815098321546149,0.0,0.815098321546149,0.0,0.011675234675092,0.011675234675092,0.9856762866926956,0.9856762866926956,2,2,196,196,0.8129004170794578
C5_cash_reg_cash_features_cash_full_clean_all_algos_hparams,bpi2020_prepaid,mix-fit,candidate,HM,heuristics_miner,c37c655dba38045b,38916,0.7859172091381452,0.8887029376845874,0.0,0.8887029376845874,0.0,0.1027857285464421,0.1027857285464421,0.884341860268586,0.884341860268586,42,42,196,196,0.841322094116781
C5_cash_reg_cash_features_cash_full_clean_all_algos_hparams,bpi2020_prepaid,mix-prec,candidate,,split_miner,05bdee43b59155f1,38916,0.8672507124143805,0.9102502378418412,0.0,0.9102502378418412,0.0,0.0429995254274606,0.0429995254274606,0.9527607644141788,0.9527607644141788,12,12,196,196,0.8502526084061354
C5_cash_reg_cash_features_cash_full_clean_all_algos_hparams,bpi2020_prepaid,mix-simp,candidate,HM,heuristics_miner,280a284d0d3222a2,38916,0.7906344766538973,0.8311667650921324,0.0,0.8311667650921324,0.0,0.040532288438235,0.040532288438235,0.951234469253902,0.951234469253902,20,20,196,196,0.8123053301098834
C5_cash_reg_cash_features_cash_full_clean_all_algos_hparams,bpi2020_prepaid,mix-gen,candidate,,split_miner,266d25291053242d,38916,0.8296576676798271,0.8449923280526782,0.0,0.8449923280526782,0.0,0.0153346603728511,0.0153346603728511,0.9818523081645124,0.9818523081645124,6,6,196,196,0.8193311263805132
C5_cash_reg_cash_features_cash_full_clean_all_algos_hparams,bpic15_1,equal,candidate,HM,heuristics_miner,19960b4a2c175fd9,38720,0.7029554252303153,0.7538067736145151,0.0,0.7538067736145151,0.0,0.0508513483841998,0.0508513483841998,0.9325406056775442,0.9325406056775442,5,5,196,196,0.7062242125238054
C5_cash_reg_cash_features_cash_full_clean_all_algos_hparams,bpic15_1,fitn,candidate,IMd,inductive_miner_imd,8ec8a2cb08851acf,38720,1.0,1.0,0.0,1.0,0.0,0.0,0.0,1.0,1.0,1,1,196,196,1.0
C5_cash_reg_cash_features_cash_full_clean_all_algos_hparams,bpic15_1,prec,candidate,HM,heuristics_miner,19960b4a2c175fd9,38720,0.8105507491031864,0.9967132292522596,0.0,0.9967132292522596,0.0,0.1861624801490732,0.1861624801490732,0.8132236287374921,0.8132236287374921,5,5,196,196,0.8071894635883838
C5_cash_reg_cash_features_cash_full_clean_all_algos_hparams,bpic15_1,gene,candidate,,heuristics_miner_plusplus,c94ba65f06d7de32,38720,0.7947596517508088,0.7947596517508088,0.0,0.7947596517508088,0.0,0.0,0.0,1.0,1.0,1,1,196,196,0.8167075417917188
C5_cash_reg_cash_features_cash_full_clean_all_algos_hparams,bpic15_1,simp,candidate,,heuristics_miner_plusplus,caf11f4837151737,38720,1.0,1.0,0.0,1.0,0.0,0.0,0.0,1.0,1.0,1,1,196,196,1.0
C5_cash_reg_cash_features_cash_full_clean_all_algos_hparams,bpic15_1,fit+pre,candidate,HM,heuristics_miner,19960b4a2c175fd9,38720,0.8142852813322995,0.8688577238297088,0.0,0.8688577238297088,0.0,0.0545724424974093,0.0545724424974093,0.9371905882854242,0.9371905882854242,3,3,196,196,0.8135883484936136
C5_cash_reg_cash_features_cash_full_clean_all_algos_hparams,bpic15_1,fit+gen,candidate,IMf,inductive_miner_imf,85716a3b710d56aa,38720,0.871727415992749,0.871727415992749,0.0,0.871727415992749,0.0,0.0,0.0,1.0,1.0,1,1,196,196,0.8756996335285243
C5_cash_reg_cash_features_cash_full_clean_all_algos_hparams,bpic15_1,fit+sim,candidate,,heuristics_miner_plusplus,3100e38788dd1d23,38720,0.8645266546833184,0.8645266546833184,0.0,0.8645266546833184,0.0,0.0,0.0,1.0,1.0,1,1,196,196,0.8605346812936284
C5_cash_reg_cash_features_cash_full_clean_all_algos_hparams,bpic15_1,pre+gen,candidate,HM,heuristics_miner,19960b4a2c175fd9,38720,0.7408033827043146,0.8387467991159434,0.0,0.8387467991159434,0.0,0.0979434164116288,0.0979434164116288,0.8832264796540944,0.8832264796540944,4,4,196,196,0.7465917701066754
C5_cash_reg_cash_features_cash_full_clean_all_algos_hparams,bpic15_1,pre+sim,candidate,,split_miner,75171835d7aa6627,38720,0.7211064600617918,0.8214077863143173,0.0,0.8214077863143173,0.0,0.1003013262525255,0.1003013262525255,0.8778909478048891,0.8778909478048891,4,4,196,196,0.6728096802651922
C5_cash_reg_cash_features_cash_full_clean_all_algos_hparams,bpic15_1,gen+sim,candidate,,heuristics_miner_plusplus,c94ba65f06d7de32,38720,0.8973798258754044,0.8973798258754044,0.0,0.8973798258754044,0.0,0.0,0.0,1.0,1.0,1,1,196,196,0.8994490199363054
C5_cash_reg_cash_features_cash_full_clean_all_algos_hparams,bpic15_1,mix-fit,candidate,HM,heuristics_miner,19960b4a2c175fd9,38720,0.739917776176309,0.7829881701741386,0.0,0.7829881701741386,0.0,0.0430703939978295,0.0430703939978295,0.9449922800388536,0.9449922800388536,4,4,196,196,0.7410963553951547
C5_cash_reg_cash_features_cash_full_clean_all_algos_hparams,bpic15_1,mix-prec,candidate,HM,heuristics_miner,19960b4a2c175fd9,38720,0.7403605794403119,0.8104949307104619,0.0,0.8104949307104619,0.0,0.07013435127015,0.07013435127015,0.9134672548677488,0.9134672548677488,4,4,196,196,0.7438440627509151
C5_cash_reg_cash_features_cash_full_clean_all_algos_hparams,bpic15_1,mix-simp,candidate,,heuristics_miner_plusplus,2061bb50a1a3fd42,38720,0.7693268685987881,0.7694736087116352,0.0,0.7694736087116352,0.0,0.000146740112847,0.000146740112847,0.999809298056248,0.999809298056248,2,2,196,196,0.7680257292197378
C5_cash_reg_cash_features_cash_full_clean_all_algos_hparams,bpic15_1,mix-gen,candidate,,heuristics_miner_plusplus,c94ba65f06d7de32,38720,0.6858136742213338,0.7344918748892888,0.0,0.7344918748892888,0.0,0.048678200667955,0.048678200667955,0.9337253381117492,0.9337253381117492,5,5,196,196,0.6948914778822155
C5_cash_reg_cash_features_cash_full_clean_all_algos_hparams,bpic15_2,equal,candidate,HM,heuristics_miner,637b28b48831bbab,38720,0.739796087901852,0.739796087901852,0.0,0.739796087901852,0.0,0.0,0.0,1.0,1.0,1,1,196,196,0.6560497179357483
C5_cash_reg_cash_features_cash_full_clean_all_algos_hparams,bpic15_2,fitn,candidate,IM,inductive_miner_im,a128f54f3f029ba3,38720,1.0,1.0,0.0,1.0,0.0,0.0,0.0,1.0,1.0,1,1,196,196,0.9999998165717524
C5_cash_reg_cash_features_cash_full_clean_all_algos_hparams,bpic15_2,prec,candidate,,heuristics_miner_plusplus,865439c70c19e07f,38720,0.9017630241423126,0.9964080459770116,0.0,0.9964080459770116,0.0,0.094645021834699,0.094645021834699,0.9050137920736112,0.9050137920736112,4,4,196,196,0.6966139185910523
C5_cash_reg_cash_features_cash_full_clean_all_algos_hparams,bpic15_2,gene,candidate,,heuristics_miner_plusplus,c2fd9b7e6df88eea,38720,0.8434264748464657,0.8434264748464657,0.0,0.8434264748464657,0.0,0.0,0.0,1.0,1.0,1,1,196,196,0.8224330061346043
C5_cash_reg_cash_features_cash_full_clean_all_algos_hparams,bpic15_2,simp,candidate,,heuristics_miner_plusplus,c2fd9b7e6df88eea,38720,1.0,1.0,0.0,1.0,0.0,0.0,0.0,1.0,1.0,1,1,196,196,1.0
C5_cash_reg_cash_features_cash_full_clean_all_algos_hparams,bpic15_2,fit+pre,candidate,HM,heuristics_miner,2acb9ad2b65704cf,38720,0.8502184182082324,0.8552632687420797,0.0,0.8552632687420797,0.0,0.0050448505338472,0.0050448505338472,0.9941014062941492,0.9941014062941492,2,2,196,196,0.7014546580630558
C5_cash_reg_cash_features_cash_full_clean_all_algos_hparams,bpic15_2,fit+gen,candidate,IMf,inductive_miner_imf,9495b95840cb86ce,38720,0.846016250692231,0.888226048940476,0.0,0.888226048940476,0.0,0.042209798248245,0.042209798248245,0.9524785404587096,0.9524785404587096,3,3,196,196,0.8429270154437176
C5_cash_reg_cash_features_cash_full_clean_all_algos_hparams,bpic15_2,fit+sim,candidate,,heuristics_miner_plusplus,0088cc60808bb389,38720,0.8254047530607402,0.8502937315725136,0.0,0.8502937315725136,0.0,0.0248889785117734,0.0248889785117734,0.9707289639008108,0.9707289639008108,6,6,196,196,0.8444742002076129
C5_cash_reg_cash_features_cash_full_clean_all_algos_hparams,bpic15_2,pre+gen,candidate,,heuristics_miner_plusplus,865439c70c19e07f,38720,0.743295201627994,0.8135744140072105,0.0,0.8135744140072105,0.0,0.0702792123792165,0.0702792123792165,0.9136167372409604,0.9136167372409604,7,7,196,196,0.6483141403576593
C5_cash_reg_cash_features_cash_full_clean_all_algos_hparams,bpic15_2,pre+sim,candidate,,split_miner,669d64647406c31e,38720,0.6600842690444948,0.7980406242956953,0.0,0.7980406242956953,0.0,0.1379563552512005,0.1379563552512005,0.8271311621849415,0.8271311621849415,8,8,196,196,0.5892441531404218
C5_cash_reg_cash_features_cash_full_clean_all_algos_hparams,bpic15_2,gen+sim,candidate,,heuristics_miner_plusplus,c2fd9b7e6df88eea,38720,0.9217132374232327,0.9217132374232327,0.0,0.9217132374232327,0.0,0.0,0.0,1.0,1.0,1,1,196,196,0.9112165030673022
C5_cash_reg_cash_features_cash_full_clean_all_algos_hparams,bpic15_2,mix-fit,candidate,HM,heuristics_miner,2acb9ad2b65704cf,38720,0.7633938478100979,0.7675374461630222,0.0,0.7675374461630222,0.0,0.0041435983529243,0.0041435983529243,0.9946014381791554,0.9946014381791554,2,2,196,196,0.66969245138489
C5_cash_reg_cash_features_cash_full_clean_all_algos_hparams,bpic15_2,mix-prec,candidate,HM,heuristics_miner,2acb9ad2b65704cf,38720,0.7884841309086542,0.7904532226862232,0.0,0.7904532226862232,0.0,0.0019690917775689,0.0019690917775689,0.9975089079011186,0.9975089079011186,2,2,196,196,0.6544100906786008
C5_cash_reg_cash_features_cash_full_clean_all_algos_hparams,bpic15_2,mix-simp,candidate,,heuristics_miner_plusplus,959836be7d8b6824,38720,0.7542404865356905,0.7666984383330109,0.0,0.7666984383330109,0.0,0.0124579517973203,0.0124579517973203,0.983751171028329,0.983751171028329,4,4,196,196,0.7681426245542711
C5_cash_reg_cash_features_cash_full_clean_all_algos_hparams,bpic15_2,mix-gen,candidate,,heuristics_miner_plusplus,c2fd9b7e6df88eea,38720,0.7056511174838063,0.7177077196779903,0.0,0.7177077196779903,0.0,0.012056602194184,0.012056602194184,0.983201236570796,0.983201236570796,3,3,196,196,0.7003737666620926
C5_cash_reg_cash_features_cash_full_clean_all_algos_hparams,bpic15_3,equal,candidate,,split_miner,303186df4c434740,38720,0.7060846537179045,0.7711497484903616,0.0,0.7711497484903616,0.0,0.065065094772457,0.065065094772457,0.9156258626812348,0.9156258626812348,4,4,196,196,0.6900384970606281
C5_cash_reg_cash_features_cash_full_clean_all_algos_hparams,bpic15_3,fitn,candidate,IM,inductive_miner_im,cb157b4e76e18e0f,38720,1.0,1.0,0.0,1.0,0.0,0.0,0.0,1.0,1.0,1,1,196,196,0.9999961819443438
C5_cash_reg_cash_features_cash_full_clean_all_algos_hparams,bpic15_3,prec,candidate,,heuristics_miner_plusplus,d7c29704d712763f,38720,0.7611961654027758,0.9713690786048932,0.0,0.9713690786048932,0.0,0.2101729132021174,0.2101729132021174,0.7836322796027505,0.7836322796027505,5,5,196,196,0.791260810088064
C5_cash_reg_cash_features_cash_full_clean_all_algos_hparams,bpic15_3,gene,candidate,,heuristics_miner_plusplus,897d2fdf13e27e30,38720,0.7690804510999736,0.7690804510999736,0.0,0.7690804510999736,0.0,0.0,0.0,1.0,1.0,1,1,196,196,0.7964119792336436
C5_cash_reg_cash_features_cash_full_clean_all_algos_hparams,bpic15_3,simp,candidate,,heuristics_miner_plusplus,f962936e6a9ed9da,38720,1.0,1.0,0.0,1.0,0.0,0.0,0.0,1.0,1.0,1,1,196,196,0.9901743120998204
C5_cash_reg_cash_features_cash_full_clean_all_algos_hparams,bpic15_3,fit+pre,candidate,HM,heuristics_miner,8c3db9789edea2a4,38720,0.8726480175471594,0.8737992058502052,0.0,0.8737992058502052,0.0,0.0011511883030458,0.0011511883030458,0.9986825482383842,0.9986825482383842,2,2,196,196,0.7699628556946212
C5_cash_reg_cash_features_cash_full_clean_all_algos_hparams,bpic15_3,fit+gen,candidate,IMf,inductive_miner_imf,ae5fd4078833ca83,38720,0.8764050391703524,0.8764050391703524,0.0,0.8764050391703524,0.0,0.0,0.0,1.0,1.0,1,1,196,196,0.8581945460284395
C5_cash_reg_cash_features_cash_full_clean_all_algos_hparams,bpic15_3,fit+sim,candidate,,heuristics_miner_plusplus,e30bd75d50cd2bc0,38720,0.8866318702272058,0.8866318702272058,0.0,0.8866318702272058,0.0,0.0,0.0,1.0,1.0,1,1,196,196,0.8531907129472882
C5_cash_reg_cash_features_cash_full_clean_all_algos_hparams,bpic15_3,pre+gen,candidate,,split_miner,303186df4c434740,38720,0.6963064406559984,0.8335999035488251,0.0,0.8335999035488251,0.0,0.1372934628928266,0.1372934628928266,0.8353005292966842,0.8353005292966842,9,9,196,196,0.7101082416079454
C5_cash_reg_cash_features_cash_full_clean_all_algos_hparams,bpic15_3,pre+sim,candidate,,split_miner,303186df4c434740,38720,0.6302875968958161,0.806269466186586,0.0,0.806269466186586,0.0,0.1759818692907698,0.1759818692907698,0.7817331839154078,0.7817331839154078,6,6,196,196,0.650883630879615
C5_cash_reg_cash_features_cash_full_clean_all_algos_hparams,bpic15_3,gen+sim,candidate,,heuristics_miner_plusplus,897d2fdf13e27e30,38720,0.8774480269684266,0.8774480269684266,0.0,0.8774480269684266,0.0,0.0,0.0,1.0,1.0,1,1,196,196,0.8794183174836139
C5_cash_reg_cash_features_cash_full_clean_all_algos_hparams,bpic15_3,mix-fit,candidate,HM,heuristics_miner,8c3db9789edea2a4,38720,0.7763484666061624,0.7997195004226063,0.0,0.7997195004226063,0.0,0.0233710338164438,0.0233710338164438,0.9707759610662318,0.9707759610662318,2,2,196,196,0.7090428280775019
C5_cash_reg_cash_features_cash_full_clean_all_algos_hparams,bpic15_3,mix-prec,candidate,HM,heuristics_miner,8c3db9789edea2a4,38720,0.7860309211863786,0.8166597019857158,0.0,0.8166597019857158,0.0,0.0306287807993371,0.0306287807993371,0.9624950506008036,0.9624950506008036,2,2,196,196,0.7093212004367522
C5_cash_reg_cash_features_cash_full_clean_all_algos_hparams,bpic15_3,mix-simp,candidate,,heuristics_miner_plusplus,ed9b720d3d6120a4,38720,0.7581844535217673,0.7807894458056361,0.0,0.7807894458056361,0.0,0.0226049922838688,0.0226049922838688,0.971048542721342,0.971048542721342,5,5,196,196,0.7692304203560238
C5_cash_reg_cash_features_cash_full_clean_all_algos_hparams,bpic15_3,mix-gen,candidate,,heuristics_miner_plusplus,ed9b720d3d6120a4,38720,0.6692190850398014,0.742579996558117,0.0,0.742579996558117,0.0,0.0733609115183155,0.0733609115183155,0.9012080693550246,0.9012080693550246,13,13,196,196,0.6923442747664821
C5_cash_reg_cash_features_cash_full_clean_all_algos_hparams,bpic15_4,equal,candidate,HM,heuristics_miner,ef503d43d3be128e,38720,0.6548878951931785,0.7570912404815519,0.0,0.7570912404815519,0.0,0.1022033452883733,0.1022033452883733,0.865005246628707,0.865005246628707,16,16,196,196,0.6868236054649988
C5_cash_reg_cash_features_cash_full_clean_all_algos_hparams,bpic15_4,fitn,candidate,IMd,inductive_miner_imd,f68041a3f2d86846,38720,1.0,1.0,0.0,1.0,0.0,0.0,0.0,1.0,1.0,1,1,196,196,1.0
C5_cash_reg_cash_features_cash_full_clean_all_algos_hparams,bpic15_4,prec,candidate,HM,heuristics_miner,ef503d43d3be128e,38720,0.5860379177377892,0.9771181199752628,0.0,0.9771181199752628,0.0,0.3910802022374735,0.3910802022374735,0.59976159049494,0.59976159049494,18,18,196,196,0.7345446800303904
C5_cash_reg_cash_features_cash_full_clean_all_algos_hparams,bpic15_4,gene,candidate,,heuristics_miner_plusplus,cc6691e60725236c,38720,0.7963661343876818,0.8125621208083507,0.0,0.8125621208083507,0.0,0.0161959864206688,0.0161959864206688,0.980068002179874,0.980068002179874,7,7,196,196,0.8036903958996368
C5_cash_reg_cash_features_cash_full_clean_all_algos_hparams,bpic15_4,simp,candidate,,heuristics_miner_plusplus,c6f187cb03e5ba01,38720,1.0,1.0,0.0,1.0,0.0,0.0,0.0,1.0,1.0,1,1,196,196,1.0
C5_cash_reg_cash_features_cash_full_clean_all_algos_hparams,bpic15_4,fit+pre,candidate,HM,heuristics_miner,ef503d43d3be128e,38720,0.7105677786969731,0.8685599938464359,0.0,0.8685599938464359,0.0,0.1579922151494628,0.1579922151494628,0.818098673357276,0.818098673357276,11,11,196,196,0.7765512316633918
C5_cash_reg_cash_features_cash_full_clean_all_algos_hparams,bpic15_4,fit+gen,candidate,IMf,inductive_miner_imf,9a9adbfbf1882331,38720,0.8717994934557993,0.8717994934557993,0.0,0.8717994934557993,0.0,0.0,0.0,1.0,1.0,1,1,196,196,0.8554441124439498
C5_cash_reg_cash_features_cash_full_clean_all_algos_hparams,bpic15_4,fit+sim,candidate,,heuristics_miner_plusplus,b7cd85dacc03699b,38720,0.8675538703293734,0.8675538703293734,0.0,0.8675538703293734,0.0,0.0,0.0,1.0,1.0,1,1,196,196,0.846574454019074
C5_cash_reg_cash_features_cash_full_clean_all_algos_hparams,bpic15_4,pre+gen,candidate,HM,heuristics_miner,ef503d43d3be128e,38720,0.6374192782505862,0.8247132962569865,0.0,0.8247132962569865,0.0,0.1872940180064003,0.1872940180064003,0.772898025463581,0.772898025463581,19,19,196,196,0.70953369096597
C5_cash_reg_cash_features_cash_full_clean_all_algos_hparams,bpic15_4,pre+sim,candidate,,split_miner,5b48c7d654ed8287,38720,0.6721400742659136,0.7904575186873295,0.0,0.7904575186873295,0.0,0.1183174444214159,0.1183174444214159,0.850317769615375,0.850317769615375,8,8,196,196,0.6565426543726719
C5_cash_reg_cash_features_cash_full_clean_all_algos_hparams,bpic15_4,gen+sim,candidate,,heuristics_miner_plusplus,cc6691e60725236c,38720,0.8981830671938409,0.8981830671938409,0.0,0.8981830671938409,0.0,0.0,0.0,1.0,1.0,1,1,196,196,0.8942874669609935
C5_cash_reg_cash_features_cash_full_clean_all_algos_hparams,bpic15_4,mix-fit,candidate,HM,heuristics_miner,ef503d43d3be128e,38720,0.6806535719832147,0.7881543306724185,0.0,0.7881543306724185,0.0,0.1075007586892037,0.1075007586892037,0.8636044306227578,0.8636044306227578,13,13,196,196,0.7181726388441617
C5_cash_reg_cash_features_cash_full_clean_all_algos_hparams,bpic15_4,mix-prec,candidate,HM,heuristics_miner,ef503d43d3be128e,38720,0.6590364251169005,0.8064338134647027,0.0,0.8064338134647027,0.0,0.1473973883478021,0.1473973883478021,0.8172232043265462,0.8172232043265462,16,16,196,196,0.7138531649050659
C5_cash_reg_cash_features_cash_full_clean_all_algos_hparams,bpic15_4,mix-simp,candidate,,heuristics_miner_plusplus,2e08559807ced3d4,38720,0.777224606032683,0.7784157949851235,0.0,0.7784157949851235,0.0,0.0011911889524405,0.0011911889524405,0.998469726642092,0.998469726642092,2,2,196,196,0.7613087196651269
C5_cash_reg_cash_features_cash_full_clean_all_algos_hparams,bpic15_4,mix-gen,candidate,,heuristics_miner_plusplus,cc6691e60725236c,38720,0.7003930752142753,0.7260281502906851,0.0,0.7260281502906851,0.0,0.0256350750764098,0.0256350750764098,0.9646913483090896,0.9646913483090896,5,5,196,196,0.6860340642580913
C5_cash_reg_cash_features_cash_full_clean_all_algos_hparams,bpic15_5,equal,candidate,HM,heuristics_miner,5cf8270e1adc63ea,38720,0.6921655784811895,0.7432661612580866,0.0,0.7432661612580866,0.0,0.0511005827768971,0.0511005827768971,0.931248608586725,0.931248608586725,6,6,196,196,0.6956481109611508
C5_cash_reg_cash_features_cash_full_clean_all_algos_hparams,bpic15_5,fitn,candidate,IM,inductive_miner_im,4733bc57777f5304,38720,1.0,1.0,0.0,1.0,0.0,0.0,0.0,1.0,1.0,1,1,196,196,0.9999997994679112
C5_cash_reg_cash_features_cash_full_clean_all_algos_hparams,bpic15_5,prec,candidate,,heuristics_miner_plusplus,dedba80b394da480,38720,0.7815604659129839,0.9914236706689536,0.0,0.9914236706689536,0.0,0.2098632047559697,0.2098632047559697,0.7883213695973523,0.7883213695973523,7,7,196,196,0.7665623582019936
C5_cash_reg_cash_features_cash_full_clean_all_algos_hparams,bpic15_5,gene,candidate,,heuristics_miner_plusplus,4f603246d8186013,38720,0.8420322364834529,0.8420322364834529,0.0,0.8420322364834529,0.0,0.0,0.0,1.0,1.0,1,1,196,196,0.8250540747177414
C5_cash_reg_cash_features_cash_full_clean_all_algos_hparams,bpic15_5,simp,candidate,,heuristics_miner_plusplus,221a4f7fea93fc49,38720,1.0,1.0,0.0,1.0,0.0,0.0,0.0,1.0,1.0,1,1,196,196,1.0
C5_cash_reg_cash_features_cash_full_clean_all_algos_hparams,bpic15_5,fit+pre,candidate,HM,heuristics_miner,5cf8270e1adc63ea,38720,0.8057687960921467,0.8302814710249038,0.0,0.8302814710249038,0.0,0.0245126749327571,0.0245126749327571,0.9704766687103128,0.9704766687103128,6,6,196,196,0.7738252388786154
C5_cash_reg_cash_features_cash_full_clean_all_algos_hparams,bpic15_5,fit+gen,candidate,IMf,inductive_miner_imf,ba24ee5ec94fe512,38720,0.8240169893948553,0.8491470544465778,0.0,0.8491470544465778,0.0,0.0251300650517224,0.0251300650517224,0.9704055205513248,0.9704055205513248,2,2,196,196,0.8738511863697351
C5_cash_reg_cash_features_cash_full_clean_all_algos_hparams,bpic15_5,fit+sim,candidate,,heuristics_miner_plusplus,d7f9eb2c8083e016,38720,0.8417114109293543,0.8492461162887588,0.0,0.8492461162887588,0.0,0.0075347053594044,0.0075347053594044,0.9911277717791264,0.9911277717791264,2,2,196,196,0.8442572781301204
C5_cash_reg_cash_features_cash_full_clean_all_algos_hparams,bpic15_5,pre+gen,candidate,HM,heuristics_miner,5cf8270e1adc63ea,38720,0.7418555307648408,0.8116192280976056,0.0,0.8116192280976056,0.0,0.0697636973327647,0.0697636973327647,0.9140438090700644,0.9140438090700644,6,6,196,196,0.7255266855625917
C5_cash_reg_cash_features_cash_full_clean_all_algos_hparams,bpic15_5,pre+sim,candidate,HM,heuristics_miner,5cf8270e1adc63ea,38720,0.6373798308971572,0.7827816467542539,0.0,0.7827816467542539,0.0,0.1454018158570966,0.1454018158570966,0.8142498403482062,0.8142498403482062,8,8,196,196,0.6328764913207204
C5_cash_reg_cash_features_cash_full_clean_all_algos_hparams,bpic15_5,gen+sim,candidate,,heuristics_miner_plusplus,4f603246d8186013,38720,0.9210161182417264,0.9210161182417264,0.0,0.9210161182417264,0.0,0.0,0.0,1.0,1.0,1,1,196,196,0.9089717293327384
C5_cash_reg_cash_features_cash_full_clean_all_algos_hparams,bpic15_5,mix-fit,candidate,HM,heuristics_miner,5cf8270e1adc63ea,38720,0.7276688750688423,0.7619159908588385,0.0,0.7619159908588385,0.0,0.0342471157899962,0.0342471157899962,0.9550513229793318,0.9550513229793318,5,5,196,196,0.7209432472078484
C5_cash_reg_cash_features_cash_full_clean_all_algos_hparams,bpic15_5,mix-prec,candidate,HM,heuristics_miner,5cf8270e1adc63ea,38720,0.7347622029168415,0.7845385057794599,0.0,0.7845385057794599,0.0,0.0497763028626184,0.0497763028626184,0.9365533973209328,0.9365533973209328,6,6,196,196,0.7232349663852201
C5_cash_reg_cash_features_cash_full_clean_all_algos_hparams,bpic15_5,mix-simp,candidate,,heuristics_miner_plusplus,c5adad8e441f40d8,38720,0.7677189214161869,0.7677189214161869,0.0,0.7677189214161869,0.0,0.0,0.0,1.0,1.0,1,1,196,196,0.7634007126555498
C5_cash_reg_cash_features_cash_full_clean_all_algos_hparams,bpic15_5,mix-gen,candidate,,heuristics_miner_plusplus,4f603246d8186013,38720,0.7059096551988334,0.7246163316573346,0.0,0.7246163316573346,0.0,0.0187066764585012,0.0187066764585012,0.9741840258889618,0.9741840258889618,4,4,196,196,0.6961132120396336
C5_cash_reg_cash_features_cash_full_clean_all_algos_hparams,hospital_billing,equal,candidate,HM,heuristics_miner,ac83307e4d4f5113,38720,0.8559084603861271,0.8734035144022313,0.0,0.8734035144022313,0.0,0.0174950540161041,0.0174950540161041,0.979969105084174,0.979969105084174,17,17,196,196,0.8523847406354355
C5_cash_reg_cash_features_cash_full_clean_all_algos_hparams,hospital_billing,fitn,candidate,IM,inductive_miner_im,2c560d263f20c6ba,38720,1.0,1.0,0.0,1.0,0.0,0.0,0.0,1.0,1.0,1,1,196,196,0.9982559778617764
C5_cash_reg_cash_features_cash_full_clean_all_algos_hparams,hospital_billing,prec,candidate,HM,heuristics_miner,7a05357aae8967ff,38720,0.994215882779832,1.0,0.0,1.0,0.0,0.005784117220168,0.005784117220168,0.994215882779832,0.994215882779832,43,43,196,196,0.9446514427411898
C5_cash_reg_cash_features_cash_full_clean_all_algos_hparams,hospital_billing,gene,candidate,,ilp_miner,e2125f543a253d76,38720,0.9170001683097062,0.974570314262808,0.0,0.974570314262808,0.0,0.0575701459531018,0.0575701459531018,0.940927663083346,0.940927663083346,29,29,196,196,0.9458347176470584
C5_cash_reg_cash_features_cash_full_clean_all_algos_hparams,hospital_billing,simp,candidate,,alpha_miner_plus,7569b62a51053867,38720,1.0,1.0,0.0,1.0,0.0,0.0,0.0,1.0,1.0,1,1,196,196,0.8614006476703114
C5_cash_reg_cash_features_cash_full_clean_all_algos_hparams,hospital_billing,fit+pre,candidate,HM,heuristics_miner,ac83307e4d4f5113,38720,0.95972912473552,0.989140582975968,0.0,0.989140582975968,0.0,0.0294114582404481,0.0294114582404481,0.970265643987673,0.970265643987673,54,54,196,196,0.9518587301695676
C5_cash_reg_cash_features_cash_full_clean_all_algos_hparams,hospital_billing,fit+gen,candidate,IM,inductive_miner_im,2c560d263f20c6ba,38720,0.9703358245231446,0.9872657861978588,0.0,0.9872657861978588,0.0,0.0169299616747142,0.0169299616747142,0.9828516677966582,0.9828516677966582,6,6,196,196,0.9645174988049368
C5_cash_reg_cash_features_cash_full_clean_all_algos_hparams,hospital_billing,fit+sim,candidate,IMf,inductive_miner_imf,cbe2657e29745971,38720,0.8176755977835459,0.8398776546991239,0.0,0.8398776546991239,0.0,0.0222020569155779,0.0222020569155779,0.9735651296455416,0.9735651296455416,9,9,196,196,0.803252156961532
C5_cash_reg_cash_features_cash_full_clean_all_algos_hparams,hospital_billing,pre+gen,candidate,,split_miner,f2c69bcc39e1615b,38720,0.8856724803929459,0.9583893297505974,0.0,0.9583893297505974,0.0,0.0727168493576515,0.0727168493576515,0.9241259818944616,0.9241259818944616,58,58,196,196,0.9214791950844972
C5_cash_reg_cash_features_cash_full_clean_all_algos_hparams,hospital_billing,pre+sim,candidate,,split_miner,049d5cc2b287ea0b,38720,0.7883112050352385,0.8030539885899708,0.0,0.8030539885899708,0.0,0.0147427835547322,0.0147427835547322,0.9816416034734874,0.9816416034734874,11,11,196,196,0.8212621679908292
C5_cash_reg_cash_features_cash_full_clean_all_algos_hparams,hospital_billing,gen+sim,candidate,,alpha_miner_plus,7569b62a51053867,38720,0.9594156800838196,0.9594156800838196,0.0,0.9594156800838196,0.0,0.0,0.0,1.0,1.0,1,1,196,196,0.8709809689595167
C5_cash_reg_cash_features_cash_full_clean_all_algos_hparams,hospital_billing,mix-fit,candidate,HM,heuristics_miner,ac83307e4d4f5113,38720,0.8772786962625646,0.8999403930024692,0.0,0.8999403930024692,0.0,0.0226616967399045,0.0226616967399045,0.9748186691961916,0.9748186691961916,31,31,196,196,0.8788738236532976
C5_cash_reg_cash_features_cash_full_clean_all_algos_hparams,hospital_billing,mix-prec,candidate,HM,heuristics_miner,ac83307e4d4f5113,38720,0.9169886529826452,0.9266041872906544,0.0,0.9266041872906544,0.0,0.0096155343080093,0.0096155343080093,0.9896228244595736,0.9896228244595736,14,14,196,196,0.8988805641338432
C5_cash_reg_cash_features_cash_full_clean_all_algos_hparams,hospital_billing,mix-simp,candidate,HM,heuristics_miner,ac83307e4d4f5113,38720,0.7948282677896091,0.8448731726232275,0.0,0.8448731726232275,0.0,0.0500449048336183,0.0500449048336183,0.9407663700834114,0.9407663700834114,25,25,196,196,0.8058889171370277
C5_cash_reg_cash_features_cash_full_clean_all_algos_hparams,hospital_billing,mix-gen,candidate,,split_miner,049d5cc2b287ea0b,38720,0.8574303226558113,0.8574303226558113,0.0,0.8574303226558113,0.0,0.0,0.0,1.0,1.0,1,1,196,196,0.8398228454122114
C5_cash_reg_cash_features_cash_full_clean_all_algos_hparams,road_traffic_fines,equal,candidate,,split_miner,6113e541b67a2122,38720,0.8437123399391977,0.9091484776358276,0.0,0.9091484776358276,0.0,0.0654361376966299,0.0654361376966299,0.92802480639159,0.92802480639159,77,77,196,196,0.8772141579189647
C5_cash_reg_cash_features_cash_full_clean_all_algos_hparams,road_traffic_fines,fitn,candidate,IMf,inductive_miner_imf,8a4d6618dcf349b1,38720,0.9883378207431168,1.0,0.0,1.0,0.0,0.0116621792568831,0.0116621792568831,0.9883378207431168,0.9883378207431168,12,12,196,196,0.9996823255182226
C5_cash_reg_cash_features_cash_full_clean_all_algos_hparams,road_traffic_fines,prec,candidate,,split_miner,2aeece8dc3a35a83,38720,0.9216861581503654,1.0,0.0,1.0,0.0,0.0783138418496346,0.0783138418496346,0.9216861581503654,0.9216861581503654,121,121,196,196,0.9787658785723355
C5_cash_reg_cash_features_cash_full_clean_all_algos_hparams,road_traffic_fines,gene,candidate,IMf,inductive_miner_imf,11a2a0f5b1456f60,38720,0.9915542309623429,0.9916370973254746,0.0,0.9916370973254746,0.0,8.286636313170614e-05,8.286636313170614e-05,0.9999164347891428,0.9999164347891428,2,2,196,196,0.9377111003885296
C5_cash_reg_cash_features_cash_full_clean_all_algos_hparams,road_traffic_fines,simp,candidate,,split_miner,2aeece8dc3a35a83,38720,0.8,0.8,0.0,0.8,0.0,0.0,0.0,1.0,1.0,1,1,196,196,0.6996607134614246
C5_cash_reg_cash_features_cash_full_clean_all_algos_hparams,road_traffic_fines,fit+pre,candidate,IMf,inductive_miner_imf,f3ca19198431b84a,38720,0.8549923755631552,0.9901742494392978,0.0,0.9901742494392978,0.0,0.1351818738761425,0.1351818738761425,0.8634766820560205,0.8634766820560205,146,146,196,196,0.97076139402059
C5_cash_reg_cash_features_cash_full_clean_all_algos_hparams,road_traffic_fines,fit+gen,candidate,IMf,inductive_miner_imf,11a2a0f5b1456f60,38720,0.9953412031561972,0.9953412031561972,0.0,0.9953412031561972,0.0,0.0,0.0,1.0,1.0,1,1,196,196,0.9637617632116549
C5_cash_reg_cash_features_cash_full_clean_all_algos_hparams,road_traffic_fines,fit+sim,candidate,IMf,inductive_miner_imf,f3ca19198431b84a,38720,0.7812243881915513,0.869886942078606,0.0,0.869886942078606,0.0,0.0886625538870546,0.0886625538870546,0.8980757733008449,0.8980757733008449,73,73,196,196,0.8294968953502313
C5_cash_reg_cash_features_cash_full_clean_all_algos_hparams,road_traffic_fines,pre+gen,candidate,,split_miner,2aeece8dc3a35a83,38720,0.9484100131930492,0.9899221054016768,0.0,0.9899221054016768,0.0,0.0415120922086276,0.0415120922086276,0.9580652942467798,0.9580652942467798,59,59,196,196,0.944879790940699
C5_cash_reg_cash_features_cash_full_clean_all_algos_hparams,road_traffic_fines,pre+sim,candidate,,split_miner,2aeece8dc3a35a83,38720,0.8608430790751826,0.8710629687671056,0.0,0.8710629687671056,0.0,0.010219889691923,0.010219889691923,0.988267335361084,0.988267335361084,5,5,196,196,0.8392132960168801
C5_cash_reg_cash_features_cash_full_clean_all_algos_hparams,road_traffic_fines,gen+sim,candidate,,split_miner,2aeece8dc3a35a83,38720,0.8875669341178665,0.8875669341178665,0.0,0.8875669341178665,0.0,0.0,0.0,1.0,1.0,1,1,196,196,0.8053272083852434
C5_cash_reg_cash_features_cash_full_clean_all_algos_hparams,road_traffic_fines,mix-fit,candidate,IMf,inductive_miner_imf,f3ca19198431b84a,38720,0.8343983956906731,0.917489504487446,0.0,0.917489504487446,0.0,0.0830911087967729,0.0830911087967729,0.909436447621064,0.909436447621064,129,129,196,196,0.904403091774816
C5_cash_reg_cash_features_cash_full_clean_all_algos_hparams,road_traffic_fines,mix-prec,candidate,,split_miner,d3dce081226a82e9,38720,0.9371214141247092,0.9485628625742424,0.0,0.9485628625742424,0.0,0.0114414484495332,0.0114414484495332,0.9879381231324164,0.9879381231324164,23,23,196,196,0.9198433441899636
C5_cash_reg_cash_features_cash_full_clean_all_algos_hparams,road_traffic_fines,mix-simp,candidate,IMf,inductive_miner_imf,f3ca19198431b84a,38720,0.8138044158181907,0.8891275547093468,0.0,0.8891275547093468,0.0,0.075323138891156,0.075323138891156,0.9152842148551128,0.9152842148551128,67,67,196,196,0.8380447895290422
C5_cash_reg_cash_features_cash_full_clean_all_algos_hparams,road_traffic_fines,mix-gen,candidate,,split_miner,2aeece8dc3a35a83,38720,0.9083681673400874,0.9083681673400874,0.0,0.9083681673400874,0.0,0.0,0.0,1.0,1.0,1,1,196,196,0.8617233008052888
C5_cash_reg_cash_features_cash_full_clean_all_algos_hparams,sepsis,equal,candidate,,split_miner,1e39304010934723,38916,0.727641179927485,0.835724100545018,0.0,0.835724100545018,0.0,0.108082920617533,0.108082920617533,0.8706715283823374,0.8706715283823374,105,105,196,196,0.8174267740608648
C5_cash_reg_cash_features_cash_full_clean_all_algos_hparams,sepsis,fitn,candidate,IM,inductive_miner_im,be54d62d3cd08d92,38916,1.0,1.0,0.0,1.0,0.0,0.0,0.0,1.0,1.0,1,1,196,196,0.9994323526043274
C5_cash_reg_cash_features_cash_full_clean_all_algos_hparams,sepsis,prec,candidate,,heuristics_miner_plusplus,04a073ebe7505fd4,38916,0.9951224270802848,1.0,0.0,1.0,0.0,0.0048775729197152,0.0048775729197152,0.9951224270802848,0.9951224270802848,12,12,196,196,0.8869765048155697
C5_cash_reg_cash_features_cash_full_clean_all_algos_hparams,sepsis,gene,candidate,IMf,inductive_miner_imf,d2347a45df322d9c,38916,0.9266596408851776,0.9290801678868448,0.0,0.9290801678868448,0.0,0.0024205270016671,0.0024205270016671,0.9973947059841212,0.9973947059841212,2,2,196,196,0.9507321026122352
C5_cash_reg_cash_features_cash_full_clean_all_algos_hparams,sepsis,simp,candidate,,split_miner,b7d54f8e4cdf082a,38916,0.7288135593220337,0.7567567567567567,0.0,0.7567567567567567,0.0,0.0279431974347229,0.0279431974347229,0.9630750605326877,0.9630750605326877,3,3,196,196,0.7166681669337984
C5_cash_reg_cash_features_cash_full_clean_all_algos_hparams,sepsis,fit+pre,candidate,HM,heuristics_miner,ce0ee80f1a60502d,38916,0.9313396368894452,0.9487189551442284,0.0,0.9487189551442284,0.0,0.0173793182547832,0.0173793182547832,0.9816812785698572,0.9816812785698572,29,29,196,196,0.8674352364541955
C5_cash_reg_cash_features_cash_full_clean_all_algos_hparams,sepsis,fit+gen,candidate,IMf,inductive_miner_imf,d2347a45df322d9c,38916,0.9633298204425887,0.9633298204425887,0.0,0.9633298204425887,0.0,0.0,0.0,1.0,1.0,1,1,196,196,0.9748186354169392
C5_cash_reg_cash_features_cash_full_clean_all_algos_hparams,sepsis,fit+sim,candidate,IMf,inductive_miner_imf,aca8a143c5e4f9c1,38916,0.7900670904768077,0.8140244733789898,0.0,0.8140244733789898,0.0,0.023957382902182,0.023957382902182,0.9705692105266372,0.9705692105266372,19,19,196,196,0.8043759324707571
C5_cash_reg_cash_features_cash_full_clean_all_algos_hparams,sepsis,pre+gen,candidate,,split_miner,4e4eec1b8e924405,38916,0.9195596502658472,0.9381130457761724,0.0,0.9381130457761724,0.0,0.0185533955103253,0.0185533955103253,0.9802226441750688,0.9802226441750688,25,25,196,196,0.8840219361113391
C5_cash_reg_cash_features_cash_full_clean_all_algos_hparams,sepsis,pre+sim,candidate,,split_miner,b7d54f8e4cdf082a,38916,0.6110510749630302,0.8491941359263719,0.0,0.8491941359263719,0.0,0.2381430609633417,0.2381430609633417,0.7195658202425581,0.7195658202425581,119,119,196,196,0.7777212741651074
C5_cash_reg_cash_features_cash_full_clean_all_algos_hparams,sepsis,gen+sim,candidate,AM,alpha_miner_classic,3cde4651154418a0,38916,0.6957198961675222,0.8216829410862796,0.0,0.8216829410862796,0.0,0.1259630449187574,0.1259630449187574,0.8467011561025813,0.8467011561025813,76,76,196,196,0.8230075782191064
C5_cash_reg_cash_features_cash_full_clean_all_algos_hparams,sepsis,mix-fit,candidate,,split_miner,1e39304010934723,38916,0.7315930631035252,0.8604442533384715,0.0,0.8604442533384715,0.0,0.1288511902349463,0.1288511902349463,0.8502503913123813,0.8502503913123813,110,110,196,196,0.8218415618877032
C5_cash_reg_cash_features_cash_full_clean_all_algos_hparams,sepsis,mix-prec,candidate,,split_miner,1bc50cb8e444e582,38916,0.7308444302073831,0.899278649557322,0.0,0.899278649557322,0.0,0.1684342193499388,0.1684342193499388,0.8127007469455078,0.8127007469455078,117,117,196,196,0.8304755657318386
C5_cash_reg_cash_features_cash_full_clean_all_algos_hparams,sepsis,mix-simp,candidate,,split_miner,1e39304010934723,38916,0.7445541805229394,0.7905131280697297,0.0,0.7905131280697297,0.0,0.0459589475467903,0.0459589475467903,0.9418618794364458,0.9418618794364458,47,47,196,196,0.8052245985088045
C5_cash_reg_cash_features_cash_full_clean_all_algos_hparams,sepsis,mix-gen,candidate,,split_miner,b7d54f8e4cdf082a,38916,0.7424585575515414,0.8286673700233692,0.0,0.8286673700233692,0.0,0.0862088124718277,0.0862088124718277,0.8959669276353954,0.8959669276353954,70,70,196,196,0.8132566264020671
