setup_id,cash_log_id,weights,prediction_type,predicted_variant,recommended_algorithm,chosen_config_hash,n_train_instances,real_score,full_best_score,full_worst_score,action_best_score,action_worst_score,regret_full,regret_action,accuracy_full,accuracy_action,rank_full,rank_action,n_full_configs,n_action_configs,predicted_composite
B0_apdtm_cls_apdtm_features_original,bpi2013_closed_problems,equal,variant,IM,inductive_miner_im,8f8f99e301cae23f,800,0.8326648346142267,0.9163782860150957,0.0,0.8856717323021799,0.7989866614480718,0.08371345140086905,0.05300689768795319,0.90864749560479,0.3885118029474256,104,3,196,5,
B0_apdtm_cls_apdtm_features_original,bpi2013_closed_problems,fitn,variant,IM,inductive_miner_im,8f8f99e301cae23f,800,1.0,1.0,0.0,1.0,0.6403632397723371,0.0,0.0,1.0,1.0,1,1,196,5,
B0_apdtm_cls_apdtm_features_original,bpi2013_closed_problems,prec,variant,IM,inductive_miner_im,8f8f99e301cae23f,800,0.793213587855103,1.0,0.0,1.0,0.7923798798798799,0.206786412144897,0.206786412144897,0.793213587855103,0.004015545192540772,185,3,196,5,
B0_apdtm_cls_apdtm_features_original,bpi2013_closed_problems,gene,variant,IM,inductive_miner_im,8f8f99e301cae23f,800,0.8770683921112377,0.9751741745874558,0.0,0.9417621438127408,0.7139696253234955,0.09810578247621815,0.06469375170150315,0.8993966564816778,0.7159970304092427,50,3,196,5,
B0_apdtm_cls_apdtm_features_original,bpi2013_closed_problems,simp,variant,IM,inductive_miner_im,8f8f99e301cae23f,800,0.6603773584905661,1.0,0.0,1.0,0.6190476190476191,0.3396226415094339,0.3396226415094339,0.6603773584905661,0.10849056603773599,171,3,196,5,
B0_apdtm_cls_apdtm_features_original,bpi2013_closed_problems,fit+pre,variant,IM,inductive_miner_im,8f8f99e301cae23f,800,0.8966067939275515,0.9833244744389686,0.0,0.9314647007105864,0.8201816198861686,0.08671768051141715,0.03485790678303491,0.9118117338014051,0.6867636434505833,85,2,196,5,
B0_apdtm_cls_apdtm_features_original,bpi2013_closed_problems,fit+gen,variant,IM,inductive_miner_im,8f8f99e301cae23f,800,0.9385341960556188,0.9768396200213343,0.0,0.9708810719063704,0.7713434646043598,0.03830542396571546,0.03234687585075158,0.9607863735452511,0.8378908302644279,24,2,196,5,
B0_apdtm_cls_apdtm_features_original,bpi2013_closed_problems,fit+sim,variant,IM,inductive_miner_im,8f8f99e301cae23f,800,0.8301886792452831,0.8813768133238105,0.0,0.8421052631578947,0.8067735718489487,0.0511881340785274,0.011916583912611634,0.9419225315384814,0.6627225170623418,53,2,196,5,
B0_apdtm_cls_apdtm_features_original,bpi2013_closed_problems,pre+gen,variant,IM,inductive_miner_im,8f8f99e301cae23f,800,0.8351409899831703,0.9873630729568104,0.0,0.9511618447181912,0.791199751047195,0.15222208297364004,0.11602085473502088,0.8458296779139333,0.27469782326275355,158,3,196,5,
B0_apdtm_cls_apdtm_features_original,bpi2013_closed_problems,pre+sim,variant,IM,inductive_miner_im,8f8f99e301cae23f,800,0.7267954731728345,1.0,0.0,1.0,0.7267954731728345,0.27320452682716545,0.27320452682716545,0.7267954731728345,0.0,181,4,196,5,
B0_apdtm_cls_apdtm_features_original,bpi2013_closed_problems,gen+sim,variant,IM,inductive_miner_im,8f8f99e301cae23f,800,0.7687228753009019,0.9875870872937279,0.0,0.9511618447181912,0.6665086221855573,0.21886421199282602,0.18243896941728932,0.7783848991053773,0.3590834215959958,148,3,196,5,
B0_apdtm_cls_apdtm_features_original,bpi2013_closed_problems,mix-fit,variant,IM,inductive_miner_im,8f8f99e301cae23f,800,0.8577463872657678,0.9341168759050021,0.0,0.8687322836083959,0.8463776648525732,0.07637048863923435,0.010985896342628143,0.91824311217454,0.5085625721187211,84,2,196,5,
B0_apdtm_cls_apdtm_features_original,bpi2013_closed_problems,mix-prec,variant,IM,inductive_miner_im,8f8f99e301cae23f,800,0.846443688624469,0.9478472946591554,0.0,0.898769754785382,0.8223675051402238,0.10140360603468646,0.052326066160913065,0.8930169378484631,0.31512401265753687,108,3,196,5,
B0_apdtm_cls_apdtm_features_original,bpi2013_closed_problems,mix-simp,variant,IM,inductive_miner_im,8f8f99e301cae23f,800,0.8188859806039843,0.8876203584183078,0.0,0.8725737098189776,0.7756058177559197,0.06873437781432346,0.05368772921499332,0.9225633153155652,0.44633498704828634,71,3,196,5,
B0_apdtm_cls_apdtm_features_original,bpi2013_closed_problems,mix-gen,variant,IM,inductive_miner_im,8f8f99e301cae23f,800,0.8075832819626856,0.9265291608189077,0.0,0.9249657997517868,0.7444380636628907,0.1189458788562221,0.11738251778910125,0.8716220882340148,0.34978125615390593,147,3,196,5,
B0_apdtm_cls_apdtm_features_original,bpi2013_incidents,equal,variant,AM,alpha_miner_classic,ed85abd9c8a01ce2,800,0.6771578170832514,0.9227713113840779,0.0,0.8512319772476271,0.6771578170832514,0.24561349430082646,0.1740741601643757,0.7338305913169024,0.0,178,5,196,5,
B0_apdtm_cls_apdtm_features_original,bpi2013_incidents,fitn,variant,AM,alpha_miner_classic,ed85abd9c8a01ce2,800,0.2261167659340351,1.0,0.0,1.0,0.2261167659340351,0.7738832340659649,0.7738832340659649,0.2261167659340351,0.0,179,5,196,5,
B0_apdtm_cls_apdtm_features_original,bpi2013_incidents,prec,variant,AM,alpha_miner_classic,ed85abd9c8a01ce2,800,0.6000158860441103,1.0,0.0,0.8850810072924525,0.6000158860441103,0.39998411395588973,0.28506512124834227,0.6000158860441103,0.0,177,5,196,5,
B0_apdtm_cls_apdtm_features_original,bpi2013_incidents,gene,variant,AM,alpha_miner_classic,ed85abd9c8a01ce2,800,0.8824986163548602,0.9924026869731328,0.0,0.9374222306098524,0.871132170779936,0.10990407061827268,0.05492361425499226,0.8892545616200572,0.1714653087368996,143,3,196,5,
B0_apdtm_cls_apdtm_features_original,bpi2013_incidents,simp,variant,AM,alpha_miner_classic,ed85abd9c8a01ce2,800,1.0,1.0,0.0,1.0,0.6216216216216216,0.0,0.0,1.0,1.0,1,1,196,5,
B0_apdtm_cls_apdtm_features_original,bpi2013_incidents,fit+pre,variant,AM,alpha_miner_classic,ed85abd9c8a01ce2,800,0.41306632598907267,0.9765794350540196,0.0,0.9404450614048587,0.41306632598907267,0.5635131090649469,0.5273787354157861,0.42297258283574635,0.0,180,5,196,5,
B0_apdtm_cls_apdtm_features_original,bpi2013_incidents,fit+gen,variant,AM,alpha_miner_classic,ed85abd9c8a01ce2,800,0.5543076911444477,0.9948630084104291,0.0,0.9687111153049262,0.5543076911444477,0.4405553172659814,0.4144034241604785,0.5571698680706891,0.0,179,5,196,5,
B0_apdtm_cls_apdtm_features_original,bpi2013_incidents,fit+sim,variant,AM,alpha_miner_classic,ed85abd9c8a01ce2,800,0.6130583829670175,0.8762171658937965,0.0,0.8421052631578947,0.6130583829670175,0.26315878292677897,0.22904688019087716,0.6996648854073287,0.0,172,5,196,5,
B0_apdtm_cls_apdtm_features_original,bpi2013_incidents,pre+gen,variant,AM,alpha_miner_classic,ed85abd9c8a01ce2,800,0.7412572511994853,0.9962013434865664,0.0,0.893748585925811,0.7412572511994853,0.25494409228708115,0.1524913347263257,0.7440837698583981,0.0,172,5,196,5,
B0_apdtm_cls_apdtm_features_original,bpi2013_incidents,pre+sim,variant,AM,alpha_miner_classic,ed85abd9c8a01ce2,800,0.8000079430220551,1.0,0.0,0.8000079430220551,0.6462487440701031,0.19999205697794487,0.0,0.8000079430220551,1.0,111,1,196,5,
B0_apdtm_cls_apdtm_features_original,bpi2013_incidents,gen+sim,variant,AM,alpha_miner_classic,ed85abd9c8a01ce2,800,0.94124930817743,0.9962013434865664,0.0,0.94124930817743,0.7620188930903955,0.05495203530913639,0.0,0.944838424813992,1.0,4,1,196,5,
B0_apdtm_cls_apdtm_features_original,bpi2013_incidents,mix-fit,variant,AM,alpha_miner_classic,ed85abd9c8a01ce2,800,0.5587013338223332,0.9349837317539983,0.0,0.8784138891748832,0.5587013338223332,0.37628239793166507,0.31971255535254994,0.597551930421536,0.0,180,5,196,5,
B0_apdtm_cls_apdtm_features_original,bpi2013_incidents,mix-prec,variant,AM,alpha_miner_classic,ed85abd9c8a01ce2,800,0.6499792925109091,0.9521545943141786,0.0,0.8860812375503468,0.6499792925109091,0.30217530180326946,0.2361019450394377,0.6826405043805713,0.0,178,5,196,5,
B0_apdtm_cls_apdtm_features_original,bpi2013_incidents,mix-simp,variant,AM,alpha_miner_classic,ed85abd9c8a01ce2,800,0.7043363416555937,0.893388028453977,0.0,0.8237417114451061,0.7043363416555937,0.18905168679838336,0.11940536978951244,0.788387933599759,0.0,172,5,196,5,
B0_apdtm_cls_apdtm_features_original,bpi2013_incidents,mix-gen,variant,AM,alpha_miner_classic,ed85abd9c8a01ce2,800,0.7956143003441696,0.9176337438459292,0.0,0.8240500653203712,0.7736190326066823,0.12201944350175964,0.028435764976201594,0.8670281642103097,0.43614549522236806,159,3,196,5,
B0_apdtm_cls_apdtm_features_original,bpi2013_open_problems,equal,variant,IM,inductive_miner_im,16728b2313b05e00,801,0.8830533310680836,0.9162455491114012,0.0,0.9162455491114012,0.7971612190845068,0.03319221804331762,0.03319221804331762,0.9637736651757727,0.7212713206194185,21,2,196,5,
B0_apdtm_cls_apdtm_features_original,bpi2013_open_problems,fitn,variant,IM,inductive_miner_im,16728b2313b05e00,801,1.0,1.0,0.0,1.0,0.5167192429022083,0.0,0.0,1.0,1.0,1,1,196,5,
B0_apdtm_cls_apdtm_features_original,bpi2013_open_problems,prec,variant,IM,inductive_miner_im,16728b2313b05e00,801,0.9065645824471856,1.0,0.0,1.0,0.9065645824471856,0.09343541755281437,0.09343541755281437,0.9065645824471856,0.0,170,4,196,5,
B0_apdtm_cls_apdtm_features_original,bpi2013_open_problems,gene,variant,IM,inductive_miner_im,16728b2313b05e00,801,0.933341049517457,0.9656228232165908,0.0,0.96197551956781,0.8611132579521872,0.032281773699133764,0.028634470050353023,0.9665689615831575,0.7161032323518933,64,3,196,5,
B0_apdtm_cls_apdtm_features_original,bpi2013_open_problems,simp,variant,IM,inductive_miner_im,16728b2313b05e00,801,0.6923076923076922,1.0,0.0,0.7391304347826086,0.625,0.3076923076923078,0.04682274247491647,0.6923076923076922,0.5897435897435889,97,3,196,5,
B0_apdtm_cls_apdtm_features_original,bpi2013_open_problems,fit+pre,variant,IM,inductive_miner_im,16728b2313b05e00,801,0.9532822912235928,0.9819381210475933,0.0,0.9819381210475933,0.7583596214511041,0.0286558298240005,0.0286558298240005,0.9708170716567877,0.871831012929606,44,3,196,5,
B0_apdtm_cls_apdtm_features_original,bpi2013_open_problems,fit+gen,variant,IM,inductive_miner_im,16728b2313b05e00,801,0.9666705247587285,0.9828114116082953,0.0,0.975860335679935,0.7371795810261562,0.016140886849566827,0.00918981092120652,0.9835768219020234,0.96149747835959,18,2,196,5,
B0_apdtm_cls_apdtm_features_original,bpi2013_open_problems,fit+sim,variant,IM,inductive_miner_im,16728b2313b05e00,801,0.846153846153846,0.8644377932873344,0.0,0.8644377932873344,0.6155024785939613,0.018283947133488354,0.018283947133488354,0.9788487416035374,0.9265514129403067,3,2,196,5,
B0_apdtm_cls_apdtm_features_original,bpi2013_open_problems,pre+gen,variant,IM,inductive_miner_im,16728b2313b05e00,801,0.9199528159823214,0.9793652708841788,0.0,0.9788199595750521,0.9115847807508795,0.059412454901857426,0.05886714359273071,0.939335754832087,0.12445918011648706,69,3,196,5,
B0_apdtm_cls_apdtm_features_original,bpi2013_open_problems,pre+sim,variant,IM,inductive_miner_im,16728b2313b05e00,801,0.7994361373774389,0.9951923076923077,0.0,0.8571428571428572,0.7935281517747859,0.1957561703148688,0.0577067197654183,0.8032981477029337,0.09287138199367188,147,3,196,5,
B0_apdtm_cls_apdtm_features_original,bpi2013_open_problems,gen+sim,variant,IM,inductive_miner_im,16728b2313b05e00,801,0.8128243709125746,0.9788199595750521,0.0,0.8505529771752094,0.7430566289760936,0.16599558866247743,0.037728606262634745,0.8304125421241478,0.6490242980835969,58,3,196,5,
B0_apdtm_cls_apdtm_features_original,bpi2013_open_problems,mix-fit,variant,IM,inductive_miner_im,16728b2313b05e00,801,0.9037650181474399,0.9321610267210647,0.0,0.9321610267210647,0.7453088319330367,0.028396008573624787,0.028396008573624787,0.9695374428241121,0.8480295690086046,29,2,196,5,
B0_apdtm_cls_apdtm_features_original,bpi2013_open_problems,mix-prec,variant,IM,inductive_miner_im,16728b2313b05e00,801,0.9118589170648803,0.9501071658282663,0.0,0.9501071658282663,0.8620643957540441,0.03824824876338595,0.03824824876338595,0.959743226723227,0.5655719517781894,46,2,196,5,
B0_apdtm_cls_apdtm_features_original,bpi2013_open_problems,mix-simp,variant,IM,inductive_miner_im,16728b2313b05e00,801,0.8542477450712869,0.8823839323945362,0.0,0.8823839323945362,0.7322580424149691,0.028136187323249295,0.028136187323249295,0.9681134409973947,0.812582710902971,13,2,196,5,
B0_apdtm_cls_apdtm_features_original,bpi2013_open_problems,mix-gen,variant,IM,inductive_miner_im,16728b2313b05e00,801,0.8623416439887276,0.9253321454132266,0.0,0.9003300715017378,0.823835292661598,0.06299050142449902,0.03798842751301024,0.931926604153183,0.5033853540200546,50,2,196,5,
B0_apdtm_cls_apdtm_features_original,bpi2017,equal,variant,AM,alpha_miner_classic,9a9cd65c1066e3fa,801,0.5001675983519174,0.8802301190425359,0.0,0.7897159833979309,0.5001675983519174,0.3800625206906185,0.28954838504601355,0.5682236809801182,0.0,176,5,196,5,
B0_apdtm_cls_apdtm_features_original,bpi2017,fitn,variant,AM,alpha_miner_classic,9a9cd65c1066e3fa,801,0.495774473479623,1.0,0.0,1.0,0.495774473479623,0.504225526520377,0.504225526520377,0.495774473479623,0.0,176,5,196,5,
B0_apdtm_cls_apdtm_features_original,bpi2017,prec,variant,AM,alpha_miner_classic,9a9cd65c1066e3fa,801,0.1259019512485154,0.9982184707429071,0.0,0.9977548056712652,0.1259019512485154,0.8723165194943918,0.8718528544227497,0.1261266495648142,0.0,176,5,196,5,
B0_apdtm_cls_apdtm_features_original,bpi2017,gene,variant,AM,alpha_miner_classic,9a9cd65c1066e3fa,801,0.9869939686795314,0.99095165942404,0.0,0.988416241415834,0.8436482021383097,0.00395769074450858,0.0014222727363025767,0.9960061717371674,0.9901755059790784,19,2,196,5,
B0_apdtm_cls_apdtm_features_original,bpi2017,simp,variant,AM,alpha_miner_classic,9a9cd65c1066e3fa,801,0.392,0.7701149425287357,0.0,0.6170212765957447,0.392,0.3781149425287357,0.22502127659574467,0.5090149253731343,0.0,165,5,196,5,
B0_apdtm_cls_apdtm_features_original,bpi2017,fit+pre,variant,AM,alpha_miner_classic,9a9cd65c1066e3fa,801,0.31083821236406917,0.9550451175767805,0.0,0.9168671249859663,0.31083821236406917,0.6442069052127113,0.6060289126218972,0.3254696627869829,0.0,176,5,196,5,
B0_apdtm_cls_apdtm_features_original,bpi2017,fit+gen,variant,AM,alpha_miner_classic,9a9cd65c1066e3fa,801,0.7413842210795771,0.9949668505231788,0.0,0.994208120707917,0.7413842210795771,0.25358262944360166,0.25282389962833984,0.7451345948759384,0.0,170,5,196,5,
B0_apdtm_cls_apdtm_features_original,bpi2017,fit+sim,variant,AM,alpha_miner_classic,9a9cd65c1066e3fa,801,0.4438872367398115,0.8402404432249244,0.0,0.8085106382978724,0.4438872367398115,0.3963532064851129,0.3646234015580609,0.5282859689973136,0.0,176,5,196,5,
B0_apdtm_cls_apdtm_features_original,bpi2017,pre+gen,variant,AM,alpha_miner_classic,9a9cd65c1066e3fa,801,0.5564479599640234,0.9859199935085099,0.0,0.9207015039047874,0.5564479599640234,0.4294720335444865,0.36425354394076404,0.5643946401612561,0.0,175,5,196,5,
B0_apdtm_cls_apdtm_features_original,bpi2017,pre+sim,variant,AM,alpha_miner_classic,9a9cd65c1066e3fa,801,0.25895097562425773,0.8723812160130642,0.0,0.7396181435763733,0.25895097562425773,0.6134302403888064,0.4806671679521156,0.296832360522054,0.0,176,5,196,5,
B0_apdtm_cls_apdtm_features_original,bpi2017,gen+sim,variant,AM,alpha_miner_classic,9a9cd65c1066e3fa,801,0.6894969843397657,0.8792604640175905,0.0,0.7963457765194307,0.6625648418098955,0.1897634796778248,0.10684879217966503,0.7841783095639924,0.20131525159653865,107,4,196,5,
B0_apdtm_cls_apdtm_features_original,bpi2017,mix-fit,variant,AM,alpha_miner_classic,9a9cd65c1066e3fa,801,0.413179771634357,0.8744182289149186,0.0,0.8143793359317738,0.413179771634357,0.4612384572805616,0.4011995642974168,0.47251962272913645,0.0,176,5,196,5,
B0_apdtm_cls_apdtm_features_original,bpi2017,mix-prec,variant,AM,alpha_miner_classic,9a9cd65c1066e3fa,801,0.48481386579919006,0.9247332260272323,0.0,0.8675404199182805,0.48481386579919006,0.43991936022804223,0.3827265541190904,0.5242743011214273,0.0,176,5,196,5,
B0_apdtm_cls_apdtm_features_original,bpi2017,mix-simp,variant,AM,alpha_miner_classic,9a9cd65c1066e3fa,801,0.5155213309046448,0.8548318499663207,0.0,0.7712039241360872,0.5155213309046448,0.33931051906167586,0.2556825932314424,0.6030675283390011,0.0,176,5,196,5,
B0_apdtm_cls_apdtm_features_original,bpi2017,mix-gen,variant,AM,alpha_miner_classic,9a9cd65c1066e3fa,801,0.587155425069478,0.8969137795391169,0.0,0.7650526308640881,0.587155425069478,0.30975835446963884,0.1778972057946101,0.6546397641155546,0.0,173,5,196,5,
B0_apdtm_cls_apdtm_features_original,bpi2020_domestic,equal,variant,IM,inductive_miner_im,df7d13e54451760d,801,0.7115532738517909,0.9013014428805918,0.0,0.782697276145632,0.5280586222617515,0.18974816902880087,0.0711440022938411,0.7894731329594249,0.7206080019324798,148,2,196,5,
B0_apdtm_cls_apdtm_features_original,bpi2020_domestic,fitn,variant,IM,inductive_miner_im,df7d13e54451760d,801,1.0,1.0,0.0,1.0,0.723032771051894,0.0,0.0,1.0,1.0,1,1,196,5,
B0_apdtm_cls_apdtm_features_original,bpi2020_domestic,prec,variant,IM,inductive_miner_im,df7d13e54451760d,801,0.3908057925066429,0.986007752461474,0.0,0.8670356093278883,0.1975518121669374,0.595201959954831,0.4762298168212454,0.3963516428050729,0.28866117620654713,156,2,196,5,
B0_apdtm_cls_apdtm_features_original,bpi2020_domestic,gene,variant,IM,inductive_miner_im,df7d13e54451760d,801,0.8554073029005208,0.9326053854610896,0.0,0.8554073029005208,0.7516056740657073,0.07719808256056881,0.0,0.9172232074100652,1.0,76,1,196,5,
B0_apdtm_cls_apdtm_features_original,bpi2020_domestic,simp,variant,IM,inductive_miner_im,df7d13e54451760d,801,0.6000000000000001,0.875,0.0,0.6000000000000001,0.3541666666666666,0.2749999999999999,0.0,0.6857142857142858,1.0,125,1,196,5,
B0_apdtm_cls_apdtm_features_original,bpi2020_domestic,fit+pre,variant,IM,inductive_miner_im,df7d13e54451760d,801,0.6954028962533214,0.980580685505521,0.0,0.896113454388845,0.48650745759222797,0.2851777892521996,0.20071055813552363,0.7091745804628191,0.5099911629585271,153,2,196,5,
B0_apdtm_cls_apdtm_features_original,bpi2020_domestic,fit+gen,variant,IM,inductive_miner_im,df7d13e54451760d,801,0.9277036514502603,0.9529492086056026,0.0,0.9277036514502603,0.7540428391238887,0.02524555715534227,0.0,0.9735079719597199,1.0,32,1,196,5,
B0_apdtm_cls_apdtm_features_original,bpi2020_domestic,fit+sim,variant,IM,inductive_miner_im,df7d13e54451760d,801,0.8,0.892967594352212,0.0,0.8,0.5385997188592803,0.09296759435221191,0.0,0.8958891734255444,1.0,60,1,196,5,
B0_apdtm_cls_apdtm_features_original,bpi2020_domestic,pre+gen,variant,IM,inductive_miner_im,df7d13e54451760d,801,0.6231065477035819,0.957510356458128,0.0,0.8093206416967977,0.5175175256642226,0.3344038087545461,0.18621409399321587,0.6507569798080094,0.3618502210496339,155,2,196,5,
B0_apdtm_cls_apdtm_features_original,bpi2020_domestic,pre+sim,variant,IM,inductive_miner_im,df7d13e54451760d,801,0.49540289625332146,0.8607303005919194,0.0,0.7269960655335093,0.3020744053996142,0.3653274043385979,0.2315931692801878,0.5755611204957415,0.4549744317406376,159,2,196,5,
B0_apdtm_cls_apdtm_features_original,bpi2020_domestic,gen+sim,variant,IM,inductive_miner_im,df7d13e54451760d,801,0.7277036514502604,0.836843156586478,0.0,0.7277036514502604,0.569609786931275,0.10913950513621762,0.0,0.8695818872661841,1.0,120,1,196,5,
B0_apdtm_cls_apdtm_features_original,bpi2020_domestic,mix-fit,variant,IM,inductive_miner_im,df7d13e54451760d,801,0.7227824680420449,0.9217713572150562,0.0,0.822739074332684,0.5135463757134479,0.19898888917301127,0.09995660629063907,0.7841233754819464,0.6767174427565207,146,2,196,5,
B0_apdtm_cls_apdtm_features_original,bpi2020_domestic,mix-prec,variant,IM,inductive_miner_im,df7d13e54451760d,801,0.6729445078728133,0.9396408568365918,0.0,0.8160298580147407,0.5155319506888351,0.2666963489637785,0.14308535014192736,0.7161720384726116,0.5238391128403306,151,2,196,5,
B0_apdtm_cls_apdtm_features_original,bpi2020_domestic,mix-simp,variant,IM,inductive_miner_im,df7d13e54451760d,801,0.7501620398307685,0.8629620289245914,0.0,0.7501620398307685,0.5405852938346677,0.11279998909382294,0.0,0.8692874248077955,1.0,156,1,196,5,
B0_apdtm_cls_apdtm_features_original,bpi2020_domestic,mix-gen,variant,IM,inductive_miner_im,df7d13e54451760d,801,0.700324079661537,0.88113234738198,0.0,0.7426554779585799,0.5425708688100551,0.180808267720443,0.04233139829704291,0.7948001020985548,0.7884325112401829,152,2,196,5,
B0_apdtm_cls_apdtm_features_original,bpi2020_international,equal,variant,IM,inductive_miner_im,6150b352c065731b,801,0.673835984258307,0.8501918473231604,0.0,0.748944593081187,0.42730621361870447,0.1763558630648534,0.07510860882287995,0.7925693317101169,0.7664811987039595,157,2,196,5,
B0_apdtm_cls_apdtm_features_original,bpi2020_international,fitn,variant,IM,inductive_miner_im,6150b352c065731b,801,0.9707533277618512,1.0,0.0,1.0,0.543631678095892,0.029246672238148808,0.029246672238148808,0.9707533277618512,0.9359143243857883,11,2,196,5,
B0_apdtm_cls_apdtm_features_original,bpi2020_international,prec,variant,IM,inductive_miner_im,6150b352c065731b,801,0.225696298955442,1.0,0.0,0.914192461570857,0.0,0.774303701044558,0.688496162615415,0.225696298955442,0.24688050759861663,171,2,196,5,
B0_apdtm_cls_apdtm_features_original,bpi2020_international,gene,variant,IM,inductive_miner_im,6150b352c065731b,801,0.8766720880937127,0.9418786896404474,0.0,0.9085268002629592,0.6807656098412334,0.06520660154673474,0.03185471216924651,0.9307696391648624,0.8601398591644877,55,3,196,5,
B0_apdtm_cls_apdtm_features_original,bpi2020_international,simp,variant,IM,inductive_miner_im,6150b352c065731b,801,0.6222222222222222,0.726190476190476,0.0,0.6222222222222222,0.2668810289389067,0.10396825396825382,0.0,0.8568306010928963,1.0,55,1,196,5,
B0_apdtm_cls_apdtm_features_original,bpi2020_international,fit+pre,variant,IM,inductive_miner_im,6150b352c065731b,801,0.5982248133586466,0.9444725618292222,0.0,0.9075063812417573,0.271815839047946,0.3462477484705756,0.3092815678831107,0.6333956512193697,0.5134714969712166,166,2,196,5,
B0_apdtm_cls_apdtm_features_original,bpi2020_international,fit+gen,variant,IM,inductive_miner_im,6150b352c065731b,801,0.9237127079277819,0.9642924535411258,0.0,0.9542634001314796,0.7211719127679556,0.040579745613343876,0.03055069220369766,0.9579175949533518,0.8689326129012531,18,2,196,5,
B0_apdtm_cls_apdtm_features_original,bpi2020_international,fit+sim,variant,IM,inductive_miner_im,6150b352c065731b,801,0.7964877749920367,0.8252695672008914,0.0,0.7964877749920367,0.4052563535173993,0.028781792208854684,0.0,0.9651243746858674,1.0,18,1,196,5,
B0_apdtm_cls_apdtm_features_original,bpi2020_international,pre+gen,variant,IM,inductive_miner_im,6150b352c065731b,801,0.5511841935245774,0.9244692854293903,0.0,0.7974790357060452,0.4493560737200096,0.37328509190481296,0.2462948421814678,0.5962168805517076,0.2925061858133118,170,2,196,5,
B0_apdtm_cls_apdtm_features_original,bpi2020_international,pre+sim,variant,IM,inductive_miner_im,6150b352c065731b,801,0.4239592605888321,0.863095238095238,0.0,0.7070962307854285,0.13344051446945335,0.43913597750640593,0.2831369701965964,0.49120797088912965,0.5064339774823375,170,2,196,5,
B0_apdtm_cls_apdtm_features_original,bpi2020_international,gen+sim,variant,IM,inductive_miner_im,6150b352c065731b,801,0.7494471551579674,0.8021013140485984,0.0,0.7494471551579674,0.5827965881894629,0.052654158890630964,0.0,0.934354728051922,1.0,45,1,196,5,
B0_apdtm_cls_apdtm_features_original,bpi2020_international,mix-fit,variant,IM,inductive_miner_im,6150b352c065731b,801,0.6681218740451889,0.8651430903153831,0.0,0.8026624198204434,0.36070009177014006,0.1970212162701942,0.13454054577525454,0.772267479824209,0.6955836793403319,159,2,196,5,
B0_apdtm_cls_apdtm_features_original,bpi2020_international,mix-prec,variant,IM,inductive_miner_im,6150b352c065731b,801,0.609653033784883,0.8789785552291673,0.0,0.8000707277632442,0.4050280827450747,0.26932552144428434,0.19041769397836117,0.693592614015406,0.5179819283318055,168,2,196,5,
B0_apdtm_cls_apdtm_features_original,bpi2020_international,mix-simp,variant,IM,inductive_miner_im,6150b352c065731b,801,0.7380189347317311,0.8280233355013684,0.0,0.7380189347317311,0.4495843444923341,0.09000440076963734,0.0,0.8913020963169599,1.0,76,1,196,5,
B0_apdtm_cls_apdtm_features_original,bpi2020_international,mix-gen,variant,IM,inductive_miner_im,6150b352c065731b,801,0.6795500944714253,0.8352406043309378,0.0,0.6952267663419306,0.4939123354672689,0.1556905098595125,0.015676671870505254,0.8135980110973807,0.9221284246618885,135,2,196,5,
B0_apdtm_cls_apdtm_features_original,bpi2020_payment,equal,variant,IM,inductive_miner_im,d6c08269cc6ee4f8,801,0.6900806255881581,0.8696763776738392,0.0,0.7459843675155176,0.4539079536155171,0.17959575208568113,0.055903741927359474,0.7934912840037651,0.808598917040595,159,2,196,5,
B0_apdtm_cls_apdtm_features_original,bpi2020_payment,fitn,variant,IM,inductive_miner_im,d6c08269cc6ee4f8,801,1.0,1.0,0.0,1.0,0.6986954515961711,0.0,0.0,1.0,1.0,1,1,196,5,
B0_apdtm_cls_apdtm_features_original,bpi2020_payment,prec,variant,IM,inductive_miner_im,d6c08269cc6ee4f8,801,0.2933515233338684,1.0,0.0,0.8082905921163525,0.0,0.7066484766661316,0.5149390687824841,0.2933515233338684,0.3629282911307729,166,2,196,5,
B0_apdtm_cls_apdtm_features_original,bpi2020_payment,gene,variant,IM,inductive_miner_im,d6c08269cc6ee4f8,801,0.8669709790187637,0.9042989365923124,0.0,0.8669709790187637,0.6750512131653676,0.037327957573548676,0.0,0.9587216615401403,1.0,4,1,196,5,
B0_apdtm_cls_apdtm_features_original,bpi2020_payment,simp,variant,IM,inductive_miner_im,d6c08269cc6ee4f8,801,0.6000000000000001,0.8214285714285714,0.0,0.6000000000000001,0.3333333333333333,0.2214285714285713,0.0,0.7304347826086958,1.0,105,1,196,5,
B0_apdtm_cls_apdtm_features_original,bpi2020_payment,fit+pre,variant,IM,inductive_miner_im,d6c08269cc6ee4f8,801,0.6466757616669342,0.9825892284678609,0.0,0.8729305234063345,0.34934772579808554,0.3359134668009267,0.2262547617394003,0.6581343891539373,0.567872048560528,164,2,196,5,
B0_apdtm_cls_apdtm_features_original,bpi2020_payment,fit+gen,variant,IM,inductive_miner_im,d6c08269cc6ee4f8,801,0.9334854895093818,0.9514970823370221,0.0,0.9334854895093818,0.7411492405643676,0.01801159282764031,0.0,0.9810702595289088,1.0,2,1,196,5,
B0_apdtm_cls_apdtm_features_original,bpi2020_payment,fit+sim,variant,IM,inductive_miner_im,d6c08269cc6ee4f8,801,0.8,0.8691224178435837,0.0,0.8,0.5160143924647522,0.06912241784358364,0.0,0.9204687206031502,1.0,56,1,196,5,
B0_apdtm_cls_apdtm_features_original,bpi2020_payment,pre+gen,variant,IM,inductive_miner_im,d6c08269cc6ee4f8,801,0.5801612511763161,0.916868426053467,0.0,0.7416709026408601,0.391801514766282,0.33670717487715085,0.161509651464544,0.6327639110374209,0.5383715836195355,155,2,196,5,
B0_apdtm_cls_apdtm_features_original,bpi2020_payment,pre+sim,variant,IM,inductive_miner_im,d6c08269cc6ee4f8,801,0.44667576166693423,0.87,0.0,0.6856579011001931,0.16666666666666666,0.42332423833306576,0.23898213943325886,0.5134204157091198,0.5395256729256606,170,2,196,5,
B0_apdtm_cls_apdtm_features_original,bpi2020_payment,gen+sim,variant,IM,inductive_miner_im,d6c08269cc6ee4f8,801,0.7334854895093819,0.7955758933524278,0.0,0.7334854895093819,0.5584681814329486,0.06209040384304598,0.0,0.9219553981438439,1.0,54,1,196,5,
B0_apdtm_cls_apdtm_features_original,bpi2020_payment,mix-fit,variant,IM,inductive_miner_im,d6c08269cc6ee4f8,801,0.6947025549020369,0.9053177010011466,0.0,0.7976255228467759,0.42450515025839153,0.2106151460991097,0.10292296794473899,0.7673577509130765,0.7241561289437266,163,2,196,5,
B0_apdtm_cls_apdtm_features_original,bpi2020_payment,mix-prec,variant,IM,inductive_miner_im,d6c08269cc6ee4f8,801,0.6374319030391764,0.9102277500261443,0.0,0.7696482127438178,0.40815333251233665,0.2727958469869679,0.13221630970464138,0.7002993514764493,0.6342512247476992,163,2,196,5,
B0_apdtm_cls_apdtm_features_original,bpi2020_payment,mix-simp,variant,IM,inductive_miner_im,d6c08269cc6ee4f8,801,0.7427293481371395,0.829125005321534,0.0,0.7427293481371395,0.49966257471869746,0.08639565718439446,0.0,0.895798996978881,1.0,147,1,196,5,
B0_apdtm_cls_apdtm_features_original,bpi2020_payment,mix-gen,variant,IM,inductive_miner_im,d6c08269cc6ee4f8,801,0.6854586962742792,0.836099433132433,0.0,0.6943432121842593,0.48331075697264275,0.1506407368581537,0.008884515909980073,0.8198291603980873,0.9578997652229797,154,2,196,5,
B0_apdtm_cls_apdtm_features_original,bpi2020_permit,equal,variant,IM,inductive_miner_im,1e49d93937c2bb45,801,0.6385929380704242,0.8429076490043279,0.0,0.6953084541835005,0.0,0.20431471093390374,0.05671551611307635,0.7576072406327699,0.918431142650671,127,2,196,5,
B0_apdtm_cls_apdtm_features_original,bpi2020_permit,fitn,variant,IM,inductive_miner_im,1e49d93937c2bb45,801,1.0,1.0,0.0,1.0,0.0,0.0,0.0,1.0,1.0,1,1,196,5,
B0_apdtm_cls_apdtm_features_original,bpi2020_permit,prec,variant,IM,inductive_miner_im,1e49d93937c2bb45,801,0.0980371653000842,0.9911533085603246,0.0,0.8137442437123628,0.0,0.8931161432602404,0.7157070784122785,0.09891221111140282,0.120476631395672,170,2,196,5,
B0_apdtm_cls_apdtm_features_original,bpi2020_permit,gene,variant,IM,inductive_miner_im,1e49d93937c2bb45,801,0.8616797985629043,0.9078165537742844,0.0,0.8652393738255396,0.0,0.046136755211380054,0.003559575262635284,0.9491783279126552,0.9958860225617137,48,2,196,5,
B0_apdtm_cls_apdtm_features_original,bpi2020_permit,simp,variant,IM,inductive_miner_im,1e49d93937c2bb45,801,0.5946547884187082,0.7142857142857143,0.0,0.5946547884187082,0.0,0.11963092586700608,0.0,0.8325167037861915,1.0,73,1,196,5,
B0_apdtm_cls_apdtm_features_original,bpi2020_permit,fit+pre,variant,IM,inductive_miner_im,1e49d93937c2bb45,801,0.5490185826500421,0.9243881790529205,0.0,0.8512783359444481,0.0,0.37536959640287837,0.302259753294406,0.5939264424741321,0.6449342823236951,152,2,196,5,
B0_apdtm_cls_apdtm_features_original,bpi2020_permit,fit+gen,variant,IM,inductive_miner_im,1e49d93937c2bb45,801,0.9308398992814522,0.9448808304983668,0.0,0.9326196869127699,0.0,0.014040931216914632,0.0017797876313176975,0.9851399978032056,0.9980916254971957,10,2,196,5,
B0_apdtm_cls_apdtm_features_original,bpi2020_permit,fit+sim,variant,IM,inductive_miner_im,1e49d93937c2bb45,801,0.7973273942093542,0.8272924879786688,0.0,0.7973273942093542,0.0,0.029965093769314666,0.0,0.9637793232686922,1.0,15,1,196,5,
B0_apdtm_cls_apdtm_features_original,bpi2020_permit,pre+gen,variant,IM,inductive_miner_im,1e49d93937c2bb45,801,0.4798584819314943,0.9322600772514231,0.0,0.7082588870498185,0.0,0.45240159531992885,0.22840040511832427,0.5147259800572584,0.6775184762316174,170,2,196,5,
B0_apdtm_cls_apdtm_features_original,bpi2020_permit,pre+sim,variant,IM,inductive_miner_im,1e49d93937c2bb45,801,0.3463459768593962,0.816594001468874,0.0,0.644823929085097,0.0,0.47024802460947773,0.2984779522257008,0.42413485310496474,0.5371171280054794,166,2,196,5,
B0_apdtm_cls_apdtm_features_original,bpi2020_permit,gen+sim,variant,IM,inductive_miner_im,1e49d93937c2bb45,801,0.7281672934908063,0.7992898469819344,0.0,0.7281672934908063,0.0,0.07112255349112806,0.0,0.9110178194309835,1.0,55,1,196,5,
B0_apdtm_cls_apdtm_features_original,bpi2020_permit,mix-fit,variant,IM,inductive_miner_im,1e49d93937c2bb45,801,0.6345100871300573,0.8639118088087243,0.0,0.755106320314616,0.0,0.22940172167866701,0.1205962331845587,0.7344616437238005,0.8402923801057418,133,2,196,5,
B0_apdtm_cls_apdtm_features_original,bpi2020_permit,mix-prec,variant,IM,inductive_miner_im,1e49d93937c2bb45,801,0.5571842845307757,0.8885842618048085,0.0,0.7316826036822172,0.0,0.3313999772740328,0.17449831915144143,0.6270472126065744,0.7615109088650286,157,2,196,5,
B0_apdtm_cls_apdtm_features_original,bpi2020_permit,mix-simp,variant,IM,inductive_miner_im,1e49d93937c2bb45,801,0.7200015916100726,0.81761289182125,0.0,0.7200015916100726,0.0,0.09761130021117737,0.0,0.8806142843543646,1.0,72,1,196,5,
B0_apdtm_cls_apdtm_features_original,bpi2020_permit,mix-gen,variant,IM,inductive_miner_im,1e49d93937c2bb45,801,0.642675789010791,0.8269571869508153,0.0,0.642675789010791,0.0,0.1842813979400243,0.0,0.7771572690243942,1.0,123,1,196,5,
B0_apdtm_cls_apdtm_features_original,bpic15_1,equal,variant,IMf,inductive_miner_imf,9354ec4533f0ae50,801,0.0,0.7538067736145151,0.0,0.5006533211257762,0.0,0.7538067736145151,0.5006533211257762,0.0,0.0,145,2,196,5,
B0_apdtm_cls_apdtm_features_original,bpic15_1,fitn,variant,IMf,inductive_miner_imf,9354ec4533f0ae50,801,0.0,1.0,0.0,1.0,0.0,1.0,1.0,0.0,0.0,145,2,196,5,
B0_apdtm_cls_apdtm_features_original,bpic15_1,prec,variant,IMf,inductive_miner_imf,9354ec4533f0ae50,801,0.0,0.9967132292522596,0.0,0.0055144083252097,0.0,0.9967132292522596,0.0055144083252097,0.0,0.0,145,2,196,5,
B0_apdtm_cls_apdtm_features_original,bpic15_1,gene,variant,IMf,inductive_miner_imf,9354ec4533f0ae50,801,0.0,0.7947596517508088,0.0,0.6526451647517064,0.0,0.7947596517508088,0.6526451647517064,0.0,0.0,145,2,196,5,
B0_apdtm_cls_apdtm_features_original,bpic15_1,simp,variant,IMf,inductive_miner_imf,9354ec4533f0ae50,801,0.0,1.0,0.0,0.3444537114261885,0.0,1.0,0.3444537114261885,0.0,0.0,145,2,196,5,
B0_apdtm_cls_apdtm_features_original,bpic15_1,fit+pre,variant,IMf,inductive_miner_imf,9354ec4533f0ae50,801,0.0,0.8688577238297088,0.0,0.5027572041626048,0.0,0.8688577238297088,0.5027572041626048,0.0,0.0,145,2,196,5,
B0_apdtm_cls_apdtm_features_original,bpic15_1,fit+gen,variant,IMf,inductive_miner_imf,9354ec4533f0ae50,801,0.0,0.871727415992749,0.0,0.8263225823758532,0.0,0.871727415992749,0.8263225823758532,0.0,0.0,145,2,196,5,
B0_apdtm_cls_apdtm_features_original,bpic15_1,fit+sim,variant,IMf,inductive_miner_imf,9354ec4533f0ae50,801,0.0,0.8645266546833184,0.0,0.6722268557130943,0.0,0.8645266546833184,0.6722268557130943,0.0,0.0,145,2,196,5,
B0_apdtm_cls_apdtm_features_original,bpic15_1,pre+gen,variant,IMf,inductive_miner_imf,9354ec4533f0ae50,801,0.0,0.8387467991159434,0.0,0.32907978653845804,0.0,0.8387467991159434,0.32907978653845804,0.0,0.0,145,2,196,5,
B0_apdtm_cls_apdtm_features_original,bpic15_1,pre+sim,variant,IMf,inductive_miner_imf,9354ec4533f0ae50,801,0.0,0.8214077863143173,0.0,0.17498405987569912,0.0,0.8214077863143173,0.17498405987569912,0.0,0.0,145,2,196,5,
B0_apdtm_cls_apdtm_features_original,bpic15_1,gen+sim,variant,IMf,inductive_miner_imf,9354ec4533f0ae50,801,0.0,0.8973798258754044,0.0,0.49854943808894747,0.0,0.8973798258754044,0.49854943808894747,0.0,0.0,145,2,196,5,
B0_apdtm_cls_apdtm_features_original,bpic15_1,mix-fit,variant,IMf,inductive_miner_imf,9354ec4533f0ae50,801,0.0,0.7829881701741386,0.0,0.5358095812579713,0.0,0.7829881701741386,0.5358095812579713,0.0,0.0,145,2,196,5,
B0_apdtm_cls_apdtm_features_original,bpic15_1,mix-prec,variant,IMf,inductive_miner_imf,9354ec4533f0ae50,801,0.0,0.8104949307104616,0.0,0.43244468389821455,0.0,0.8104949307104616,0.43244468389821455,0.0,0.0,145,2,196,5,
B0_apdtm_cls_apdtm_features_original,bpic15_1,mix-simp,variant,IMf,inductive_miner_imf,9354ec4533f0ae50,801,0.0,0.7694736087116352,0.0,0.5688619583533376,0.0,0.7694736087116352,0.5688619583533376,0.0,0.0,145,2,196,5,
B0_apdtm_cls_apdtm_features_original,bpic15_1,mix-gen,variant,IMf,inductive_miner_imf,9354ec4533f0ae50,801,0.0,0.7344918748892888,0.0,0.46549706099358107,0.0,0.7344918748892888,0.46549706099358107,0.0,0.0,145,2,196,5,
B0_apdtm_cls_apdtm_features_original,bpic15_2,equal,variant,IMf,inductive_miner_imf,27f9bd2b058a6d8e,801,0.0,0.739796087901852,0.0,0.4958761568622505,0.0,0.739796087901852,0.4958761568622505,0.0,0.0,145,2,196,5,
B0_apdtm_cls_apdtm_features_original,bpic15_2,fitn,variant,IMf,inductive_miner_imf,27f9bd2b058a6d8e,801,0.0,1.0,0.0,1.0,0.0,1.0,1.0,0.0,0.0,145,2,196,5,
B0_apdtm_cls_apdtm_features_original,bpic15_2,prec,variant,IMf,inductive_miner_imf,27f9bd2b058a6d8e,801,0.0,0.9964080459770116,0.0,0.0047466811844114,0.0,0.9964080459770116,0.0047466811844114,0.0,0.0,145,2,196,5,
B0_apdtm_cls_apdtm_features_original,bpic15_2,gene,variant,IMf,inductive_miner_imf,27f9bd2b058a6d8e,801,0.0,0.8434264748464657,0.0,0.630479323366272,0.0,0.8434264748464657,0.630479323366272,0.0,0.0,145,2,196,5,
B0_apdtm_cls_apdtm_features_original,bpic15_2,simp,variant,IMf,inductive_miner_imf,27f9bd2b058a6d8e,801,0.0,1.0,0.0,0.3482786228983187,0.0,1.0,0.3482786228983187,0.0,0.0,145,2,196,5,
B0_apdtm_cls_apdtm_features_original,bpic15_2,fit+pre,variant,IMf,inductive_miner_imf,27f9bd2b058a6d8e,801,0.0,0.8552632687420797,0.0,0.5023733405922057,0.0,0.8552632687420797,0.5023733405922057,0.0,0.0,145,2,196,5,
B0_apdtm_cls_apdtm_features_original,bpic15_2,fit+gen,variant,IMf,inductive_miner_imf,27f9bd2b058a6d8e,801,0.0,0.888226048940476,0.0,0.815239661683136,0.0,0.888226048940476,0.815239661683136,0.0,0.0,145,2,196,5,
B0_apdtm_cls_apdtm_features_original,bpic15_2,fit+sim,variant,IMf,inductive_miner_imf,27f9bd2b058a6d8e,801,0.0,0.8502937315725136,0.0,0.6741393114491594,0.0,0.8502937315725136,0.6741393114491594,0.0,0.0,145,2,196,5,
B0_apdtm_cls_apdtm_features_original,bpic15_2,pre+gen,variant,IMf,inductive_miner_imf,27f9bd2b058a6d8e,801,0.0,0.8135744140072105,0.0,0.31761300227534167,0.0,0.8135744140072105,0.31761300227534167,0.0,0.0,145,2,196,5,
B0_apdtm_cls_apdtm_features_original,bpic15_2,pre+sim,variant,IMf,inductive_miner_imf,27f9bd2b058a6d8e,801,0.0,0.7980406242956953,0.0,0.17651265204136504,0.0,0.7980406242956953,0.17651265204136504,0.0,0.0,145,2,196,5,
B0_apdtm_cls_apdtm_features_original,bpic15_2,gen+sim,variant,IMf,inductive_miner_imf,27f9bd2b058a6d8e,801,0.0,0.9217132374232329,0.0,0.48937897313229534,0.0,0.9217132374232329,0.48937897313229534,0.0,0.0,145,2,196,5,
B0_apdtm_cls_apdtm_features_original,bpic15_2,mix-fit,variant,IMf,inductive_miner_imf,27f9bd2b058a6d8e,801,0.0,0.7675374461630222,0.0,0.5341276612716144,0.0,0.7675374461630222,0.5341276612716144,0.0,0.0,145,2,196,5,
B0_apdtm_cls_apdtm_features_original,bpic15_2,mix-prec,variant,IMf,inductive_miner_imf,27f9bd2b058a6d8e,801,0.0,0.790453222686223,0.0,0.42587033177347794,0.0,0.790453222686223,0.42587033177347794,0.0,0.0,145,2,196,5,
B0_apdtm_cls_apdtm_features_original,bpic15_2,mix-simp,variant,IMf,inductive_miner_imf,27f9bd2b058a6d8e,801,0.0,0.7666984383330109,0.0,0.565881981951023,0.0,0.7666984383330109,0.565881981951023,0.0,0.0,145,2,196,5,
B0_apdtm_cls_apdtm_features_original,bpic15_2,mix-gen,variant,IMf,inductive_miner_imf,27f9bd2b058a6d8e,801,0.0,0.7177077196779903,0.0,0.4576246524528867,0.0,0.7177077196779903,0.4576246524528867,0.0,0.0,145,2,196,5,
B0_apdtm_cls_apdtm_features_original,bpic15_3,equal,variant,IMf,inductive_miner_imf,b99875d9f62f1ca7,801,0.0,0.7711497484903616,0.0,0.5062291863779904,0.0,0.7711497484903616,0.5062291863779904,0.0,0.0,143,2,196,5,
B0_apdtm_cls_apdtm_features_original,bpic15_3,fitn,variant,IMf,inductive_miner_imf,b99875d9f62f1ca7,801,0.0,1.0,0.0,1.0,0.0,1.0,1.0,0.0,0.0,143,2,196,5,
B0_apdtm_cls_apdtm_features_original,bpic15_3,prec,variant,IMf,inductive_miner_imf,b99875d9f62f1ca7,801,0.0,0.9713690786048932,0.0,0.0056460981272722,0.0,0.9713690786048932,0.0056460981272722,0.0,0.0,143,2,196,5,
B0_apdtm_cls_apdtm_features_original,bpic15_3,gene,variant,IMf,inductive_miner_imf,b99875d9f62f1ca7,801,0.0,0.7690804510999736,0.0,0.6755746197508381,0.0,0.7690804510999736,0.6755746197508381,0.0,0.0,143,2,196,5,
B0_apdtm_cls_apdtm_features_original,bpic15_3,simp,variant,IMf,inductive_miner_imf,b99875d9f62f1ca7,801,0.0,1.0,0.0,0.3436960276338515,0.0,1.0,0.3436960276338515,0.0,0.0,143,2,196,5,
B0_apdtm_cls_apdtm_features_original,bpic15_3,fit+pre,variant,IMf,inductive_miner_imf,b99875d9f62f1ca7,801,0.0,0.8737992058502052,0.0,0.5028230490636361,0.0,0.8737992058502052,0.5028230490636361,0.0,0.0,143,2,196,5,
B0_apdtm_cls_apdtm_features_original,bpic15_3,fit+gen,variant,IMf,inductive_miner_imf,b99875d9f62f1ca7,801,0.0,0.8764050391703524,0.0,0.837787309875419,0.0,0.8764050391703524,0.837787309875419,0.0,0.0,143,2,196,5,
B0_apdtm_cls_apdtm_features_original,bpic15_3,fit+sim,variant,IMf,inductive_miner_imf,b99875d9f62f1ca7,801,0.0,0.8866318702272058,0.0,0.6718480138169257,0.0,0.8866318702272058,0.6718480138169257,0.0,0.0,143,2,196,5,
B0_apdtm_cls_apdtm_features_original,bpic15_3,pre+gen,variant,IMf,inductive_miner_imf,b99875d9f62f1ca7,801,0.0,0.8335999035488251,0.0,0.34061035893905517,0.0,0.8335999035488251,0.34061035893905517,0.0,0.0,143,2,196,5,
B0_apdtm_cls_apdtm_features_original,bpic15_3,pre+sim,variant,IMf,inductive_miner_imf,b99875d9f62f1ca7,801,0.0,0.806269466186586,0.0,0.17467106288056183,0.0,0.806269466186586,0.17467106288056183,0.0,0.0,143,2,196,5,
B0_apdtm_cls_apdtm_features_original,bpic15_3,gen+sim,variant,IMf,inductive_miner_imf,b99875d9f62f1ca7,801,0.0,0.8774480269684266,0.0,0.5096353236923448,0.0,0.8774480269684266,0.5096353236923448,0.0,0.0,143,2,196,5,
B0_apdtm_cls_apdtm_features_original,bpic15_3,mix-fit,variant,IMf,inductive_miner_imf,b99875d9f62f1ca7,801,0.0,0.7997195004226063,0.0,0.5379904969400358,0.0,0.7997195004226063,0.5379904969400358,0.0,0.0,143,2,196,5,
B0_apdtm_cls_apdtm_features_original,bpic15_3,mix-prec,variant,IMf,inductive_miner_imf,b99875d9f62f1ca7,801,0.0,0.8166597019857156,0.0,0.4393004279395453,0.0,0.8166597019857156,0.4393004279395453,0.0,0.0,143,2,196,5,
B0_apdtm_cls_apdtm_features_original,bpic15_3,mix-simp,variant,IMf,inductive_miner_imf,b99875d9f62f1ca7,801,0.0,0.7807894458056361,0.0,0.5731579448164354,0.0,0.7807894458056361,0.5731579448164354,0.0,0.0,143,2,196,5,
B0_apdtm_cls_apdtm_features_original,bpic15_3,mix-gen,variant,IMf,inductive_miner_imf,b99875d9f62f1ca7,801,0.0,0.742579996558117,0.0,0.4744678758159452,0.0,0.742579996558117,0.4744678758159452,0.0,0.0,143,2,196,5,
B0_apdtm_cls_apdtm_features_original,bpic15_4,equal,variant,IMf,inductive_miner_imf,508c9b8c394f9b3f,801,0.0,0.7570912404815519,0.0,0.5004532568394435,0.0,0.7570912404815519,0.5004532568394435,0.0,0.0,150,2,196,5,
B0_apdtm_cls_apdtm_features_original,bpic15_4,fitn,variant,IMf,inductive_miner_imf,508c9b8c394f9b3f,801,0.0,1.0,0.0,1.0,0.0,1.0,1.0,0.0,0.0,150,2,196,5,
B0_apdtm_cls_apdtm_features_original,bpic15_4,prec,variant,IMf,inductive_miner_imf,508c9b8c394f9b3f,801,0.0,0.9771181199752628,0.0,0.0063677194723514,0.0,0.9771181199752628,0.0063677194723514,0.0,0.0,150,2,196,5,
B0_apdtm_cls_apdtm_features_original,bpic15_4,gene,variant,IMf,inductive_miner_imf,508c9b8c394f9b3f,801,0.0,0.8125621208083507,0.0,0.6484303825122886,0.0,0.8125621208083507,0.6484303825122886,0.0,0.0,150,2,196,5,
B0_apdtm_cls_apdtm_features_original,bpic15_4,simp,variant,IMf,inductive_miner_imf,508c9b8c394f9b3f,801,0.0,1.0,0.0,0.3470149253731343,0.0,1.0,0.3470149253731343,0.0,0.0,150,2,196,5,
B0_apdtm_cls_apdtm_features_original,bpic15_4,fit+pre,variant,IMf,inductive_miner_imf,508c9b8c394f9b3f,801,0.0,0.8685599938464359,0.0,0.5031838597361757,0.0,0.8685599938464359,0.5031838597361757,0.0,0.0,150,2,196,5,
B0_apdtm_cls_apdtm_features_original,bpic15_4,fit+gen,variant,IMf,inductive_miner_imf,508c9b8c394f9b3f,801,0.0,0.8717994934557993,0.0,0.8242151912561443,0.0,0.8717994934557993,0.8242151912561443,0.0,0.0,150,2,196,5,
B0_apdtm_cls_apdtm_features_original,bpic15_4,fit+sim,variant,IMf,inductive_miner_imf,508c9b8c394f9b3f,801,0.0,0.8675538703293734,0.0,0.6735074626865671,0.0,0.8675538703293734,0.6735074626865671,0.0,0.0,150,2,196,5,
B0_apdtm_cls_apdtm_features_original,bpic15_4,pre+gen,variant,IMf,inductive_miner_imf,508c9b8c394f9b3f,801,0.0,0.8247132962569865,0.0,0.32739905099232,0.0,0.8247132962569865,0.32739905099232,0.0,0.0,150,2,196,5,
B0_apdtm_cls_apdtm_features_original,bpic15_4,pre+sim,variant,IMf,inductive_miner_imf,508c9b8c394f9b3f,801,0.0,0.7904575186873295,0.0,0.17669132242274282,0.0,0.7904575186873295,0.17669132242274282,0.0,0.0,150,2,196,5,
B0_apdtm_cls_apdtm_features_original,bpic15_4,gen+sim,variant,IMf,inductive_miner_imf,508c9b8c394f9b3f,801,0.0,0.8981830671938409,0.0,0.4977226539427114,0.0,0.8981830671938409,0.4977226539427114,0.0,0.0,150,2,196,5,
B0_apdtm_cls_apdtm_features_original,bpic15_4,mix-fit,variant,IMf,inductive_miner_imf,508c9b8c394f9b3f,801,0.0,0.7881543306724185,0.0,0.5361563391675611,0.0,0.7881543306724185,0.5361563391675611,0.0,0.0,150,2,196,5,
B0_apdtm_cls_apdtm_features_original,bpic15_4,mix-prec,variant,IMf,inductive_miner_imf,508c9b8c394f9b3f,801,0.0,0.8064338134647024,0.0,0.4317776950799404,0.0,0.8064338134647024,0.4317776950799404,0.0,0.0,150,2,196,5,
B0_apdtm_cls_apdtm_features_original,bpic15_4,mix-simp,variant,IMf,inductive_miner_imf,508c9b8c394f9b3f,801,0.0,0.7784157949851235,0.0,0.5691288185989466,0.0,0.7784157949851235,0.5691288185989466,0.0,0.0,150,2,196,5,
B0_apdtm_cls_apdtm_features_original,bpic15_4,mix-gen,variant,IMf,inductive_miner_imf,508c9b8c394f9b3f,801,0.0,0.7260281502906851,0.0,0.46475017451132605,0.0,0.7260281502906851,0.46475017451132605,0.0,0.0,150,2,196,5,
B0_apdtm_cls_apdtm_features_original,bpic15_5,equal,variant,IMf,inductive_miner_imf,7dbd84574fcdda7f,801,0.0,0.7432661612580866,0.0,0.49803037626811336,0.0,0.7432661612580866,0.49803037626811336,0.0,0.0,147,2,196,5,
B0_apdtm_cls_apdtm_features_original,bpic15_5,fitn,variant,IMf,inductive_miner_imf,7dbd84574fcdda7f,801,0.0,1.0,0.0,1.0,0.0,1.0,1.0,0.0,0.0,147,2,196,5,
B0_apdtm_cls_apdtm_features_original,bpic15_5,prec,variant,IMf,inductive_miner_imf,7dbd84574fcdda7f,801,0.0,0.9914236706689536,0.0,0.0050756012401533,0.0,0.9914236706689536,0.0050756012401533,0.0,0.0,147,2,196,5,
B0_apdtm_cls_apdtm_features_original,bpic15_5,gene,variant,IMf,inductive_miner_imf,7dbd84574fcdda7f,801,0.0,0.8420322364834529,0.0,0.6480339787897107,0.0,0.8420322364834529,0.6480339787897107,0.0,0.0,147,2,196,5,
B0_apdtm_cls_apdtm_features_original,bpic15_5,simp,variant,IMf,inductive_miner_imf,7dbd84574fcdda7f,801,0.0,1.0,0.0,0.3390119250425894,0.0,1.0,0.3390119250425894,0.0,0.0,147,2,196,5,
B0_apdtm_cls_apdtm_features_original,bpic15_5,fit+pre,variant,IMf,inductive_miner_imf,7dbd84574fcdda7f,801,0.0,0.8302814710249038,0.0,0.5025378006200767,0.0,0.8302814710249038,0.5025378006200767,0.0,0.0,147,2,196,5,
B0_apdtm_cls_apdtm_features_original,bpic15_5,fit+gen,variant,IMf,inductive_miner_imf,7dbd84574fcdda7f,801,0.0,0.8491470544465778,0.0,0.8240169893948553,0.0,0.8491470544465778,0.8240169893948553,0.0,0.0,147,2,196,5,
B0_apdtm_cls_apdtm_features_original,bpic15_5,fit+sim,variant,IMf,inductive_miner_imf,7dbd84574fcdda7f,801,0.0,0.8492461162887588,0.0,0.6695059625212947,0.0,0.8492461162887588,0.6695059625212947,0.0,0.0,147,2,196,5,
B0_apdtm_cls_apdtm_features_original,bpic15_5,pre+gen,variant,IMf,inductive_miner_imf,7dbd84574fcdda7f,801,0.0,0.8116192280976056,0.0,0.326554790014932,0.0,0.8116192280976056,0.326554790014932,0.0,0.0,147,2,196,5,
B0_apdtm_cls_apdtm_features_original,bpic15_5,pre+sim,variant,IMf,inductive_miner_imf,7dbd84574fcdda7f,801,0.0,0.7827816467542539,0.0,0.17204376314137138,0.0,0.7827816467542539,0.17204376314137138,0.0,0.0,147,2,196,5,
B0_apdtm_cls_apdtm_features_original,bpic15_5,gen+sim,variant,IMf,inductive_miner_imf,7dbd84574fcdda7f,801,0.0,0.9210161182417265,0.0,0.49352295191615003,0.0,0.9210161182417265,0.49352295191615003,0.0,0.0,147,2,196,5,
B0_apdtm_cls_apdtm_features_original,bpic15_5,mix-fit,variant,IMf,inductive_miner_imf,7dbd84574fcdda7f,801,0.0,0.7619159908588385,0.0,0.534128463259535,0.0,0.7619159908588385,0.534128463259535,0.0,0.0,147,2,196,5,
B0_apdtm_cls_apdtm_features_original,bpic15_5,mix-prec,variant,IMf,inductive_miner_imf,7dbd84574fcdda7f,801,0.0,0.7845385057794597,0.0,0.43034162663723335,0.0,0.7845385057794597,0.43034162663723335,0.0,0.0,147,2,196,5,
B0_apdtm_cls_apdtm_features_original,bpic15_5,mix-simp,variant,IMf,inductive_miner_imf,7dbd84574fcdda7f,801,0.0,0.7677189214161869,0.0,0.5657191258989932,0.0,0.7677189214161869,0.5657191258989932,0.0,0.0,147,2,196,5,
B0_apdtm_cls_apdtm_features_original,bpic15_5,mix-gen,variant,IMf,inductive_miner_imf,7dbd84574fcdda7f,801,0.0,0.7246163316573346,0.0,0.4619322892766918,0.0,0.7246163316573346,0.4619322892766918,0.0,0.0,147,2,196,5,
B0_apdtm_cls_apdtm_features_original,hospital_billing,equal,variant,IM,inductive_miner_im,d281a0841299287f,801,0.7728985458636999,0.8734035144022313,0.0,0.7728985458636999,0.7080210029131718,0.10050496853853141,0.0,0.8849272222045977,1.0,93,1,196,5,
B0_apdtm_cls_apdtm_features_original,hospital_billing,fitn,variant,IM,inductive_miner_im,d281a0841299287f,801,1.0,1.0,0.0,1.0,0.6797553093982478,0.0,0.0,1.0,1.0,1,1,196,5,
B0_apdtm_cls_apdtm_features_original,hospital_billing,prec,variant,IM,inductive_miner_im,d281a0841299287f,801,0.5304980616975126,1.0,0.0,0.9123900422661322,0.3867395245470101,0.46950193830248743,0.3818919805686196,0.5304980616975126,0.2734869125104123,142,2,196,5,
B0_apdtm_cls_apdtm_features_original,hospital_billing,gene,variant,IM,inductive_miner_im,d281a0841299287f,801,0.9349278974582218,0.974570314262808,0.0,0.9406716490462892,0.7467548005194038,0.039642416804586245,0.005743751588067392,0.9593231845620366,0.970380337594693,14,2,196,5,
B0_apdtm_cls_apdtm_features_original,hospital_billing,simp,variant,IM,inductive_miner_im,d281a0841299287f,801,0.6261682242990655,1.0,0.0,1.0,0.4729241877256318,0.3738317757009345,0.3738317757009345,0.6261682242990655,0.2907438228139804,24,2,196,5,
B0_apdtm_cls_apdtm_features_original,hospital_billing,fit+pre,variant,IM,inductive_miner_im,d281a0841299287f,801,0.7652490308487563,0.9891405829759681,0.0,0.9148592576033847,0.5332474169726289,0.2238915521272118,0.14961022675462843,0.7736504234275752,0.6079518221778921,135,2,196,5,
B0_apdtm_cls_apdtm_features_original,hospital_billing,fit+gen,variant,IM,inductive_miner_im,d281a0841299287f,801,0.9674639487291109,0.9872657861978589,0.0,0.9703358245231446,0.7961812639516811,0.019801837468747974,0.002871875794033696,0.9799427492114272,0.9835096147662741,10,2,196,5,
B0_apdtm_cls_apdtm_features_original,hospital_billing,fit+sim,variant,IM,inductive_miner_im,d281a0841299287f,801,0.8130841121495327,0.8398776546991239,0.0,0.8398776546991239,0.6951263303331345,0.02679354254959121,0.02679354254959121,0.9680982790771,0.8148994997666039,12,2,196,5,
B0_apdtm_cls_apdtm_features_original,hospital_billing,pre+gen,variant,IM,inductive_miner_im,d281a0841299287f,801,0.7327129795778672,0.9583893297505974,0.0,0.829572421392768,0.6496733715260623,0.22567635017273024,0.0968594418149008,0.7645253936294781,0.4615900312610445,138,2,196,5,
B0_apdtm_cls_apdtm_features_original,hospital_billing,pre+sim,variant,IM,inductive_miner_im,d281a0841299287f,801,0.578333142998289,0.8030539885899708,0.0,0.6933697622735051,0.4457061813031991,0.22472084559168182,0.11503661927521613,0.7201672007304836,0.5355125738531229,142,3,196,5,
B0_apdtm_cls_apdtm_features_original,hospital_billing,gen+sim,variant,IM,inductive_miner_im,d281a0841299287f,801,0.7805480608786437,0.9594156800838197,0.0,0.9563036092525572,0.6098394941225178,0.17886761920517602,0.1757555483739135,0.8135660872359839,0.4927164439297078,16,2,196,5,
B0_apdtm_cls_apdtm_features_original,hospital_billing,mix-fit,variant,IM,inductive_miner_im,d281a0841299287f,801,0.7778758531148892,0.8999403930024692,0.0,0.8099087194531612,0.6791847029739135,0.12206453988758004,0.03203286633827207,0.864363750269797,0.7549580620225416,119,2,196,5,
B0_apdtm_cls_apdtm_features_original,hospital_billing,mix-prec,variant,IM,inductive_miner_im,d281a0841299287f,801,0.7552944163463778,0.9266041872906543,0.0,0.8197405704229646,0.6644290372499877,0.17130977094427646,0.06444615407658671,0.8151208754568896,0.585052360504288,128,2,196,5,
B0_apdtm_cls_apdtm_features_original,hospital_billing,mix-simp,variant,IM,inductive_miner_im,d281a0841299287f,801,0.7905026753810218,0.8448731726232275,0.0,0.8251219889751983,0.704958181302938,0.05437049724220566,0.03461931359417647,0.9356465573721652,0.7118989963384099,37,2,196,5,
B0_apdtm_cls_apdtm_features_original,hospital_billing,mix-gen,variant,IM,inductive_miner_im,d281a0841299287f,801,0.7679212386125109,0.8574303226558113,0.0,0.8103663232512726,0.7045511321397954,0.08950908404330038,0.04244508463876162,0.8956077459844735,0.5988753203304678,76,2,196,5,
B0_apdtm_cls_apdtm_features_original,road_traffic_fines,equal,variant,IM,inductive_miner_im,bc38a80ef2ff6b06,801,0.7953185937601113,0.9091484776358276,0.0,0.8472976270289231,0.7357034000201228,0.11382988387571635,0.051979033268811814,0.8747950563897743,0.5342139583554554,140,2,196,5,
B0_apdtm_cls_apdtm_features_original,road_traffic_fines,fitn,variant,IM,inductive_miner_im,bc38a80ef2ff6b06,801,1.0,1.0,0.0,1.0,0.637766272135165,0.0,0.0,1.0,1.0,1,1,196,5,
B0_apdtm_cls_apdtm_features_original,road_traffic_fines,prec,variant,IM,inductive_miner_im,bc38a80ef2ff6b06,801,0.5822525881810321,1.0,0.0,0.9913926579538832,0.5080563293025482,0.4177474118189679,0.4091400697728511,0.5822525881810321,0.15350854980323023,164,3,196,5,
B0_apdtm_cls_apdtm_features_original,road_traffic_fines,gene,variant,IM,inductive_miner_im,bc38a80ef2ff6b06,801,0.9752594106217892,0.9916370973254746,0.0,0.988255529682136,0.9232130142183954,0.016377686703685335,0.012996119060346811,0.9834841932115516,0.8001903990384293,25,3,196,5,
B0_apdtm_cls_apdtm_features_original,road_traffic_fines,simp,variant,IM,inductive_miner_im,bc38a80ef2ff6b06,801,0.6237623762376238,0.8,0.0,0.6571428571428571,0.5135135135135136,0.17623762376237628,0.03338048090523338,0.7797029702970296,0.7675928883210901,66,2,196,5,
B0_apdtm_cls_apdtm_features_original,road_traffic_fines,fit+pre,variant,IM,inductive_miner_im,bc38a80ef2ff6b06,801,0.791126294090516,0.9901742494392978,0.0,0.9598795032511696,0.6500603519943688,0.19904795534878172,0.1687532091606535,0.7989768412362815,0.4553170503627823,158,2,196,5,
B0_apdtm_cls_apdtm_features_original,road_traffic_fines,fit+gen,variant,IM,inductive_miner_im,bc38a80ef2ff6b06,801,0.9876297053108947,0.9953412031561973,0.0,0.994127764841068,0.8116581555420307,0.007711497845302673,0.00649805953017335,0.992252407696125,0.9643882641326638,9,2,196,5,
B0_apdtm_cls_apdtm_features_original,road_traffic_fines,fit+sim,variant,IM,inductive_miner_im,bc38a80ef2ff6b06,801,0.8118811881188119,0.869886942078606,0.0,0.8118811881188119,0.6474545646390111,0.058005753959794015,0.0,0.9333180541586376,1.0,17,1,196,5,
B0_apdtm_cls_apdtm_features_original,road_traffic_fines,pre+gen,variant,IM,inductive_miner_im,bc38a80ef2ff6b06,801,0.7787559994014106,0.9899221054016767,0.0,0.9573028360861393,0.7481559294923421,0.21116610600026609,0.1785468366847287,0.7866841190352224,0.1463089768212523,169,3,196,5,
B0_apdtm_cls_apdtm_features_original,road_traffic_fines,pre+sim,variant,IM,inductive_miner_im,bc38a80ef2ff6b06,801,0.6030074822093279,0.8710629687671056,0.0,0.7688055726744205,0.5107849214080309,0.2680554865577778,0.16579809046509264,0.6922662354282136,0.35742317658939304,163,3,196,5,
B0_apdtm_cls_apdtm_features_original,road_traffic_fines,gen+sim,variant,IM,inductive_miner_im,bc38a80ef2ff6b06,801,0.7995108934297065,0.8875669341178665,0.0,0.8213464480458768,0.7347157508066766,0.08805604068815998,0.02183555461617026,0.900789408321439,0.747946682734423,47,2,196,5,
B0_apdtm_cls_apdtm_features_original,road_traffic_fines,mix-fit,variant,IM,inductive_miner_im,bc38a80ef2ff6b06,801,0.7969541927640134,0.917489504487446,0.0,0.8703293357063786,0.683796413733599,0.12053531172343268,0.07337514294236525,0.8686248604110522,0.6066370366885008,152,2,196,5,
B0_apdtm_cls_apdtm_features_original,road_traffic_fines,mix-prec,variant,IM,inductive_miner_im,bc38a80ef2ff6b06,801,0.7878550960827118,0.9485628625742423,0.0,0.9138160858962587,0.7510505419770113,0.1607077664915305,0.12596098981354698,0.8305776318762931,0.2261200572275927,159,2,196,5,
B0_apdtm_cls_apdtm_features_original,road_traffic_fines,mix-simp,variant,IM,inductive_miner_im,bc38a80ef2ff6b06,801,0.8027820914375106,0.8891275547093468,0.0,0.8027820914375106,0.717532475472829,0.08634546327183623,0.0,0.9028874284521952,1.0,73,1,196,5,
B0_apdtm_cls_apdtm_features_original,road_traffic_fines,mix-gen,variant,IM,inductive_miner_im,bc38a80ef2ff6b06,801,0.7936829947562092,0.9083681673400874,0.0,0.8242659183514679,0.750967531787418,0.11468517258387823,0.030582923595258715,0.873745936166276,0.5827612990016549,119,2,196,5,
B0_apdtm_cls_apdtm_features_original,sepsis,equal,variant,AM,alpha_miner_classic,3cde4651154418a0,800,0.5249929107876445,0.835724100545018,0.0,0.7189961247213809,0.5249929107876445,0.31073118975737346,0.19400321393373632,0.6281892677802041,0.0,181,5,196,5,
B0_apdtm_cls_apdtm_features_original,sepsis,fitn,variant,AM,alpha_miner_classic,3cde4651154418a0,800,0.2658896119719338,1.0,0.0,1.0,0.2658896119719338,0.7341103880280662,0.7341103880280662,0.2658896119719338,0.0,181,5,196,5,
B0_apdtm_cls_apdtm_features_original,sepsis,prec,variant,AM,alpha_miner_classic,3cde4651154418a0,800,0.4426422388436003,1.0,0.0,0.7033112582781457,0.179251018798475,0.5573577611563997,0.26066901943454535,0.4426422388436003,0.5025972210878684,148,2,196,5,
B0_apdtm_cls_apdtm_features_original,sepsis,gene,variant,AM,alpha_miner_classic,3cde4651154418a0,800,0.9131789227698268,0.9290801678868448,0.0,0.9266596408851776,0.841792203394476,0.01590124511701796,0.013480718115350787,0.9828849590523661,0.84115558906998,15,2,196,5,
B0_apdtm_cls_apdtm_features_original,sepsis,simp,variant,AM,alpha_miner_classic,3cde4651154418a0,800,0.4782608695652174,0.7567567567567567,0.0,0.6223776223776223,0.4331983805668016,0.2784958871915393,0.14411675281240488,0.6319875776397517,0.23819996616477782,138,3,196,5,
B0_apdtm_cls_apdtm_features_original,sepsis,fit+pre,variant,AM,alpha_miner_classic,3cde4651154418a0,800,0.354265925407767,0.9487189551442285,0.0,0.8004969574621229,0.354265925407767,0.5944530297364615,0.4462310320543559,0.3734150387602511,0.0,181,5,196,5,
B0_apdtm_cls_apdtm_features_original,sepsis,fit+gen,variant,AM,alpha_miner_classic,3cde4651154418a0,800,0.5895342673708803,0.9633298204425889,0.0,0.9633298204425889,0.5895342673708803,0.37379555307170853,0.37379555307170853,0.611975519557805,0.0,181,5,196,5,
B0_apdtm_cls_apdtm_features_original,sepsis,fit+sim,variant,AM,alpha_miner_classic,3cde4651154418a0,800,0.37207524076857557,0.8140244733789898,0.0,0.8111888111888111,0.37207524076857557,0.4419492326104142,0.4391135704202356,0.45708114797102234,0.0,181,5,196,5,
B0_apdtm_cls_apdtm_features_original,sepsis,pre+gen,variant,AM,alpha_miner_classic,3cde4651154418a0,800,0.6779105808067136,0.9381130457761724,0.0,0.7725517308363108,0.5529553298418263,0.26020246496945876,0.09464115002959717,0.72263207921368,0.5690223081935928,140,2,196,5,
B0_apdtm_cls_apdtm_features_original,sepsis,pre+sim,variant,AM,alpha_miner_classic,3cde4651154418a0,800,0.46045155420440886,0.8491941359263719,0.0,0.5682548194224737,0.3168982366719647,0.3887425817219631,0.10780326521806483,0.5422217779472887,0.57111421535728,160,2,196,5,
B0_apdtm_cls_apdtm_features_original,sepsis,gen+sim,variant,AM,alpha_miner_classic,3cde4651154418a0,800,0.6957198961675222,0.8216829410862796,0.0,0.7624155479965967,0.6374952919806388,0.12596304491875743,0.06669565182907455,0.8467011561025813,0.4660941791493404,76,3,196,5,
B0_apdtm_cls_apdtm_features_original,sepsis,mix-fit,variant,AM,alpha_miner_classic,3cde4651154418a0,800,0.4261185826318798,0.8604442533384715,0.0,0.7408853365946917,0.4261185826318798,0.4343256707065917,0.3147667539628119,0.4952309007568655,0.0,181,5,196,5,
B0_apdtm_cls_apdtm_features_original,sepsis,mix-prec,variant,AM,alpha_miner_classic,3cde4651154418a0,800,0.5520145817192966,0.8992786495573217,0.0,0.7567185337155011,0.5520145817192966,0.3472640678380251,0.2047039519962045,0.6138415295315094,0.0,181,5,196,5,
B0_apdtm_cls_apdtm_features_original,sepsis,mix-simp,variant,AM,alpha_miner_classic,3cde4651154418a0,800,0.4979712398559925,0.7905131280697297,0.0,0.7552038190935039,0.4979712398559925,0.2925418882137372,0.25723257923751136,0.6299341809438835,0.0,181,5,196,5,
B0_apdtm_cls_apdtm_features_original,sepsis,mix-gen,variant,AM,alpha_miner_classic,3cde4651154418a0,800,0.6238672389434095,0.8286673700233692,0.0,0.6992188269981966,0.6238672389434095,0.20480013107995976,0.07535158805478714,0.7528560451533355,0.0,171,5,196,5,
B1_apdtm_cls_apdtm_features_original_plus_cash_real,bpi2013_closed_problems,equal,variant,IM,inductive_miner_im,8f8f99e301cae23f,815,0.8326648346142267,0.9163782860150957,0.0,0.8856717323021799,0.7989866614480718,0.08371345140086905,0.05300689768795319,0.90864749560479,0.3885118029474256,104,3,196,5,
B1_apdtm_cls_apdtm_features_original_plus_cash_real,bpi2013_closed_problems,fitn,variant,IM,inductive_miner_im,8f8f99e301cae23f,815,1.0,1.0,0.0,1.0,0.6403632397723371,0.0,0.0,1.0,1.0,1,1,196,5,
B1_apdtm_cls_apdtm_features_original_plus_cash_real,bpi2013_closed_problems,prec,variant,IM,inductive_miner_im,8f8f99e301cae23f,815,0.793213587855103,1.0,0.0,1.0,0.7923798798798799,0.206786412144897,0.206786412144897,0.793213587855103,0.004015545192540772,185,3,196,5,
B1_apdtm_cls_apdtm_features_original_plus_cash_real,bpi2013_closed_problems,gene,variant,IM,inductive_miner_im,8f8f99e301cae23f,815,0.8770683921112377,0.9751741745874558,0.0,0.9417621438127408,0.7139696253234955,0.09810578247621815,0.06469375170150315,0.8993966564816778,0.7159970304092427,50,3,196,5,
B1_apdtm_cls_apdtm_features_original_plus_cash_real,bpi2013_closed_problems,simp,variant,IM,inductive_miner_im,8f8f99e301cae23f,815,0.6603773584905661,1.0,0.0,1.0,0.6190476190476191,0.3396226415094339,0.3396226415094339,0.6603773584905661,0.10849056603773599,171,3,196,5,
B1_apdtm_cls_apdtm_features_original_plus_cash_real,bpi2013_closed_problems,fit+pre,variant,IM,inductive_miner_im,8f8f99e301cae23f,815,0.8966067939275515,0.9833244744389686,0.0,0.9314647007105864,0.8201816198861686,0.08671768051141715,0.03485790678303491,0.9118117338014051,0.6867636434505833,85,2,196,5,
B1_apdtm_cls_apdtm_features_original_plus_cash_real,bpi2013_closed_problems,fit+gen,variant,IM,inductive_miner_im,8f8f99e301cae23f,815,0.9385341960556188,0.9768396200213343,0.0,0.9708810719063704,0.7713434646043598,0.03830542396571546,0.03234687585075158,0.9607863735452511,0.8378908302644279,24,2,196,5,
B1_apdtm_cls_apdtm_features_original_plus_cash_real,bpi2013_closed_problems,fit+sim,variant,IM,inductive_miner_im,8f8f99e301cae23f,815,0.8301886792452831,0.8813768133238105,0.0,0.8421052631578947,0.8067735718489487,0.0511881340785274,0.011916583912611634,0.9419225315384814,0.6627225170623418,53,2,196,5,
B1_apdtm_cls_apdtm_features_original_plus_cash_real,bpi2013_closed_problems,pre+gen,variant,IM,inductive_miner_im,8f8f99e301cae23f,815,0.8351409899831703,0.9873630729568104,0.0,0.9511618447181912,0.791199751047195,0.15222208297364004,0.11602085473502088,0.8458296779139333,0.27469782326275355,158,3,196,5,
B1_apdtm_cls_apdtm_features_original_plus_cash_real,bpi2013_closed_problems,pre+sim,variant,IM,inductive_miner_im,8f8f99e301cae23f,815,0.7267954731728345,1.0,0.0,1.0,0.7267954731728345,0.27320452682716545,0.27320452682716545,0.7267954731728345,0.0,181,4,196,5,
B1_apdtm_cls_apdtm_features_original_plus_cash_real,bpi2013_closed_problems,gen+sim,variant,IM,inductive_miner_im,8f8f99e301cae23f,815,0.7687228753009019,0.9875870872937279,0.0,0.9511618447181912,0.6665086221855573,0.21886421199282602,0.18243896941728932,0.7783848991053773,0.3590834215959958,148,3,196,5,
B1_apdtm_cls_apdtm_features_original_plus_cash_real,bpi2013_closed_problems,mix-fit,variant,IM,inductive_miner_im,8f8f99e301cae23f,815,0.8577463872657678,0.9341168759050021,0.0,0.8687322836083959,0.8463776648525732,0.07637048863923435,0.010985896342628143,0.91824311217454,0.5085625721187211,84,2,196,5,
B1_apdtm_cls_apdtm_features_original_plus_cash_real,bpi2013_closed_problems,mix-prec,variant,IM,inductive_miner_im,8f8f99e301cae23f,815,0.846443688624469,0.9478472946591554,0.0,0.898769754785382,0.8223675051402238,0.10140360603468646,0.052326066160913065,0.8930169378484631,0.31512401265753687,108,3,196,5,
B1_apdtm_cls_apdtm_features_original_plus_cash_real,bpi2013_closed_problems,mix-simp,variant,IM,inductive_miner_im,8f8f99e301cae23f,815,0.8188859806039843,0.8876203584183078,0.0,0.8725737098189776,0.7756058177559197,0.06873437781432346,0.05368772921499332,0.9225633153155652,0.44633498704828634,71,3,196,5,
B1_apdtm_cls_apdtm_features_original_plus_cash_real,bpi2013_closed_problems,mix-gen,variant,IM,inductive_miner_im,8f8f99e301cae23f,815,0.8075832819626856,0.9265291608189077,0.0,0.9249657997517868,0.7444380636628907,0.1189458788562221,0.11738251778910125,0.8716220882340148,0.34978125615390593,147,3,196,5,
B1_apdtm_cls_apdtm_features_original_plus_cash_real,bpi2013_incidents,equal,variant,IM,inductive_miner_im,1d6773312dd28578,815,0.7909074147300356,0.9227713113840779,0.0,0.8512319772476271,0.6771578170832514,0.1318638966540423,0.06032456251759155,0.8571001340990351,0.6534548122442301,150,3,196,5,
B1_apdtm_cls_apdtm_features_original_plus_cash_real,bpi2013_incidents,fitn,variant,IM,inductive_miner_im,1d6773312dd28578,815,1.0,1.0,0.0,1.0,0.2261167659340351,0.0,0.0,1.0,1.0,1,1,196,5,
B1_apdtm_cls_apdtm_features_original_plus_cash_real,bpi2013_incidents,prec,variant,IM,inductive_miner_im,1d6773312dd28578,815,0.6258308214735396,1.0,0.0,0.8850810072924525,0.6000158860441103,0.37416917852646037,0.2592501858189129,0.6258308214735396,0.09055802869317,168,2,196,5,
B1_apdtm_cls_apdtm_features_original_plus_cash_real,bpi2013_incidents,gene,variant,IM,inductive_miner_im,1d6773312dd28578,815,0.871132170779936,0.9924026869731328,0.0,0.9374222306098524,0.871132170779936,0.12127051619319684,0.06629005982991643,0.8778011005158837,0.0,149,4,196,5,
B1_apdtm_cls_apdtm_features_original_plus_cash_real,bpi2013_incidents,simp,variant,IM,inductive_miner_im,1d6773312dd28578,815,0.6666666666666666,1.0,0.0,1.0,0.6216216216216216,0.33333333333333337,0.33333333333333337,0.6666666666666666,0.119047619047619,110,3,196,5,
B1_apdtm_cls_apdtm_features_original_plus_cash_real,bpi2013_incidents,fit+pre,variant,IM,inductive_miner_im,1d6773312dd28578,815,0.8129154107367698,0.9765794350540196,0.0,0.9404450614048587,0.41306632598907267,0.1636640243172498,0.12752965066808897,0.8324109453439426,0.7581820386300854,100,2,196,5,
B1_apdtm_cls_apdtm_features_original_plus_cash_real,bpi2013_incidents,fit+gen,variant,IM,inductive_miner_im,1d6773312dd28578,815,0.935566085389968,0.9948630084104291,0.0,0.9687111153049262,0.5543076911444477,0.05929692302046108,0.03314502991495816,0.9403968963373114,0.9200174805936867,60,3,196,5,
B1_apdtm_cls_apdtm_features_original_plus_cash_real,bpi2013_incidents,fit+sim,variant,IM,inductive_miner_im,1d6773312dd28578,815,0.8333333333333333,0.8762171658937965,0.0,0.8421052631578947,0.6130583829670175,0.04288383256046324,0.00877192982456143,0.9510579862736208,0.9617024697422147,24,2,196,5,
B1_apdtm_cls_apdtm_features_original_plus_cash_real,bpi2013_incidents,pre+gen,variant,IM,inductive_miner_im,1d6773312dd28578,815,0.7484814961267379,0.9962013434865664,0.0,0.893748585925811,0.7412572511994853,0.24771984735982855,0.1452670897990731,0.7513355618525434,0.04737478978866479,170,3,196,5,
B1_apdtm_cls_apdtm_features_original_plus_cash_real,bpi2013_incidents,pre+sim,variant,IM,inductive_miner_im,1d6773312dd28578,815,0.6462487440701031,1.0,0.0,0.8000079430220551,0.6462487440701031,0.35375125592989687,0.153759198951952,0.6462487440701031,0.0,173,4,196,5,
B1_apdtm_cls_apdtm_features_original_plus_cash_real,bpi2013_incidents,gen+sim,variant,IM,inductive_miner_im,1d6773312dd28578,815,0.7688994187233014,0.9962013434865664,0.0,0.94124930817743,0.7620188930903955,0.22730192476326505,0.17234988945412866,0.771831340873583,0.03838927466392728,165,3,196,5,
B1_apdtm_cls_apdtm_features_original_plus_cash_real,bpi2013_incidents,mix-fit,variant,IM,inductive_miner_im,1d6773312dd28578,815,0.8081957968533888,0.9349837317539983,0.0,0.8784138891748832,0.5587013338223332,0.12678793490060947,0.07021809232149434,0.8643955711798754,0.7803711767150833,99,3,196,5,
B1_apdtm_cls_apdtm_features_original_plus_cash_real,bpi2013_incidents,mix-prec,variant,IM,inductive_miner_im,1d6773312dd28578,815,0.778338646490063,0.9521545943141786,0.0,0.8860812375503468,0.6499792925109091,0.17381594782411558,0.10774259106028383,0.8174498670047248,0.5436607223109201,150,3,196,5,
B1_apdtm_cls_apdtm_features_original_plus_cash_real,bpi2013_incidents,mix-simp,variant,IM,inductive_miner_im,1d6773312dd28578,815,0.8034761829700079,0.893388028453977,0.0,0.8237417114451061,0.7043363416555937,0.08991184548396913,0.020265528475098216,0.8993585736317028,0.8302795886749293,95,3,196,5,
B1_apdtm_cls_apdtm_features_original_plus_cash_real,bpi2013_incidents,mix-gen,variant,IM,inductive_miner_im,1d6773312dd28578,815,0.7736190326066823,0.9176337438459292,0.0,0.8240500653203712,0.7736190326066823,0.14401471123924692,0.05043103271368887,0.8430586143926427,0.0,171,4,196,5,
B1_apdtm_cls_apdtm_features_original_plus_cash_real,bpi2013_open_problems,equal,variant,IM,inductive_miner_im,16728b2313b05e00,816,0.8830533310680836,0.9162455491114012,0.0,0.9162455491114012,0.7971612190845068,0.03319221804331762,0.03319221804331762,0.9637736651757727,0.7212713206194185,21,2,196,5,
B1_apdtm_cls_apdtm_features_original_plus_cash_real,bpi2013_open_problems,fitn,variant,IM,inductive_miner_im,16728b2313b05e00,816,1.0,1.0,0.0,1.0,0.5167192429022083,0.0,0.0,1.0,1.0,1,1,196,5,
B1_apdtm_cls_apdtm_features_original_plus_cash_real,bpi2013_open_problems,prec,variant,IM,inductive_miner_im,16728b2313b05e00,816,0.9065645824471856,1.0,0.0,1.0,0.9065645824471856,0.09343541755281437,0.09343541755281437,0.9065645824471856,0.0,170,4,196,5,
B1_apdtm_cls_apdtm_features_original_plus_cash_real,bpi2013_open_problems,gene,variant,IM,inductive_miner_im,16728b2313b05e00,816,0.933341049517457,0.9656228232165908,0.0,0.96197551956781,0.8611132579521872,0.032281773699133764,0.028634470050353023,0.9665689615831575,0.7161032323518933,64,3,196,5,
B1_apdtm_cls_apdtm_features_original_plus_cash_real,bpi2013_open_problems,simp,variant,IM,inductive_miner_im,16728b2313b05e00,816,0.6923076923076922,1.0,0.0,0.7391304347826086,0.625,0.3076923076923078,0.04682274247491647,0.6923076923076922,0.5897435897435889,97,3,196,5,
B1_apdtm_cls_apdtm_features_original_plus_cash_real,bpi2013_open_problems,fit+pre,variant,IM,inductive_miner_im,16728b2313b05e00,816,0.9532822912235928,0.9819381210475933,0.0,0.9819381210475933,0.7583596214511041,0.0286558298240005,0.0286558298240005,0.9708170716567877,0.871831012929606,44,3,196,5,
B1_apdtm_cls_apdtm_features_original_plus_cash_real,bpi2013_open_problems,fit+gen,variant,IM,inductive_miner_im,16728b2313b05e00,816,0.9666705247587285,0.9828114116082953,0.0,0.975860335679935,0.7371795810261562,0.016140886849566827,0.00918981092120652,0.9835768219020234,0.96149747835959,18,2,196,5,
B1_apdtm_cls_apdtm_features_original_plus_cash_real,bpi2013_open_problems,fit+sim,variant,IM,inductive_miner_im,16728b2313b05e00,816,0.846153846153846,0.8644377932873344,0.0,0.8644377932873344,0.6155024785939613,0.018283947133488354,0.018283947133488354,0.9788487416035374,0.9265514129403067,3,2,196,5,
B1_apdtm_cls_apdtm_features_original_plus_cash_real,bpi2013_open_problems,pre+gen,variant,IM,inductive_miner_im,16728b2313b05e00,816,0.9199528159823214,0.9793652708841788,0.0,0.9788199595750521,0.9115847807508795,0.059412454901857426,0.05886714359273071,0.939335754832087,0.12445918011648706,69,3,196,5,
B1_apdtm_cls_apdtm_features_original_plus_cash_real,bpi2013_open_problems,pre+sim,variant,IM,inductive_miner_im,16728b2313b05e00,816,0.7994361373774389,0.9951923076923077,0.0,0.8571428571428572,0.7935281517747859,0.1957561703148688,0.0577067197654183,0.8032981477029337,0.09287138199367188,147,3,196,5,
B1_apdtm_cls_apdtm_features_original_plus_cash_real,bpi2013_open_problems,gen+sim,variant,IM,inductive_miner_im,16728b2313b05e00,816,0.8128243709125746,0.9788199595750521,0.0,0.8505529771752094,0.7430566289760936,0.16599558866247743,0.037728606262634745,0.8304125421241478,0.6490242980835969,58,3,196,5,
B1_apdtm_cls_apdtm_features_original_plus_cash_real,bpi2013_open_problems,mix-fit,variant,IM,inductive_miner_im,16728b2313b05e00,816,0.9037650181474399,0.9321610267210647,0.0,0.9321610267210647,0.7453088319330367,0.028396008573624787,0.028396008573624787,0.9695374428241121,0.8480295690086046,29,2,196,5,
B1_apdtm_cls_apdtm_features_original_plus_cash_real,bpi2013_open_problems,mix-prec,variant,IM,inductive_miner_im,16728b2313b05e00,816,0.9118589170648803,0.9501071658282663,0.0,0.9501071658282663,0.8620643957540441,0.03824824876338595,0.03824824876338595,0.959743226723227,0.5655719517781894,46,2,196,5,
B1_apdtm_cls_apdtm_features_original_plus_cash_real,bpi2013_open_problems,mix-simp,variant,IM,inductive_miner_im,16728b2313b05e00,816,0.8542477450712869,0.8823839323945362,0.0,0.8823839323945362,0.7322580424149691,0.028136187323249295,0.028136187323249295,0.9681134409973947,0.812582710902971,13,2,196,5,
B1_apdtm_cls_apdtm_features_original_plus_cash_real,bpi2013_open_problems,mix-gen,variant,IM,inductive_miner_im,16728b2313b05e00,816,0.8623416439887276,0.9253321454132266,0.0,0.9003300715017378,0.823835292661598,0.06299050142449902,0.03798842751301024,0.931926604153183,0.5033853540200546,50,2,196,5,
B1_apdtm_cls_apdtm_features_original_plus_cash_real,bpi2017,equal,variant,AM,alpha_miner_classic,9a9cd65c1066e3fa,816,0.5001675983519174,0.8802301190425359,0.0,0.7897159833979309,0.5001675983519174,0.3800625206906185,0.28954838504601355,0.5682236809801182,0.0,176,5,196,5,
B1_apdtm_cls_apdtm_features_original_plus_cash_real,bpi2017,fitn,variant,AM,alpha_miner_classic,9a9cd65c1066e3fa,816,0.495774473479623,1.0,0.0,1.0,0.495774473479623,0.504225526520377,0.504225526520377,0.495774473479623,0.0,176,5,196,5,
B1_apdtm_cls_apdtm_features_original_plus_cash_real,bpi2017,prec,variant,AM,alpha_miner_classic,9a9cd65c1066e3fa,816,0.1259019512485154,0.9982184707429071,0.0,0.9977548056712652,0.1259019512485154,0.8723165194943918,0.8718528544227497,0.1261266495648142,0.0,176,5,196,5,
B1_apdtm_cls_apdtm_features_original_plus_cash_real,bpi2017,gene,variant,AM,alpha_miner_classic,9a9cd65c1066e3fa,816,0.9869939686795314,0.99095165942404,0.0,0.988416241415834,0.8436482021383097,0.00395769074450858,0.0014222727363025767,0.9960061717371674,0.9901755059790784,19,2,196,5,
B1_apdtm_cls_apdtm_features_original_plus_cash_real,bpi2017,simp,variant,AM,alpha_miner_classic,9a9cd65c1066e3fa,816,0.392,0.7701149425287357,0.0,0.6170212765957447,0.392,0.3781149425287357,0.22502127659574467,0.5090149253731343,0.0,165,5,196,5,
B1_apdtm_cls_apdtm_features_original_plus_cash_real,bpi2017,fit+pre,variant,AM,alpha_miner_classic,9a9cd65c1066e3fa,816,0.31083821236406917,0.9550451175767805,0.0,0.9168671249859663,0.31083821236406917,0.6442069052127113,0.6060289126218972,0.3254696627869829,0.0,176,5,196,5,
B1_apdtm_cls_apdtm_features_original_plus_cash_real,bpi2017,fit+gen,variant,AM,alpha_miner_classic,9a9cd65c1066e3fa,816,0.7413842210795771,0.9949668505231788,0.0,0.994208120707917,0.7413842210795771,0.25358262944360166,0.25282389962833984,0.7451345948759384,0.0,170,5,196,5,
B1_apdtm_cls_apdtm_features_original_plus_cash_real,bpi2017,fit+sim,variant,AM,alpha_miner_classic,9a9cd65c1066e3fa,816,0.4438872367398115,0.8402404432249244,0.0,0.8085106382978724,0.4438872367398115,0.3963532064851129,0.3646234015580609,0.5282859689973136,0.0,176,5,196,5,
B1_apdtm_cls_apdtm_features_original_plus_cash_real,bpi2017,pre+gen,variant,AM,alpha_miner_classic,9a9cd65c1066e3fa,816,0.5564479599640234,0.9859199935085099,0.0,0.9207015039047874,0.5564479599640234,0.4294720335444865,0.36425354394076404,0.5643946401612561,0.0,175,5,196,5,
B1_apdtm_cls_apdtm_features_original_plus_cash_real,bpi2017,pre+sim,variant,AM,alpha_miner_classic,9a9cd65c1066e3fa,816,0.25895097562425773,0.8723812160130642,0.0,0.7396181435763733,0.25895097562425773,0.6134302403888064,0.4806671679521156,0.296832360522054,0.0,176,5,196,5,
B1_apdtm_cls_apdtm_features_original_plus_cash_real,bpi2017,gen+sim,variant,AM,alpha_miner_classic,9a9cd65c1066e3fa,816,0.6894969843397657,0.8792604640175905,0.0,0.7963457765194307,0.6625648418098955,0.1897634796778248,0.10684879217966503,0.7841783095639924,0.20131525159653865,107,4,196,5,
B1_apdtm_cls_apdtm_features_original_plus_cash_real,bpi2017,mix-fit,variant,AM,alpha_miner_classic,9a9cd65c1066e3fa,816,0.413179771634357,0.8744182289149186,0.0,0.8143793359317738,0.413179771634357,0.4612384572805616,0.4011995642974168,0.47251962272913645,0.0,176,5,196,5,
B1_apdtm_cls_apdtm_features_original_plus_cash_real,bpi2017,mix-prec,variant,AM,alpha_miner_classic,9a9cd65c1066e3fa,816,0.48481386579919006,0.9247332260272323,0.0,0.8675404199182805,0.48481386579919006,0.43991936022804223,0.3827265541190904,0.5242743011214273,0.0,176,5,196,5,
B1_apdtm_cls_apdtm_features_original_plus_cash_real,bpi2017,mix-simp,variant,AM,alpha_miner_classic,9a9cd65c1066e3fa,816,0.5155213309046448,0.8548318499663207,0.0,0.7712039241360872,0.5155213309046448,0.33931051906167586,0.2556825932314424,0.6030675283390011,0.0,176,5,196,5,
B1_apdtm_cls_apdtm_features_original_plus_cash_real,bpi2017,mix-gen,variant,AM,alpha_miner_classic,9a9cd65c1066e3fa,816,0.587155425069478,0.8969137795391169,0.0,0.7650526308640881,0.587155425069478,0.30975835446963884,0.1778972057946101,0.6546397641155546,0.0,173,5,196,5,
B1_apdtm_cls_apdtm_features_original_plus_cash_real,bpi2020_domestic,equal,variant,IM,inductive_miner_im,df7d13e54451760d,816,0.7115532738517909,0.9013014428805918,0.0,0.782697276145632,0.5280586222617515,0.18974816902880087,0.0711440022938411,0.7894731329594249,0.7206080019324798,148,2,196,5,
B1_apdtm_cls_apdtm_features_original_plus_cash_real,bpi2020_domestic,fitn,variant,IM,inductive_miner_im,df7d13e54451760d,816,1.0,1.0,0.0,1.0,0.723032771051894,0.0,0.0,1.0,1.0,1,1,196,5,
B1_apdtm_cls_apdtm_features_original_plus_cash_real,bpi2020_domestic,prec,variant,IM,inductive_miner_im,df7d13e54451760d,816,0.3908057925066429,0.986007752461474,0.0,0.8670356093278883,0.1975518121669374,0.595201959954831,0.4762298168212454,0.3963516428050729,0.28866117620654713,156,2,196,5,
B1_apdtm_cls_apdtm_features_original_plus_cash_real,bpi2020_domestic,gene,variant,IM,inductive_miner_im,df7d13e54451760d,816,0.8554073029005208,0.9326053854610896,0.0,0.8554073029005208,0.7516056740657073,0.07719808256056881,0.0,0.9172232074100652,1.0,76,1,196,5,
B1_apdtm_cls_apdtm_features_original_plus_cash_real,bpi2020_domestic,simp,variant,IM,inductive_miner_im,df7d13e54451760d,816,0.6000000000000001,0.875,0.0,0.6000000000000001,0.3541666666666666,0.2749999999999999,0.0,0.6857142857142858,1.0,125,1,196,5,
B1_apdtm_cls_apdtm_features_original_plus_cash_real,bpi2020_domestic,fit+pre,variant,IM,inductive_miner_im,df7d13e54451760d,816,0.6954028962533214,0.980580685505521,0.0,0.896113454388845,0.48650745759222797,0.2851777892521996,0.20071055813552363,0.7091745804628191,0.5099911629585271,153,2,196,5,
B1_apdtm_cls_apdtm_features_original_plus_cash_real,bpi2020_domestic,fit+gen,variant,IM,inductive_miner_im,df7d13e54451760d,816,0.9277036514502603,0.9529492086056026,0.0,0.9277036514502603,0.7540428391238887,0.02524555715534227,0.0,0.9735079719597199,1.0,32,1,196,5,
B1_apdtm_cls_apdtm_features_original_plus_cash_real,bpi2020_domestic,fit+sim,variant,IM,inductive_miner_im,df7d13e54451760d,816,0.8,0.892967594352212,0.0,0.8,0.5385997188592803,0.09296759435221191,0.0,0.8958891734255444,1.0,60,1,196,5,
B1_apdtm_cls_apdtm_features_original_plus_cash_real,bpi2020_domestic,pre+gen,variant,IM,inductive_miner_im,df7d13e54451760d,816,0.6231065477035819,0.957510356458128,0.0,0.8093206416967977,0.5175175256642226,0.3344038087545461,0.18621409399321587,0.6507569798080094,0.3618502210496339,155,2,196,5,
B1_apdtm_cls_apdtm_features_original_plus_cash_real,bpi2020_domestic,pre+sim,variant,IM,inductive_miner_im,df7d13e54451760d,816,0.49540289625332146,0.8607303005919194,0.0,0.7269960655335093,0.3020744053996142,0.3653274043385979,0.2315931692801878,0.5755611204957415,0.4549744317406376,159,2,196,5,
B1_apdtm_cls_apdtm_features_original_plus_cash_real,bpi2020_domestic,gen+sim,variant,IM,inductive_miner_im,df7d13e54451760d,816,0.7277036514502604,0.836843156586478,0.0,0.7277036514502604,0.569609786931275,0.10913950513621762,0.0,0.8695818872661841,1.0,120,1,196,5,
B1_apdtm_cls_apdtm_features_original_plus_cash_real,bpi2020_domestic,mix-fit,variant,IM,inductive_miner_im,df7d13e54451760d,816,0.7227824680420449,0.9217713572150562,0.0,0.822739074332684,0.5135463757134479,0.19898888917301127,0.09995660629063907,0.7841233754819464,0.6767174427565207,146,2,196,5,
B1_apdtm_cls_apdtm_features_original_plus_cash_real,bpi2020_domestic,mix-prec,variant,IM,inductive_miner_im,df7d13e54451760d,816,0.6729445078728133,0.9396408568365918,0.0,0.8160298580147407,0.5155319506888351,0.2666963489637785,0.14308535014192736,0.7161720384726116,0.5238391128403306,151,2,196,5,
B1_apdtm_cls_apdtm_features_original_plus_cash_real,bpi2020_domestic,mix-simp,variant,IM,inductive_miner_im,df7d13e54451760d,816,0.7501620398307685,0.8629620289245914,0.0,0.7501620398307685,0.5405852938346677,0.11279998909382294,0.0,0.8692874248077955,1.0,156,1,196,5,
B1_apdtm_cls_apdtm_features_original_plus_cash_real,bpi2020_domestic,mix-gen,variant,IM,inductive_miner_im,df7d13e54451760d,816,0.700324079661537,0.88113234738198,0.0,0.7426554779585799,0.5425708688100551,0.180808267720443,0.04233139829704291,0.7948001020985548,0.7884325112401829,152,2,196,5,
B1_apdtm_cls_apdtm_features_original_plus_cash_real,bpi2020_international,equal,variant,IM,inductive_miner_im,6150b352c065731b,816,0.673835984258307,0.8501918473231604,0.0,0.748944593081187,0.42730621361870447,0.1763558630648534,0.07510860882287995,0.7925693317101169,0.7664811987039595,157,2,196,5,
B1_apdtm_cls_apdtm_features_original_plus_cash_real,bpi2020_international,fitn,variant,IM,inductive_miner_im,6150b352c065731b,816,0.9707533277618512,1.0,0.0,1.0,0.543631678095892,0.029246672238148808,0.029246672238148808,0.9707533277618512,0.9359143243857883,11,2,196,5,
B1_apdtm_cls_apdtm_features_original_plus_cash_real,bpi2020_international,prec,variant,IM,inductive_miner_im,6150b352c065731b,816,0.225696298955442,1.0,0.0,0.914192461570857,0.0,0.774303701044558,0.688496162615415,0.225696298955442,0.24688050759861663,171,2,196,5,
B1_apdtm_cls_apdtm_features_original_plus_cash_real,bpi2020_international,gene,variant,IM,inductive_miner_im,6150b352c065731b,816,0.8766720880937127,0.9418786896404474,0.0,0.9085268002629592,0.6807656098412334,0.06520660154673474,0.03185471216924651,0.9307696391648624,0.8601398591644877,55,3,196,5,
B1_apdtm_cls_apdtm_features_original_plus_cash_real,bpi2020_international,simp,variant,IM,inductive_miner_im,6150b352c065731b,816,0.6222222222222222,0.726190476190476,0.0,0.6222222222222222,0.2668810289389067,0.10396825396825382,0.0,0.8568306010928963,1.0,55,1,196,5,
B1_apdtm_cls_apdtm_features_original_plus_cash_real,bpi2020_international,fit+pre,variant,IM,inductive_miner_im,6150b352c065731b,816,0.5982248133586466,0.9444725618292222,0.0,0.9075063812417573,0.271815839047946,0.3462477484705756,0.3092815678831107,0.6333956512193697,0.5134714969712166,166,2,196,5,
B1_apdtm_cls_apdtm_features_original_plus_cash_real,bpi2020_international,fit+gen,variant,IM,inductive_miner_im,6150b352c065731b,816,0.9237127079277819,0.9642924535411258,0.0,0.9542634001314796,0.7211719127679556,0.040579745613343876,0.03055069220369766,0.9579175949533518,0.8689326129012531,18,2,196,5,
B1_apdtm_cls_apdtm_features_original_plus_cash_real,bpi2020_international,fit+sim,variant,IM,inductive_miner_im,6150b352c065731b,816,0.7964877749920367,0.8252695672008914,0.0,0.7964877749920367,0.4052563535173993,0.028781792208854684,0.0,0.9651243746858674,1.0,18,1,196,5,
B1_apdtm_cls_apdtm_features_original_plus_cash_real,bpi2020_international,pre+gen,variant,IM,inductive_miner_im,6150b352c065731b,816,0.5511841935245774,0.9244692854293903,0.0,0.7974790357060452,0.4493560737200096,0.37328509190481296,0.2462948421814678,0.5962168805517076,0.2925061858133118,170,2,196,5,
B1_apdtm_cls_apdtm_features_original_plus_cash_real,bpi2020_international,pre+sim,variant,IM,inductive_miner_im,6150b352c065731b,816,0.4239592605888321,0.863095238095238,0.0,0.7070962307854285,0.13344051446945335,0.43913597750640593,0.2831369701965964,0.49120797088912965,0.5064339774823375,170,2,196,5,
B1_apdtm_cls_apdtm_features_original_plus_cash_real,bpi2020_international,gen+sim,variant,IM,inductive_miner_im,6150b352c065731b,816,0.7494471551579674,0.8021013140485984,0.0,0.7494471551579674,0.5827965881894629,0.052654158890630964,0.0,0.934354728051922,1.0,45,1,196,5,
B1_apdtm_cls_apdtm_features_original_plus_cash_real,bpi2020_international,mix-fit,variant,IM,inductive_miner_im,6150b352c065731b,816,0.6681218740451889,0.8651430903153831,0.0,0.8026624198204434,0.36070009177014006,0.1970212162701942,0.13454054577525454,0.772267479824209,0.6955836793403319,159,2,196,5,
B1_apdtm_cls_apdtm_features_original_plus_cash_real,bpi2020_international,mix-prec,variant,IM,inductive_miner_im,6150b352c065731b,816,0.609653033784883,0.8789785552291673,0.0,0.8000707277632442,0.4050280827450747,0.26932552144428434,0.19041769397836117,0.693592614015406,0.5179819283318055,168,2,196,5,
B1_apdtm_cls_apdtm_features_original_plus_cash_real,bpi2020_international,mix-simp,variant,IM,inductive_miner_im,6150b352c065731b,816,0.7380189347317311,0.8280233355013684,0.0,0.7380189347317311,0.4495843444923341,0.09000440076963734,0.0,0.8913020963169599,1.0,76,1,196,5,
B1_apdtm_cls_apdtm_features_original_plus_cash_real,bpi2020_international,mix-gen,variant,IM,inductive_miner_im,6150b352c065731b,816,0.6795500944714253,0.8352406043309378,0.0,0.6952267663419306,0.4939123354672689,0.1556905098595125,0.015676671870505254,0.8135980110973807,0.9221284246618885,135,2,196,5,
B1_apdtm_cls_apdtm_features_original_plus_cash_real,bpi2020_payment,equal,variant,IM,inductive_miner_im,d6c08269cc6ee4f8,816,0.6900806255881581,0.8696763776738392,0.0,0.7459843675155176,0.4539079536155171,0.17959575208568113,0.055903741927359474,0.7934912840037651,0.808598917040595,159,2,196,5,
B1_apdtm_cls_apdtm_features_original_plus_cash_real,bpi2020_payment,fitn,variant,IM,inductive_miner_im,d6c08269cc6ee4f8,816,1.0,1.0,0.0,1.0,0.6986954515961711,0.0,0.0,1.0,1.0,1,1,196,5,
B1_apdtm_cls_apdtm_features_original_plus_cash_real,bpi2020_payment,prec,variant,IM,inductive_miner_im,d6c08269cc6ee4f8,816,0.2933515233338684,1.0,0.0,0.8082905921163525,0.0,0.7066484766661316,0.5149390687824841,0.2933515233338684,0.3629282911307729,166,2,196,5,
B1_apdtm_cls_apdtm_features_original_plus_cash_real,bpi2020_payment,gene,variant,IM,inductive_miner_im,d6c08269cc6ee4f8,816,0.8669709790187637,0.9042989365923124,0.0,0.8669709790187637,0.6750512131653676,0.037327957573548676,0.0,0.9587216615401403,1.0,4,1,196,5,
B1_apdtm_cls_apdtm_features_original_plus_cash_real,bpi2020_payment,simp,variant,IM,inductive_miner_im,d6c08269cc6ee4f8,816,0.6000000000000001,0.8214285714285714,0.0,0.6000000000000001,0.3333333333333333,0.2214285714285713,0.0,0.7304347826086958,1.0,105,1,196,5,
B1_apdtm_cls_apdtm_features_original_plus_cash_real,bpi2020_payment,fit+pre,variant,IM,inductive_miner_im,d6c08269cc6ee4f8,816,0.6466757616669342,0.9825892284678609,0.0,0.8729305234063345,0.34934772579808554,0.3359134668009267,0.2262547617394003,0.6581343891539373,0.567872048560528,164,2,196,5,
B1_apdtm_cls_apdtm_features_original_plus_cash_real,bpi2020_payment,fit+gen,variant,IM,inductive_miner_im,d6c08269cc6ee4f8,816,0.9334854895093818,0.9514970823370221,0.0,0.9334854895093818,0.7411492405643676,0.01801159282764031,0.0,0.9810702595289088,1.0,2,1,196,5,
B1_apdtm_cls_apdtm_features_original_plus_cash_real,bpi2020_payment,fit+sim,variant,IM,inductive_miner_im,d6c08269cc6ee4f8,816,0.8,0.8691224178435837,0.0,0.8,0.5160143924647522,0.06912241784358364,0.0,0.9204687206031502,1.0,56,1,196,5,
B1_apdtm_cls_apdtm_features_original_plus_cash_real,bpi2020_payment,pre+gen,variant,IM,inductive_miner_im,d6c08269cc6ee4f8,816,0.5801612511763161,0.916868426053467,0.0,0.7416709026408601,0.391801514766282,0.33670717487715085,0.161509651464544,0.6327639110374209,0.5383715836195355,155,2,196,5,
B1_apdtm_cls_apdtm_features_original_plus_cash_real,bpi2020_payment,pre+sim,variant,IM,inductive_miner_im,d6c08269cc6ee4f8,816,0.44667576166693423,0.87,0.0,0.6856579011001931,0.16666666666666666,0.42332423833306576,0.23898213943325886,0.5134204157091198,0.5395256729256606,170,2,196,5,
B1_apdtm_cls_apdtm_features_original_plus_cash_real,bpi2020_payment,gen+sim,variant,IM,inductive_miner_im,d6c08269cc6ee4f8,816,0.7334854895093819,0.7955758933524278,0.0,0.7334854895093819,0.5584681814329486,0.06209040384304598,0.0,0.9219553981438439,1.0,54,1,196,5,
B1_apdtm_cls_apdtm_features_original_plus_cash_real,bpi2020_payment,mix-fit,variant,IM,inductive_miner_im,d6c08269cc6ee4f8,816,0.6947025549020369,0.9053177010011466,0.0,0.7976255228467759,0.42450515025839153,0.2106151460991097,0.10292296794473899,0.7673577509130765,0.7241561289437266,163,2,196,5,
B1_apdtm_cls_apdtm_features_original_plus_cash_real,bpi2020_payment,mix-prec,variant,IM,inductive_miner_im,d6c08269cc6ee4f8,816,0.6374319030391764,0.9102277500261443,0.0,0.7696482127438178,0.40815333251233665,0.2727958469869679,0.13221630970464138,0.7002993514764493,0.6342512247476992,163,2,196,5,
B1_apdtm_cls_apdtm_features_original_plus_cash_real,bpi2020_payment,mix-simp,variant,IM,inductive_miner_im,d6c08269cc6ee4f8,816,0.7427293481371395,0.829125005321534,0.0,0.7427293481371395,0.49966257471869746,0.08639565718439446,0.0,0.895798996978881,1.0,147,1,196,5,
B1_apdtm_cls_apdtm_features_original_plus_cash_real,bpi2020_payment,mix-gen,variant,IM,inductive_miner_im,d6c08269cc6ee4f8,816,0.6854586962742792,0.836099433132433,0.0,0.6943432121842593,0.48331075697264275,0.1506407368581537,0.008884515909980073,0.8198291603980873,0.9578997652229797,154,2,196,5,
B1_apdtm_cls_apdtm_features_original_plus_cash_real,bpi2020_permit,equal,variant,IMd,inductive_miner_imd,83bfdaba62b71641,816,0.577599409149261,0.8429076490043279,0.0,0.6953084541835005,0.0,0.2653082398550669,0.11770904503423951,0.6852463728755359,0.830709601866606,168,3,196,5,
B1_apdtm_cls_apdtm_features_original_plus_cash_real,bpi2020_permit,fitn,variant,IMd,inductive_miner_imd,83bfdaba62b71641,816,1.0,1.0,0.0,1.0,0.0,0.0,0.0,1.0,1.0,1,1,196,5,
B1_apdtm_cls_apdtm_features_original_plus_cash_real,bpi2020_permit,prec,variant,IMd,inductive_miner_imd,83bfdaba62b71641,816,0.0701582627715042,0.9911533085603246,0.0,0.8137442437123628,0.0,0.9209950457888204,0.7435859809408586,0.07078447114645753,0.08621660099423488,173,3,196,5,
B1_apdtm_cls_apdtm_features_original_plus_cash_real,bpi2020_permit,gene,variant,IMd,inductive_miner_imd,83bfdaba62b71641,816,0.8652393738255396,0.9078165537742844,0.0,0.8652393738255396,0.0,0.04257717994874477,0.0,0.9530993571644751,1.0,41,1,196,5,
B1_apdtm_cls_apdtm_features_original_plus_cash_real,bpi2020_permit,simp,variant,IMd,inductive_miner_imd,83bfdaba62b71641,816,0.375,0.7142857142857143,0.0,0.5946547884187082,0.0,0.3392857142857143,0.21965478841870822,0.525,0.6306179775280899,163,4,196,5,
B1_apdtm_cls_apdtm_features_original_plus_cash_real,bpi2020_permit,fit+pre,variant,IMd,inductive_miner_imd,83bfdaba62b71641,816,0.5350791313857521,0.9243881790529205,0.0,0.8512783359444481,0.0,0.38930904766716834,0.316199204558696,0.5788467913273903,0.6285595542521475,164,3,196,5,
B1_apdtm_cls_apdtm_features_original_plus_cash_real,bpi2020_permit,fit+gen,variant,IMd,inductive_miner_imd,83bfdaba62b71641,816,0.9326196869127699,0.9448808304983668,0.0,0.9326196869127699,0.0,0.012261143585596934,0.0,0.9870236084913164,1.0,7,1,196,5,
B1_apdtm_cls_apdtm_features_original_plus_cash_real,bpi2020_permit,fit+sim,variant,IMd,inductive_miner_imd,83bfdaba62b71641,816,0.6875,0.8272924879786688,0.0,0.7973273942093542,0.0,0.13979248797866883,0.10982739420935417,0.8310241057304593,0.8622555865921787,114,2,196,5,
B1_apdtm_cls_apdtm_features_original_plus_cash_real,bpi2020_permit,pre+gen,variant,IMd,inductive_miner_imd,83bfdaba62b71641,816,0.4676988182985219,0.9322600772514231,0.0,0.7082588870498185,0.0,0.46456125895290123,0.24056006875129665,0.5016827704104154,0.6603500878706576,172,3,196,5,
B1_apdtm_cls_apdtm_features_original_plus_cash_real,bpi2020_permit,pre+sim,variant,IMd,inductive_miner_imd,83bfdaba62b71641,816,0.2225791313857521,0.816594001468874,0.0,0.644823929085097,0.0,0.5940148700831218,0.42224479769934486,0.2725701278547001,0.3451781507264419,172,3,196,5,
B1_apdtm_cls_apdtm_features_original_plus_cash_real,bpi2020_permit,gen+sim,variant,IMd,inductive_miner_imd,83bfdaba62b71641,816,0.6201196869127699,0.7992898469819344,0.0,0.7281672934908063,0.0,0.17917016006916453,0.10804760657803647,0.7758383135408272,0.8516170562123707,131,3,196,5,
B1_apdtm_cls_apdtm_features_original_plus_cash_real,bpi2020_permit,mix-fit,variant,IMd,inductive_miner_imd,83bfdaba62b71641,816,0.5825714162140052,0.8639118088087243,0.0,0.755106320314616,0.0,0.2813403925947191,0.1725349041006108,0.6743413046029914,0.7715091246637641,169,3,196,5,
B1_apdtm_cls_apdtm_features_original_plus_cash_real,bpi2020_permit,mix-prec,variant,IMd,inductive_miner_imd,83bfdaba62b71641,816,0.5251351172562635,0.8885842618048085,0.0,0.7316826036822172,0.0,0.36344914454854504,0.20654748642595366,0.5909795388336707,0.7177089008451253,172,3,196,5,
B1_apdtm_cls_apdtm_features_original_plus_cash_real,bpi2020_permit,mix-simp,variant,IMd,inductive_miner_imd,83bfdaba62b71641,816,0.6300637010422584,0.81761289182125,0.0,0.7200015916100726,0.0,0.18754919077899157,0.0899378905678142,0.7706137064922964,0.8750865392301502,148,3,196,5,
B1_apdtm_cls_apdtm_features_original_plus_cash_real,bpi2020_permit,mix-gen,variant,IMd,inductive_miner_imd,83bfdaba62b71641,816,0.5726274020845168,0.8269571869508153,0.0,0.642675789010791,0.0,0.25432978486629854,0.07004838692627424,0.6924510858850239,0.8910050944441318,160,3,196,5,
B1_apdtm_cls_apdtm_features_original_plus_cash_real,bpic15_1,equal,variant,IMd,inductive_miner_imd,8ec8a2cb08851acf,816,0.5006533211257762,0.7538067736145151,0.0,0.5006533211257762,0.0,0.2531534524887389,0.0,0.6641666520521378,1.0,124,1,196,5,
B1_apdtm_cls_apdtm_features_original_plus_cash_real,bpic15_1,fitn,variant,IMd,inductive_miner_imd,8ec8a2cb08851acf,816,1.0,1.0,0.0,1.0,0.0,0.0,0.0,1.0,1.0,1,1,196,5,
B1_apdtm_cls_apdtm_features_original_plus_cash_real,bpic15_1,prec,variant,IMd,inductive_miner_imd,8ec8a2cb08851acf,816,0.0055144083252097,0.9967132292522596,0.0,0.0055144083252097,0.0,0.9911988209270499,0.0,0.00553259268901913,1.0,141,1,196,5,
B1_apdtm_cls_apdtm_features_original_plus_cash_real,bpic15_1,gene,variant,IMd,inductive_miner_imd,8ec8a2cb08851acf,816,0.6526451647517064,0.7947596517508088,0.0,0.6526451647517064,0.0,0.14211448699910234,0.0,0.8211855789532942,1.0,112,1,196,5,
B1_apdtm_cls_apdtm_features_original_plus_cash_real,bpic15_1,simp,variant,IMd,inductive_miner_imd,8ec8a2cb08851acf,816,0.3444537114261885,1.0,0.0,0.3444537114261885,0.0,0.6555462885738115,0.0,0.3444537114261885,1.0,137,1,196,5,
B1_apdtm_cls_apdtm_features_original_plus_cash_real,bpic15_1,fit+pre,variant,IMd,inductive_miner_imd,8ec8a2cb08851acf,816,0.5027572041626048,0.8688577238297088,0.0,0.5027572041626048,0.0,0.366100519667104,0.0,0.5786415777563397,1.0,74,1,196,5,
B1_apdtm_cls_apdtm_features_original_plus_cash_real,bpic15_1,fit+gen,variant,IMd,inductive_miner_imd,8ec8a2cb08851acf,816,0.8263225823758532,0.871727415992749,0.0,0.8263225823758532,0.0,0.045404833616895846,0.0,0.9479139547708414,1.0,4,1,196,5,
B1_apdtm_cls_apdtm_features_original_plus_cash_real,bpic15_1,fit+sim,variant,IMd,inductive_miner_imd,8ec8a2cb08851acf,816,0.6722268557130943,0.8645266546833184,0.0,0.6722268557130943,0.0,0.1922997989702241,0.0,0.7775663735426819,1.0,85,1,196,5,
B1_apdtm_cls_apdtm_features_original_plus_cash_real,bpic15_1,pre+gen,variant,IMd,inductive_miner_imd,8ec8a2cb08851acf,816,0.32907978653845804,0.8387467991159434,0.0,0.32907978653845804,0.0,0.5096670125774854,0.0,0.39234699540470974,1.0,126,1,196,5,
B1_apdtm_cls_apdtm_features_original_plus_cash_real,bpic15_1,pre+sim,variant,IMd,inductive_miner_imd,8ec8a2cb08851acf,816,0.17498405987569912,0.8214077863143173,0.0,0.17498405987569912,0.0,0.6464237264386182,0.0,0.21302946330817987,1.0,142,1,196,5,
B1_apdtm_cls_apdtm_features_original_plus_cash_real,bpic15_1,gen+sim,variant,IMd,inductive_miner_imd,8ec8a2cb08851acf,816,0.49854943808894747,0.8973798258754044,0.0,0.49854943808894747,0.0,0.39883038778645696,0.0,0.5555612280481197,1.0,131,1,196,5,
B1_apdtm_cls_apdtm_features_original_plus_cash_real,bpic15_1,mix-fit,variant,IMd,inductive_miner_imd,8ec8a2cb08851acf,816,0.5358095812579713,0.7829881701741386,0.0,0.5358095812579713,0.0,0.24717858891616729,0.0,0.6843137631808739,1.0,94,1,196,5,
B1_apdtm_cls_apdtm_features_original_plus_cash_real,bpic15_1,mix-prec,variant,IMd,inductive_miner_imd,8ec8a2cb08851acf,816,0.43244468389821455,0.8104949307104616,0.0,0.43244468389821455,0.0,0.3780502468122471,0.0,0.5335563092530922,1.0,118,1,196,5,
B1_apdtm_cls_apdtm_features_original_plus_cash_real,bpic15_1,mix-simp,variant,IMd,inductive_miner_imd,8ec8a2cb08851acf,816,0.5688619583533376,0.7694736087116352,0.0,0.5688619583533376,0.0,0.20061165035829753,0.0,0.7392871593163659,1.0,121,1,196,5,
B1_apdtm_cls_apdtm_features_original_plus_cash_real,bpic15_1,mix-gen,variant,IMd,inductive_miner_imd,8ec8a2cb08851acf,816,0.46549706099358107,0.7344918748892888,0.0,0.46549706099358107,0.0,0.26899481389570773,0.0,0.6337674750503486,1.0,131,1,196,5,
B1_apdtm_cls_apdtm_features_original_plus_cash_real,bpic15_2,equal,variant,IMd,inductive_miner_imd,2bd4a2c68f811174,816,0.4958761568622505,0.739796087901852,0.0,0.4958761568622505,0.0,0.24391993103960152,0.0,0.6702876170494672,1.0,123,1,196,5,
B1_apdtm_cls_apdtm_features_original_plus_cash_real,bpic15_2,fitn,variant,IMd,inductive_miner_imd,2bd4a2c68f811174,816,1.0,1.0,0.0,1.0,0.0,0.0,0.0,1.0,1.0,1,1,196,5,
B1_apdtm_cls_apdtm_features_original_plus_cash_real,bpic15_2,prec,variant,IMd,inductive_miner_imd,2bd4a2c68f811174,816,0.0047466811844114,0.9964080459770116,0.0,0.0047466811844114,0.0,0.9916613647926003,0.0,0.004763792508075464,1.0,141,1,196,5,
B1_apdtm_cls_apdtm_features_original_plus_cash_real,bpic15_2,gene,variant,IMd,inductive_miner_imd,2bd4a2c68f811174,816,0.630479323366272,0.8434264748464657,0.0,0.630479323366272,0.0,0.21294715148019372,0.0,0.7475213811388149,1.0,119,1,196,5,
B1_apdtm_cls_apdtm_features_original_plus_cash_real,bpic15_2,simp,variant,IMd,inductive_miner_imd,2bd4a2c68f811174,816,0.3482786228983187,1.0,0.0,0.3482786228983187,0.0,0.6517213771016813,0.0,0.3482786228983187,1.0,133,1,196,5,
B1_apdtm_cls_apdtm_features_original_plus_cash_real,bpic15_2,fit+pre,variant,IMd,inductive_miner_imd,2bd4a2c68f811174,816,0.5023733405922057,0.8552632687420797,0.0,0.5023733405922057,0.0,0.35288992814987397,0.0,0.587390291332277,1.0,62,1,196,5,
B1_apdtm_cls_apdtm_features_original_plus_cash_real,bpic15_2,fit+gen,variant,IMd,inductive_miner_imd,2bd4a2c68f811174,816,0.815239661683136,0.888226048940476,0.0,0.815239661683136,0.0,0.07298638725733997,0.0,0.9178290398661444,1.0,6,1,196,5,
B1_apdtm_cls_apdtm_features_original_plus_cash_real,bpic15_2,fit+sim,variant,IMd,inductive_miner_imd,2bd4a2c68f811174,816,0.6741393114491594,0.8502937315725136,0.0,0.6741393114491594,0.0,0.17615442012335425,0.0,0.7928310963817429,1.0,81,1,196,5,
B1_apdtm_cls_apdtm_features_original_plus_cash_real,bpic15_2,pre+gen,variant,IMd,inductive_miner_imd,2bd4a2c68f811174,816,0.31761300227534167,0.8135744140072105,0.0,0.31761300227534167,0.0,0.49596141173186886,0.0,0.39039207330889186,1.0,136,1,196,5,
B1_apdtm_cls_apdtm_features_original_plus_cash_real,bpic15_2,pre+sim,variant,IMd,inductive_miner_imd,2bd4a2c68f811174,816,0.17651265204136504,0.7980406242956953,0.0,0.17651265204136504,0.0,0.6215279722543303,0.0,0.22118253966976298,1.0,138,1,196,5,
B1_apdtm_cls_apdtm_features_original_plus_cash_real,bpic15_2,gen+sim,variant,IMd,inductive_miner_imd,2bd4a2c68f811174,816,0.48937897313229534,0.9217132374232329,0.0,0.48937897313229534,0.0,0.4323342642909375,0.0,0.5309449330470905,1.0,131,1,196,5,
B1_apdtm_cls_apdtm_features_original_plus_cash_real,bpic15_2,mix-fit,variant,IMd,inductive_miner_imd,2bd4a2c68f811174,816,0.5341276612716144,0.7675374461630222,0.0,0.5341276612716144,0.0,0.23340978489140785,0.0,0.695897853507681,1.0,88,1,196,5,
B1_apdtm_cls_apdtm_features_original_plus_cash_real,bpic15_2,mix-prec,variant,IMd,inductive_miner_imd,2bd4a2c68f811174,816,0.42587033177347794,0.790453222686223,0.0,0.42587033177347794,0.0,0.36458289091274504,0.0,0.5387672787596828,1.0,118,1,196,5,
B1_apdtm_cls_apdtm_features_original_plus_cash_real,bpic15_2,mix-simp,variant,IMd,inductive_miner_imd,2bd4a2c68f811174,816,0.565881981951023,0.7666984383330109,0.0,0.565881981951023,0.0,0.20081645638198786,0.0,0.7380763461334137,1.0,118,1,196,5,
B1_apdtm_cls_apdtm_features_original_plus_cash_real,bpic15_2,mix-gen,variant,IMd,inductive_miner_imd,2bd4a2c68f811174,816,0.4576246524528867,0.7177077196779903,0.0,0.4576246524528867,0.0,0.2600830672251036,0.0,0.6376197996842036,1.0,136,1,196,5,
B1_apdtm_cls_apdtm_features_original_plus_cash_real,bpic15_3,equal,variant,IMd,inductive_miner_imd,1e1739de3216125c,816,0.5062291863779904,0.7711497484903616,0.0,0.5062291863779904,0.0,0.26492056211237114,0.0,0.6564602885094731,1.0,126,1,196,5,
B1_apdtm_cls_apdtm_features_original_plus_cash_real,bpic15_3,fitn,variant,IMd,inductive_miner_imd,1e1739de3216125c,816,1.0,1.0,0.0,1.0,0.0,0.0,0.0,1.0,1.0,1,1,196,5,
B1_apdtm_cls_apdtm_features_original_plus_cash_real,bpic15_3,prec,variant,IMd,inductive_miner_imd,1e1739de3216125c,816,0.0056460981272722,0.9713690786048932,0.0,0.0056460981272722,0.0,0.965722980477621,0.0,0.005812515810551928,1.0,139,1,196,5,
B1_apdtm_cls_apdtm_features_original_plus_cash_real,bpic15_3,gene,variant,IMd,inductive_miner_imd,1e1739de3216125c,816,0.6755746197508381,0.7690804510999736,0.0,0.6755746197508381,0.0,0.09350583134913548,0.0,0.8784186606025427,1.0,104,1,196,5,
B1_apdtm_cls_apdtm_features_original_plus_cash_real,bpic15_3,simp,variant,IMd,inductive_miner_imd,1e1739de3216125c,816,0.3436960276338515,1.0,0.0,0.3436960276338515,0.0,0.6563039723661486,0.0,0.3436960276338515,1.0,133,1,196,5,
B1_apdtm_cls_apdtm_features_original_plus_cash_real,bpic15_3,fit+pre,variant,IMd,inductive_miner_imd,1e1739de3216125c,816,0.5028230490636361,0.8737992058502052,0.0,0.5028230490636361,0.0,0.37097615678656914,0.0,0.5754446166775696,1.0,68,1,196,5,
B1_apdtm_cls_apdtm_features_original_plus_cash_real,bpic15_3,fit+gen,variant,IMd,inductive_miner_imd,1e1739de3216125c,816,0.837787309875419,0.8764050391703524,0.0,0.837787309875419,0.0,0.038617729294933345,0.0,0.9559362080671161,1.0,8,1,196,5,
B1_apdtm_cls_apdtm_features_original_plus_cash_real,bpic15_3,fit+sim,variant,IMd,inductive_miner_imd,1e1739de3216125c,816,0.6718480138169257,0.8866318702272058,0.0,0.6718480138169257,0.0,0.21478385641028008,0.0,0.7577530611941119,1.0,98,1,196,5,
B1_apdtm_cls_apdtm_features_original_plus_cash_real,bpic15_3,pre+gen,variant,IMd,inductive_miner_imd,1e1739de3216125c,816,0.34061035893905517,0.8335999035488251,0.0,0.34061035893905517,0.0,0.4929895446097699,0.0,0.4086017254668566,1.0,124,1,196,5,
B1_apdtm_cls_apdtm_features_original_plus_cash_real,bpic15_3,pre+sim,variant,IMd,inductive_miner_imd,1e1739de3216125c,816,0.17467106288056183,0.806269466186586,0.0,0.17467106288056183,0.0,0.6315984033060242,0.0,0.21664104893703073,1.0,139,1,196,5,
B1_apdtm_cls_apdtm_features_original_plus_cash_real,bpic15_3,gen+sim,variant,IMd,inductive_miner_imd,1e1739de3216125c,816,0.5096353236923448,0.8774480269684266,0.0,0.5096353236923448,0.0,0.36781270327608184,0.0,0.5808153965006101,1.0,130,1,196,5,
B1_apdtm_cls_apdtm_features_original_plus_cash_real,bpic15_3,mix-fit,variant,IMd,inductive_miner_imd,1e1739de3216125c,816,0.5379904969400358,0.7997195004226063,0.0,0.5379904969400358,0.0,0.26172900348257055,0.0,0.6727239946703042,1.0,101,1,196,5,
B1_apdtm_cls_apdtm_features_original_plus_cash_real,bpic15_3,mix-prec,variant,IMd,inductive_miner_imd,1e1739de3216125c,816,0.4393004279395453,0.8166597019857156,0.0,0.4393004279395453,0.0,0.37735927404617026,0.0,0.5379234788632061,1.0,117,1,196,5,
B1_apdtm_cls_apdtm_features_original_plus_cash_real,bpic15_3,mix-simp,variant,IMd,inductive_miner_imd,1e1739de3216125c,816,0.5731579448164354,0.7807894458056361,0.0,0.5731579448164354,0.0,0.2076315009892007,0.0,0.7340749134038795,1.0,122,1,196,5,
B1_apdtm_cls_apdtm_features_original_plus_cash_real,bpic15_3,mix-gen,variant,IMd,inductive_miner_imd,1e1739de3216125c,816,0.4744678758159452,0.742579996558117,0.0,0.4744678758159452,0.0,0.26811212074217183,0.0,0.6389451345513205,1.0,133,1,196,5,
B1_apdtm_cls_apdtm_features_original_plus_cash_real,bpic15_4,equal,variant,IMd,inductive_miner_imd,f68041a3f2d86846,816,0.5004532568394435,0.7570912404815519,0.0,0.5004532568394435,0.0,0.2566379836421083,0.0,0.6610210633544348,1.0,134,1,196,5,
B1_apdtm_cls_apdtm_features_original_plus_cash_real,bpic15_4,fitn,variant,IMd,inductive_miner_imd,f68041a3f2d86846,816,1.0,1.0,0.0,1.0,0.0,0.0,0.0,1.0,1.0,1,1,196,5,
B1_apdtm_cls_apdtm_features_original_plus_cash_real,bpic15_4,prec,variant,IMd,inductive_miner_imd,f68041a3f2d86846,816,0.0063677194723514,0.9771181199752628,0.0,0.0063677194723514,0.0,0.9707504005029114,0.0,0.0065168369536659585,1.0,146,1,196,5,
B1_apdtm_cls_apdtm_features_original_plus_cash_real,bpic15_4,gene,variant,IMd,inductive_miner_imd,f68041a3f2d86846,816,0.6484303825122886,0.8125621208083507,0.0,0.6484303825122886,0.0,0.1641317382960621,0.0,0.7980071503545094,1.0,113,1,196,5,
B1_apdtm_cls_apdtm_features_original_plus_cash_real,bpic15_4,simp,variant,IMd,inductive_miner_imd,f68041a3f2d86846,816,0.3470149253731343,1.0,0.0,0.3470149253731343,0.0,0.6529850746268657,0.0,0.3470149253731343,1.0,143,1,196,5,
B1_apdtm_cls_apdtm_features_original_plus_cash_real,bpic15_4,fit+pre,variant,IMd,inductive_miner_imd,f68041a3f2d86846,816,0.5031838597361757,0.8685599938464359,0.0,0.5031838597361757,0.0,0.36537613411026015,0.0,0.5793311496052398,1.0,84,1,196,5,
B1_apdtm_cls_apdtm_features_original_plus_cash_real,bpic15_4,fit+gen,variant,IMd,inductive_miner_imd,f68041a3f2d86846,816,0.8242151912561443,0.8717994934557993,0.0,0.8242151912561443,0.0,0.04758430219965504,0.0,0.9454182956553099,1.0,5,1,196,5,
B1_apdtm_cls_apdtm_features_original_plus_cash_real,bpic15_4,fit+sim,variant,IMd,inductive_miner_imd,f68041a3f2d86846,816,0.6735074626865671,0.8675538703293734,0.0,0.6735074626865671,0.0,0.19404640764280623,0.0,0.7763292698248986,1.0,95,1,196,5,
B1_apdtm_cls_apdtm_features_original_plus_cash_real,bpic15_4,pre+gen,variant,IMd,inductive_miner_imd,f68041a3f2d86846,816,0.32739905099232,0.8247132962569865,0.0,0.32739905099232,0.0,0.49731424526466655,0.0,0.39698529474211375,1.0,138,1,196,5,
B1_apdtm_cls_apdtm_features_original_plus_cash_real,bpic15_4,pre+sim,variant,IMd,inductive_miner_imd,f68041a3f2d86846,816,0.17669132242274282,0.7904575186873295,0.0,0.17669132242274282,0.0,0.6137661962645866,0.0,0.22353044691910154,1.0,146,1,196,5,
B1_apdtm_cls_apdtm_features_original_plus_cash_real,bpic15_4,gen+sim,variant,IMd,inductive_miner_imd,f68041a3f2d86846,816,0.4977226539427114,0.8981830671938409,0.0,0.4977226539427114,0.0,0.40046041325112947,0.0,0.5541438846066508,1.0,135,1,196,5,
B1_apdtm_cls_apdtm_features_original_plus_cash_real,bpic15_4,mix-fit,variant,IMd,inductive_miner_imd,f68041a3f2d86846,816,0.5361563391675611,0.7881543306724185,0.0,0.5361563391675611,0.0,0.25199799150485735,0.0,0.6802682143611851,1.0,112,1,196,5,
B1_apdtm_cls_apdtm_features_original_plus_cash_real,bpic15_4,mix-prec,variant,IMd,inductive_miner_imd,f68041a3f2d86846,816,0.4317776950799404,0.8064338134647024,0.0,0.4317776950799404,0.0,0.37465611838476204,0.0,0.5354161592318193,1.0,128,1,196,5,
B1_apdtm_cls_apdtm_features_original_plus_cash_real,bpic15_4,mix-simp,variant,IMd,inductive_miner_imd,f68041a3f2d86846,816,0.5691288185989466,0.7784157949851235,0.0,0.5691288185989466,0.0,0.20928697638617688,0.0,0.7311372948307445,1.0,129,1,196,5,
B1_apdtm_cls_apdtm_features_original_plus_cash_real,bpic15_4,mix-gen,variant,IMd,inductive_miner_imd,f68041a3f2d86846,816,0.46475017451132605,0.7260281502906851,0.0,0.46475017451132605,0.0,0.2612779757793591,0.0,0.6401269349201552,1.0,141,1,196,5,
B1_apdtm_cls_apdtm_features_original_plus_cash_real,bpic15_5,equal,variant,IMd,inductive_miner_imd,a0710095115a2fbb,816,0.49803037626811336,0.7432661612580866,0.0,0.49803037626811336,0.0,0.24523578498997328,0.0,0.6700565722313042,1.0,128,1,196,5,
B1_apdtm_cls_apdtm_features_original_plus_cash_real,bpic15_5,fitn,variant,IMd,inductive_miner_imd,a0710095115a2fbb,816,1.0,1.0,0.0,1.0,0.0,0.0,0.0,1.0,1.0,1,1,196,5,
B1_apdtm_cls_apdtm_features_original_plus_cash_real,bpic15_5,prec,variant,IMd,inductive_miner_imd,a0710095115a2fbb,816,0.0050756012401533,0.9914236706689536,0.0,0.0050756012401533,0.0,0.9863480694288004,0.0,0.005119507825275734,1.0,141,1,196,5,
B1_apdtm_cls_apdtm_features_original_plus_cash_real,bpic15_5,gene,variant,IMd,inductive_miner_imd,a0710095115a2fbb,816,0.6480339787897107,0.8420322364834529,0.0,0.6480339787897107,0.0,0.19399825769374224,0.0,0.7696070895053498,1.0,117,1,196,5,
B1_apdtm_cls_apdtm_features_original_plus_cash_real,bpic15_5,simp,variant,IMd,inductive_miner_imd,a0710095115a2fbb,816,0.3390119250425894,1.0,0.0,0.3390119250425894,0.0,0.6609880749574106,0.0,0.3390119250425894,1.0,135,1,196,5,
B1_apdtm_cls_apdtm_features_original_plus_cash_real,bpic15_5,fit+pre,variant,IMd,inductive_miner_imd,a0710095115a2fbb,816,0.5025378006200767,0.8302814710249038,0.0,0.5025378006200767,0.0,0.3277436704048271,0.0,0.6052619721836516,1.0,69,1,196,5,
B1_apdtm_cls_apdtm_features_original_plus_cash_real,bpic15_5,fit+gen,variant,IMd,inductive_miner_imd,a0710095115a2fbb,816,0.8240169893948553,0.8491470544465778,0.0,0.8240169893948553,0.0,0.02513006505172244,0.0,0.9704055205513247,1.0,2,1,196,5,
B1_apdtm_cls_apdtm_features_original_plus_cash_real,bpic15_5,fit+sim,variant,IMd,inductive_miner_imd,a0710095115a2fbb,816,0.6695059625212947,0.8492461162887588,0.0,0.6695059625212947,0.0,0.1797401537674641,0.0,0.7883532814339662,1.0,85,1,196,5,
B1_apdtm_cls_apdtm_features_original_plus_cash_real,bpic15_5,pre+gen,variant,IMd,inductive_miner_imd,a0710095115a2fbb,816,0.326554790014932,0.8116192280976056,0.0,0.326554790014932,0.0,0.4850644380826736,0.0,0.4023497456810627,1.0,132,1,196,5,
B1_apdtm_cls_apdtm_features_original_plus_cash_real,bpic15_5,pre+sim,variant,IMd,inductive_miner_imd,a0710095115a2fbb,816,0.17204376314137138,0.7827816467542539,0.0,0.17204376314137138,0.0,0.6107378836128825,0.0,0.21978512635642147,1.0,141,1,196,5,
B1_apdtm_cls_apdtm_features_original_plus_cash_real,bpic15_5,gen+sim,variant,IMd,inductive_miner_imd,a0710095115a2fbb,816,0.49352295191615003,0.9210161182417265,0.0,0.49352295191615003,0.0,0.42749316632557643,0.0,0.535846161800419,1.0,133,1,196,5,
B1_apdtm_cls_apdtm_features_original_plus_cash_real,bpic15_5,mix-fit,variant,IMd,inductive_miner_imd,a0710095115a2fbb,816,0.534128463259535,0.7619159908588385,0.0,0.534128463259535,0.0,0.22778752759930354,0.0,0.7010332761981549,1.0,95,1,196,5,
B1_apdtm_cls_apdtm_features_original_plus_cash_real,bpic15_5,mix-prec,variant,IMd,inductive_miner_imd,a0710095115a2fbb,816,0.43034162663723335,0.7845385057794597,0.0,0.43034162663723335,0.0,0.35419687914222636,0.0,0.5485283685466497,1.0,123,1,196,5,
B1_apdtm_cls_apdtm_features_original_plus_cash_real,bpic15_5,mix-simp,variant,IMd,inductive_miner_imd,a0710095115a2fbb,816,0.5657191258989932,0.7677189214161869,0.0,0.5657191258989932,0.0,0.20199979551719371,0.0,0.736883135373854,1.0,123,1,196,5,
B1_apdtm_cls_apdtm_features_original_plus_cash_real,bpic15_5,mix-gen,variant,IMd,inductive_miner_imd,a0710095115a2fbb,816,0.4619322892766918,0.7246163316573346,0.0,0.4619322892766918,0.0,0.26268404238064286,0.0,0.6374853409944063,1.0,136,1,196,5,
B1_apdtm_cls_apdtm_features_original_plus_cash_real,hospital_billing,equal,variant,IMf,inductive_miner_imf,9d5b737243960680,816,0.7728985458636999,0.8734035144022313,0.0,0.7728985458636999,0.7080210029131718,0.10050496853853141,0.0,0.8849272222045977,1.0,93,1,196,5,
B1_apdtm_cls_apdtm_features_original_plus_cash_real,hospital_billing,fitn,variant,IMf,inductive_miner_imf,9d5b737243960680,816,1.0,1.0,0.0,1.0,0.6797553093982478,0.0,0.0,1.0,1.0,1,1,196,5,
B1_apdtm_cls_apdtm_features_original_plus_cash_real,hospital_billing,prec,variant,IMf,inductive_miner_imf,9d5b737243960680,816,0.5304980616975126,1.0,0.0,0.9123900422661322,0.3867395245470101,0.46950193830248743,0.3818919805686196,0.5304980616975126,0.2734869125104123,142,2,196,5,
B1_apdtm_cls_apdtm_features_original_plus_cash_real,hospital_billing,gene,variant,IMf,inductive_miner_imf,9d5b737243960680,816,0.9349278974582218,0.974570314262808,0.0,0.9406716490462892,0.7467548005194038,0.039642416804586245,0.005743751588067392,0.9593231845620366,0.970380337594693,14,2,196,5,
B1_apdtm_cls_apdtm_features_original_plus_cash_real,hospital_billing,simp,variant,IMf,inductive_miner_imf,9d5b737243960680,816,0.6261682242990655,1.0,0.0,1.0,0.4729241877256318,0.3738317757009345,0.3738317757009345,0.6261682242990655,0.2907438228139804,24,2,196,5,
B1_apdtm_cls_apdtm_features_original_plus_cash_real,hospital_billing,fit+pre,variant,IMf,inductive_miner_imf,9d5b737243960680,816,0.7652490308487563,0.9891405829759681,0.0,0.9148592576033847,0.5332474169726289,0.2238915521272118,0.14961022675462843,0.7736504234275752,0.6079518221778921,135,2,196,5,
B1_apdtm_cls_apdtm_features_original_plus_cash_real,hospital_billing,fit+gen,variant,IMf,inductive_miner_imf,9d5b737243960680,816,0.9674639487291109,0.9872657861978589,0.0,0.9703358245231446,0.7961812639516811,0.019801837468747974,0.002871875794033696,0.9799427492114272,0.9835096147662741,10,2,196,5,
B1_apdtm_cls_apdtm_features_original_plus_cash_real,hospital_billing,fit+sim,variant,IMf,inductive_miner_imf,9d5b737243960680,816,0.8130841121495327,0.8398776546991239,0.0,0.8398776546991239,0.6951263303331345,0.02679354254959121,0.02679354254959121,0.9680982790771,0.8148994997666039,12,2,196,5,
B1_apdtm_cls_apdtm_features_original_plus_cash_real,hospital_billing,pre+gen,variant,IMf,inductive_miner_imf,9d5b737243960680,816,0.7327129795778672,0.9583893297505974,0.0,0.829572421392768,0.6496733715260623,0.22567635017273024,0.0968594418149008,0.7645253936294781,0.4615900312610445,138,2,196,5,
B1_apdtm_cls_apdtm_features_original_plus_cash_real,hospital_billing,pre+sim,variant,IMf,inductive_miner_imf,9d5b737243960680,816,0.578333142998289,0.8030539885899708,0.0,0.6933697622735051,0.4457061813031991,0.22472084559168182,0.11503661927521613,0.7201672007304836,0.5355125738531229,142,3,196,5,
B1_apdtm_cls_apdtm_features_original_plus_cash_real,hospital_billing,gen+sim,variant,IMf,inductive_miner_imf,9d5b737243960680,816,0.7805480608786437,0.9594156800838197,0.0,0.9563036092525572,0.6098394941225178,0.17886761920517602,0.1757555483739135,0.8135660872359839,0.4927164439297078,16,2,196,5,
B1_apdtm_cls_apdtm_features_original_plus_cash_real,hospital_billing,mix-fit,variant,IMf,inductive_miner_imf,9d5b737243960680,816,0.7778758531148892,0.8999403930024692,0.0,0.8099087194531612,0.6791847029739135,0.12206453988758004,0.03203286633827207,0.864363750269797,0.7549580620225416,119,2,196,5,
B1_apdtm_cls_apdtm_features_original_plus_cash_real,hospital_billing,mix-prec,variant,IMf,inductive_miner_imf,9d5b737243960680,816,0.7552944163463778,0.9266041872906543,0.0,0.8197405704229646,0.6644290372499877,0.17130977094427646,0.06444615407658671,0.8151208754568896,0.585052360504288,128,2,196,5,
B1_apdtm_cls_apdtm_features_original_plus_cash_real,hospital_billing,mix-simp,variant,IMf,inductive_miner_imf,9d5b737243960680,816,0.7905026753810218,0.8448731726232275,0.0,0.8251219889751983,0.704958181302938,0.05437049724220566,0.03461931359417647,0.9356465573721652,0.7118989963384099,37,2,196,5,
B1_apdtm_cls_apdtm_features_original_plus_cash_real,hospital_billing,mix-gen,variant,IMf,inductive_miner_imf,9d5b737243960680,816,0.7679212386125109,0.8574303226558113,0.0,0.8103663232512726,0.7045511321397954,0.08950908404330038,0.04244508463876162,0.8956077459844735,0.5988753203304678,76,2,196,5,
B1_apdtm_cls_apdtm_features_original_plus_cash_real,road_traffic_fines,equal,variant,IM,inductive_miner_im,bc38a80ef2ff6b06,816,0.7953185937601113,0.9091484776358276,0.0,0.8472976270289231,0.7357034000201228,0.11382988387571635,0.051979033268811814,0.8747950563897743,0.5342139583554554,140,2,196,5,
B1_apdtm_cls_apdtm_features_original_plus_cash_real,road_traffic_fines,fitn,variant,IM,inductive_miner_im,bc38a80ef2ff6b06,816,1.0,1.0,0.0,1.0,0.637766272135165,0.0,0.0,1.0,1.0,1,1,196,5,
B1_apdtm_cls_apdtm_features_original_plus_cash_real,road_traffic_fines,prec,variant,IM,inductive_miner_im,bc38a80ef2ff6b06,816,0.5822525881810321,1.0,0.0,0.9913926579538832,0.5080563293025482,0.4177474118189679,0.4091400697728511,0.5822525881810321,0.15350854980323023,164,3,196,5,
B1_apdtm_cls_apdtm_features_original_plus_cash_real,road_traffic_fines,gene,variant,IM,inductive_miner_im,bc38a80ef2ff6b06,816,0.9752594106217892,0.9916370973254746,0.0,0.988255529682136,0.9232130142183954,0.016377686703685335,0.012996119060346811,0.9834841932115516,0.8001903990384293,25,3,196,5,
B1_apdtm_cls_apdtm_features_original_plus_cash_real,road_traffic_fines,simp,variant,IM,inductive_miner_im,bc38a80ef2ff6b06,816,0.6237623762376238,0.8,0.0,0.6571428571428571,0.5135135135135136,0.17623762376237628,0.03338048090523338,0.7797029702970296,0.7675928883210901,66,2,196,5,
B1_apdtm_cls_apdtm_features_original_plus_cash_real,road_traffic_fines,fit+pre,variant,IM,inductive_miner_im,bc38a80ef2ff6b06,816,0.791126294090516,0.9901742494392978,0.0,0.9598795032511696,0.6500603519943688,0.19904795534878172,0.1687532091606535,0.7989768412362815,0.4553170503627823,158,2,196,5,
B1_apdtm_cls_apdtm_features_original_plus_cash_real,road_traffic_fines,fit+gen,variant,IM,inductive_miner_im,bc38a80ef2ff6b06,816,0.9876297053108947,0.9953412031561973,0.0,0.994127764841068,0.8116581555420307,0.007711497845302673,0.00649805953017335,0.992252407696125,0.9643882641326638,9,2,196,5,
B1_apdtm_cls_apdtm_features_original_plus_cash_real,road_traffic_fines,fit+sim,variant,IM,inductive_miner_im,bc38a80ef2ff6b06,816,0.8118811881188119,0.869886942078606,0.0,0.8118811881188119,0.6474545646390111,0.058005753959794015,0.0,0.9333180541586376,1.0,17,1,196,5,
B1_apdtm_cls_apdtm_features_original_plus_cash_real,road_traffic_fines,pre+gen,variant,IM,inductive_miner_im,bc38a80ef2ff6b06,816,0.7787559994014106,0.9899221054016767,0.0,0.9573028360861393,0.7481559294923421,0.21116610600026609,0.1785468366847287,0.7866841190352224,0.1463089768212523,169,3,196,5,
B1_apdtm_cls_apdtm_features_original_plus_cash_real,road_traffic_fines,pre+sim,variant,IM,inductive_miner_im,bc38a80ef2ff6b06,816,0.6030074822093279,0.8710629687671056,0.0,0.7688055726744205,0.5107849214080309,0.2680554865577778,0.16579809046509264,0.6922662354282136,0.35742317658939304,163,3,196,5,
B1_apdtm_cls_apdtm_features_original_plus_cash_real,road_traffic_fines,gen+sim,variant,IM,inductive_miner_im,bc38a80ef2ff6b06,816,0.7995108934297065,0.8875669341178665,0.0,0.8213464480458768,0.7347157508066766,0.08805604068815998,0.02183555461617026,0.900789408321439,0.747946682734423,47,2,196,5,
B1_apdtm_cls_apdtm_features_original_plus_cash_real,road_traffic_fines,mix-fit,variant,IM,inductive_miner_im,bc38a80ef2ff6b06,816,0.7969541927640134,0.917489504487446,0.0,0.8703293357063786,0.683796413733599,0.12053531172343268,0.07337514294236525,0.8686248604110522,0.6066370366885008,152,2,196,5,
B1_apdtm_cls_apdtm_features_original_plus_cash_real,road_traffic_fines,mix-prec,variant,IM,inductive_miner_im,bc38a80ef2ff6b06,816,0.7878550960827118,0.9485628625742423,0.0,0.9138160858962587,0.7510505419770113,0.1607077664915305,0.12596098981354698,0.8305776318762931,0.2261200572275927,159,2,196,5,
B1_apdtm_cls_apdtm_features_original_plus_cash_real,road_traffic_fines,mix-simp,variant,IM,inductive_miner_im,bc38a80ef2ff6b06,816,0.8027820914375106,0.8891275547093468,0.0,0.8027820914375106,0.717532475472829,0.08634546327183623,0.0,0.9028874284521952,1.0,73,1,196,5,
B1_apdtm_cls_apdtm_features_original_plus_cash_real,road_traffic_fines,mix-gen,variant,IM,inductive_miner_im,bc38a80ef2ff6b06,816,0.7936829947562092,0.9083681673400874,0.0,0.8242659183514679,0.750967531787418,0.11468517258387823,0.030582923595258715,0.873745936166276,0.5827612990016549,119,2,196,5,
B1_apdtm_cls_apdtm_features_original_plus_cash_real,sepsis,equal,variant,IMf,inductive_miner_imf,bfdf4a37618d0c44,815,0.6956129625466503,0.835724100545018,0.0,0.7189961247213809,0.5249929107876445,0.14011113799836772,0.023383162174730576,0.8323476157897156,0.8794702329894528,135,2,196,5,
B1_apdtm_cls_apdtm_features_original_plus_cash_real,sepsis,fitn,variant,IMf,inductive_miner_imf,bfdf4a37618d0c44,815,1.0,1.0,0.0,1.0,0.2658896119719338,0.0,0.0,1.0,1.0,1,1,196,5,
B1_apdtm_cls_apdtm_features_original_plus_cash_real,sepsis,prec,variant,IMf,inductive_miner_imf,bfdf4a37618d0c44,815,0.2576207541934074,1.0,0.0,0.7033112582781457,0.179251018798475,0.7423792458065925,0.44569050408473826,0.2576207541934074,0.14954337209925372,173,3,196,5,
B1_apdtm_cls_apdtm_features_original_plus_cash_real,sepsis,gene,variant,IMf,inductive_miner_imf,bfdf4a37618d0c44,815,0.9024534736155712,0.9290801678868448,0.0,0.9266596408851776,0.841792203394476,0.02662669427127362,0.02420616726960645,0.9713408000820478,0.7147767390495492,23,3,196,5,
B1_apdtm_cls_apdtm_features_original_plus_cash_real,sepsis,simp,variant,IMf,inductive_miner_imf,bfdf4a37618d0c44,815,0.6223776223776223,0.7567567567567567,0.0,0.6223776223776223,0.4331983805668016,0.1343791343791344,0.0,0.8224275724275724,1.0,30,1,196,5,
B1_apdtm_cls_apdtm_features_original_plus_cash_real,sepsis,fit+pre,variant,IMf,inductive_miner_imf,bfdf4a37618d0c44,815,0.6288103770967037,0.9487189551442285,0.0,0.8004969574621229,0.354265925407767,0.3199085780475248,0.17168658036541917,0.6627994240940502,0.6152518134496172,149,2,196,5,
B1_apdtm_cls_apdtm_features_original_plus_cash_real,sepsis,fit+gen,variant,IMf,inductive_miner_imf,bfdf4a37618d0c44,815,0.9512267368077856,0.9633298204425889,0.0,0.9633298204425889,0.5895342673708803,0.01210308363480328,0.01210308363480328,0.9874361995466489,0.9676211139074695,7,2,196,5,
B1_apdtm_cls_apdtm_features_original_plus_cash_real,sepsis,fit+sim,variant,IMf,inductive_miner_imf,bfdf4a37618d0c44,815,0.8111888111888111,0.8140244733789898,0.0,0.8111888111888111,0.37207524076857557,0.0028356621901786117,0.0,0.9965164902494787,1.0,5,1,196,5,
B1_apdtm_cls_apdtm_features_original_plus_cash_real,sepsis,pre+gen,variant,IMf,inductive_miner_imf,bfdf4a37618d0c44,815,0.5800371139044893,0.9381130457761724,0.0,0.7725517308363108,0.5529553298418263,0.3580759318716831,0.19251461693182148,0.6183019376141181,0.12332526371114451,169,3,196,5,
B1_apdtm_cls_apdtm_features_original_plus_cash_real,sepsis,pre+sim,variant,IMf,inductive_miner_imf,bfdf4a37618d0c44,815,0.4399991882855149,0.8491941359263719,0.0,0.5682548194224737,0.3168982366719647,0.40919494764085707,0.12825563113695881,0.5181373371184752,0.48974628102633566,169,3,196,5,
B1_apdtm_cls_apdtm_features_original_plus_cash_real,sepsis,gen+sim,variant,IMf,inductive_miner_imf,bfdf4a37618d0c44,815,0.7624155479965967,0.8216829410862796,0.0,0.7624155479965967,0.6374952919806388,0.059267393089682874,0.0,0.9278707271063333,1.0,19,1,196,5,
B1_apdtm_cls_apdtm_features_original_plus_cash_real,sepsis,mix-fit,variant,IMf,inductive_miner_imf,bfdf4a37618d0c44,815,0.6920070980951039,0.8604442533384715,0.0,0.7408853365946917,0.4261185826318798,0.16843715524336766,0.048878238499587834,0.8042439651495821,0.844716006743957,136,2,196,5,
B1_apdtm_cls_apdtm_features_original_plus_cash_real,sepsis,mix-prec,variant,IMf,inductive_miner_imf,bfdf4a37618d0c44,815,0.6360221059997964,0.8992786495573217,0.0,0.7567185337155011,0.5520145817192966,0.26325654355752537,0.12069642771570477,0.7072580966009636,0.4103854540241478,153,2,196,5,
B1_apdtm_cls_apdtm_features_original_plus_cash_real,sepsis,mix-simp,variant,IMf,inductive_miner_imf,bfdf4a37618d0c44,815,0.7552038190935039,0.7905131280697297,0.0,0.7552038190935039,0.4979712398559925,0.03530930897622586,0.0,0.9553336842584209,1.0,39,1,196,5,
B1_apdtm_cls_apdtm_features_original_plus_cash_real,sepsis,mix-gen,variant,IMf,inductive_miner_imf,bfdf4a37618d0c44,815,0.6992188269981966,0.8286673700233692,0.0,0.6992188269981966,0.6238672389434095,0.1294485430251726,0.0,0.8437870879101683,1.0,120,1,196,5,
B2_apdtm_cls_cash_features_cash_real_default,bpi2012,equal,variant,HM,heuristics_miner,338af92936f97ac9,16,0.8264055189438223,0.8454937775108162,0.0,0.8264055189438223,0.6421431792744381,0.01908825856699392,0.0,0.9774235374940418,1.0,8,1,196,5,
B2_apdtm_cls_cash_features_cash_real_default,bpi2012,fitn,variant,HM,heuristics_miner,338af92936f97ac9,16,0.9013689583939556,1.0,0.0,1.0,0.631230892297019,0.09863104160604441,0.09863104160604441,0.9013689583939556,0.7325398479812871,51,4,196,5,
B2_apdtm_cls_cash_features_cash_real_default,bpi2012,prec,variant,HM,heuristics_miner,338af92936f97ac9,16,0.9158179923584578,1.0,0.0,0.9158179923584578,0.1394427299083702,0.08418200764154216,0.0,0.9158179923584578,1.0,58,1,196,5,
B2_apdtm_cls_cash_features_cash_real_default,bpi2012,gene,variant,HM,heuristics_miner,338af92936f97ac9,16,0.945799466108147,0.9846855427449372,0.0,0.9846855427449372,0.945799466108147,0.03888607663679022,0.03888607663679022,0.9605091423111684,0.0,43,5,196,5,
B2_apdtm_cls_cash_features_cash_real_default,bpi2012,simp,variant,HM,heuristics_miner,338af92936f97ac9,16,0.5426356589147286,0.853658536585366,0.0,0.853658536585366,0.4444444444444444,0.3110228776706373,0.3110228776706373,0.6356589147286821,0.23995071615586006,131,4,196,5,
B2_apdtm_cls_cash_features_cash_real_default,bpi2012,fit+pre,variant,HM,heuristics_miner,338af92936f97ac9,16,0.9085934753762067,0.9301612956045748,0.0,0.9085934753762067,0.38824671604357214,0.021567820228368118,0.0,0.9768128169487532,1.0,6,1,196,5,
B2_apdtm_cls_cash_features_cash_real_default,bpi2012,fit+gen,variant,HM,heuristics_miner,338af92936f97ac9,16,0.9235842122510514,0.9923427713724686,0.0,0.9923427713724686,0.8072637946190873,0.06875855912141726,0.06875855912141726,0.9307108782318028,0.6284907106816439,29,4,196,5,
B2_apdtm_cls_cash_features_cash_real_default,bpi2012,fit+sim,variant,HM,heuristics_miner,338af92936f97ac9,16,0.7220023086543421,0.8121921418178204,0.0,0.7950530873536228,0.7220023086543421,0.09018983316347828,0.07305077869928067,0.8889550532197732,0.0,74,5,196,5,
B2_apdtm_cls_cash_features_cash_real_default,bpi2012,pre+gen,variant,HM,heuristics_miner,338af92936f97ac9,16,0.9308087292333025,0.9634656515705695,0.0,0.9308087292333025,0.5620641363266538,0.032656922337267025,0.0,0.9661047362881778,1.0,37,1,196,5,
B2_apdtm_cls_cash_features_cash_real_default,bpi2012,pre+sim,variant,HM,heuristics_miner,338af92936f97ac9,16,0.7292268256365932,0.8077460186427269,0.0,0.7292268256365932,0.29194358717640734,0.07851919300613364,0.0,0.9027922252862711,1.0,69,1,196,5,
B2_apdtm_cls_cash_features_cash_real_default,bpi2012,gen+sim,variant,HM,heuristics_miner,338af92936f97ac9,16,0.7442175625114378,0.9184776167632608,0.0,0.9184776167632608,0.7145649935946908,0.174260054251823,0.174260054251823,0.8102729439766644,0.1454180151085293,77,4,196,5,
B2_apdtm_cls_cash_features_cash_real_default,bpi2012,mix-fit,variant,HM,heuristics_miner,338af92936f97ac9,16,0.83840005945888,0.8579335371394458,0.0,0.83840005945888,0.565132495867034,0.01953347768056579,0.0,0.9772319453256308,1.0,6,1,196,5,
B2_apdtm_cls_cash_features_cash_real_default,bpi2012,mix-prec,variant,HM,heuristics_miner,338af92936f97ac9,16,0.8846043943460911,0.9094815824532984,0.0,0.8846043943460911,0.564706057116337,0.024877188107207293,0.0,0.9726468478447888,1.0,6,1,196,5,
B2_apdtm_cls_cash_features_cash_real_default,bpi2012,mix-simp,variant,HM,heuristics_miner,338af92936f97ac9,16,0.7682066435415533,0.8154342316428806,0.0,0.7682066435415533,0.6886591593176022,0.04722758810132732,0.0,0.9420828973463912,1.0,22,1,196,5,
B2_apdtm_cls_cash_features_cash_real_default,bpi2012,mix-gen,variant,HM,heuristics_miner,338af92936f97ac9,16,0.8144109784287645,0.858090575541927,0.0,0.8144109784287645,0.6550960964129823,0.043679597113162494,0.0,0.9490967523031276,1.0,14,1,196,5,
B2_apdtm_cls_cash_features_cash_real_default,bpi2013_closed_problems,equal,variant,HM,heuristics_miner,596eb63f26ecfd51,16,0.7989866614480718,0.9163782860150957,0.0,0.8856717323021799,0.7989866614480718,0.1173916245670239,0.08668507085410804,0.8718961084537417,0.0,159,5,196,5,
B2_apdtm_cls_cash_features_cash_real_default,bpi2013_closed_problems,fitn,variant,HM,heuristics_miner,596eb63f26ecfd51,16,0.9944995246502784,1.0,0.0,1.0,0.6403632397723371,0.005500475349721645,0.005500475349721645,0.9944995246502784,0.9847054696348626,17,4,196,5,
B2_apdtm_cls_cash_features_cash_real_default,bpi2013_closed_problems,prec,variant,HM,heuristics_miner,596eb63f26ecfd51,16,0.8684298767708944,1.0,0.0,1.0,0.7923798798798799,0.13157012322910555,0.13157012322910555,0.8684298767708944,0.3662939644145051,165,2,196,5,
B2_apdtm_cls_cash_features_cash_real_default,bpi2013_closed_problems,gene,variant,HM,heuristics_miner,596eb63f26ecfd51,16,0.7139696253234955,0.9751741745874558,0.0,0.9417621438127408,0.7139696253234955,0.2612045492639603,0.2277925184892453,0.7321457478358038,0.0,171,5,196,5,
B2_apdtm_cls_cash_features_cash_real_default,bpi2013_closed_problems,simp,variant,HM,heuristics_miner,596eb63f26ecfd51,16,0.6190476190476191,1.0,0.0,1.0,0.6190476190476191,0.38095238095238093,0.38095238095238093,0.6190476190476191,0.0,182,5,196,5,
B2_apdtm_cls_cash_features_cash_real_default,bpi2013_closed_problems,fit+pre,variant,HM,heuristics_miner,596eb63f26ecfd51,16,0.9314647007105864,0.9833244744389686,0.0,0.9314647007105864,0.8201816198861686,0.05185977372838224,0.0,0.9472607719257974,1.0,49,1,196,5,
B2_apdtm_cls_cash_features_cash_real_default,bpi2013_closed_problems,fit+gen,variant,HM,heuristics_miner,596eb63f26ecfd51,16,0.8542345749868869,0.9768396200213343,0.0,0.9708810719063704,0.7713434646043598,0.12260504503444736,0.11664649691948348,0.8744880505238213,0.4154159784880407,94,4,196,5,
B2_apdtm_cls_cash_features_cash_real_default,bpi2013_closed_problems,fit+sim,variant,HM,heuristics_miner,596eb63f26ecfd51,16,0.8067735718489487,0.8813768133238105,0.0,0.8421052631578947,0.8067735718489487,0.07460324147486175,0.03533169130894598,0.9153560198690488,0.0,69,5,196,5,
B2_apdtm_cls_cash_features_cash_real_default,bpi2013_closed_problems,pre+gen,variant,HM,heuristics_miner,596eb63f26ecfd51,16,0.791199751047195,0.9873630729568104,0.0,0.9511618447181912,0.791199751047195,0.19616332190961538,0.15996209367099623,0.8013260498773018,0.0,189,5,196,5,
B2_apdtm_cls_cash_features_cash_real_default,bpi2013_closed_problems,pre+sim,variant,HM,heuristics_miner,596eb63f26ecfd51,16,0.7437387479092568,1.0,0.0,1.0,0.7267954731728345,0.25626125209074324,0.25626125209074324,0.7437387479092568,0.062016815508847176,173,2,196,5,
B2_apdtm_cls_cash_features_cash_real_default,bpi2013_closed_problems,gen+sim,variant,HM,heuristics_miner,596eb63f26ecfd51,16,0.6665086221855573,0.9875870872937279,0.0,0.9511618447181912,0.6665086221855573,0.3210784651081706,0.2846532225326339,0.674885922224826,0.0,182,5,196,5,
B2_apdtm_cls_cash_features_cash_real_default,bpi2013_closed_problems,mix-fit,variant,HM,heuristics_miner,596eb63f26ecfd51,16,0.853535259233253,0.9341168759050021,0.0,0.8687322836083959,0.8463776648525732,0.08058161667174912,0.01519702437514292,0.9137349739092562,0.320184139969531,90,4,196,5,
B2_apdtm_cls_cash_features_cash_real_default,bpi2013_closed_problems,mix-prec,variant,HM,heuristics_miner,596eb63f26ecfd51,16,0.8223675051402238,0.9478472946591554,0.0,0.898769754785382,0.8223675051402238,0.12547978951893157,0.07640224964515818,0.8676160282083688,0.0,164,5,196,5,
B2_apdtm_cls_cash_features_cash_real_default,bpi2013_closed_problems,mix-simp,variant,HM,heuristics_miner,596eb63f26ecfd51,16,0.7756058177559197,0.8876203584183078,0.0,0.8725737098189776,0.7756058177559197,0.11201454066238803,0.09696789206305789,0.8738035472034553,0.0,156,5,196,5,
B2_apdtm_cls_cash_features_cash_real_default,bpi2013_closed_problems,mix-gen,variant,HM,heuristics_miner,596eb63f26ecfd51,16,0.7444380636628907,0.9265291608189077,0.0,0.9249657997517868,0.7444380636628907,0.182091097156017,0.18052773608889616,0.8034696533511403,0.0,172,5,196,5,
B2_apdtm_cls_cash_features_cash_real_default,bpi2013_incidents,equal,variant,HM,heuristics_miner,10cce99744388f4f,16,0.8512319772476271,0.9227713113840779,0.0,0.8512319772476271,0.6771578170832514,0.07153933413645075,0.0,0.9224733872261938,1.0,76,1,196,5,
B2_apdtm_cls_cash_features_cash_real_default,bpi2013_incidents,fitn,variant,HM,heuristics_miner,10cce99744388f4f,16,0.995809115517265,1.0,0.0,1.0,0.2261167659340351,0.004190884482734969,0.004190884482734969,0.995809115517265,0.9945846035961832,11,4,196,5,
B2_apdtm_cls_cash_features_cash_real_default,bpi2013_incidents,prec,variant,HM,heuristics_miner,10cce99744388f4f,16,0.8850810072924525,1.0,0.0,0.8850810072924525,0.6000158860441103,0.11491899270754746,0.0,0.8850810072924525,1.0,125,1,196,5,
B2_apdtm_cls_cash_features_cash_real_default,bpi2013_incidents,gene,variant,HM,heuristics_miner,10cce99744388f4f,16,0.9024161645591694,0.9924026869731328,0.0,0.9374222306098524,0.871132170779936,0.08998652241396343,0.035006066050683016,0.9093245880979768,0.47192586429247835,120,2,196,5,
B2_apdtm_cls_cash_features_cash_real_default,bpi2013_incidents,simp,variant,HM,heuristics_miner,10cce99744388f4f,16,0.6216216216216216,1.0,0.0,1.0,0.6216216216216216,0.3783783783783784,0.3783783783783784,0.6216216216216216,0.0,171,5,196,5,
B2_apdtm_cls_cash_features_cash_real_default,bpi2013_incidents,fit+pre,variant,HM,heuristics_miner,10cce99744388f4f,16,0.9404450614048587,0.9765794350540196,0.0,0.9404450614048587,0.41306632598907267,0.036134373649160834,0.0,0.9629990430351812,1.0,49,1,196,5,
B2_apdtm_cls_cash_features_cash_real_default,bpi2013_incidents,fit+gen,variant,HM,heuristics_miner,10cce99744388f4f,16,0.9491126400382173,0.9948630084104291,0.0,0.9687111153049262,0.5543076911444477,0.0457503683722118,0.01959847526670888,0.954013398844419,0.9527067728592915,39,2,196,5,
B2_apdtm_cls_cash_features_cash_real_default,bpi2013_incidents,fit+sim,variant,HM,heuristics_miner,10cce99744388f4f,16,0.8087153685694433,0.8762171658937965,0.0,0.8421052631578947,0.6130583829670175,0.06750179732435324,0.03338989458845143,0.9229622518802206,0.8542224431931759,54,4,196,5,
B2_apdtm_cls_cash_features_cash_real_default,bpi2013_incidents,pre+gen,variant,HM,heuristics_miner,10cce99744388f4f,16,0.893748585925811,0.9962013434865664,0.0,0.893748585925811,0.7412572511994853,0.10245275756075545,0.0,0.8971565755952657,1.0,132,1,196,5,
B2_apdtm_cls_cash_features_cash_real_default,bpi2013_incidents,pre+sim,variant,HM,heuristics_miner,10cce99744388f4f,16,0.7533513144570371,1.0,0.0,0.8000079430220551,0.6462487440701031,0.24664868554296293,0.046656628565018066,0.7533513144570371,0.6965604082029737,154,2,196,5,
B2_apdtm_cls_cash_features_cash_real_default,bpi2013_incidents,gen+sim,variant,HM,heuristics_miner,10cce99744388f4f,16,0.7620188930903955,0.9962013434865664,0.0,0.94124930817743,0.7620188930903955,0.23418245039617092,0.17923041508703452,0.7649245788240309,0.0,173,5,196,5,
B2_apdtm_cls_cash_features_cash_real_default,bpi2013_incidents,mix-fit,variant,HM,heuristics_miner,10cce99744388f4f,16,0.8784138891748832,0.9349837317539983,0.0,0.8784138891748832,0.5587013338223332,0.056569842579115126,0.0,0.9394964418546706,1.0,55,1,196,5,
B2_apdtm_cls_cash_features_cash_real_default,bpi2013_incidents,mix-prec,variant,HM,heuristics_miner,10cce99744388f4f,16,0.8860812375503468,0.9521545943141786,0.0,0.8860812375503468,0.6499792925109091,0.06607335676383175,0.0,0.9306064822263203,1.0,82,1,196,5,
B2_apdtm_cls_cash_features_cash_real_default,bpi2013_incidents,mix-simp,variant,HM,heuristics_miner,10cce99744388f4f,16,0.8163827169449073,0.893388028453977,0.0,0.8237417114451061,0.7043363416555937,0.07700531150906975,0.007358994500198834,0.9138053017765094,0.9383696519413552,67,2,196,5,
B2_apdtm_cls_cash_features_cash_real_default,bpi2013_incidents,mix-gen,variant,HM,heuristics_miner,10cce99744388f4f,16,0.8240500653203712,0.9176337438459292,0.0,0.8240500653203712,0.7736190326066823,0.09358367852555805,0.0,0.8980163064477816,1.0,137,1,196,5,
B2_apdtm_cls_cash_features_cash_real_default,bpi2013_open_problems,equal,variant,HM,heuristics_miner,e69aab0f7954cd28,16,0.8607392123024618,0.9162455491114012,0.0,0.9162455491114012,0.7971612190845068,0.05550633680893946,0.05550633680893946,0.939419801970366,0.5338905060270843,70,4,196,5,
B2_apdtm_cls_cash_features_cash_real_default,bpi2013_open_problems,fitn,variant,HM,heuristics_miner,e69aab0f7954cd28,16,0.994787287708088,1.0,0.0,1.0,0.5167192429022083,0.005212712291912003,0.005212712291912003,0.994787287708088,0.9892139047223492,19,3,196,5,
B2_apdtm_cls_cash_features_cash_real_default,bpi2013_open_problems,prec,variant,HM,heuristics_miner,e69aab0f7954cd28,16,0.9620563035495716,1.0,0.0,1.0,0.9065645824471856,0.03794369645042839,0.03794369645042839,0.9620563035495716,0.5939045659106653,121,3,196,5,
B2_apdtm_cls_cash_features_cash_real_default,bpi2013_open_problems,gene,variant,HM,heuristics_miner,e69aab0f7954cd28,16,0.8611132579521872,0.9656228232165908,0.0,0.96197551956781,0.8611132579521872,0.10450956526440358,0.10086226161562284,0.8917697855190795,0.0,72,5,196,5,
B2_apdtm_cls_cash_features_cash_real_default,bpi2013_open_problems,simp,variant,HM,heuristics_miner,e69aab0f7954cd28,16,0.625,1.0,0.0,0.7391304347826086,0.625,0.375,0.11413043478260865,0.625,0.0,171,5,196,5,
B2_apdtm_cls_cash_features_cash_real_default,bpi2013_open_problems,fit+pre,variant,HM,heuristics_miner,e69aab0f7954cd28,16,0.9784217956288298,0.9819381210475933,0.0,0.9819381210475933,0.7583596214511041,0.003516325418763455,0.003516325418763455,0.9964189949006033,0.9842725243030539,24,2,196,5,
B2_apdtm_cls_cash_features_cash_real_default,bpi2013_open_problems,fit+gen,variant,HM,heuristics_miner,e69aab0f7954cd28,16,0.9279502728301376,0.9828114116082953,0.0,0.975860335679935,0.7371795810261562,0.05486113877815768,0.047910062849797375,0.9441793836231698,0.7992713617849336,30,4,196,5,
B2_apdtm_cls_cash_features_cash_real_default,bpi2013_open_problems,fit+sim,variant,HM,heuristics_miner,e69aab0f7954cd28,16,0.809893643854044,0.8644377932873344,0.0,0.8644377932873344,0.6155024785939613,0.054544149433290334,0.054544149433290334,0.9369021694136409,0.7808902706292384,47,4,196,5,
B2_apdtm_cls_cash_features_cash_real_default,bpi2013_open_problems,pre+gen,variant,HM,heuristics_miner,e69aab0f7954cd28,16,0.9115847807508795,0.9793652708841788,0.0,0.9788199595750521,0.9115847807508795,0.06778049013329934,0.06723517882417263,0.9307914093460691,0.0,95,5,196,5,
B2_apdtm_cls_cash_features_cash_real_default,bpi2013_open_problems,pre+sim,variant,HM,heuristics_miner,e69aab0f7954cd28,16,0.7935281517747859,0.9951923076923077,0.0,0.8571428571428572,0.7935281517747859,0.20166415591752185,0.06361470536807134,0.7973616211070312,0.0,157,5,196,5,
B2_apdtm_cls_cash_features_cash_real_default,bpi2013_open_problems,gen+sim,variant,HM,heuristics_miner,e69aab0f7954cd28,16,0.7430566289760936,0.9788199595750521,0.0,0.8505529771752094,0.7430566289760936,0.2357633305989585,0.1074963481991158,0.7591351419710388,0.0,170,5,196,5,
B2_apdtm_cls_cash_features_cash_real_default,bpi2013_open_problems,mix-fit,variant,HM,heuristics_miner,e69aab0f7954cd28,16,0.8976431319433255,0.9321610267210647,0.0,0.9321610267210647,0.7453088319330367,0.034517894777739255,0.034517894777739255,0.9629700300825083,0.8152663134789634,45,4,196,5,
B2_apdtm_cls_cash_features_cash_real_default,bpi2013_open_problems,mix-prec,variant,HM,heuristics_miner,e69aab0f7954cd28,16,0.9046139563471023,0.9501071658282663,0.0,0.9501071658282663,0.8620643957540441,0.045493209481163976,0.045493209481163976,0.9521178124769696,0.4832828471569882,64,4,196,5,
B2_apdtm_cls_cash_features_cash_real_default,bpi2013_open_problems,mix-simp,variant,HM,heuristics_miner,e69aab0f7954cd28,16,0.816864468257821,0.8823839323945362,0.0,0.8823839323945362,0.7322580424149691,0.06551946413671517,0.06551946413671517,0.9257472153205304,0.5635698536366199,73,4,196,5,
B2_apdtm_cls_cash_features_cash_real_default,bpi2013_open_problems,mix-gen,variant,HM,heuristics_miner,e69aab0f7954cd28,16,0.823835292661598,0.9253321454132266,0.0,0.9003300715017378,0.823835292661598,0.10149685275162856,0.07649477884013978,0.8903130586625163,0.0,91,5,196,5,
B2_apdtm_cls_cash_features_cash_real_default,bpi2017,equal,variant,HM,heuristics_miner,811f4a70bfa6226f,16,0.7897159833979309,0.8802301190425359,0.0,0.7897159833979309,0.5001675983519174,0.09051413564460498,0.0,0.8971699176312428,1.0,51,1,196,5,
B2_apdtm_cls_cash_features_cash_real_default,bpi2017,fitn,variant,HM,heuristics_miner,811f4a70bfa6226f,16,0.8359794443006674,1.0,0.0,1.0,0.495774473479623,0.1640205556993326,0.1640205556993326,0.8359794443006674,0.6747079489782553,119,4,196,5,
B2_apdtm_cls_cash_features_cash_real_default,bpi2017,prec,variant,HM,heuristics_miner,811f4a70bfa6226f,16,0.9977548056712652,0.9982184707429071,0.0,0.9977548056712652,0.1259019512485154,0.0004636650716419721,0.0,0.9995355074212393,1.0,4,1,196,5,
B2_apdtm_cls_cash_features_cash_real_default,bpi2017,gene,variant,HM,heuristics_miner,811f4a70bfa6226f,16,0.8436482021383097,0.99095165942404,0.0,0.988416241415834,0.8436482021383097,0.14730345728573024,0.14476803927752424,0.8513515206469852,0.0,108,5,196,5,
B2_apdtm_cls_cash_features_cash_real_default,bpi2017,simp,variant,HM,heuristics_miner,811f4a70bfa6226f,16,0.4814814814814814,0.7701149425287357,0.0,0.6170212765957447,0.392,0.2886334610472543,0.13553979511426328,0.6252072968490877,0.39765786966997213,109,3,196,5,
B2_apdtm_cls_cash_features_cash_real_default,bpi2017,fit+pre,variant,HM,heuristics_miner,811f4a70bfa6226f,16,0.9168671249859663,0.9550451175767805,0.0,0.9168671249859663,0.31083821236406917,0.038177992590814114,0.0,0.9600249329710386,1.0,30,1,196,5,
B2_apdtm_cls_cash_features_cash_real_default,bpi2017,fit+gen,variant,HM,heuristics_miner,811f4a70bfa6226f,16,0.8398138232194885,0.9949668505231788,0.0,0.994208120707917,0.7413842210795771,0.1551530273036903,0.15439429748842848,0.8440621140070075,0.38932079714222584,109,4,196,5,
B2_apdtm_cls_cash_features_cash_real_default,bpi2017,fit+sim,variant,HM,heuristics_miner,811f4a70bfa6226f,16,0.6587304628910744,0.8402404432249244,0.0,0.8085106382978724,0.4438872367398115,0.18150998033385002,0.149780175406798,0.783978524483781,0.589219521383496,117,4,196,5,
B2_apdtm_cls_cash_features_cash_real_default,bpi2017,pre+gen,variant,HM,heuristics_miner,811f4a70bfa6226f,16,0.9207015039047874,0.9859199935085099,0.0,0.9207015039047874,0.5564479599640234,0.06521848960372245,0.0,0.9338501196515602,1.0,37,1,196,5,
B2_apdtm_cls_cash_features_cash_real_default,bpi2017,pre+sim,variant,HM,heuristics_miner,811f4a70bfa6226f,16,0.7396181435763733,0.8723812160130642,0.0,0.7396181435763733,0.25895097562425773,0.13276307243669083,0.0,0.8478153013845926,1.0,45,1,196,5,
B2_apdtm_cls_cash_features_cash_real_default,bpi2017,gen+sim,variant,HM,heuristics_miner,811f4a70bfa6226f,16,0.6625648418098955,0.8792604640175905,0.0,0.7963457765194307,0.6625648418098955,0.216695622207695,0.13378093470953523,0.7535478608721342,0.0,119,5,196,5,
B2_apdtm_cls_cash_features_cash_real_default,bpi2017,mix-fit,variant,HM,heuristics_miner,811f4a70bfa6226f,16,0.8143793359317738,0.8744182289149186,0.0,0.8143793359317738,0.413179771634357,0.0600388929831448,0.0,0.9313384705421247,1.0,49,1,196,5,
B2_apdtm_cls_cash_features_cash_real_default,bpi2017,mix-prec,variant,HM,heuristics_miner,811f4a70bfa6226f,16,0.8675404199182805,0.9247332260272323,0.0,0.8675404199182805,0.48481386579919006,0.05719280610895183,0.0,0.9381521021423019,1.0,38,1,196,5,
B2_apdtm_cls_cash_features_cash_real_default,bpi2017,mix-simp,variant,HM,heuristics_miner,811f4a70bfa6226f,16,0.7118915468775813,0.8548318499663207,0.0,0.7712039241360872,0.5155213309046448,0.1429403030887394,0.05931237725850591,0.8327854734303933,0.7680234054697,99,3,196,5,
B2_apdtm_cls_cash_features_cash_real_default,bpi2017,mix-gen,variant,HM,heuristics_miner,811f4a70bfa6226f,16,0.7650526308640881,0.8969137795391169,0.0,0.7650526308640881,0.587155425069478,0.13186114867502874,0.0,0.8529834732355365,1.0,60,1,196,5,
B2_apdtm_cls_cash_features_cash_real_default,bpi2020_domestic,equal,variant,HM,heuristics_miner,7ff65ee42a91cefb,16,0.782697276145632,0.9013014428805918,0.0,0.782697276145632,0.5280586222617515,0.11860416673495977,0.0,0.868407880990519,1.0,137,1,196,5,
B2_apdtm_cls_cash_features_cash_real_default,bpi2020_domestic,fitn,variant,HM,heuristics_miner,7ff65ee42a91cefb,16,0.9251912994498018,1.0,0.0,1.0,0.723032771051894,0.07480870055019817,0.07480870055019817,0.9251912994498018,0.7299005343183951,112,4,196,5,
B2_apdtm_cls_cash_features_cash_real_default,bpi2020_domestic,prec,variant,HM,heuristics_miner,7ff65ee42a91cefb,16,0.8670356093278883,0.986007752461474,0.0,0.8670356093278883,0.1975518121669374,0.11897214313358573,0.0,0.8793395459248843,1.0,108,1,196,5,
B2_apdtm_cls_cash_features_cash_real_default,bpi2020_domestic,gene,variant,HM,heuristics_miner,7ff65ee42a91cefb,16,0.7516056740657073,0.9326053854610896,0.0,0.8554073029005208,0.7516056740657073,0.1809997113953823,0.10380162883481348,0.8059203665161185,0.0,181,5,196,5,
B2_apdtm_cls_cash_features_cash_real_default,bpi2020_domestic,simp,variant,HM,heuristics_miner,7ff65ee42a91cefb,16,0.5869565217391304,0.875,0.0,0.6000000000000001,0.3541666666666666,0.2880434782608696,0.013043478260869712,0.670807453416149,0.9469417833456147,154,3,196,5,
B2_apdtm_cls_cash_features_cash_real_default,bpi2020_domestic,fit+pre,variant,HM,heuristics_miner,7ff65ee42a91cefb,16,0.896113454388845,0.980580685505521,0.0,0.896113454388845,0.48650745759222797,0.08446723111667598,0.0,0.9138599889175562,1.0,125,1,196,5,
B2_apdtm_cls_cash_features_cash_real_default,bpi2020_domestic,fit+gen,variant,HM,heuristics_miner,7ff65ee42a91cefb,16,0.8383984867577545,0.9529492086056026,0.0,0.9277036514502603,0.7540428391238887,0.11455072184784809,0.08930516469250582,0.8797934655767606,0.4857494704984506,174,4,196,5,
B2_apdtm_cls_cash_features_cash_real_default,bpi2020_domestic,fit+sim,variant,HM,heuristics_miner,7ff65ee42a91cefb,16,0.756073910594466,0.892967594352212,0.0,0.8,0.5385997188592803,0.1368936837577459,0.043926089405534,0.8466980385138689,0.8319585227152558,141,3,196,5,
B2_apdtm_cls_cash_features_cash_real_default,bpi2020_domestic,pre+gen,variant,HM,heuristics_miner,7ff65ee42a91cefb,16,0.8093206416967977,0.957510356458128,0.0,0.8093206416967977,0.5175175256642226,0.14818971476133025,0.0,0.8452343478461263,1.0,134,1,196,5,
B2_apdtm_cls_cash_features_cash_real_default,bpi2020_domestic,pre+sim,variant,HM,heuristics_miner,7ff65ee42a91cefb,16,0.7269960655335093,0.8607303005919194,0.0,0.7269960655335093,0.3020744053996142,0.1337342350584101,0.0,0.8446270161902726,1.0,128,1,196,5,
B2_apdtm_cls_cash_features_cash_real_default,bpi2020_domestic,gen+sim,variant,HM,heuristics_miner,7ff65ee42a91cefb,16,0.6692810979024189,0.836843156586478,0.0,0.7277036514502604,0.569609786931275,0.16756205868405916,0.05842255354784154,0.7997688606697191,0.6304565409568719,166,3,196,5,
B2_apdtm_cls_cash_features_cash_real_default,bpi2020_domestic,mix-fit,variant,HM,heuristics_miner,7ff65ee42a91cefb,16,0.822739074332684,0.9217713572150562,0.0,0.822739074332684,0.5135463757134479,0.0990322828823722,0.0,0.8925630720598892,1.0,129,1,196,5,
B2_apdtm_cls_cash_features_cash_real_default,bpi2020_domestic,mix-prec,variant,HM,heuristics_miner,7ff65ee42a91cefb,16,0.8160298580147407,0.9396408568365918,0.0,0.8160298580147407,0.5155319506888351,0.12361099882185111,0.0,0.86844867597818,1.0,131,1,196,5,
B2_apdtm_cls_cash_features_cash_real_default,bpi2020_domestic,mix-simp,variant,HM,heuristics_miner,7ff65ee42a91cefb,16,0.749364694276523,0.8629620289245914,0.0,0.7501620398307685,0.5405852938346677,0.11359733464806843,0.0007973455542454877,0.8683634611483063,0.9961954483525557,158,3,196,5,
B2_apdtm_cls_cash_features_cash_real_default,bpi2020_domestic,mix-gen,variant,HM,heuristics_miner,7ff65ee42a91cefb,16,0.7426554779585799,0.88113234738198,0.0,0.7426554779585799,0.5425708688100551,0.1384768694234001,0.0,0.8428421452976473,1.0,140,1,196,5,
B2_apdtm_cls_cash_features_cash_real_default,bpi2020_international,equal,variant,HM,heuristics_miner,a8fc09154990e706,16,0.748944593081187,0.8501918473231604,0.0,0.748944593081187,0.42730621361870447,0.10124725424197345,0.0,0.8809124616276295,1.0,74,1,196,5,
B2_apdtm_cls_cash_features_cash_real_default,bpi2020_international,fitn,variant,HM,heuristics_miner,a8fc09154990e706,16,0.9008203009126576,1.0,0.0,1.0,0.543631678095892,0.09917969908734237,0.09917969908734237,0.9008203009126576,0.7826761974329542,91,4,196,5,
B2_apdtm_cls_cash_features_cash_real_default,bpi2020_international,prec,variant,HM,heuristics_miner,a8fc09154990e706,16,0.914192461570857,1.0,0.0,0.914192461570857,0.0,0.08580753842914302,0.0,0.914192461570857,1.0,28,1,196,5,
B2_apdtm_cls_cash_features_cash_real_default,bpi2020_international,gene,variant,HM,heuristics_miner,a8fc09154990e706,16,0.6807656098412334,0.9418786896404474,0.0,0.9085268002629592,0.6807656098412334,0.26111307979921405,0.22776119042172582,0.7227741930344647,0.0,167,5,196,5,
B2_apdtm_cls_cash_features_cash_real_default,bpi2020_international,simp,variant,HM,heuristics_miner,a8fc09154990e706,16,0.5,0.726190476190476,0.0,0.6222222222222222,0.2668810289389067,0.22619047619047605,0.12222222222222223,0.6885245901639345,0.6560426302030967,148,3,196,5,
B2_apdtm_cls_cash_features_cash_real_default,bpi2020_international,fit+pre,variant,HM,heuristics_miner,a8fc09154990e706,16,0.9075063812417573,0.9444725618292222,0.0,0.9075063812417573,0.271815839047946,0.036966180587464925,0.0,0.9608605034371035,1.0,33,1,196,5,
B2_apdtm_cls_cash_features_cash_real_default,bpi2020_international,fit+gen,variant,HM,heuristics_miner,a8fc09154990e706,16,0.7907929553769455,0.9642924535411258,0.0,0.9542634001314796,0.7211719127679556,0.1734994981641803,0.1634704447545341,0.8200758519606306,0.2986854792359302,159,4,196,5,
B2_apdtm_cls_cash_features_cash_real_default,bpi2020_international,fit+sim,variant,HM,heuristics_miner,a8fc09154990e706,16,0.7004101504563288,0.8252695672008914,0.0,0.7964877749920367,0.4052563535173993,0.12485941674456258,0.0960776245357079,0.8487046878899769,0.7544225252318176,136,3,196,5,
B2_apdtm_cls_cash_features_cash_real_default,bpi2020_international,pre+gen,variant,HM,heuristics_miner,a8fc09154990e706,16,0.7974790357060452,0.9244692854293903,0.0,0.7974790357060452,0.4493560737200096,0.12699024972334516,0.0,0.8626344306675784,1.0,62,1,196,5,
B2_apdtm_cls_cash_features_cash_real_default,bpi2020_international,pre+sim,variant,HM,heuristics_miner,a8fc09154990e706,16,0.7070962307854285,0.863095238095238,0.0,0.7070962307854285,0.13344051446945335,0.15599900730980953,0.0,0.8192563225651862,1.0,49,1,196,5,
B2_apdtm_cls_cash_features_cash_real_default,bpi2020_international,gen+sim,variant,HM,heuristics_miner,a8fc09154990e706,16,0.5903828049206167,0.8021013140485984,0.0,0.7494471551579674,0.5827965881894629,0.21171850912798174,0.15906435023735077,0.7360451785581367,0.04552169770047953,163,4,196,5,
B2_apdtm_cls_cash_features_cash_real_default,bpi2020_international,mix-fit,variant,HM,heuristics_miner,a8fc09154990e706,16,0.8026624198204434,0.8651430903153831,0.0,0.8026624198204434,0.36070009177014006,0.06248067049493966,0.0,0.9277799577961575,1.0,55,1,196,5,
B2_apdtm_cls_cash_features_cash_real_default,bpi2020_international,mix-prec,variant,HM,heuristics_miner,a8fc09154990e706,16,0.8000707277632442,0.8789785552291673,0.0,0.8000707277632442,0.4050280827450747,0.07890782746592317,0.0,0.910227812730482,1.0,61,1,196,5,
B2_apdtm_cls_cash_features_cash_real_default,bpi2020_international,mix-simp,variant,HM,heuristics_miner,a8fc09154990e706,16,0.6978184583991296,0.8280233355013684,0.0,0.7380189347317311,0.4495843444923341,0.13020487710223883,0.04020047633260149,0.8427521646797554,0.8606253282616498,133,3,196,5,
B2_apdtm_cls_cash_features_cash_real_default,bpi2020_international,mix-gen,variant,HM,heuristics_miner,a8fc09154990e706,16,0.6952267663419306,0.8352406043309378,0.0,0.6952267663419306,0.4939123354672689,0.14001383798900724,0.0,0.8323670601465022,1.0,109,1,196,5,
B2_apdtm_cls_cash_features_cash_real_default,bpi2020_payment,equal,variant,HM,heuristics_miner,67cd1ccc54854e66,16,0.7459843675155176,0.8696763776738392,0.0,0.7459843675155176,0.4539079536155171,0.12369201015832165,0.0,0.8577723698910094,1.0,129,1,196,5,
B2_apdtm_cls_cash_features_cash_real_default,bpi2020_payment,fitn,variant,HM,heuristics_miner,67cd1ccc54854e66,16,0.9375704546963164,1.0,0.0,1.0,0.6986954515961711,0.06242954530368361,0.06242954530368361,0.9375704546963164,0.7928025128249598,96,4,196,5,
B2_apdtm_cls_cash_features_cash_real_default,bpi2020_payment,prec,variant,HM,heuristics_miner,67cd1ccc54854e66,16,0.8082905921163525,1.0,0.0,0.8082905921163525,0.0,0.19170940788364754,0.0,0.8082905921163525,1.0,103,1,196,5,
B2_apdtm_cls_cash_features_cash_real_default,bpi2020_payment,gene,variant,HM,heuristics_miner,67cd1ccc54854e66,16,0.6750512131653676,0.9042989365923124,0.0,0.8669709790187637,0.6750512131653676,0.22924772342694477,0.1919197658533961,0.7464912163992766,0.0,180,5,196,5,
B2_apdtm_cls_cash_features_cash_real_default,bpi2020_payment,simp,variant,HM,heuristics_miner,67cd1ccc54854e66,16,0.5630252100840336,0.8214285714285714,0.0,0.6000000000000001,0.3333333333333333,0.2584033613445378,0.03697478991596648,0.6854219948849105,0.8613445378151258,159,3,196,5,
B2_apdtm_cls_cash_features_cash_real_default,bpi2020_payment,fit+pre,variant,HM,heuristics_miner,67cd1ccc54854e66,16,0.8729305234063345,0.9825892284678609,0.0,0.8729305234063345,0.34934772579808554,0.10965870506152642,0.0,0.8883982218769935,1.0,101,1,196,5,
B2_apdtm_cls_cash_features_cash_real_default,bpi2020_payment,fit+gen,variant,HM,heuristics_miner,67cd1ccc54854e66,16,0.806310833930842,0.9514970823370221,0.0,0.9334854895093818,0.7411492405643676,0.1451862484061801,0.1271746555785398,0.8474128285821113,0.33878997705265146,171,4,196,5,
B2_apdtm_cls_cash_features_cash_real_default,bpi2020_payment,fit+sim,variant,HM,heuristics_miner,67cd1ccc54854e66,16,0.750297832390175,0.8691224178435837,0.0,0.8,0.5160143924647522,0.11882458545340868,0.04970216760982504,0.8632821073143765,0.8249834981385242,151,3,196,5,
B2_apdtm_cls_cash_features_cash_real_default,bpi2020_payment,pre+gen,variant,HM,heuristics_miner,67cd1ccc54854e66,16,0.7416709026408601,0.916868426053467,0.0,0.7416709026408601,0.391801514766282,0.17519752341260686,0.0,0.8089174864852525,1.0,127,1,196,5,
B2_apdtm_cls_cash_features_cash_real_default,bpi2020_payment,pre+sim,variant,HM,heuristics_miner,67cd1ccc54854e66,16,0.6856579011001931,0.87,0.0,0.6856579011001931,0.16666666666666666,0.1843420988998069,0.0,0.788112530000222,1.0,122,1,196,5,
B2_apdtm_cls_cash_features_cash_real_default,bpi2020_payment,gen+sim,variant,HM,heuristics_miner,67cd1ccc54854e66,16,0.6190382116247006,0.7955758933524278,0.0,0.7334854895093819,0.5584681814329486,0.1765376817277272,0.11444727788468123,0.7781007654922448,0.34608022976390407,170,4,196,5,
B2_apdtm_cls_cash_features_cash_real_default,bpi2020_payment,mix-fit,variant,HM,heuristics_miner,67cd1ccc54854e66,16,0.7976255228467759,0.9053177010011466,0.0,0.7976255228467759,0.42450515025839153,0.10769217815437071,0.0,0.8810448773560053,1.0,121,1,196,5,
B2_apdtm_cls_cash_features_cash_real_default,bpi2020_payment,mix-prec,variant,HM,heuristics_miner,67cd1ccc54854e66,16,0.7696482127438178,0.9102277500261443,0.0,0.7696482127438178,0.40815333251233665,0.14057953728232653,0.0,0.8455556455202682,1.0,126,1,196,5,
B2_apdtm_cls_cash_features_cash_real_default,bpi2020_payment,mix-simp,variant,HM,heuristics_miner,67cd1ccc54854e66,16,0.7223205222872171,0.829125005321534,0.0,0.7427293481371395,0.49966257471869746,0.10680448303431689,0.02040882584992243,0.8711841008909167,0.9160361345859953,155,3,196,5,
B2_apdtm_cls_cash_features_cash_real_default,bpi2020_payment,mix-gen,variant,HM,heuristics_miner,67cd1ccc54854e66,16,0.6943432121842593,0.836099433132433,0.0,0.6943432121842593,0.48331075697264275,0.14175622094817364,0.0,0.8304553079086703,1.0,145,1,196,5,
B2_apdtm_cls_cash_features_cash_real_default,bpi2020_permit,equal,variant,HM,heuristics_miner,8dc0dde1f149f92e,16,0.6953084541835005,0.8429076490043279,0.0,0.6953084541835005,0.0,0.1475991948208274,0.0,0.8248928040987922,1.0,86,1,196,5,
B2_apdtm_cls_cash_features_cash_real_default,bpi2020_permit,fitn,variant,HM,heuristics_miner,8dc0dde1f149f92e,16,0.8888124281765335,1.0,0.0,1.0,0.0,0.1111875718234665,0.1111875718234665,0.8888124281765335,0.8888124281765335,74,3,196,5,
B2_apdtm_cls_cash_features_cash_real_default,bpi2020_permit,prec,variant,HM,heuristics_miner,8dc0dde1f149f92e,16,0.8137442437123628,0.9911533085603246,0.0,0.8137442437123628,0.0,0.17740906484796182,0.0,0.8210074432323159,1.0,43,1,196,5,
B2_apdtm_cls_cash_features_cash_real_default,bpi2020_permit,gene,variant,HM,heuristics_miner,8dc0dde1f149f92e,16,0.6027735303872743,0.9078165537742844,0.0,0.8652393738255396,0.0,0.30504302338701006,0.2624658434382653,0.6639816468219474,0.6966552246948635,168,4,196,5,
B2_apdtm_cls_cash_features_cash_real_default,bpi2020_permit,simp,variant,HM,heuristics_miner,8dc0dde1f149f92e,16,0.4759036144578313,0.7142857142857143,0.0,0.5946547884187082,0.0,0.238382099827883,0.11875117396087692,0.6662650602409638,0.8003023329272144,130,2,196,5,
B2_apdtm_cls_cash_features_cash_real_default,bpi2020_permit,fit+pre,variant,HM,heuristics_miner,8dc0dde1f149f92e,16,0.8512783359444481,0.9243881790529205,0.0,0.8512783359444481,0.0,0.07310984310847235,0.0,0.9209100194429392,1.0,34,1,196,5,
B2_apdtm_cls_cash_features_cash_real_default,bpi2020_permit,fit+gen,variant,HM,heuristics_miner,8dc0dde1f149f92e,16,0.7457929792819039,0.9448808304983668,0.0,0.9326196869127699,0.0,0.19908785121646289,0.18682670763086595,0.7892984545877005,0.7996753550749993,159,3,196,5,
B2_apdtm_cls_cash_features_cash_real_default,bpi2020_permit,fit+sim,variant,HM,heuristics_miner,8dc0dde1f149f92e,16,0.6823580213171824,0.8272924879786688,0.0,0.7973273942093542,0.0,0.14493446666148646,0.1149693728921718,0.8248086755681704,0.8558065686352371,119,3,196,5,
B2_apdtm_cls_cash_features_cash_real_default,bpi2020_permit,pre+gen,variant,HM,heuristics_miner,8dc0dde1f149f92e,16,0.7082588870498185,0.9322600772514231,0.0,0.7082588870498185,0.0,0.22400119020160458,0.0,0.7597224254609014,1.0,78,1,196,5,
B2_apdtm_cls_cash_features_cash_real_default,bpi2020_permit,pre+sim,variant,HM,heuristics_miner,8dc0dde1f149f92e,16,0.644823929085097,0.816594001468874,0.0,0.644823929085097,0.0,0.17177007238377695,0.0,0.7896505826949498,1.0,46,1,196,5,
B2_apdtm_cls_cash_features_cash_real_default,bpi2020_permit,gen+sim,variant,HM,heuristics_miner,8dc0dde1f149f92e,16,0.5393385724225528,0.7992898469819344,0.0,0.7281672934908063,0.0,0.2599512745593816,0.18882872106825355,0.6747722049254843,0.7406794801741015,160,4,196,5,
B2_apdtm_cls_cash_features_cash_real_default,bpi2020_permit,mix-fit,variant,HM,heuristics_miner,8dc0dde1f149f92e,16,0.755106320314616,0.8639118088087243,0.0,0.755106320314616,0.0,0.10880548849410832,0.0,0.8740548660352916,1.0,52,1,196,5,
B2_apdtm_cls_cash_features_cash_real_default,bpi2020_permit,mix-prec,variant,HM,heuristics_miner,8dc0dde1f149f92e,16,0.7316826036822172,0.8885842618048085,0.0,0.7316826036822172,0.0,0.15690165812259138,0.0,0.8234251214354084,1.0,68,1,196,5,
B2_apdtm_cls_cash_features_cash_real_default,bpi2020_permit,mix-simp,variant,HM,heuristics_miner,8dc0dde1f149f92e,16,0.6589343046847838,0.81761289182125,0.0,0.7200015916100726,0.0,0.1586785871364662,0.061067286925288844,0.8059245533873539,0.9151845112054131,130,2,196,5,
B2_apdtm_cls_cash_features_cash_real_default,bpi2020_permit,mix-gen,variant,HM,heuristics_miner,8dc0dde1f149f92e,16,0.6355105880523851,0.8269571869508153,0.0,0.642675789010791,0.0,0.1914465988984302,0.007165200958405893,0.7684927322485235,0.9888509866391036,127,2,196,5,
B2_apdtm_cls_cash_features_cash_real_default,bpi2020_prepaid,equal,variant,HM,heuristics_miner,29f7ad244446d4aa,16,0.7280027250543759,0.8668476328686328,0.0,0.7280027250543759,0.3835715428314981,0.13884490781425685,0.0,0.8398277822426744,1.0,83,1,196,5,
B2_apdtm_cls_cash_features_cash_real_default,bpi2020_prepaid,fitn,variant,HM,heuristics_miner,29f7ad244446d4aa,16,0.9016178004778508,1.0,0.0,1.0,0.4702681384715757,0.09838219952214922,0.09838219952214922,0.9016178004778508,0.8142792483006607,85,4,196,5,
B2_apdtm_cls_cash_features_cash_real_default,bpi2020_prepaid,prec,variant,HM,heuristics_miner,29f7ad244446d4aa,16,0.8877260430015663,0.9997522759645756,0.0,0.8877260430015663,0.0,0.11202623296300929,0.0,0.8879460085700482,1.0,23,1,196,5,
B2_apdtm_cls_cash_features_cash_real_default,bpi2020_prepaid,gene,variant,HM,heuristics_miner,29f7ad244446d4aa,16,0.5988575329285628,0.9112866050560324,0.0,0.8904211520153033,0.5988575329285628,0.3124290721274696,0.29156361908674044,0.6571560797733231,0.0,176,5,196,5,
B2_apdtm_cls_cash_features_cash_real_default,bpi2020_prepaid,simp,variant,HM,heuristics_miner,29f7ad244446d4aa,16,0.5238095238095238,0.8241758241758241,0.0,0.5903614457831325,0.1867088607594936,0.3003663003663003,0.06655192197360871,0.6355555555555557,0.8351257382144319,140,3,196,5,
B2_apdtm_cls_cash_features_cash_real_default,bpi2020_prepaid,fit+pre,variant,HM,heuristics_miner,29f7ad244446d4aa,16,0.8946719217397086,0.9548684615240937,0.0,0.8946719217397086,0.23513406923578786,0.060196539784385106,0.0,0.9369582908955819,1.0,27,1,196,5,
B2_apdtm_cls_cash_features_cash_real_default,bpi2020_prepaid,fit+gen,variant,HM,heuristics_miner,29f7ad244446d4aa,16,0.7502376667032068,0.949603353381388,0.0,0.9452105760076517,0.6737886552832494,0.19936568667818122,0.19497290930444489,0.7900537250966191,0.2816611540288324,171,4,196,5,
B2_apdtm_cls_cash_features_cash_real_default,bpi2020_prepaid,fit+sim,variant,HM,heuristics_miner,29f7ad244446d4aa,16,0.7127136621436874,0.8494129668934964,0.0,0.7884684371297543,0.32848849961553467,0.13669930474980907,0.07575477498606698,0.8390661432333077,0.8353085236815897,132,3,196,5,
B2_apdtm_cls_cash_features_cash_real_default,bpi2020_prepaid,pre+gen,variant,HM,heuristics_miner,29f7ad244446d4aa,16,0.7432917879650646,0.9409693886867966,0.0,0.7432917879650646,0.43865458604746155,0.19767760072173202,0.0,0.7899213267738624,1.0,65,1,196,5,
B2_apdtm_cls_cash_features_cash_real_default,bpi2020_prepaid,pre+sim,variant,HM,heuristics_miner,29f7ad244446d4aa,16,0.7057677834055451,0.8334790489391193,0.0,0.7057677834055451,0.0933544303797468,0.12771126553357415,0.0,0.8467732743898849,1.0,38,1,196,5,
B2_apdtm_cls_cash_features_cash_real_default,bpi2020_prepaid,gen+sim,variant,HM,heuristics_miner,29f7ad244446d4aa,16,0.5613335283690433,0.815098321546149,0.0,0.7379476465690233,0.5320090164272083,0.25376479317710576,0.17661411819998007,0.6886697144759877,0.14239442071475988,167,4,196,5,
B2_apdtm_cls_cash_features_cash_real_default,bpi2020_prepaid,mix-fit,variant,HM,heuristics_miner,29f7ad244446d4aa,16,0.7916125911463714,0.8887029376845874,0.0,0.7916125911463714,0.3131799447500213,0.09709034653821602,0.0,0.8907505056850902,1.0,40,1,196,5,
B2_apdtm_cls_cash_features_cash_real_default,bpi2020_prepaid,mix-prec,variant,HM,heuristics_miner,29f7ad244446d4aa,16,0.7674521895557178,0.9102502378418409,0.0,0.7674521895557178,0.3759172653987413,0.14279804828612308,0.0,0.843122207114507,1.0,52,1,196,5,
B2_apdtm_cls_cash_features_cash_real_default,bpi2020_prepaid,mix-simp,variant,HM,heuristics_miner,29f7ad244446d4aa,16,0.688553260553034,0.8311667650921324,0.0,0.724823854120391,0.3912258202642548,0.14261350453909838,0.03627059356735696,0.8284177008409497,0.8912745583416759,140,3,196,5,
B2_apdtm_cls_cash_features_cash_real_default,bpi2020_prepaid,mix-gen,variant,HM,heuristics_miner,29f7ad244446d4aa,16,0.6643928589623807,0.8449923280526782,0.0,0.6643928589623807,0.4539631409129749,0.18059946909029756,0.0,0.7862708771492672,1.0,142,1,196,5,
B2_apdtm_cls_cash_features_cash_real_default,bpic15_1,equal,variant,IMd,inductive_miner_imd,8ec8a2cb08851acf,16,0.5006533211257762,0.7538067736145151,0.0,0.5006533211257762,0.0,0.2531534524887389,0.0,0.6641666520521378,1.0,124,1,196,5,
B2_apdtm_cls_cash_features_cash_real_default,bpic15_1,fitn,variant,IMd,inductive_miner_imd,8ec8a2cb08851acf,16,1.0,1.0,0.0,1.0,0.0,0.0,0.0,1.0,1.0,1,1,196,5,
B2_apdtm_cls_cash_features_cash_real_default,bpic15_1,prec,variant,IMd,inductive_miner_imd,8ec8a2cb08851acf,16,0.0055144083252097,0.9967132292522596,0.0,0.0055144083252097,0.0,0.9911988209270499,0.0,0.00553259268901913,1.0,141,1,196,5,
B2_apdtm_cls_cash_features_cash_real_default,bpic15_1,gene,variant,IMd,inductive_miner_imd,8ec8a2cb08851acf,16,0.6526451647517064,0.7947596517508088,0.0,0.6526451647517064,0.0,0.14211448699910234,0.0,0.8211855789532942,1.0,112,1,196,5,
B2_apdtm_cls_cash_features_cash_real_default,bpic15_1,simp,variant,IMd,inductive_miner_imd,8ec8a2cb08851acf,16,0.3444537114261885,1.0,0.0,0.3444537114261885,0.0,0.6555462885738115,0.0,0.3444537114261885,1.0,137,1,196,5,
B2_apdtm_cls_cash_features_cash_real_default,bpic15_1,fit+pre,variant,IMd,inductive_miner_imd,8ec8a2cb08851acf,16,0.5027572041626048,0.8688577238297088,0.0,0.5027572041626048,0.0,0.366100519667104,0.0,0.5786415777563397,1.0,74,1,196,5,
B2_apdtm_cls_cash_features_cash_real_default,bpic15_1,fit+gen,variant,IMd,inductive_miner_imd,8ec8a2cb08851acf,16,0.8263225823758532,0.871727415992749,0.0,0.8263225823758532,0.0,0.045404833616895846,0.0,0.9479139547708414,1.0,4,1,196,5,
B2_apdtm_cls_cash_features_cash_real_default,bpic15_1,fit+sim,variant,IMd,inductive_miner_imd,8ec8a2cb08851acf,16,0.6722268557130943,0.8645266546833184,0.0,0.6722268557130943,0.0,0.1922997989702241,0.0,0.7775663735426819,1.0,85,1,196,5,
B2_apdtm_cls_cash_features_cash_real_default,bpic15_1,pre+gen,variant,IMd,inductive_miner_imd,8ec8a2cb08851acf,16,0.32907978653845804,0.8387467991159434,0.0,0.32907978653845804,0.0,0.5096670125774854,0.0,0.39234699540470974,1.0,126,1,196,5,
B2_apdtm_cls_cash_features_cash_real_default,bpic15_1,pre+sim,variant,IMd,inductive_miner_imd,8ec8a2cb08851acf,16,0.17498405987569912,0.8214077863143173,0.0,0.17498405987569912,0.0,0.6464237264386182,0.0,0.21302946330817987,1.0,142,1,196,5,
B2_apdtm_cls_cash_features_cash_real_default,bpic15_1,gen+sim,variant,IMd,inductive_miner_imd,8ec8a2cb08851acf,16,0.49854943808894747,0.8973798258754044,0.0,0.49854943808894747,0.0,0.39883038778645696,0.0,0.5555612280481197,1.0,131,1,196,5,
B2_apdtm_cls_cash_features_cash_real_default,bpic15_1,mix-fit,variant,IMd,inductive_miner_imd,8ec8a2cb08851acf,16,0.5358095812579713,0.7829881701741386,0.0,0.5358095812579713,0.0,0.24717858891616729,0.0,0.6843137631808739,1.0,94,1,196,5,
B2_apdtm_cls_cash_features_cash_real_default,bpic15_1,mix-prec,variant,IMd,inductive_miner_imd,8ec8a2cb08851acf,16,0.43244468389821455,0.8104949307104616,0.0,0.43244468389821455,0.0,0.3780502468122471,0.0,0.5335563092530922,1.0,118,1,196,5,
B2_apdtm_cls_cash_features_cash_real_default,bpic15_1,mix-simp,variant,IMd,inductive_miner_imd,8ec8a2cb08851acf,16,0.5688619583533376,0.7694736087116352,0.0,0.5688619583533376,0.0,0.20061165035829753,0.0,0.7392871593163659,1.0,121,1,196,5,
B2_apdtm_cls_cash_features_cash_real_default,bpic15_1,mix-gen,variant,IMd,inductive_miner_imd,8ec8a2cb08851acf,16,0.46549706099358107,0.7344918748892888,0.0,0.46549706099358107,0.0,0.26899481389570773,0.0,0.6337674750503486,1.0,131,1,196,5,
B2_apdtm_cls_cash_features_cash_real_default,bpic15_2,equal,variant,IMd,inductive_miner_imd,2bd4a2c68f811174,16,0.4958761568622505,0.739796087901852,0.0,0.4958761568622505,0.0,0.24391993103960152,0.0,0.6702876170494672,1.0,123,1,196,5,
B2_apdtm_cls_cash_features_cash_real_default,bpic15_2,fitn,variant,IMd,inductive_miner_imd,2bd4a2c68f811174,16,1.0,1.0,0.0,1.0,0.0,0.0,0.0,1.0,1.0,1,1,196,5,
B2_apdtm_cls_cash_features_cash_real_default,bpic15_2,prec,variant,IMd,inductive_miner_imd,2bd4a2c68f811174,16,0.0047466811844114,0.9964080459770116,0.0,0.0047466811844114,0.0,0.9916613647926003,0.0,0.004763792508075464,1.0,141,1,196,5,
B2_apdtm_cls_cash_features_cash_real_default,bpic15_2,gene,variant,IMd,inductive_miner_imd,2bd4a2c68f811174,16,0.630479323366272,0.8434264748464657,0.0,0.630479323366272,0.0,0.21294715148019372,0.0,0.7475213811388149,1.0,119,1,196,5,
B2_apdtm_cls_cash_features_cash_real_default,bpic15_2,simp,variant,IMd,inductive_miner_imd,2bd4a2c68f811174,16,0.3482786228983187,1.0,0.0,0.3482786228983187,0.0,0.6517213771016813,0.0,0.3482786228983187,1.0,133,1,196,5,
B2_apdtm_cls_cash_features_cash_real_default,bpic15_2,fit+pre,variant,IMd,inductive_miner_imd,2bd4a2c68f811174,16,0.5023733405922057,0.8552632687420797,0.0,0.5023733405922057,0.0,0.35288992814987397,0.0,0.587390291332277,1.0,62,1,196,5,
B2_apdtm_cls_cash_features_cash_real_default,bpic15_2,fit+gen,variant,IMd,inductive_miner_imd,2bd4a2c68f811174,16,0.815239661683136,0.888226048940476,0.0,0.815239661683136,0.0,0.07298638725733997,0.0,0.9178290398661444,1.0,6,1,196,5,
B2_apdtm_cls_cash_features_cash_real_default,bpic15_2,fit+sim,variant,IMd,inductive_miner_imd,2bd4a2c68f811174,16,0.6741393114491594,0.8502937315725136,0.0,0.6741393114491594,0.0,0.17615442012335425,0.0,0.7928310963817429,1.0,81,1,196,5,
B2_apdtm_cls_cash_features_cash_real_default,bpic15_2,pre+gen,variant,IMd,inductive_miner_imd,2bd4a2c68f811174,16,0.31761300227534167,0.8135744140072105,0.0,0.31761300227534167,0.0,0.49596141173186886,0.0,0.39039207330889186,1.0,136,1,196,5,
B2_apdtm_cls_cash_features_cash_real_default,bpic15_2,pre+sim,variant,IMd,inductive_miner_imd,2bd4a2c68f811174,16,0.17651265204136504,0.7980406242956953,0.0,0.17651265204136504,0.0,0.6215279722543303,0.0,0.22118253966976298,1.0,138,1,196,5,
B2_apdtm_cls_cash_features_cash_real_default,bpic15_2,gen+sim,variant,IMd,inductive_miner_imd,2bd4a2c68f811174,16,0.48937897313229534,0.9217132374232329,0.0,0.48937897313229534,0.0,0.4323342642909375,0.0,0.5309449330470905,1.0,131,1,196,5,
B2_apdtm_cls_cash_features_cash_real_default,bpic15_2,mix-fit,variant,IMd,inductive_miner_imd,2bd4a2c68f811174,16,0.5341276612716144,0.7675374461630222,0.0,0.5341276612716144,0.0,0.23340978489140785,0.0,0.695897853507681,1.0,88,1,196,5,
B2_apdtm_cls_cash_features_cash_real_default,bpic15_2,mix-prec,variant,IMd,inductive_miner_imd,2bd4a2c68f811174,16,0.42587033177347794,0.790453222686223,0.0,0.42587033177347794,0.0,0.36458289091274504,0.0,0.5387672787596828,1.0,118,1,196,5,
B2_apdtm_cls_cash_features_cash_real_default,bpic15_2,mix-simp,variant,IMd,inductive_miner_imd,2bd4a2c68f811174,16,0.565881981951023,0.7666984383330109,0.0,0.565881981951023,0.0,0.20081645638198786,0.0,0.7380763461334137,1.0,118,1,196,5,
B2_apdtm_cls_cash_features_cash_real_default,bpic15_2,mix-gen,variant,IMd,inductive_miner_imd,2bd4a2c68f811174,16,0.4576246524528867,0.7177077196779903,0.0,0.4576246524528867,0.0,0.2600830672251036,0.0,0.6376197996842036,1.0,136,1,196,5,
B2_apdtm_cls_cash_features_cash_real_default,bpic15_3,equal,variant,IMd,inductive_miner_imd,1e1739de3216125c,16,0.5062291863779904,0.7711497484903616,0.0,0.5062291863779904,0.0,0.26492056211237114,0.0,0.6564602885094731,1.0,126,1,196,5,
B2_apdtm_cls_cash_features_cash_real_default,bpic15_3,fitn,variant,IMd,inductive_miner_imd,1e1739de3216125c,16,1.0,1.0,0.0,1.0,0.0,0.0,0.0,1.0,1.0,1,1,196,5,
B2_apdtm_cls_cash_features_cash_real_default,bpic15_3,prec,variant,IMd,inductive_miner_imd,1e1739de3216125c,16,0.0056460981272722,0.9713690786048932,0.0,0.0056460981272722,0.0,0.965722980477621,0.0,0.005812515810551928,1.0,139,1,196,5,
B2_apdtm_cls_cash_features_cash_real_default,bpic15_3,gene,variant,IMd,inductive_miner_imd,1e1739de3216125c,16,0.6755746197508381,0.7690804510999736,0.0,0.6755746197508381,0.0,0.09350583134913548,0.0,0.8784186606025427,1.0,104,1,196,5,
B2_apdtm_cls_cash_features_cash_real_default,bpic15_3,simp,variant,IMd,inductive_miner_imd,1e1739de3216125c,16,0.3436960276338515,1.0,0.0,0.3436960276338515,0.0,0.6563039723661486,0.0,0.3436960276338515,1.0,133,1,196,5,
B2_apdtm_cls_cash_features_cash_real_default,bpic15_3,fit+pre,variant,IMd,inductive_miner_imd,1e1739de3216125c,16,0.5028230490636361,0.8737992058502052,0.0,0.5028230490636361,0.0,0.37097615678656914,0.0,0.5754446166775696,1.0,68,1,196,5,
B2_apdtm_cls_cash_features_cash_real_default,bpic15_3,fit+gen,variant,IMd,inductive_miner_imd,1e1739de3216125c,16,0.837787309875419,0.8764050391703524,0.0,0.837787309875419,0.0,0.038617729294933345,0.0,0.9559362080671161,1.0,8,1,196,5,
B2_apdtm_cls_cash_features_cash_real_default,bpic15_3,fit+sim,variant,IMd,inductive_miner_imd,1e1739de3216125c,16,0.6718480138169257,0.8866318702272058,0.0,0.6718480138169257,0.0,0.21478385641028008,0.0,0.7577530611941119,1.0,98,1,196,5,
B2_apdtm_cls_cash_features_cash_real_default,bpic15_3,pre+gen,variant,IMd,inductive_miner_imd,1e1739de3216125c,16,0.34061035893905517,0.8335999035488251,0.0,0.34061035893905517,0.0,0.4929895446097699,0.0,0.4086017254668566,1.0,124,1,196,5,
B2_apdtm_cls_cash_features_cash_real_default,bpic15_3,pre+sim,variant,IMd,inductive_miner_imd,1e1739de3216125c,16,0.17467106288056183,0.806269466186586,0.0,0.17467106288056183,0.0,0.6315984033060242,0.0,0.21664104893703073,1.0,139,1,196,5,
B2_apdtm_cls_cash_features_cash_real_default,bpic15_3,gen+sim,variant,IMd,inductive_miner_imd,1e1739de3216125c,16,0.5096353236923448,0.8774480269684266,0.0,0.5096353236923448,0.0,0.36781270327608184,0.0,0.5808153965006101,1.0,130,1,196,5,
B2_apdtm_cls_cash_features_cash_real_default,bpic15_3,mix-fit,variant,IMd,inductive_miner_imd,1e1739de3216125c,16,0.5379904969400358,0.7997195004226063,0.0,0.5379904969400358,0.0,0.26172900348257055,0.0,0.6727239946703042,1.0,101,1,196,5,
B2_apdtm_cls_cash_features_cash_real_default,bpic15_3,mix-prec,variant,IMd,inductive_miner_imd,1e1739de3216125c,16,0.4393004279395453,0.8166597019857156,0.0,0.4393004279395453,0.0,0.37735927404617026,0.0,0.5379234788632061,1.0,117,1,196,5,
B2_apdtm_cls_cash_features_cash_real_default,bpic15_3,mix-simp,variant,IMd,inductive_miner_imd,1e1739de3216125c,16,0.5731579448164354,0.7807894458056361,0.0,0.5731579448164354,0.0,0.2076315009892007,0.0,0.7340749134038795,1.0,122,1,196,5,
B2_apdtm_cls_cash_features_cash_real_default,bpic15_3,mix-gen,variant,IMd,inductive_miner_imd,1e1739de3216125c,16,0.4744678758159452,0.742579996558117,0.0,0.4744678758159452,0.0,0.26811212074217183,0.0,0.6389451345513205,1.0,133,1,196,5,
B2_apdtm_cls_cash_features_cash_real_default,bpic15_4,equal,variant,IMd,inductive_miner_imd,f68041a3f2d86846,16,0.5004532568394435,0.7570912404815519,0.0,0.5004532568394435,0.0,0.2566379836421083,0.0,0.6610210633544348,1.0,134,1,196,5,
B2_apdtm_cls_cash_features_cash_real_default,bpic15_4,fitn,variant,IMd,inductive_miner_imd,f68041a3f2d86846,16,1.0,1.0,0.0,1.0,0.0,0.0,0.0,1.0,1.0,1,1,196,5,
B2_apdtm_cls_cash_features_cash_real_default,bpic15_4,prec,variant,IMd,inductive_miner_imd,f68041a3f2d86846,16,0.0063677194723514,0.9771181199752628,0.0,0.0063677194723514,0.0,0.9707504005029114,0.0,0.0065168369536659585,1.0,146,1,196,5,
B2_apdtm_cls_cash_features_cash_real_default,bpic15_4,gene,variant,IMd,inductive_miner_imd,f68041a3f2d86846,16,0.6484303825122886,0.8125621208083507,0.0,0.6484303825122886,0.0,0.1641317382960621,0.0,0.7980071503545094,1.0,113,1,196,5,
B2_apdtm_cls_cash_features_cash_real_default,bpic15_4,simp,variant,IMd,inductive_miner_imd,f68041a3f2d86846,16,0.3470149253731343,1.0,0.0,0.3470149253731343,0.0,0.6529850746268657,0.0,0.3470149253731343,1.0,143,1,196,5,
B2_apdtm_cls_cash_features_cash_real_default,bpic15_4,fit+pre,variant,IMd,inductive_miner_imd,f68041a3f2d86846,16,0.5031838597361757,0.8685599938464359,0.0,0.5031838597361757,0.0,0.36537613411026015,0.0,0.5793311496052398,1.0,84,1,196,5,
B2_apdtm_cls_cash_features_cash_real_default,bpic15_4,fit+gen,variant,IMd,inductive_miner_imd,f68041a3f2d86846,16,0.8242151912561443,0.8717994934557993,0.0,0.8242151912561443,0.0,0.04758430219965504,0.0,0.9454182956553099,1.0,5,1,196,5,
B2_apdtm_cls_cash_features_cash_real_default,bpic15_4,fit+sim,variant,IMd,inductive_miner_imd,f68041a3f2d86846,16,0.6735074626865671,0.8675538703293734,0.0,0.6735074626865671,0.0,0.19404640764280623,0.0,0.7763292698248986,1.0,95,1,196,5,
B2_apdtm_cls_cash_features_cash_real_default,bpic15_4,pre+gen,variant,IMd,inductive_miner_imd,f68041a3f2d86846,16,0.32739905099232,0.8247132962569865,0.0,0.32739905099232,0.0,0.49731424526466655,0.0,0.39698529474211375,1.0,138,1,196,5,
B2_apdtm_cls_cash_features_cash_real_default,bpic15_4,pre+sim,variant,IMd,inductive_miner_imd,f68041a3f2d86846,16,0.17669132242274282,0.7904575186873295,0.0,0.17669132242274282,0.0,0.6137661962645866,0.0,0.22353044691910154,1.0,146,1,196,5,
B2_apdtm_cls_cash_features_cash_real_default,bpic15_4,gen+sim,variant,IMd,inductive_miner_imd,f68041a3f2d86846,16,0.4977226539427114,0.8981830671938409,0.0,0.4977226539427114,0.0,0.40046041325112947,0.0,0.5541438846066508,1.0,135,1,196,5,
B2_apdtm_cls_cash_features_cash_real_default,bpic15_4,mix-fit,variant,IMd,inductive_miner_imd,f68041a3f2d86846,16,0.5361563391675611,0.7881543306724185,0.0,0.5361563391675611,0.0,0.25199799150485735,0.0,0.6802682143611851,1.0,112,1,196,5,
B2_apdtm_cls_cash_features_cash_real_default,bpic15_4,mix-prec,variant,IMd,inductive_miner_imd,f68041a3f2d86846,16,0.4317776950799404,0.8064338134647024,0.0,0.4317776950799404,0.0,0.37465611838476204,0.0,0.5354161592318193,1.0,128,1,196,5,
B2_apdtm_cls_cash_features_cash_real_default,bpic15_4,mix-simp,variant,IMd,inductive_miner_imd,f68041a3f2d86846,16,0.5691288185989466,0.7784157949851235,0.0,0.5691288185989466,0.0,0.20928697638617688,0.0,0.7311372948307445,1.0,129,1,196,5,
B2_apdtm_cls_cash_features_cash_real_default,bpic15_4,mix-gen,variant,IMd,inductive_miner_imd,f68041a3f2d86846,16,0.46475017451132605,0.7260281502906851,0.0,0.46475017451132605,0.0,0.2612779757793591,0.0,0.6401269349201552,1.0,141,1,196,5,
B2_apdtm_cls_cash_features_cash_real_default,bpic15_5,equal,variant,IMd,inductive_miner_imd,a0710095115a2fbb,16,0.49803037626811336,0.7432661612580866,0.0,0.49803037626811336,0.0,0.24523578498997328,0.0,0.6700565722313042,1.0,128,1,196,5,
B2_apdtm_cls_cash_features_cash_real_default,bpic15_5,fitn,variant,IMd,inductive_miner_imd,a0710095115a2fbb,16,1.0,1.0,0.0,1.0,0.0,0.0,0.0,1.0,1.0,1,1,196,5,
B2_apdtm_cls_cash_features_cash_real_default,bpic15_5,prec,variant,IMd,inductive_miner_imd,a0710095115a2fbb,16,0.0050756012401533,0.9914236706689536,0.0,0.0050756012401533,0.0,0.9863480694288004,0.0,0.005119507825275734,1.0,141,1,196,5,
B2_apdtm_cls_cash_features_cash_real_default,bpic15_5,gene,variant,IMd,inductive_miner_imd,a0710095115a2fbb,16,0.6480339787897107,0.8420322364834529,0.0,0.6480339787897107,0.0,0.19399825769374224,0.0,0.7696070895053498,1.0,117,1,196,5,
B2_apdtm_cls_cash_features_cash_real_default,bpic15_5,simp,variant,IMd,inductive_miner_imd,a0710095115a2fbb,16,0.3390119250425894,1.0,0.0,0.3390119250425894,0.0,0.6609880749574106,0.0,0.3390119250425894,1.0,135,1,196,5,
B2_apdtm_cls_cash_features_cash_real_default,bpic15_5,fit+pre,variant,IMd,inductive_miner_imd,a0710095115a2fbb,16,0.5025378006200767,0.8302814710249038,0.0,0.5025378006200767,0.0,0.3277436704048271,0.0,0.6052619721836516,1.0,69,1,196,5,
B2_apdtm_cls_cash_features_cash_real_default,bpic15_5,fit+gen,variant,IMd,inductive_miner_imd,a0710095115a2fbb,16,0.8240169893948553,0.8491470544465778,0.0,0.8240169893948553,0.0,0.02513006505172244,0.0,0.9704055205513247,1.0,2,1,196,5,
B2_apdtm_cls_cash_features_cash_real_default,bpic15_5,fit+sim,variant,IMd,inductive_miner_imd,a0710095115a2fbb,16,0.6695059625212947,0.8492461162887588,0.0,0.6695059625212947,0.0,0.1797401537674641,0.0,0.7883532814339662,1.0,85,1,196,5,
B2_apdtm_cls_cash_features_cash_real_default,bpic15_5,pre+gen,variant,IMd,inductive_miner_imd,a0710095115a2fbb,16,0.326554790014932,0.8116192280976056,0.0,0.326554790014932,0.0,0.4850644380826736,0.0,0.4023497456810627,1.0,132,1,196,5,
B2_apdtm_cls_cash_features_cash_real_default,bpic15_5,pre+sim,variant,IMd,inductive_miner_imd,a0710095115a2fbb,16,0.17204376314137138,0.7827816467542539,0.0,0.17204376314137138,0.0,0.6107378836128825,0.0,0.21978512635642147,1.0,141,1,196,5,
B2_apdtm_cls_cash_features_cash_real_default,bpic15_5,gen+sim,variant,IMd,inductive_miner_imd,a0710095115a2fbb,16,0.49352295191615003,0.9210161182417265,0.0,0.49352295191615003,0.0,0.42749316632557643,0.0,0.535846161800419,1.0,133,1,196,5,
B2_apdtm_cls_cash_features_cash_real_default,bpic15_5,mix-fit,variant,IMd,inductive_miner_imd,a0710095115a2fbb,16,0.534128463259535,0.7619159908588385,0.0,0.534128463259535,0.0,0.22778752759930354,0.0,0.7010332761981549,1.0,95,1,196,5,
B2_apdtm_cls_cash_features_cash_real_default,bpic15_5,mix-prec,variant,IMd,inductive_miner_imd,a0710095115a2fbb,16,0.43034162663723335,0.7845385057794597,0.0,0.43034162663723335,0.0,0.35419687914222636,0.0,0.5485283685466497,1.0,123,1,196,5,
B2_apdtm_cls_cash_features_cash_real_default,bpic15_5,mix-simp,variant,IMd,inductive_miner_imd,a0710095115a2fbb,16,0.5657191258989932,0.7677189214161869,0.0,0.5657191258989932,0.0,0.20199979551719371,0.0,0.736883135373854,1.0,123,1,196,5,
B2_apdtm_cls_cash_features_cash_real_default,bpic15_5,mix-gen,variant,IMd,inductive_miner_imd,a0710095115a2fbb,16,0.4619322892766918,0.7246163316573346,0.0,0.4619322892766918,0.0,0.26268404238064286,0.0,0.6374853409944063,1.0,136,1,196,5,
B2_apdtm_cls_cash_features_cash_real_default,hospital_billing,equal,variant,HM,heuristics_miner,f0ba1c246feb1617,17,0.7623493758629513,0.8734035144022313,0.0,0.7728985458636999,0.7080210029131718,0.11105413853928003,0.01054917000074862,0.8728489905203932,0.8373987435252778,101,3,196,5,
B2_apdtm_cls_cash_features_cash_real_default,hospital_billing,fitn,variant,HM,heuristics_miner,f0ba1c246feb1617,17,0.9173284729406372,1.0,0.0,1.0,0.6797553093982478,0.08267152705936276,0.08267152705936276,0.9173284729406372,0.7418488752958878,135,4,196,5,
B2_apdtm_cls_cash_features_cash_real_default,hospital_billing,prec,variant,HM,heuristics_miner,f0ba1c246feb1617,17,0.9123900422661322,1.0,0.0,0.9123900422661322,0.3867395245470101,0.08760995773386782,0.0,0.9123900422661322,1.0,79,1,196,5,
B2_apdtm_cls_cash_features_cash_real_default,hospital_billing,gene,variant,HM,heuristics_miner,f0ba1c246feb1617,17,0.7467548005194038,0.974570314262808,0.0,0.9406716490462892,0.7467548005194038,0.22781551374340425,0.1939168485268854,0.7662400440385564,0.0,155,5,196,5,
B2_apdtm_cls_cash_features_cash_real_default,hospital_billing,simp,variant,HM,heuristics_miner,f0ba1c246feb1617,17,0.4729241877256318,1.0,0.0,1.0,0.4729241877256318,0.5270758122743682,0.5270758122743682,0.4729241877256318,0.0,132,5,196,5,
B2_apdtm_cls_cash_features_cash_real_default,hospital_billing,fit+pre,variant,HM,heuristics_miner,f0ba1c246feb1617,17,0.9148592576033847,0.9891405829759681,0.0,0.9148592576033847,0.5332474169726289,0.07428132537258336,0.0,0.9249031667984974,1.0,84,1,196,5,
B2_apdtm_cls_cash_features_cash_real_default,hospital_billing,fit+gen,variant,HM,heuristics_miner,f0ba1c246feb1617,17,0.8320416367300205,0.9872657861978589,0.0,0.9703358245231446,0.7961812639516811,0.15522414946783836,0.13829418779312408,0.8427736971766894,0.2059111898113302,140,4,196,5,
B2_apdtm_cls_cash_features_cash_real_default,hospital_billing,fit+sim,variant,HM,heuristics_miner,f0ba1c246feb1617,17,0.6951263303331345,0.8398776546991239,0.0,0.8398776546991239,0.6951263303331345,0.14475132436598936,0.14475132436598936,0.8276518924439717,0.0,128,5,196,5,
B2_apdtm_cls_cash_features_cash_real_default,hospital_billing,pre+gen,variant,HM,heuristics_miner,f0ba1c246feb1617,17,0.829572421392768,0.9583893297505974,0.0,0.829572421392768,0.6496733715260623,0.12881690835782944,0.0,0.8655902102005334,1.0,100,1,196,5,
B2_apdtm_cls_cash_features_cash_real_default,hospital_billing,pre+sim,variant,HM,heuristics_miner,f0ba1c246feb1617,17,0.692657114995882,0.8030539885899708,0.0,0.6933697622735051,0.4457061813031991,0.11039687359408878,0.0007126472776231019,0.8625287027240506,0.9971225188829498,96,2,196,5,
B2_apdtm_cls_cash_features_cash_real_default,hospital_billing,gen+sim,variant,HM,heuristics_miner,f0ba1c246feb1617,17,0.6098394941225178,0.9594156800838197,0.0,0.9563036092525572,0.6098394941225178,0.3495761859613019,0.3464641151300394,0.6356363636554688,0.0,151,5,196,5,
B2_apdtm_cls_cash_features_cash_real_default,hospital_billing,mix-fit,variant,HM,heuristics_miner,f0ba1c246feb1617,17,0.8099087194531612,0.8999403930024692,0.0,0.8099087194531612,0.6791847029739135,0.09003167354930797,0.0,0.899958181398064,1.0,92,1,196,5,
B2_apdtm_cls_cash_features_cash_real_default,hospital_billing,mix-prec,variant,HM,heuristics_miner,f0ba1c246feb1617,17,0.8197405704229646,0.9266041872906543,0.0,0.8197405704229646,0.6644290372499877,0.10686361686768975,0.0,0.8846717742770472,1.0,93,1,196,5,
B2_apdtm_cls_cash_features_cash_real_default,hospital_billing,mix-simp,variant,HM,heuristics_miner,f0ba1c246feb1617,17,0.704958181302938,0.8448731726232275,0.0,0.8251219889751983,0.704958181302938,0.1399149913202895,0.12016380767226031,0.8343952727415044,0.0,126,5,196,5,
B2_apdtm_cls_cash_features_cash_real_default,hospital_billing,mix-gen,variant,HM,heuristics_miner,f0ba1c246feb1617,17,0.7147900322727413,0.8574303226558113,0.0,0.8103663232512726,0.7045511321397954,0.14264029038307002,0.09557629097853126,0.8336421203984775,0.09676210027498944,119,4,196,5,
B2_apdtm_cls_cash_features_cash_real_default,road_traffic_fines,equal,variant,HM,heuristics_miner,9fd05dcc49e5b232,16,0.8472976270289231,0.9091484776358276,0.0,0.8472976270289231,0.7357034000201228,0.06185085060690454,0.0,0.9319683724623914,1.0,74,1,196,5,
B2_apdtm_cls_cash_features_cash_real_default,road_traffic_fines,fitn,variant,HM,heuristics_miner,9fd05dcc49e5b232,16,0.928366348548456,1.0,0.0,1.0,0.637766272135165,0.07163365145154399,0.07163365145154399,0.928366348548456,0.802244667072323,90,4,196,5,
B2_apdtm_cls_cash_features_cash_real_default,road_traffic_fines,prec,variant,HM,heuristics_miner,9fd05dcc49e5b232,16,0.9913926579538832,1.0,0.0,0.9913926579538832,0.5080563293025482,0.008607342046116795,0.0,0.9913926579538832,1.0,106,1,196,5,
B2_apdtm_cls_cash_features_cash_real_default,road_traffic_fines,gene,variant,HM,heuristics_miner,9fd05dcc49e5b232,16,0.9232130142183954,0.9916370973254746,0.0,0.988255529682136,0.9232130142183954,0.06842408310707915,0.06504251546374062,0.9309988671343333,0.0,102,5,196,5,
B2_apdtm_cls_cash_features_cash_real_default,road_traffic_fines,simp,variant,HM,heuristics_miner,9fd05dcc49e5b232,16,0.5462184873949579,0.8,0.0,0.6571428571428571,0.5135135135135136,0.2537815126050421,0.11092436974789921,0.6827731092436974,0.22770398481973353,119,4,196,5,
B2_apdtm_cls_cash_features_cash_real_default,road_traffic_fines,fit+pre,variant,HM,heuristics_miner,9fd05dcc49e5b232,16,0.9598795032511696,0.9901742494392978,0.0,0.9598795032511696,0.6500603519943688,0.03029474618812822,0.0,0.9694046313512161,1.0,44,1,196,5,
B2_apdtm_cls_cash_features_cash_real_default,road_traffic_fines,fit+gen,variant,HM,heuristics_miner,9fd05dcc49e5b232,16,0.9257896813834257,0.9953412031561973,0.0,0.994127764841068,0.8116581555420307,0.06955152177277169,0.06833808345764236,0.9301229351781822,0.6254823818598328,80,4,196,5,
B2_apdtm_cls_cash_features_cash_real_default,road_traffic_fines,fit+sim,variant,HM,heuristics_miner,9fd05dcc49e5b232,16,0.737292417971707,0.869886942078606,0.0,0.8118811881188119,0.6474545646390111,0.13259452410689898,0.07458877014710497,0.847572692848955,0.5463704808347665,101,4,196,5,
B2_apdtm_cls_cash_features_cash_real_default,road_traffic_fines,pre+gen,variant,HM,heuristics_miner,9fd05dcc49e5b232,16,0.9573028360861393,0.9899221054016767,0.0,0.9573028360861393,0.7481559294923421,0.03261926931553738,0.0,0.9670486504568947,1.0,41,1,196,5,
B2_apdtm_cls_cash_features_cash_real_default,road_traffic_fines,pre+sim,variant,HM,heuristics_miner,9fd05dcc49e5b232,16,0.7688055726744205,0.8710629687671056,0.0,0.7688055726744205,0.5107849214080309,0.10225739609268514,0.0,0.8826061952358975,1.0,108,1,196,5,
B2_apdtm_cls_cash_features_cash_real_default,road_traffic_fines,gen+sim,variant,HM,heuristics_miner,9fd05dcc49e5b232,16,0.7347157508066766,0.8875669341178665,0.0,0.8213464480458768,0.7347157508066766,0.15285118331118985,0.08663069723920014,0.8277863027163069,0.0,103,5,196,5,
B2_apdtm_cls_cash_features_cash_real_default,road_traffic_fines,mix-fit,variant,HM,heuristics_miner,9fd05dcc49e5b232,16,0.8703293357063786,0.917489504487446,0.0,0.8703293357063786,0.683796413733599,0.047160168781067435,0.0,0.9485986830907528,1.0,73,1,196,5,
B2_apdtm_cls_cash_features_cash_real_default,road_traffic_fines,mix-prec,variant,HM,heuristics_miner,9fd05dcc49e5b232,16,0.9138160858962587,0.9485628625742423,0.0,0.9138160858962587,0.7510505419770113,0.03474677667798354,0.0,0.9633690311428739,1.0,65,1,196,5,
B2_apdtm_cls_cash_features_cash_real_default,road_traffic_fines,mix-simp,variant,HM,heuristics_miner,9fd05dcc49e5b232,16,0.7807791681615874,0.8891275547093468,0.0,0.8027820914375106,0.717532475472829,0.10834838654775936,0.022002923275923125,0.8781407842172003,0.7419000305521751,91,3,196,5,
B2_apdtm_cls_cash_features_cash_real_default,road_traffic_fines,mix-gen,variant,HM,heuristics_miner,9fd05dcc49e5b232,16,0.8242659183514679,0.9083681673400874,0.0,0.8242659183514679,0.750967531787418,0.08410224898861951,0.0,0.9074139187033707,1.0,88,1,196,5,
B2_apdtm_cls_cash_features_cash_real_default,sepsis,equal,variant,IMd,inductive_miner_imd,cf73e2e20e689341,16,0.6401140285572768,0.835724100545018,0.0,0.7189961247213809,0.5249929107876445,0.19561007198774116,0.07888209616410402,0.7659394148617062,0.5933979929268235,154,4,196,5,
B2_apdtm_cls_cash_features_cash_real_default,sepsis,fitn,variant,IMd,inductive_miner_imd,cf73e2e20e689341,16,1.0,1.0,0.0,1.0,0.2658896119719338,0.0,0.0,1.0,1.0,1,1,196,5,
B2_apdtm_cls_cash_features_cash_real_default,sepsis,prec,variant,IMd,inductive_miner_imd,cf73e2e20e689341,16,0.179251018798475,1.0,0.0,0.7033112582781457,0.179251018798475,0.820748981201525,0.5240602394796707,0.179251018798475,0.0,178,5,196,5,
B2_apdtm_cls_cash_features_cash_real_default,sepsis,gene,variant,IMd,inductive_miner_imd,cf73e2e20e689341,16,0.9266596408851776,0.9290801678868448,0.0,0.9266596408851776,0.841792203394476,0.002420527001667172,0.0,0.9973947059841213,1.0,2,1,196,5,
B2_apdtm_cls_cash_features_cash_real_default,sepsis,simp,variant,IMd,inductive_miner_imd,cf73e2e20e689341,16,0.4545454545454545,0.7567567567567567,0.0,0.6223776223776223,0.4331983805668016,0.3022113022113022,0.1678321678321678,0.6006493506493507,0.11284046692606982,159,4,196,5,
B2_apdtm_cls_cash_features_cash_real_default,sepsis,fit+pre,variant,IMd,inductive_miner_imd,cf73e2e20e689341,16,0.5896255093992375,0.9487189551442285,0.0,0.8004969574621229,0.354265925407767,0.359093445744991,0.21087144806288538,0.621496499255251,0.5274388536089106,157,4,196,5,
B2_apdtm_cls_cash_features_cash_real_default,sepsis,fit+gen,variant,IMd,inductive_miner_imd,cf73e2e20e689341,16,0.9633298204425889,0.9633298204425889,0.0,0.9633298204425889,0.5895342673708803,0.0,0.0,1.0,1.0,1,1,196,5,
B2_apdtm_cls_cash_features_cash_real_default,sepsis,fit+sim,variant,IMd,inductive_miner_imd,cf73e2e20e689341,16,0.7272727272727273,0.8140244733789898,0.0,0.8111888111888111,0.37207524076857557,0.08675174610626246,0.08391608391608385,0.89342857746505,0.8088966281871557,42,3,196,5,
B2_apdtm_cls_cash_features_cash_real_default,sepsis,pre+gen,variant,IMd,inductive_miner_imd,cf73e2e20e689341,16,0.5529553298418263,0.9381130457761724,0.0,0.7725517308363108,0.5529553298418263,0.3851577159343461,0.21959640099448452,0.5894335787477768,0.0,177,5,196,5,
B2_apdtm_cls_cash_features_cash_real_default,sepsis,pre+sim,variant,IMd,inductive_miner_imd,cf73e2e20e689341,16,0.3168982366719647,0.8491941359263719,0.0,0.5682548194224737,0.3168982366719647,0.5322958992544072,0.251356582750509,0.37317525317843325,0.0,174,5,196,5,
B2_apdtm_cls_cash_features_cash_real_default,sepsis,gen+sim,variant,IMd,inductive_miner_imd,cf73e2e20e689341,16,0.690602547715316,0.8216829410862796,0.0,0.7624155479965967,0.6374952919806388,0.13108039337096355,0.07181300028128068,0.8404732691691604,0.4251292578834697,81,4,196,5,
B2_apdtm_cls_cash_features_cash_real_default,sepsis,mix-fit,variant,IMd,inductive_miner_imd,cf73e2e20e689341,16,0.6373503606371512,0.8604442533384715,0.0,0.7408853365946917,0.4261185826318798,0.2230938927013203,0.10353497595754046,0.7407224328180129,0.6710739788936776,149,4,196,5,
B2_apdtm_cls_cash_features_cash_real_default,sepsis,mix-prec,variant,IMd,inductive_miner_imd,cf73e2e20e689341,16,0.5951528452394886,0.8992786495573217,0.0,0.7567185337155011,0.5520145817192966,0.3041258043178331,0.1615656884760125,0.6618113813026231,0.21073488371632343,165,4,196,5,
B2_apdtm_cls_cash_features_cash_real_default,sepsis,mix-simp,variant,IMd,inductive_miner_imd,cf73e2e20e689341,16,0.6850752118750648,0.7905131280697297,0.0,0.7552038190935039,0.4979712398559925,0.10543791619466492,0.07012860721843905,0.8666209169073225,0.7273727634877579,102,3,196,5,
B2_apdtm_cls_cash_features_cash_real_default,sepsis,mix-gen,variant,IMd,inductive_miner_imd,cf73e2e20e689341,16,0.6428776964774024,0.8286673700233692,0.0,0.6992188269981966,0.6238672389434095,0.18578967354596676,0.05634113052079415,0.7757970444272141,0.25229007144707744,162,4,196,5,
B3_apdtm_cls_cash_features_cash_real_synthetic_default,bpi2012,equal,variant,HM,heuristics_miner,338af92936f97ac9,78,0.8264055189438223,0.8454937775108162,0.0,0.8264055189438223,0.6421431792744381,0.01908825856699392,0.0,0.9774235374940418,1.0,8,1,196,5,
B3_apdtm_cls_cash_features_cash_real_synthetic_default,bpi2012,fitn,variant,HM,heuristics_miner,338af92936f97ac9,78,0.9013689583939556,1.0,0.0,1.0,0.631230892297019,0.09863104160604441,0.09863104160604441,0.9013689583939556,0.7325398479812871,51,4,196,5,
B3_apdtm_cls_cash_features_cash_real_synthetic_default,bpi2012,prec,variant,HM,heuristics_miner,338af92936f97ac9,78,0.9158179923584578,1.0,0.0,0.9158179923584578,0.1394427299083702,0.08418200764154216,0.0,0.9158179923584578,1.0,58,1,196,5,
B3_apdtm_cls_cash_features_cash_real_synthetic_default,bpi2012,gene,variant,HM,heuristics_miner,338af92936f97ac9,78,0.945799466108147,0.9846855427449372,0.0,0.9846855427449372,0.945799466108147,0.03888607663679022,0.03888607663679022,0.9605091423111684,0.0,43,5,196,5,
B3_apdtm_cls_cash_features_cash_real_synthetic_default,bpi2012,simp,variant,HM,heuristics_miner,338af92936f97ac9,78,0.5426356589147286,0.853658536585366,0.0,0.853658536585366,0.4444444444444444,0.3110228776706373,0.3110228776706373,0.6356589147286821,0.23995071615586006,131,4,196,5,
B3_apdtm_cls_cash_features_cash_real_synthetic_default,bpi2012,fit+pre,variant,HM,heuristics_miner,338af92936f97ac9,78,0.9085934753762067,0.9301612956045748,0.0,0.9085934753762067,0.38824671604357214,0.021567820228368118,0.0,0.9768128169487532,1.0,6,1,196,5,
B3_apdtm_cls_cash_features_cash_real_synthetic_default,bpi2012,fit+gen,variant,HM,heuristics_miner,338af92936f97ac9,78,0.9235842122510514,0.9923427713724686,0.0,0.9923427713724686,0.8072637946190873,0.06875855912141726,0.06875855912141726,0.9307108782318028,0.6284907106816439,29,4,196,5,
B3_apdtm_cls_cash_features_cash_real_synthetic_default,bpi2012,fit+sim,variant,HM,heuristics_miner,338af92936f97ac9,78,0.7220023086543421,0.8121921418178204,0.0,0.7950530873536228,0.7220023086543421,0.09018983316347828,0.07305077869928067,0.8889550532197732,0.0,74,5,196,5,
B3_apdtm_cls_cash_features_cash_real_synthetic_default,bpi2012,pre+gen,variant,HM,heuristics_miner,338af92936f97ac9,78,0.9308087292333025,0.9634656515705695,0.0,0.9308087292333025,0.5620641363266538,0.032656922337267025,0.0,0.9661047362881778,1.0,37,1,196,5,
B3_apdtm_cls_cash_features_cash_real_synthetic_default,bpi2012,pre+sim,variant,HM,heuristics_miner,338af92936f97ac9,78,0.7292268256365932,0.8077460186427269,0.0,0.7292268256365932,0.29194358717640734,0.07851919300613364,0.0,0.9027922252862711,1.0,69,1,196,5,
B3_apdtm_cls_cash_features_cash_real_synthetic_default,bpi2012,gen+sim,variant,HM,heuristics_miner,338af92936f97ac9,78,0.7442175625114378,0.9184776167632608,0.0,0.9184776167632608,0.7145649935946908,0.174260054251823,0.174260054251823,0.8102729439766644,0.1454180151085293,77,4,196,5,
B3_apdtm_cls_cash_features_cash_real_synthetic_default,bpi2012,mix-fit,variant,HM,heuristics_miner,338af92936f97ac9,78,0.83840005945888,0.8579335371394458,0.0,0.83840005945888,0.565132495867034,0.01953347768056579,0.0,0.9772319453256308,1.0,6,1,196,5,
B3_apdtm_cls_cash_features_cash_real_synthetic_default,bpi2012,mix-prec,variant,HM,heuristics_miner,338af92936f97ac9,78,0.8846043943460911,0.9094815824532984,0.0,0.8846043943460911,0.564706057116337,0.024877188107207293,0.0,0.9726468478447888,1.0,6,1,196,5,
B3_apdtm_cls_cash_features_cash_real_synthetic_default,bpi2012,mix-simp,variant,HM,heuristics_miner,338af92936f97ac9,78,0.7682066435415533,0.8154342316428806,0.0,0.7682066435415533,0.6886591593176022,0.04722758810132732,0.0,0.9420828973463912,1.0,22,1,196,5,
B3_apdtm_cls_cash_features_cash_real_synthetic_default,bpi2012,mix-gen,variant,HM,heuristics_miner,338af92936f97ac9,78,0.8144109784287645,0.858090575541927,0.0,0.8144109784287645,0.6550960964129823,0.043679597113162494,0.0,0.9490967523031276,1.0,14,1,196,5,
B3_apdtm_cls_cash_features_cash_real_synthetic_default,bpi2013_closed_problems,equal,variant,HM,heuristics_miner,596eb63f26ecfd51,78,0.7989866614480718,0.9163782860150957,0.0,0.8856717323021799,0.7989866614480718,0.1173916245670239,0.08668507085410804,0.8718961084537417,0.0,159,5,196,5,
B3_apdtm_cls_cash_features_cash_real_synthetic_default,bpi2013_closed_problems,fitn,variant,HM,heuristics_miner,596eb63f26ecfd51,78,0.9944995246502784,1.0,0.0,1.0,0.6403632397723371,0.005500475349721645,0.005500475349721645,0.9944995246502784,0.9847054696348626,17,4,196,5,
B3_apdtm_cls_cash_features_cash_real_synthetic_default,bpi2013_closed_problems,prec,variant,HM,heuristics_miner,596eb63f26ecfd51,78,0.8684298767708944,1.0,0.0,1.0,0.7923798798798799,0.13157012322910555,0.13157012322910555,0.8684298767708944,0.3662939644145051,165,2,196,5,
B3_apdtm_cls_cash_features_cash_real_synthetic_default,bpi2013_closed_problems,gene,variant,HM,heuristics_miner,596eb63f26ecfd51,78,0.7139696253234955,0.9751741745874558,0.0,0.9417621438127408,0.7139696253234955,0.2612045492639603,0.2277925184892453,0.7321457478358038,0.0,171,5,196,5,
B3_apdtm_cls_cash_features_cash_real_synthetic_default,bpi2013_closed_problems,simp,variant,HM,heuristics_miner,596eb63f26ecfd51,78,0.6190476190476191,1.0,0.0,1.0,0.6190476190476191,0.38095238095238093,0.38095238095238093,0.6190476190476191,0.0,182,5,196,5,
B3_apdtm_cls_cash_features_cash_real_synthetic_default,bpi2013_closed_problems,fit+pre,variant,HM,heuristics_miner,596eb63f26ecfd51,78,0.9314647007105864,0.9833244744389686,0.0,0.9314647007105864,0.8201816198861686,0.05185977372838224,0.0,0.9472607719257974,1.0,49,1,196,5,
B3_apdtm_cls_cash_features_cash_real_synthetic_default,bpi2013_closed_problems,fit+gen,variant,HM,heuristics_miner,596eb63f26ecfd51,78,0.8542345749868869,0.9768396200213343,0.0,0.9708810719063704,0.7713434646043598,0.12260504503444736,0.11664649691948348,0.8744880505238213,0.4154159784880407,94,4,196,5,
B3_apdtm_cls_cash_features_cash_real_synthetic_default,bpi2013_closed_problems,fit+sim,variant,HM,heuristics_miner,596eb63f26ecfd51,78,0.8067735718489487,0.8813768133238105,0.0,0.8421052631578947,0.8067735718489487,0.07460324147486175,0.03533169130894598,0.9153560198690488,0.0,69,5,196,5,
B3_apdtm_cls_cash_features_cash_real_synthetic_default,bpi2013_closed_problems,pre+gen,variant,HM,heuristics_miner,596eb63f26ecfd51,78,0.791199751047195,0.9873630729568104,0.0,0.9511618447181912,0.791199751047195,0.19616332190961538,0.15996209367099623,0.8013260498773018,0.0,189,5,196,5,
B3_apdtm_cls_cash_features_cash_real_synthetic_default,bpi2013_closed_problems,pre+sim,variant,HM,heuristics_miner,596eb63f26ecfd51,78,0.7437387479092568,1.0,0.0,1.0,0.7267954731728345,0.25626125209074324,0.25626125209074324,0.7437387479092568,0.062016815508847176,173,2,196,5,
B3_apdtm_cls_cash_features_cash_real_synthetic_default,bpi2013_closed_problems,gen+sim,variant,HM,heuristics_miner,596eb63f26ecfd51,78,0.6665086221855573,0.9875870872937279,0.0,0.9511618447181912,0.6665086221855573,0.3210784651081706,0.2846532225326339,0.674885922224826,0.0,182,5,196,5,
B3_apdtm_cls_cash_features_cash_real_synthetic_default,bpi2013_closed_problems,mix-fit,variant,HM,heuristics_miner,596eb63f26ecfd51,78,0.853535259233253,0.9341168759050021,0.0,0.8687322836083959,0.8463776648525732,0.08058161667174912,0.01519702437514292,0.9137349739092562,0.320184139969531,90,4,196,5,
B3_apdtm_cls_cash_features_cash_real_synthetic_default,bpi2013_closed_problems,mix-prec,variant,HM,heuristics_miner,596eb63f26ecfd51,78,0.8223675051402238,0.9478472946591554,0.0,0.898769754785382,0.8223675051402238,0.12547978951893157,0.07640224964515818,0.8676160282083688,0.0,164,5,196,5,
B3_apdtm_cls_cash_features_cash_real_synthetic_default,bpi2013_closed_problems,mix-simp,variant,HM,heuristics_miner,596eb63f26ecfd51,78,0.7756058177559197,0.8876203584183078,0.0,0.8725737098189776,0.7756058177559197,0.11201454066238803,0.09696789206305789,0.8738035472034553,0.0,156,5,196,5,
B3_apdtm_cls_cash_features_cash_real_synthetic_default,bpi2013_closed_problems,mix-gen,variant,HM,heuristics_miner,596eb63f26ecfd51,78,0.7444380636628907,0.9265291608189077,0.0,0.9249657997517868,0.7444380636628907,0.182091097156017,0.18052773608889616,0.8034696533511403,0.0,172,5,196,5,
B3_apdtm_cls_cash_features_cash_real_synthetic_default,bpi2013_incidents,equal,variant,IMd,inductive_miner_imd,e926d4fdd2959901,78,0.8118408262234602,0.9227713113840779,0.0,0.8512319772476271,0.6771578170832514,0.11093048516061765,0.039391151024166904,0.8797855072084638,0.7737105209241256,112,2,196,5,
B3_apdtm_cls_cash_features_cash_real_synthetic_default,bpi2013_incidents,fitn,variant,IMd,inductive_miner_imd,e926d4fdd2959901,78,1.0,1.0,0.0,1.0,0.2261167659340351,0.0,0.0,1.0,1.0,1,1,196,5,
B3_apdtm_cls_cash_features_cash_real_synthetic_default,bpi2013_incidents,prec,variant,IMd,inductive_miner_imd,e926d4fdd2959901,78,0.6257305479681992,1.0,0.0,0.8850810072924525,0.6000158860441103,0.37426945203180084,0.2593504593242534,0.6257305479681992,0.09020627220713845,171,4,196,5,
B3_apdtm_cls_cash_features_cash_real_synthetic_default,bpi2013_incidents,gene,variant,IMd,inductive_miner_imd,e926d4fdd2959901,78,0.9374222306098524,0.9924026869731328,0.0,0.9374222306098524,0.871132170779936,0.05498045636328042,0.0,0.9445986421792418,1.0,65,1,196,5,
B3_apdtm_cls_cash_features_cash_real_synthetic_default,bpi2013_incidents,simp,variant,IMd,inductive_miner_imd,e926d4fdd2959901,78,0.6842105263157894,1.0,0.0,1.0,0.6216216216216216,0.3157894736842106,0.3157894736842106,0.6842105263157894,0.16541353383458626,106,2,196,5,
B3_apdtm_cls_cash_features_cash_real_synthetic_default,bpi2013_incidents,fit+pre,variant,IMd,inductive_miner_imd,e926d4fdd2959901,78,0.8128652739840996,0.9765794350540196,0.0,0.9404450614048587,0.41306632598907267,0.16371416106991998,0.12757978742075915,0.8323596061995058,0.7580869707987465,104,4,196,5,
B3_apdtm_cls_cash_features_cash_real_synthetic_default,bpi2013_incidents,fit+gen,variant,IMd,inductive_miner_imd,e926d4fdd2959901,78,0.9687111153049262,0.9948630084104291,0.0,0.9687111153049262,0.5543076911444477,0.02615189310550292,0.0,0.9737130711621413,1.0,7,1,196,5,
B3_apdtm_cls_cash_features_cash_real_synthetic_default,bpi2013_incidents,fit+sim,variant,IMd,inductive_miner_imd,e926d4fdd2959901,78,0.8421052631578947,0.8762171658937965,0.0,0.8421052631578947,0.6130583829670175,0.03411190273590181,0.0,0.9610691229712379,1.0,11,1,196,5,
B3_apdtm_cls_cash_features_cash_real_synthetic_default,bpi2013_incidents,pre+gen,variant,IMd,inductive_miner_imd,e926d4fdd2959901,78,0.7815763892890257,0.9962013434865664,0.0,0.893748585925811,0.7412572511994853,0.21462495419754068,0.11217219663678524,0.7845566505196799,0.2644028145068093,144,2,196,5,
B3_apdtm_cls_cash_features_cash_real_synthetic_default,bpi2013_incidents,pre+sim,variant,IMd,inductive_miner_imd,e926d4fdd2959901,78,0.6549705371419943,1.0,0.0,0.8000079430220551,0.6462487440701031,0.34502946285800573,0.14503740588006087,0.6549705371419943,0.0567237155977679,170,3,196,5,
B3_apdtm_cls_cash_features_cash_real_synthetic_default,bpi2013_incidents,gen+sim,variant,IMd,inductive_miner_imd,e926d4fdd2959901,78,0.8108163784628208,0.9962013434865664,0.0,0.94124930817743,0.7620188930903955,0.18538496502374557,0.13043292971460918,0.8139081359046115,0.272261185964052,95,2,196,5,
B3_apdtm_cls_cash_features_cash_real_synthetic_default,bpi2013_incidents,mix-fit,variant,IMd,inductive_miner_imd,e926d4fdd2959901,78,0.8183034927146029,0.9349837317539983,0.0,0.8784138891748832,0.5587013338223332,0.1166802390393954,0.06011039646028027,0.8752061291799087,0.8119861248677082,85,2,196,5,
B3_apdtm_cls_cash_features_cash_real_synthetic_default,bpi2013_incidents,mix-prec,variant,IMd,inductive_miner_imd,e926d4fdd2959901,78,0.7999399410018141,0.9521545943141786,0.0,0.8860812375503468,0.6499792925109091,0.1522146533123645,0.08614129654853275,0.8401366183376953,0.6351521096781139,139,2,196,5,
B3_apdtm_cls_cash_features_cash_real_synthetic_default,bpi2013_incidents,mix-simp,variant,IMd,inductive_miner_imd,e926d4fdd2959901,78,0.8237417114451061,0.893388028453977,0.0,0.8237417114451061,0.7043363416555937,0.06964631700887092,0.0,0.9220424778588145,1.0,61,1,196,5,
B3_apdtm_cls_cash_features_cash_real_synthetic_default,bpi2013_incidents,mix-gen,variant,IMd,inductive_miner_imd,e926d4fdd2959901,78,0.8053781597323176,0.9176337438459292,0.0,0.8240500653203712,0.7736190326066823,0.11225558411361158,0.01867190558805354,0.8776684217788974,0.629753653984062,151,2,196,5,
B3_apdtm_cls_cash_features_cash_real_synthetic_default,bpi2013_open_problems,equal,variant,IMd,inductive_miner_imd,4b39f6be45649b32,78,0.9162455491114012,0.9162455491114012,0.0,0.9162455491114012,0.7971612190845068,0.0,0.0,1.0,1.0,1,1,196,5,
B3_apdtm_cls_cash_features_cash_real_synthetic_default,bpi2013_open_problems,fitn,variant,IMd,inductive_miner_imd,4b39f6be45649b32,78,0.98974515179206,1.0,0.0,1.0,0.5167192429022083,0.010254848207939982,0.010254848207939982,0.98974515179206,0.9787807644783487,32,4,196,5,
B3_apdtm_cls_cash_features_cash_real_synthetic_default,bpi2013_open_problems,prec,variant,IMd,inductive_miner_imd,4b39f6be45649b32,78,0.9741310903031264,1.0,0.0,1.0,0.9065645824471856,0.02586890969687361,0.02586890969687361,0.9741310903031264,0.7231359330924891,112,2,196,5,
B3_apdtm_cls_cash_features_cash_real_synthetic_default,bpi2013_open_problems,gene,variant,IMd,inductive_miner_imd,4b39f6be45649b32,78,0.96197551956781,0.9656228232165908,0.0,0.96197551956781,0.8611132579521872,0.003647303648780742,0.0,0.9962228485480167,1.0,5,1,196,5,
B3_apdtm_cls_cash_features_cash_real_synthetic_default,bpi2013_open_problems,simp,variant,IMd,inductive_miner_imd,4b39f6be45649b32,78,0.7391304347826086,1.0,0.0,0.7391304347826086,0.625,0.26086956521739135,0.0,0.7391304347826086,1.0,27,1,196,5,
B3_apdtm_cls_cash_features_cash_real_synthetic_default,bpi2013_open_problems,fit+pre,variant,IMd,inductive_miner_imd,4b39f6be45649b32,78,0.9819381210475933,0.9819381210475933,0.0,0.9819381210475933,0.7583596214511041,0.0,0.0,1.0,1.0,1,1,196,5,
B3_apdtm_cls_cash_features_cash_real_synthetic_default,bpi2013_open_problems,fit+gen,variant,IMd,inductive_miner_imd,4b39f6be45649b32,78,0.975860335679935,0.9828114116082953,0.0,0.975860335679935,0.7371795810261562,0.006951075928360306,0.0,0.9929273552929291,1.0,14,1,196,5,
B3_apdtm_cls_cash_features_cash_real_synthetic_default,bpi2013_open_problems,fit+sim,variant,IMd,inductive_miner_imd,4b39f6be45649b32,78,0.8644377932873344,0.8644377932873344,0.0,0.8644377932873344,0.6155024785939613,0.0,0.0,1.0,1.0,1,1,196,5,
B3_apdtm_cls_cash_features_cash_real_synthetic_default,bpi2013_open_problems,pre+gen,variant,IMd,inductive_miner_imd,4b39f6be45649b32,78,0.9680533049354683,0.9793652708841788,0.0,0.9788199595750521,0.9115847807508795,0.011311965948710534,0.010766654639583817,0.9884496966708877,0.8398657543881931,16,2,196,5,
B3_apdtm_cls_cash_features_cash_real_synthetic_default,bpi2013_open_problems,pre+sim,variant,IMd,inductive_miner_imd,4b39f6be45649b32,78,0.8566307625428675,0.9951923076923077,0.0,0.8571428571428572,0.7935281517747859,0.1385615451494402,0.0005120945999896875,0.8607690754053934,0.9919500593922941,86,2,196,5,
B3_apdtm_cls_cash_features_cash_real_synthetic_default,bpi2013_open_problems,gen+sim,variant,IMd,inductive_miner_imd,4b39f6be45649b32,78,0.8505529771752094,0.9788199595750521,0.0,0.8505529771752094,0.7430566289760936,0.1282669823998427,0.0,0.8689575328485037,1.0,26,1,196,5,
B3_apdtm_cls_cash_features_cash_real_synthetic_default,bpi2013_open_problems,mix-fit,variant,IMd,inductive_miner_imd,4b39f6be45649b32,78,0.9321610267210647,0.9321610267210647,0.0,0.9321610267210647,0.7453088319330367,0.0,0.0,1.0,1.0,1,1,196,5,
B3_apdtm_cls_cash_features_cash_real_synthetic_default,bpi2013_open_problems,mix-prec,variant,IMd,inductive_miner_imd,4b39f6be45649b32,78,0.9501071658282663,0.9501071658282663,0.0,0.9501071658282663,0.8620643957540441,0.0,0.0,1.0,1.0,1,1,196,5,
B3_apdtm_cls_cash_features_cash_real_synthetic_default,bpi2013_open_problems,mix-simp,variant,IMd,inductive_miner_imd,4b39f6be45649b32,78,0.8823839323945362,0.8823839323945362,0.0,0.8823839323945362,0.7322580424149691,0.0,0.0,1.0,1.0,1,1,196,5,
B3_apdtm_cls_cash_features_cash_real_synthetic_default,bpi2013_open_problems,mix-gen,variant,IMd,inductive_miner_imd,4b39f6be45649b32,78,0.9003300715017378,0.9253321454132266,0.0,0.9003300715017378,0.823835292661598,0.025002073911488787,0.0,0.9729804329878504,1.0,10,1,196,5,
B3_apdtm_cls_cash_features_cash_real_synthetic_default,bpi2017,equal,variant,HM,heuristics_miner,811f4a70bfa6226f,78,0.7897159833979309,0.8802301190425359,0.0,0.7897159833979309,0.5001675983519174,0.09051413564460498,0.0,0.8971699176312428,1.0,51,1,196,5,
B3_apdtm_cls_cash_features_cash_real_synthetic_default,bpi2017,fitn,variant,HM,heuristics_miner,811f4a70bfa6226f,78,0.8359794443006674,1.0,0.0,1.0,0.495774473479623,0.1640205556993326,0.1640205556993326,0.8359794443006674,0.6747079489782553,119,4,196,5,
B3_apdtm_cls_cash_features_cash_real_synthetic_default,bpi2017,prec,variant,HM,heuristics_miner,811f4a70bfa6226f,78,0.9977548056712652,0.9982184707429071,0.0,0.9977548056712652,0.1259019512485154,0.0004636650716419721,0.0,0.9995355074212393,1.0,4,1,196,5,
B3_apdtm_cls_cash_features_cash_real_synthetic_default,bpi2017,gene,variant,HM,heuristics_miner,811f4a70bfa6226f,78,0.8436482021383097,0.99095165942404,0.0,0.988416241415834,0.8436482021383097,0.14730345728573024,0.14476803927752424,0.8513515206469852,0.0,108,5,196,5,
B3_apdtm_cls_cash_features_cash_real_synthetic_default,bpi2017,simp,variant,HM,heuristics_miner,811f4a70bfa6226f,78,0.4814814814814814,0.7701149425287357,0.0,0.6170212765957447,0.392,0.2886334610472543,0.13553979511426328,0.6252072968490877,0.39765786966997213,109,3,196,5,
B3_apdtm_cls_cash_features_cash_real_synthetic_default,bpi2017,fit+pre,variant,HM,heuristics_miner,811f4a70bfa6226f,78,0.9168671249859663,0.9550451175767805,0.0,0.9168671249859663,0.31083821236406917,0.038177992590814114,0.0,0.9600249329710386,1.0,30,1,196,5,
B3_apdtm_cls_cash_features_cash_real_synthetic_default,bpi2017,fit+gen,variant,HM,heuristics_miner,811f4a70bfa6226f,78,0.8398138232194885,0.9949668505231788,0.0,0.994208120707917,0.7413842210795771,0.1551530273036903,0.15439429748842848,0.8440621140070075,0.38932079714222584,109,4,196,5,
B3_apdtm_cls_cash_features_cash_real_synthetic_default,bpi2017,fit+sim,variant,HM,heuristics_miner,811f4a70bfa6226f,78,0.6587304628910744,0.8402404432249244,0.0,0.8085106382978724,0.4438872367398115,0.18150998033385002,0.149780175406798,0.783978524483781,0.589219521383496,117,4,196,5,
B3_apdtm_cls_cash_features_cash_real_synthetic_default,bpi2017,pre+gen,variant,HM,heuristics_miner,811f4a70bfa6226f,78,0.9207015039047874,0.9859199935085099,0.0,0.9207015039047874,0.5564479599640234,0.06521848960372245,0.0,0.9338501196515602,1.0,37,1,196,5,
B3_apdtm_cls_cash_features_cash_real_synthetic_default,bpi2017,pre+sim,variant,HM,heuristics_miner,811f4a70bfa6226f,78,0.7396181435763733,0.8723812160130642,0.0,0.7396181435763733,0.25895097562425773,0.13276307243669083,0.0,0.8478153013845926,1.0,45,1,196,5,
B3_apdtm_cls_cash_features_cash_real_synthetic_default,bpi2017,gen+sim,variant,HM,heuristics_miner,811f4a70bfa6226f,78,0.6625648418098955,0.8792604640175905,0.0,0.7963457765194307,0.6625648418098955,0.216695622207695,0.13378093470953523,0.7535478608721342,0.0,119,5,196,5,
B3_apdtm_cls_cash_features_cash_real_synthetic_default,bpi2017,mix-fit,variant,HM,heuristics_miner,811f4a70bfa6226f,78,0.8143793359317738,0.8744182289149186,0.0,0.8143793359317738,0.413179771634357,0.0600388929831448,0.0,0.9313384705421247,1.0,49,1,196,5,
B3_apdtm_cls_cash_features_cash_real_synthetic_default,bpi2017,mix-prec,variant,HM,heuristics_miner,811f4a70bfa6226f,78,0.8675404199182805,0.9247332260272323,0.0,0.8675404199182805,0.48481386579919006,0.05719280610895183,0.0,0.9381521021423019,1.0,38,1,196,5,
B3_apdtm_cls_cash_features_cash_real_synthetic_default,bpi2017,mix-simp,variant,HM,heuristics_miner,811f4a70bfa6226f,78,0.7118915468775813,0.8548318499663207,0.0,0.7712039241360872,0.5155213309046448,0.1429403030887394,0.05931237725850591,0.8327854734303933,0.7680234054697,99,3,196,5,
B3_apdtm_cls_cash_features_cash_real_synthetic_default,bpi2017,mix-gen,variant,HM,heuristics_miner,811f4a70bfa6226f,78,0.7650526308640881,0.8969137795391169,0.0,0.7650526308640881,0.587155425069478,0.13186114867502874,0.0,0.8529834732355365,1.0,60,1,196,5,
B3_apdtm_cls_cash_features_cash_real_synthetic_default,bpi2020_domestic,equal,variant,HM,heuristics_miner,7ff65ee42a91cefb,78,0.782697276145632,0.9013014428805918,0.0,0.782697276145632,0.5280586222617515,0.11860416673495977,0.0,0.868407880990519,1.0,137,1,196,5,
B3_apdtm_cls_cash_features_cash_real_synthetic_default,bpi2020_domestic,fitn,variant,HM,heuristics_miner,7ff65ee42a91cefb,78,0.9251912994498018,1.0,0.0,1.0,0.723032771051894,0.07480870055019817,0.07480870055019817,0.9251912994498018,0.7299005343183951,112,4,196,5,
B3_apdtm_cls_cash_features_cash_real_synthetic_default,bpi2020_domestic,prec,variant,HM,heuristics_miner,7ff65ee42a91cefb,78,0.8670356093278883,0.986007752461474,0.0,0.8670356093278883,0.1975518121669374,0.11897214313358573,0.0,0.8793395459248843,1.0,108,1,196,5,
B3_apdtm_cls_cash_features_cash_real_synthetic_default,bpi2020_domestic,gene,variant,HM,heuristics_miner,7ff65ee42a91cefb,78,0.7516056740657073,0.9326053854610896,0.0,0.8554073029005208,0.7516056740657073,0.1809997113953823,0.10380162883481348,0.8059203665161185,0.0,181,5,196,5,
B3_apdtm_cls_cash_features_cash_real_synthetic_default,bpi2020_domestic,simp,variant,HM,heuristics_miner,7ff65ee42a91cefb,78,0.5869565217391304,0.875,0.0,0.6000000000000001,0.3541666666666666,0.2880434782608696,0.013043478260869712,0.670807453416149,0.9469417833456147,154,3,196,5,
B3_apdtm_cls_cash_features_cash_real_synthetic_default,bpi2020_domestic,fit+pre,variant,HM,heuristics_miner,7ff65ee42a91cefb,78,0.896113454388845,0.980580685505521,0.0,0.896113454388845,0.48650745759222797,0.08446723111667598,0.0,0.9138599889175562,1.0,125,1,196,5,
B3_apdtm_cls_cash_features_cash_real_synthetic_default,bpi2020_domestic,fit+gen,variant,HM,heuristics_miner,7ff65ee42a91cefb,78,0.8383984867577545,0.9529492086056026,0.0,0.9277036514502603,0.7540428391238887,0.11455072184784809,0.08930516469250582,0.8797934655767606,0.4857494704984506,174,4,196,5,
B3_apdtm_cls_cash_features_cash_real_synthetic_default,bpi2020_domestic,fit+sim,variant,HM,heuristics_miner,7ff65ee42a91cefb,78,0.756073910594466,0.892967594352212,0.0,0.8,0.5385997188592803,0.1368936837577459,0.043926089405534,0.8466980385138689,0.8319585227152558,141,3,196,5,
B3_apdtm_cls_cash_features_cash_real_synthetic_default,bpi2020_domestic,pre+gen,variant,HM,heuristics_miner,7ff65ee42a91cefb,78,0.8093206416967977,0.957510356458128,0.0,0.8093206416967977,0.5175175256642226,0.14818971476133025,0.0,0.8452343478461263,1.0,134,1,196,5,
B3_apdtm_cls_cash_features_cash_real_synthetic_default,bpi2020_domestic,pre+sim,variant,HM,heuristics_miner,7ff65ee42a91cefb,78,0.7269960655335093,0.8607303005919194,0.0,0.7269960655335093,0.3020744053996142,0.1337342350584101,0.0,0.8446270161902726,1.0,128,1,196,5,
B3_apdtm_cls_cash_features_cash_real_synthetic_default,bpi2020_domestic,gen+sim,variant,HM,heuristics_miner,7ff65ee42a91cefb,78,0.6692810979024189,0.836843156586478,0.0,0.7277036514502604,0.569609786931275,0.16756205868405916,0.05842255354784154,0.7997688606697191,0.6304565409568719,166,3,196,5,
B3_apdtm_cls_cash_features_cash_real_synthetic_default,bpi2020_domestic,mix-fit,variant,HM,heuristics_miner,7ff65ee42a91cefb,78,0.822739074332684,0.9217713572150562,0.0,0.822739074332684,0.5135463757134479,0.0990322828823722,0.0,0.8925630720598892,1.0,129,1,196,5,
B3_apdtm_cls_cash_features_cash_real_synthetic_default,bpi2020_domestic,mix-prec,variant,HM,heuristics_miner,7ff65ee42a91cefb,78,0.8160298580147407,0.9396408568365918,0.0,0.8160298580147407,0.5155319506888351,0.12361099882185111,0.0,0.86844867597818,1.0,131,1,196,5,
B3_apdtm_cls_cash_features_cash_real_synthetic_default,bpi2020_domestic,mix-simp,variant,HM,heuristics_miner,7ff65ee42a91cefb,78,0.749364694276523,0.8629620289245914,0.0,0.7501620398307685,0.5405852938346677,0.11359733464806843,0.0007973455542454877,0.8683634611483063,0.9961954483525557,158,3,196,5,
B3_apdtm_cls_cash_features_cash_real_synthetic_default,bpi2020_domestic,mix-gen,variant,HM,heuristics_miner,7ff65ee42a91cefb,78,0.7426554779585799,0.88113234738198,0.0,0.7426554779585799,0.5425708688100551,0.1384768694234001,0.0,0.8428421452976473,1.0,140,1,196,5,
B3_apdtm_cls_cash_features_cash_real_synthetic_default,bpi2020_international,equal,variant,HM,heuristics_miner,a8fc09154990e706,78,0.748944593081187,0.8501918473231604,0.0,0.748944593081187,0.42730621361870447,0.10124725424197345,0.0,0.8809124616276295,1.0,74,1,196,5,
B3_apdtm_cls_cash_features_cash_real_synthetic_default,bpi2020_international,fitn,variant,HM,heuristics_miner,a8fc09154990e706,78,0.9008203009126576,1.0,0.0,1.0,0.543631678095892,0.09917969908734237,0.09917969908734237,0.9008203009126576,0.7826761974329542,91,4,196,5,
B3_apdtm_cls_cash_features_cash_real_synthetic_default,bpi2020_international,prec,variant,HM,heuristics_miner,a8fc09154990e706,78,0.914192461570857,1.0,0.0,0.914192461570857,0.0,0.08580753842914302,0.0,0.914192461570857,1.0,28,1,196,5,
B3_apdtm_cls_cash_features_cash_real_synthetic_default,bpi2020_international,gene,variant,HM,heuristics_miner,a8fc09154990e706,78,0.6807656098412334,0.9418786896404474,0.0,0.9085268002629592,0.6807656098412334,0.26111307979921405,0.22776119042172582,0.7227741930344647,0.0,167,5,196,5,
B3_apdtm_cls_cash_features_cash_real_synthetic_default,bpi2020_international,simp,variant,HM,heuristics_miner,a8fc09154990e706,78,0.5,0.726190476190476,0.0,0.6222222222222222,0.2668810289389067,0.22619047619047605,0.12222222222222223,0.6885245901639345,0.6560426302030967,148,3,196,5,
B3_apdtm_cls_cash_features_cash_real_synthetic_default,bpi2020_international,fit+pre,variant,HM,heuristics_miner,a8fc09154990e706,78,0.9075063812417573,0.9444725618292222,0.0,0.9075063812417573,0.271815839047946,0.036966180587464925,0.0,0.9608605034371035,1.0,33,1,196,5,
B3_apdtm_cls_cash_features_cash_real_synthetic_default,bpi2020_international,fit+gen,variant,HM,heuristics_miner,a8fc09154990e706,78,0.7907929553769455,0.9642924535411258,0.0,0.9542634001314796,0.7211719127679556,0.1734994981641803,0.1634704447545341,0.8200758519606306,0.2986854792359302,159,4,196,5,
B3_apdtm_cls_cash_features_cash_real_synthetic_default,bpi2020_international,fit+sim,variant,HM,heuristics_miner,a8fc09154990e706,78,0.7004101504563288,0.8252695672008914,0.0,0.7964877749920367,0.4052563535173993,0.12485941674456258,0.0960776245357079,0.8487046878899769,0.7544225252318176,136,3,196,5,
B3_apdtm_cls_cash_features_cash_real_synthetic_default,bpi2020_international,pre+gen,variant,HM,heuristics_miner,a8fc09154990e706,78,0.7974790357060452,0.9244692854293903,0.0,0.7974790357060452,0.4493560737200096,0.12699024972334516,0.0,0.8626344306675784,1.0,62,1,196,5,
B3_apdtm_cls_cash_features_cash_real_synthetic_default,bpi2020_international,pre+sim,variant,HM,heuristics_miner,a8fc09154990e706,78,0.7070962307854285,0.863095238095238,0.0,0.7070962307854285,0.13344051446945335,0.15599900730980953,0.0,0.8192563225651862,1.0,49,1,196,5,
B3_apdtm_cls_cash_features_cash_real_synthetic_default,bpi2020_international,gen+sim,variant,HM,heuristics_miner,a8fc09154990e706,78,0.5903828049206167,0.8021013140485984,0.0,0.7494471551579674,0.5827965881894629,0.21171850912798174,0.15906435023735077,0.7360451785581367,0.04552169770047953,163,4,196,5,
B3_apdtm_cls_cash_features_cash_real_synthetic_default,bpi2020_international,mix-fit,variant,HM,heuristics_miner,a8fc09154990e706,78,0.8026624198204434,0.8651430903153831,0.0,0.8026624198204434,0.36070009177014006,0.06248067049493966,0.0,0.9277799577961575,1.0,55,1,196,5,
B3_apdtm_cls_cash_features_cash_real_synthetic_default,bpi2020_international,mix-prec,variant,HM,heuristics_miner,a8fc09154990e706,78,0.8000707277632442,0.8789785552291673,0.0,0.8000707277632442,0.4050280827450747,0.07890782746592317,0.0,0.910227812730482,1.0,61,1,196,5,
B3_apdtm_cls_cash_features_cash_real_synthetic_default,bpi2020_international,mix-simp,variant,HM,heuristics_miner,a8fc09154990e706,78,0.6978184583991296,0.8280233355013684,0.0,0.7380189347317311,0.4495843444923341,0.13020487710223883,0.04020047633260149,0.8427521646797554,0.8606253282616498,133,3,196,5,
B3_apdtm_cls_cash_features_cash_real_synthetic_default,bpi2020_international,mix-gen,variant,HM,heuristics_miner,a8fc09154990e706,78,0.6952267663419306,0.8352406043309378,0.0,0.6952267663419306,0.4939123354672689,0.14001383798900724,0.0,0.8323670601465022,1.0,109,1,196,5,
B3_apdtm_cls_cash_features_cash_real_synthetic_default,bpi2020_payment,equal,variant,HM,heuristics_miner,67cd1ccc54854e66,78,0.7459843675155176,0.8696763776738392,0.0,0.7459843675155176,0.4539079536155171,0.12369201015832165,0.0,0.8577723698910094,1.0,129,1,196,5,
B3_apdtm_cls_cash_features_cash_real_synthetic_default,bpi2020_payment,fitn,variant,HM,heuristics_miner,67cd1ccc54854e66,78,0.9375704546963164,1.0,0.0,1.0,0.6986954515961711,0.06242954530368361,0.06242954530368361,0.9375704546963164,0.7928025128249598,96,4,196,5,
B3_apdtm_cls_cash_features_cash_real_synthetic_default,bpi2020_payment,prec,variant,HM,heuristics_miner,67cd1ccc54854e66,78,0.8082905921163525,1.0,0.0,0.8082905921163525,0.0,0.19170940788364754,0.0,0.8082905921163525,1.0,103,1,196,5,
B3_apdtm_cls_cash_features_cash_real_synthetic_default,bpi2020_payment,gene,variant,HM,heuristics_miner,67cd1ccc54854e66,78,0.6750512131653676,0.9042989365923124,0.0,0.8669709790187637,0.6750512131653676,0.22924772342694477,0.1919197658533961,0.7464912163992766,0.0,180,5,196,5,
B3_apdtm_cls_cash_features_cash_real_synthetic_default,bpi2020_payment,simp,variant,HM,heuristics_miner,67cd1ccc54854e66,78,0.5630252100840336,0.8214285714285714,0.0,0.6000000000000001,0.3333333333333333,0.2584033613445378,0.03697478991596648,0.6854219948849105,0.8613445378151258,159,3,196,5,
B3_apdtm_cls_cash_features_cash_real_synthetic_default,bpi2020_payment,fit+pre,variant,HM,heuristics_miner,67cd1ccc54854e66,78,0.8729305234063345,0.9825892284678609,0.0,0.8729305234063345,0.34934772579808554,0.10965870506152642,0.0,0.8883982218769935,1.0,101,1,196,5,
B3_apdtm_cls_cash_features_cash_real_synthetic_default,bpi2020_payment,fit+gen,variant,HM,heuristics_miner,67cd1ccc54854e66,78,0.806310833930842,0.9514970823370221,0.0,0.9334854895093818,0.7411492405643676,0.1451862484061801,0.1271746555785398,0.8474128285821113,0.33878997705265146,171,4,196,5,
B3_apdtm_cls_cash_features_cash_real_synthetic_default,bpi2020_payment,fit+sim,variant,HM,heuristics_miner,67cd1ccc54854e66,78,0.750297832390175,0.8691224178435837,0.0,0.8,0.5160143924647522,0.11882458545340868,0.04970216760982504,0.8632821073143765,0.8249834981385242,151,3,196,5,
B3_apdtm_cls_cash_features_cash_real_synthetic_default,bpi2020_payment,pre+gen,variant,HM,heuristics_miner,67cd1ccc54854e66,78,0.7416709026408601,0.916868426053467,0.0,0.7416709026408601,0.391801514766282,0.17519752341260686,0.0,0.8089174864852525,1.0,127,1,196,5,
B3_apdtm_cls_cash_features_cash_real_synthetic_default,bpi2020_payment,pre+sim,variant,HM,heuristics_miner,67cd1ccc54854e66,78,0.6856579011001931,0.87,0.0,0.6856579011001931,0.16666666666666666,0.1843420988998069,0.0,0.788112530000222,1.0,122,1,196,5,
B3_apdtm_cls_cash_features_cash_real_synthetic_default,bpi2020_payment,gen+sim,variant,HM,heuristics_miner,67cd1ccc54854e66,78,0.6190382116247006,0.7955758933524278,0.0,0.7334854895093819,0.5584681814329486,0.1765376817277272,0.11444727788468123,0.7781007654922448,0.34608022976390407,170,4,196,5,
B3_apdtm_cls_cash_features_cash_real_synthetic_default,bpi2020_payment,mix-fit,variant,HM,heuristics_miner,67cd1ccc54854e66,78,0.7976255228467759,0.9053177010011466,0.0,0.7976255228467759,0.42450515025839153,0.10769217815437071,0.0,0.8810448773560053,1.0,121,1,196,5,
B3_apdtm_cls_cash_features_cash_real_synthetic_default,bpi2020_payment,mix-prec,variant,HM,heuristics_miner,67cd1ccc54854e66,78,0.7696482127438178,0.9102277500261443,0.0,0.7696482127438178,0.40815333251233665,0.14057953728232653,0.0,0.8455556455202682,1.0,126,1,196,5,
B3_apdtm_cls_cash_features_cash_real_synthetic_default,bpi2020_payment,mix-simp,variant,HM,heuristics_miner,67cd1ccc54854e66,78,0.7223205222872171,0.829125005321534,0.0,0.7427293481371395,0.49966257471869746,0.10680448303431689,0.02040882584992243,0.8711841008909167,0.9160361345859953,155,3,196,5,
B3_apdtm_cls_cash_features_cash_real_synthetic_default,bpi2020_payment,mix-gen,variant,HM,heuristics_miner,67cd1ccc54854e66,78,0.6943432121842593,0.836099433132433,0.0,0.6943432121842593,0.48331075697264275,0.14175622094817364,0.0,0.8304553079086703,1.0,145,1,196,5,
B3_apdtm_cls_cash_features_cash_real_synthetic_default,bpi2020_permit,equal,variant,HM,heuristics_miner,8dc0dde1f149f92e,78,0.6953084541835005,0.8429076490043279,0.0,0.6953084541835005,0.0,0.1475991948208274,0.0,0.8248928040987922,1.0,86,1,196,5,
B3_apdtm_cls_cash_features_cash_real_synthetic_default,bpi2020_permit,fitn,variant,HM,heuristics_miner,8dc0dde1f149f92e,78,0.8888124281765335,1.0,0.0,1.0,0.0,0.1111875718234665,0.1111875718234665,0.8888124281765335,0.8888124281765335,74,3,196,5,
B3_apdtm_cls_cash_features_cash_real_synthetic_default,bpi2020_permit,prec,variant,HM,heuristics_miner,8dc0dde1f149f92e,78,0.8137442437123628,0.9911533085603246,0.0,0.8137442437123628,0.0,0.17740906484796182,0.0,0.8210074432323159,1.0,43,1,196,5,
B3_apdtm_cls_cash_features_cash_real_synthetic_default,bpi2020_permit,gene,variant,HM,heuristics_miner,8dc0dde1f149f92e,78,0.6027735303872743,0.9078165537742844,0.0,0.8652393738255396,0.0,0.30504302338701006,0.2624658434382653,0.6639816468219474,0.6966552246948635,168,4,196,5,
B3_apdtm_cls_cash_features_cash_real_synthetic_default,bpi2020_permit,simp,variant,HM,heuristics_miner,8dc0dde1f149f92e,78,0.4759036144578313,0.7142857142857143,0.0,0.5946547884187082,0.0,0.238382099827883,0.11875117396087692,0.6662650602409638,0.8003023329272144,130,2,196,5,
B3_apdtm_cls_cash_features_cash_real_synthetic_default,bpi2020_permit,fit+pre,variant,HM,heuristics_miner,8dc0dde1f149f92e,78,0.8512783359444481,0.9243881790529205,0.0,0.8512783359444481,0.0,0.07310984310847235,0.0,0.9209100194429392,1.0,34,1,196,5,
B3_apdtm_cls_cash_features_cash_real_synthetic_default,bpi2020_permit,fit+gen,variant,HM,heuristics_miner,8dc0dde1f149f92e,78,0.7457929792819039,0.9448808304983668,0.0,0.9326196869127699,0.0,0.19908785121646289,0.18682670763086595,0.7892984545877005,0.7996753550749993,159,3,196,5,
B3_apdtm_cls_cash_features_cash_real_synthetic_default,bpi2020_permit,fit+sim,variant,HM,heuristics_miner,8dc0dde1f149f92e,78,0.6823580213171824,0.8272924879786688,0.0,0.7973273942093542,0.0,0.14493446666148646,0.1149693728921718,0.8248086755681704,0.8558065686352371,119,3,196,5,
B3_apdtm_cls_cash_features_cash_real_synthetic_default,bpi2020_permit,pre+gen,variant,HM,heuristics_miner,8dc0dde1f149f92e,78,0.7082588870498185,0.9322600772514231,0.0,0.7082588870498185,0.0,0.22400119020160458,0.0,0.7597224254609014,1.0,78,1,196,5,
B3_apdtm_cls_cash_features_cash_real_synthetic_default,bpi2020_permit,pre+sim,variant,HM,heuristics_miner,8dc0dde1f149f92e,78,0.644823929085097,0.816594001468874,0.0,0.644823929085097,0.0,0.17177007238377695,0.0,0.7896505826949498,1.0,46,1,196,5,
B3_apdtm_cls_cash_features_cash_real_synthetic_default,bpi2020_permit,gen+sim,variant,HM,heuristics_miner,8dc0dde1f149f92e,78,0.5393385724225528,0.7992898469819344,0.0,0.7281672934908063,0.0,0.2599512745593816,0.18882872106825355,0.6747722049254843,0.7406794801741015,160,4,196,5,
B3_apdtm_cls_cash_features_cash_real_synthetic_default,bpi2020_permit,mix-fit,variant,HM,heuristics_miner,8dc0dde1f149f92e,78,0.755106320314616,0.8639118088087243,0.0,0.755106320314616,0.0,0.10880548849410832,0.0,0.8740548660352916,1.0,52,1,196,5,
B3_apdtm_cls_cash_features_cash_real_synthetic_default,bpi2020_permit,mix-prec,variant,HM,heuristics_miner,8dc0dde1f149f92e,78,0.7316826036822172,0.8885842618048085,0.0,0.7316826036822172,0.0,0.15690165812259138,0.0,0.8234251214354084,1.0,68,1,196,5,
B3_apdtm_cls_cash_features_cash_real_synthetic_default,bpi2020_permit,mix-simp,variant,HM,heuristics_miner,8dc0dde1f149f92e,78,0.6589343046847838,0.81761289182125,0.0,0.7200015916100726,0.0,0.1586785871364662,0.061067286925288844,0.8059245533873539,0.9151845112054131,130,2,196,5,
B3_apdtm_cls_cash_features_cash_real_synthetic_default,bpi2020_permit,mix-gen,variant,HM,heuristics_miner,8dc0dde1f149f92e,78,0.6355105880523851,0.8269571869508153,0.0,0.642675789010791,0.0,0.1914465988984302,0.007165200958405893,0.7684927322485235,0.9888509866391036,127,2,196,5,
B3_apdtm_cls_cash_features_cash_real_synthetic_default,bpi2020_prepaid,equal,variant,HM,heuristics_miner,29f7ad244446d4aa,78,0.7280027250543759,0.8668476328686328,0.0,0.7280027250543759,0.3835715428314981,0.13884490781425685,0.0,0.8398277822426744,1.0,83,1,196,5,
B3_apdtm_cls_cash_features_cash_real_synthetic_default,bpi2020_prepaid,fitn,variant,HM,heuristics_miner,29f7ad244446d4aa,78,0.9016178004778508,1.0,0.0,1.0,0.4702681384715757,0.09838219952214922,0.09838219952214922,0.9016178004778508,0.8142792483006607,85,4,196,5,
B3_apdtm_cls_cash_features_cash_real_synthetic_default,bpi2020_prepaid,prec,variant,HM,heuristics_miner,29f7ad244446d4aa,78,0.8877260430015663,0.9997522759645756,0.0,0.8877260430015663,0.0,0.11202623296300929,0.0,0.8879460085700482,1.0,23,1,196,5,
B3_apdtm_cls_cash_features_cash_real_synthetic_default,bpi2020_prepaid,gene,variant,HM,heuristics_miner,29f7ad244446d4aa,78,0.5988575329285628,0.9112866050560324,0.0,0.8904211520153033,0.5988575329285628,0.3124290721274696,0.29156361908674044,0.6571560797733231,0.0,176,5,196,5,
B3_apdtm_cls_cash_features_cash_real_synthetic_default,bpi2020_prepaid,simp,variant,HM,heuristics_miner,29f7ad244446d4aa,78,0.5238095238095238,0.8241758241758241,0.0,0.5903614457831325,0.1867088607594936,0.3003663003663003,0.06655192197360871,0.6355555555555557,0.8351257382144319,140,3,196,5,
B3_apdtm_cls_cash_features_cash_real_synthetic_default,bpi2020_prepaid,fit+pre,variant,HM,heuristics_miner,29f7ad244446d4aa,78,0.8946719217397086,0.9548684615240937,0.0,0.8946719217397086,0.23513406923578786,0.060196539784385106,0.0,0.9369582908955819,1.0,27,1,196,5,
B3_apdtm_cls_cash_features_cash_real_synthetic_default,bpi2020_prepaid,fit+gen,variant,HM,heuristics_miner,29f7ad244446d4aa,78,0.7502376667032068,0.949603353381388,0.0,0.9452105760076517,0.6737886552832494,0.19936568667818122,0.19497290930444489,0.7900537250966191,0.2816611540288324,171,4,196,5,
B3_apdtm_cls_cash_features_cash_real_synthetic_default,bpi2020_prepaid,fit+sim,variant,HM,heuristics_miner,29f7ad244446d4aa,78,0.7127136621436874,0.8494129668934964,0.0,0.7884684371297543,0.32848849961553467,0.13669930474980907,0.07575477498606698,0.8390661432333077,0.8353085236815897,132,3,196,5,
B3_apdtm_cls_cash_features_cash_real_synthetic_default,bpi2020_prepaid,pre+gen,variant,HM,heuristics_miner,29f7ad244446d4aa,78,0.7432917879650646,0.9409693886867966,0.0,0.7432917879650646,0.43865458604746155,0.19767760072173202,0.0,0.7899213267738624,1.0,65,1,196,5,
B3_apdtm_cls_cash_features_cash_real_synthetic_default,bpi2020_prepaid,pre+sim,variant,HM,heuristics_miner,29f7ad244446d4aa,78,0.7057677834055451,0.8334790489391193,0.0,0.7057677834055451,0.0933544303797468,0.12771126553357415,0.0,0.8467732743898849,1.0,38,1,196,5,
B3_apdtm_cls_cash_features_cash_real_synthetic_default,bpi2020_prepaid,gen+sim,variant,HM,heuristics_miner,29f7ad244446d4aa,78,0.5613335283690433,0.815098321546149,0.0,0.7379476465690233,0.5320090164272083,0.25376479317710576,0.17661411819998007,0.6886697144759877,0.14239442071475988,167,4,196,5,
B3_apdtm_cls_cash_features_cash_real_synthetic_default,bpi2020_prepaid,mix-fit,variant,HM,heuristics_miner,29f7ad244446d4aa,78,0.7916125911463714,0.8887029376845874,0.0,0.7916125911463714,0.3131799447500213,0.09709034653821602,0.0,0.8907505056850902,1.0,40,1,196,5,
B3_apdtm_cls_cash_features_cash_real_synthetic_default,bpi2020_prepaid,mix-prec,variant,HM,heuristics_miner,29f7ad244446d4aa,78,0.7674521895557178,0.9102502378418409,0.0,0.7674521895557178,0.3759172653987413,0.14279804828612308,0.0,0.843122207114507,1.0,52,1,196,5,
B3_apdtm_cls_cash_features_cash_real_synthetic_default,bpi2020_prepaid,mix-simp,variant,HM,heuristics_miner,29f7ad244446d4aa,78,0.688553260553034,0.8311667650921324,0.0,0.724823854120391,0.3912258202642548,0.14261350453909838,0.03627059356735696,0.8284177008409497,0.8912745583416759,140,3,196,5,
B3_apdtm_cls_cash_features_cash_real_synthetic_default,bpi2020_prepaid,mix-gen,variant,HM,heuristics_miner,29f7ad244446d4aa,78,0.6643928589623807,0.8449923280526782,0.0,0.6643928589623807,0.4539631409129749,0.18059946909029756,0.0,0.7862708771492672,1.0,142,1,196,5,
B3_apdtm_cls_cash_features_cash_real_synthetic_default,bpic15_1,equal,variant,IMd,inductive_miner_imd,8ec8a2cb08851acf,78,0.5006533211257762,0.7538067736145151,0.0,0.5006533211257762,0.0,0.2531534524887389,0.0,0.6641666520521378,1.0,124,1,196,5,
B3_apdtm_cls_cash_features_cash_real_synthetic_default,bpic15_1,fitn,variant,IMd,inductive_miner_imd,8ec8a2cb08851acf,78,1.0,1.0,0.0,1.0,0.0,0.0,0.0,1.0,1.0,1,1,196,5,
B3_apdtm_cls_cash_features_cash_real_synthetic_default,bpic15_1,prec,variant,IMd,inductive_miner_imd,8ec8a2cb08851acf,78,0.0055144083252097,0.9967132292522596,0.0,0.0055144083252097,0.0,0.9911988209270499,0.0,0.00553259268901913,1.0,141,1,196,5,
B3_apdtm_cls_cash_features_cash_real_synthetic_default,bpic15_1,gene,variant,IMd,inductive_miner_imd,8ec8a2cb08851acf,78,0.6526451647517064,0.7947596517508088,0.0,0.6526451647517064,0.0,0.14211448699910234,0.0,0.8211855789532942,1.0,112,1,196,5,
B3_apdtm_cls_cash_features_cash_real_synthetic_default,bpic15_1,simp,variant,IMd,inductive_miner_imd,8ec8a2cb08851acf,78,0.3444537114261885,1.0,0.0,0.3444537114261885,0.0,0.6555462885738115,0.0,0.3444537114261885,1.0,137,1,196,5,
B3_apdtm_cls_cash_features_cash_real_synthetic_default,bpic15_1,fit+pre,variant,IMd,inductive_miner_imd,8ec8a2cb08851acf,78,0.5027572041626048,0.8688577238297088,0.0,0.5027572041626048,0.0,0.366100519667104,0.0,0.5786415777563397,1.0,74,1,196,5,
B3_apdtm_cls_cash_features_cash_real_synthetic_default,bpic15_1,fit+gen,variant,IMd,inductive_miner_imd,8ec8a2cb08851acf,78,0.8263225823758532,0.871727415992749,0.0,0.8263225823758532,0.0,0.045404833616895846,0.0,0.9479139547708414,1.0,4,1,196,5,
B3_apdtm_cls_cash_features_cash_real_synthetic_default,bpic15_1,fit+sim,variant,IMd,inductive_miner_imd,8ec8a2cb08851acf,78,0.6722268557130943,0.8645266546833184,0.0,0.6722268557130943,0.0,0.1922997989702241,0.0,0.7775663735426819,1.0,85,1,196,5,
B3_apdtm_cls_cash_features_cash_real_synthetic_default,bpic15_1,pre+gen,variant,IMd,inductive_miner_imd,8ec8a2cb08851acf,78,0.32907978653845804,0.8387467991159434,0.0,0.32907978653845804,0.0,0.5096670125774854,0.0,0.39234699540470974,1.0,126,1,196,5,
B3_apdtm_cls_cash_features_cash_real_synthetic_default,bpic15_1,pre+sim,variant,IMd,inductive_miner_imd,8ec8a2cb08851acf,78,0.17498405987569912,0.8214077863143173,0.0,0.17498405987569912,0.0,0.6464237264386182,0.0,0.21302946330817987,1.0,142,1,196,5,
B3_apdtm_cls_cash_features_cash_real_synthetic_default,bpic15_1,gen+sim,variant,IMd,inductive_miner_imd,8ec8a2cb08851acf,78,0.49854943808894747,0.8973798258754044,0.0,0.49854943808894747,0.0,0.39883038778645696,0.0,0.5555612280481197,1.0,131,1,196,5,
B3_apdtm_cls_cash_features_cash_real_synthetic_default,bpic15_1,mix-fit,variant,IMd,inductive_miner_imd,8ec8a2cb08851acf,78,0.5358095812579713,0.7829881701741386,0.0,0.5358095812579713,0.0,0.24717858891616729,0.0,0.6843137631808739,1.0,94,1,196,5,
B3_apdtm_cls_cash_features_cash_real_synthetic_default,bpic15_1,mix-prec,variant,IMd,inductive_miner_imd,8ec8a2cb08851acf,78,0.43244468389821455,0.8104949307104616,0.0,0.43244468389821455,0.0,0.3780502468122471,0.0,0.5335563092530922,1.0,118,1,196,5,
B3_apdtm_cls_cash_features_cash_real_synthetic_default,bpic15_1,mix-simp,variant,IMd,inductive_miner_imd,8ec8a2cb08851acf,78,0.5688619583533376,0.7694736087116352,0.0,0.5688619583533376,0.0,0.20061165035829753,0.0,0.7392871593163659,1.0,121,1,196,5,
B3_apdtm_cls_cash_features_cash_real_synthetic_default,bpic15_1,mix-gen,variant,IMd,inductive_miner_imd,8ec8a2cb08851acf,78,0.46549706099358107,0.7344918748892888,0.0,0.46549706099358107,0.0,0.26899481389570773,0.0,0.6337674750503486,1.0,131,1,196,5,
B3_apdtm_cls_cash_features_cash_real_synthetic_default,bpic15_2,equal,variant,IMd,inductive_miner_imd,2bd4a2c68f811174,78,0.4958761568622505,0.739796087901852,0.0,0.4958761568622505,0.0,0.24391993103960152,0.0,0.6702876170494672,1.0,123,1,196,5,
B3_apdtm_cls_cash_features_cash_real_synthetic_default,bpic15_2,fitn,variant,IMd,inductive_miner_imd,2bd4a2c68f811174,78,1.0,1.0,0.0,1.0,0.0,0.0,0.0,1.0,1.0,1,1,196,5,
B3_apdtm_cls_cash_features_cash_real_synthetic_default,bpic15_2,prec,variant,IMd,inductive_miner_imd,2bd4a2c68f811174,78,0.0047466811844114,0.9964080459770116,0.0,0.0047466811844114,0.0,0.9916613647926003,0.0,0.004763792508075464,1.0,141,1,196,5,
B3_apdtm_cls_cash_features_cash_real_synthetic_default,bpic15_2,gene,variant,IMd,inductive_miner_imd,2bd4a2c68f811174,78,0.630479323366272,0.8434264748464657,0.0,0.630479323366272,0.0,0.21294715148019372,0.0,0.7475213811388149,1.0,119,1,196,5,
B3_apdtm_cls_cash_features_cash_real_synthetic_default,bpic15_2,simp,variant,IMd,inductive_miner_imd,2bd4a2c68f811174,78,0.3482786228983187,1.0,0.0,0.3482786228983187,0.0,0.6517213771016813,0.0,0.3482786228983187,1.0,133,1,196,5,
B3_apdtm_cls_cash_features_cash_real_synthetic_default,bpic15_2,fit+pre,variant,IMd,inductive_miner_imd,2bd4a2c68f811174,78,0.5023733405922057,0.8552632687420797,0.0,0.5023733405922057,0.0,0.35288992814987397,0.0,0.587390291332277,1.0,62,1,196,5,
B3_apdtm_cls_cash_features_cash_real_synthetic_default,bpic15_2,fit+gen,variant,IMd,inductive_miner_imd,2bd4a2c68f811174,78,0.815239661683136,0.888226048940476,0.0,0.815239661683136,0.0,0.07298638725733997,0.0,0.9178290398661444,1.0,6,1,196,5,
B3_apdtm_cls_cash_features_cash_real_synthetic_default,bpic15_2,fit+sim,variant,IMd,inductive_miner_imd,2bd4a2c68f811174,78,0.6741393114491594,0.8502937315725136,0.0,0.6741393114491594,0.0,0.17615442012335425,0.0,0.7928310963817429,1.0,81,1,196,5,
B3_apdtm_cls_cash_features_cash_real_synthetic_default,bpic15_2,pre+gen,variant,IMd,inductive_miner_imd,2bd4a2c68f811174,78,0.31761300227534167,0.8135744140072105,0.0,0.31761300227534167,0.0,0.49596141173186886,0.0,0.39039207330889186,1.0,136,1,196,5,
B3_apdtm_cls_cash_features_cash_real_synthetic_default,bpic15_2,pre+sim,variant,IMd,inductive_miner_imd,2bd4a2c68f811174,78,0.17651265204136504,0.7980406242956953,0.0,0.17651265204136504,0.0,0.6215279722543303,0.0,0.22118253966976298,1.0,138,1,196,5,
B3_apdtm_cls_cash_features_cash_real_synthetic_default,bpic15_2,gen+sim,variant,IMd,inductive_miner_imd,2bd4a2c68f811174,78,0.48937897313229534,0.9217132374232329,0.0,0.48937897313229534,0.0,0.4323342642909375,0.0,0.5309449330470905,1.0,131,1,196,5,
B3_apdtm_cls_cash_features_cash_real_synthetic_default,bpic15_2,mix-fit,variant,IMd,inductive_miner_imd,2bd4a2c68f811174,78,0.5341276612716144,0.7675374461630222,0.0,0.5341276612716144,0.0,0.23340978489140785,0.0,0.695897853507681,1.0,88,1,196,5,
B3_apdtm_cls_cash_features_cash_real_synthetic_default,bpic15_2,mix-prec,variant,IMd,inductive_miner_imd,2bd4a2c68f811174,78,0.42587033177347794,0.790453222686223,0.0,0.42587033177347794,0.0,0.36458289091274504,0.0,0.5387672787596828,1.0,118,1,196,5,
B3_apdtm_cls_cash_features_cash_real_synthetic_default,bpic15_2,mix-simp,variant,IMd,inductive_miner_imd,2bd4a2c68f811174,78,0.565881981951023,0.7666984383330109,0.0,0.565881981951023,0.0,0.20081645638198786,0.0,0.7380763461334137,1.0,118,1,196,5,
B3_apdtm_cls_cash_features_cash_real_synthetic_default,bpic15_2,mix-gen,variant,IMd,inductive_miner_imd,2bd4a2c68f811174,78,0.4576246524528867,0.7177077196779903,0.0,0.4576246524528867,0.0,0.2600830672251036,0.0,0.6376197996842036,1.0,136,1,196,5,
B3_apdtm_cls_cash_features_cash_real_synthetic_default,bpic15_3,equal,variant,IMd,inductive_miner_imd,1e1739de3216125c,78,0.5062291863779904,0.7711497484903616,0.0,0.5062291863779904,0.0,0.26492056211237114,0.0,0.6564602885094731,1.0,126,1,196,5,
B3_apdtm_cls_cash_features_cash_real_synthetic_default,bpic15_3,fitn,variant,IMd,inductive_miner_imd,1e1739de3216125c,78,1.0,1.0,0.0,1.0,0.0,0.0,0.0,1.0,1.0,1,1,196,5,
B3_apdtm_cls_cash_features_cash_real_synthetic_default,bpic15_3,prec,variant,IMd,inductive_miner_imd,1e1739de3216125c,78,0.0056460981272722,0.9713690786048932,0.0,0.0056460981272722,0.0,0.965722980477621,0.0,0.005812515810551928,1.0,139,1,196,5,
B3_apdtm_cls_cash_features_cash_real_synthetic_default,bpic15_3,gene,variant,IMd,inductive_miner_imd,1e1739de3216125c,78,0.6755746197508381,0.7690804510999736,0.0,0.6755746197508381,0.0,0.09350583134913548,0.0,0.8784186606025427,1.0,104,1,196,5,
B3_apdtm_cls_cash_features_cash_real_synthetic_default,bpic15_3,simp,variant,IMd,inductive_miner_imd,1e1739de3216125c,78,0.3436960276338515,1.0,0.0,0.3436960276338515,0.0,0.6563039723661486,0.0,0.3436960276338515,1.0,133,1,196,5,
B3_apdtm_cls_cash_features_cash_real_synthetic_default,bpic15_3,fit+pre,variant,IMd,inductive_miner_imd,1e1739de3216125c,78,0.5028230490636361,0.8737992058502052,0.0,0.5028230490636361,0.0,0.37097615678656914,0.0,0.5754446166775696,1.0,68,1,196,5,
B3_apdtm_cls_cash_features_cash_real_synthetic_default,bpic15_3,fit+gen,variant,IMd,inductive_miner_imd,1e1739de3216125c,78,0.837787309875419,0.8764050391703524,0.0,0.837787309875419,0.0,0.038617729294933345,0.0,0.9559362080671161,1.0,8,1,196,5,
B3_apdtm_cls_cash_features_cash_real_synthetic_default,bpic15_3,fit+sim,variant,IMd,inductive_miner_imd,1e1739de3216125c,78,0.6718480138169257,0.8866318702272058,0.0,0.6718480138169257,0.0,0.21478385641028008,0.0,0.7577530611941119,1.0,98,1,196,5,
B3_apdtm_cls_cash_features_cash_real_synthetic_default,bpic15_3,pre+gen,variant,IMd,inductive_miner_imd,1e1739de3216125c,78,0.34061035893905517,0.8335999035488251,0.0,0.34061035893905517,0.0,0.4929895446097699,0.0,0.4086017254668566,1.0,124,1,196,5,
B3_apdtm_cls_cash_features_cash_real_synthetic_default,bpic15_3,pre+sim,variant,IMd,inductive_miner_imd,1e1739de3216125c,78,0.17467106288056183,0.806269466186586,0.0,0.17467106288056183,0.0,0.6315984033060242,0.0,0.21664104893703073,1.0,139,1,196,5,
B3_apdtm_cls_cash_features_cash_real_synthetic_default,bpic15_3,gen+sim,variant,IMd,inductive_miner_imd,1e1739de3216125c,78,0.5096353236923448,0.8774480269684266,0.0,0.5096353236923448,0.0,0.36781270327608184,0.0,0.5808153965006101,1.0,130,1,196,5,
B3_apdtm_cls_cash_features_cash_real_synthetic_default,bpic15_3,mix-fit,variant,IMd,inductive_miner_imd,1e1739de3216125c,78,0.5379904969400358,0.7997195004226063,0.0,0.5379904969400358,0.0,0.26172900348257055,0.0,0.6727239946703042,1.0,101,1,196,5,
B3_apdtm_cls_cash_features_cash_real_synthetic_default,bpic15_3,mix-prec,variant,IMd,inductive_miner_imd,1e1739de3216125c,78,0.4393004279395453,0.8166597019857156,0.0,0.4393004279395453,0.0,0.37735927404617026,0.0,0.5379234788632061,1.0,117,1,196,5,
B3_apdtm_cls_cash_features_cash_real_synthetic_default,bpic15_3,mix-simp,variant,IMd,inductive_miner_imd,1e1739de3216125c,78,0.5731579448164354,0.7807894458056361,0.0,0.5731579448164354,0.0,0.2076315009892007,0.0,0.7340749134038795,1.0,122,1,196,5,
B3_apdtm_cls_cash_features_cash_real_synthetic_default,bpic15_3,mix-gen,variant,IMd,inductive_miner_imd,1e1739de3216125c,78,0.4744678758159452,0.742579996558117,0.0,0.4744678758159452,0.0,0.26811212074217183,0.0,0.6389451345513205,1.0,133,1,196,5,
B3_apdtm_cls_cash_features_cash_real_synthetic_default,bpic15_4,equal,variant,IMd,inductive_miner_imd,f68041a3f2d86846,78,0.5004532568394435,0.7570912404815519,0.0,0.5004532568394435,0.0,0.2566379836421083,0.0,0.6610210633544348,1.0,134,1,196,5,
B3_apdtm_cls_cash_features_cash_real_synthetic_default,bpic15_4,fitn,variant,IMd,inductive_miner_imd,f68041a3f2d86846,78,1.0,1.0,0.0,1.0,0.0,0.0,0.0,1.0,1.0,1,1,196,5,
B3_apdtm_cls_cash_features_cash_real_synthetic_default,bpic15_4,prec,variant,IMd,inductive_miner_imd,f68041a3f2d86846,78,0.0063677194723514,0.9771181199752628,0.0,0.0063677194723514,0.0,0.9707504005029114,0.0,0.0065168369536659585,1.0,146,1,196,5,
B3_apdtm_cls_cash_features_cash_real_synthetic_default,bpic15_4,gene,variant,IMd,inductive_miner_imd,f68041a3f2d86846,78,0.6484303825122886,0.8125621208083507,0.0,0.6484303825122886,0.0,0.1641317382960621,0.0,0.7980071503545094,1.0,113,1,196,5,
B3_apdtm_cls_cash_features_cash_real_synthetic_default,bpic15_4,simp,variant,IMd,inductive_miner_imd,f68041a3f2d86846,78,0.3470149253731343,1.0,0.0,0.3470149253731343,0.0,0.6529850746268657,0.0,0.3470149253731343,1.0,143,1,196,5,
B3_apdtm_cls_cash_features_cash_real_synthetic_default,bpic15_4,fit+pre,variant,IMd,inductive_miner_imd,f68041a3f2d86846,78,0.5031838597361757,0.8685599938464359,0.0,0.5031838597361757,0.0,0.36537613411026015,0.0,0.5793311496052398,1.0,84,1,196,5,
B3_apdtm_cls_cash_features_cash_real_synthetic_default,bpic15_4,fit+gen,variant,IMd,inductive_miner_imd,f68041a3f2d86846,78,0.8242151912561443,0.8717994934557993,0.0,0.8242151912561443,0.0,0.04758430219965504,0.0,0.9454182956553099,1.0,5,1,196,5,
B3_apdtm_cls_cash_features_cash_real_synthetic_default,bpic15_4,fit+sim,variant,IMd,inductive_miner_imd,f68041a3f2d86846,78,0.6735074626865671,0.8675538703293734,0.0,0.6735074626865671,0.0,0.19404640764280623,0.0,0.7763292698248986,1.0,95,1,196,5,
B3_apdtm_cls_cash_features_cash_real_synthetic_default,bpic15_4,pre+gen,variant,IMd,inductive_miner_imd,f68041a3f2d86846,78,0.32739905099232,0.8247132962569865,0.0,0.32739905099232,0.0,0.49731424526466655,0.0,0.39698529474211375,1.0,138,1,196,5,
B3_apdtm_cls_cash_features_cash_real_synthetic_default,bpic15_4,pre+sim,variant,IMd,inductive_miner_imd,f68041a3f2d86846,78,0.17669132242274282,0.7904575186873295,0.0,0.17669132242274282,0.0,0.6137661962645866,0.0,0.22353044691910154,1.0,146,1,196,5,
B3_apdtm_cls_cash_features_cash_real_synthetic_default,bpic15_4,gen+sim,variant,IMd,inductive_miner_imd,f68041a3f2d86846,78,0.4977226539427114,0.8981830671938409,0.0,0.4977226539427114,0.0,0.40046041325112947,0.0,0.5541438846066508,1.0,135,1,196,5,
B3_apdtm_cls_cash_features_cash_real_synthetic_default,bpic15_4,mix-fit,variant,IMd,inductive_miner_imd,f68041a3f2d86846,78,0.5361563391675611,0.7881543306724185,0.0,0.5361563391675611,0.0,0.25199799150485735,0.0,0.6802682143611851,1.0,112,1,196,5,
B3_apdtm_cls_cash_features_cash_real_synthetic_default,bpic15_4,mix-prec,variant,IMd,inductive_miner_imd,f68041a3f2d86846,78,0.4317776950799404,0.8064338134647024,0.0,0.4317776950799404,0.0,0.37465611838476204,0.0,0.5354161592318193,1.0,128,1,196,5,
B3_apdtm_cls_cash_features_cash_real_synthetic_default,bpic15_4,mix-simp,variant,IMd,inductive_miner_imd,f68041a3f2d86846,78,0.5691288185989466,0.7784157949851235,0.0,0.5691288185989466,0.0,0.20928697638617688,0.0,0.7311372948307445,1.0,129,1,196,5,
B3_apdtm_cls_cash_features_cash_real_synthetic_default,bpic15_4,mix-gen,variant,IMd,inductive_miner_imd,f68041a3f2d86846,78,0.46475017451132605,0.7260281502906851,0.0,0.46475017451132605,0.0,0.2612779757793591,0.0,0.6401269349201552,1.0,141,1,196,5,
B3_apdtm_cls_cash_features_cash_real_synthetic_default,bpic15_5,equal,variant,IMd,inductive_miner_imd,a0710095115a2fbb,78,0.49803037626811336,0.7432661612580866,0.0,0.49803037626811336,0.0,0.24523578498997328,0.0,0.6700565722313042,1.0,128,1,196,5,
B3_apdtm_cls_cash_features_cash_real_synthetic_default,bpic15_5,fitn,variant,IMd,inductive_miner_imd,a0710095115a2fbb,78,1.0,1.0,0.0,1.0,0.0,0.0,0.0,1.0,1.0,1,1,196,5,
B3_apdtm_cls_cash_features_cash_real_synthetic_default,bpic15_5,prec,variant,IMd,inductive_miner_imd,a0710095115a2fbb,78,0.0050756012401533,0.9914236706689536,0.0,0.0050756012401533,0.0,0.9863480694288004,0.0,0.005119507825275734,1.0,141,1,196,5,
B3_apdtm_cls_cash_features_cash_real_synthetic_default,bpic15_5,gene,variant,IMd,inductive_miner_imd,a0710095115a2fbb,78,0.6480339787897107,0.8420322364834529,0.0,0.6480339787897107,0.0,0.19399825769374224,0.0,0.7696070895053498,1.0,117,1,196,5,
B3_apdtm_cls_cash_features_cash_real_synthetic_default,bpic15_5,simp,variant,IMd,inductive_miner_imd,a0710095115a2fbb,78,0.3390119250425894,1.0,0.0,0.3390119250425894,0.0,0.6609880749574106,0.0,0.3390119250425894,1.0,135,1,196,5,
B3_apdtm_cls_cash_features_cash_real_synthetic_default,bpic15_5,fit+pre,variant,IMd,inductive_miner_imd,a0710095115a2fbb,78,0.5025378006200767,0.8302814710249038,0.0,0.5025378006200767,0.0,0.3277436704048271,0.0,0.6052619721836516,1.0,69,1,196,5,
B3_apdtm_cls_cash_features_cash_real_synthetic_default,bpic15_5,fit+gen,variant,IMd,inductive_miner_imd,a0710095115a2fbb,78,0.8240169893948553,0.8491470544465778,0.0,0.8240169893948553,0.0,0.02513006505172244,0.0,0.9704055205513247,1.0,2,1,196,5,
B3_apdtm_cls_cash_features_cash_real_synthetic_default,bpic15_5,fit+sim,variant,IMd,inductive_miner_imd,a0710095115a2fbb,78,0.6695059625212947,0.8492461162887588,0.0,0.6695059625212947,0.0,0.1797401537674641,0.0,0.7883532814339662,1.0,85,1,196,5,
B3_apdtm_cls_cash_features_cash_real_synthetic_default,bpic15_5,pre+gen,variant,IMd,inductive_miner_imd,a0710095115a2fbb,78,0.326554790014932,0.8116192280976056,0.0,0.326554790014932,0.0,0.4850644380826736,0.0,0.4023497456810627,1.0,132,1,196,5,
B3_apdtm_cls_cash_features_cash_real_synthetic_default,bpic15_5,pre+sim,variant,IMd,inductive_miner_imd,a0710095115a2fbb,78,0.17204376314137138,0.7827816467542539,0.0,0.17204376314137138,0.0,0.6107378836128825,0.0,0.21978512635642147,1.0,141,1,196,5,
B3_apdtm_cls_cash_features_cash_real_synthetic_default,bpic15_5,gen+sim,variant,IMd,inductive_miner_imd,a0710095115a2fbb,78,0.49352295191615003,0.9210161182417265,0.0,0.49352295191615003,0.0,0.42749316632557643,0.0,0.535846161800419,1.0,133,1,196,5,
B3_apdtm_cls_cash_features_cash_real_synthetic_default,bpic15_5,mix-fit,variant,IMd,inductive_miner_imd,a0710095115a2fbb,78,0.534128463259535,0.7619159908588385,0.0,0.534128463259535,0.0,0.22778752759930354,0.0,0.7010332761981549,1.0,95,1,196,5,
B3_apdtm_cls_cash_features_cash_real_synthetic_default,bpic15_5,mix-prec,variant,IMd,inductive_miner_imd,a0710095115a2fbb,78,0.43034162663723335,0.7845385057794597,0.0,0.43034162663723335,0.0,0.35419687914222636,0.0,0.5485283685466497,1.0,123,1,196,5,
B3_apdtm_cls_cash_features_cash_real_synthetic_default,bpic15_5,mix-simp,variant,IMd,inductive_miner_imd,a0710095115a2fbb,78,0.5657191258989932,0.7677189214161869,0.0,0.5657191258989932,0.0,0.20199979551719371,0.0,0.736883135373854,1.0,123,1,196,5,
B3_apdtm_cls_cash_features_cash_real_synthetic_default,bpic15_5,mix-gen,variant,IMd,inductive_miner_imd,a0710095115a2fbb,78,0.4619322892766918,0.7246163316573346,0.0,0.4619322892766918,0.0,0.26268404238064286,0.0,0.6374853409944063,1.0,136,1,196,5,
B3_apdtm_cls_cash_features_cash_real_synthetic_default,hospital_billing,equal,variant,HM,heuristics_miner,f0ba1c246feb1617,79,0.7623493758629513,0.8734035144022313,0.0,0.7728985458636999,0.7080210029131718,0.11105413853928003,0.01054917000074862,0.8728489905203932,0.8373987435252778,101,3,196,5,
B3_apdtm_cls_cash_features_cash_real_synthetic_default,hospital_billing,fitn,variant,HM,heuristics_miner,f0ba1c246feb1617,79,0.9173284729406372,1.0,0.0,1.0,0.6797553093982478,0.08267152705936276,0.08267152705936276,0.9173284729406372,0.7418488752958878,135,4,196,5,
B3_apdtm_cls_cash_features_cash_real_synthetic_default,hospital_billing,prec,variant,HM,heuristics_miner,f0ba1c246feb1617,79,0.9123900422661322,1.0,0.0,0.9123900422661322,0.3867395245470101,0.08760995773386782,0.0,0.9123900422661322,1.0,79,1,196,5,
B3_apdtm_cls_cash_features_cash_real_synthetic_default,hospital_billing,gene,variant,HM,heuristics_miner,f0ba1c246feb1617,79,0.7467548005194038,0.974570314262808,0.0,0.9406716490462892,0.7467548005194038,0.22781551374340425,0.1939168485268854,0.7662400440385564,0.0,155,5,196,5,
B3_apdtm_cls_cash_features_cash_real_synthetic_default,hospital_billing,simp,variant,HM,heuristics_miner,f0ba1c246feb1617,79,0.4729241877256318,1.0,0.0,1.0,0.4729241877256318,0.5270758122743682,0.5270758122743682,0.4729241877256318,0.0,132,5,196,5,
B3_apdtm_cls_cash_features_cash_real_synthetic_default,hospital_billing,fit+pre,variant,HM,heuristics_miner,f0ba1c246feb1617,79,0.9148592576033847,0.9891405829759681,0.0,0.9148592576033847,0.5332474169726289,0.07428132537258336,0.0,0.9249031667984974,1.0,84,1,196,5,
B3_apdtm_cls_cash_features_cash_real_synthetic_default,hospital_billing,fit+gen,variant,HM,heuristics_miner,f0ba1c246feb1617,79,0.8320416367300205,0.9872657861978589,0.0,0.9703358245231446,0.7961812639516811,0.15522414946783836,0.13829418779312408,0.8427736971766894,0.2059111898113302,140,4,196,5,
B3_apdtm_cls_cash_features_cash_real_synthetic_default,hospital_billing,fit+sim,variant,HM,heuristics_miner,f0ba1c246feb1617,79,0.6951263303331345,0.8398776546991239,0.0,0.8398776546991239,0.6951263303331345,0.14475132436598936,0.14475132436598936,0.8276518924439717,0.0,128,5,196,5,
B3_apdtm_cls_cash_features_cash_real_synthetic_default,hospital_billing,pre+gen,variant,HM,heuristics_miner,f0ba1c246feb1617,79,0.829572421392768,0.9583893297505974,0.0,0.829572421392768,0.6496733715260623,0.12881690835782944,0.0,0.8655902102005334,1.0,100,1,196,5,
B3_apdtm_cls_cash_features_cash_real_synthetic_default,hospital_billing,pre+sim,variant,HM,heuristics_miner,f0ba1c246feb1617,79,0.692657114995882,0.8030539885899708,0.0,0.6933697622735051,0.4457061813031991,0.11039687359408878,0.0007126472776231019,0.8625287027240506,0.9971225188829498,96,2,196,5,
B3_apdtm_cls_cash_features_cash_real_synthetic_default,hospital_billing,gen+sim,variant,HM,heuristics_miner,f0ba1c246feb1617,79,0.6098394941225178,0.9594156800838197,0.0,0.9563036092525572,0.6098394941225178,0.3495761859613019,0.3464641151300394,0.6356363636554688,0.0,151,5,196,5,
B3_apdtm_cls_cash_features_cash_real_synthetic_default,hospital_billing,mix-fit,variant,HM,heuristics_miner,f0ba1c246feb1617,79,0.8099087194531612,0.8999403930024692,0.0,0.8099087194531612,0.6791847029739135,0.09003167354930797,0.0,0.899958181398064,1.0,92,1,196,5,
B3_apdtm_cls_cash_features_cash_real_synthetic_default,hospital_billing,mix-prec,variant,HM,heuristics_miner,f0ba1c246feb1617,79,0.8197405704229646,0.9266041872906543,0.0,0.8197405704229646,0.6644290372499877,0.10686361686768975,0.0,0.8846717742770472,1.0,93,1,196,5,
B3_apdtm_cls_cash_features_cash_real_synthetic_default,hospital_billing,mix-simp,variant,HM,heuristics_miner,f0ba1c246feb1617,79,0.704958181302938,0.8448731726232275,0.0,0.8251219889751983,0.704958181302938,0.1399149913202895,0.12016380767226031,0.8343952727415044,0.0,126,5,196,5,
B3_apdtm_cls_cash_features_cash_real_synthetic_default,hospital_billing,mix-gen,variant,HM,heuristics_miner,f0ba1c246feb1617,79,0.7147900322727413,0.8574303226558113,0.0,0.8103663232512726,0.7045511321397954,0.14264029038307002,0.09557629097853126,0.8336421203984775,0.09676210027498944,119,4,196,5,
B3_apdtm_cls_cash_features_cash_real_synthetic_default,road_traffic_fines,equal,variant,HM,heuristics_miner,9fd05dcc49e5b232,78,0.8472976270289231,0.9091484776358276,0.0,0.8472976270289231,0.7357034000201228,0.06185085060690454,0.0,0.9319683724623914,1.0,74,1,196,5,
B3_apdtm_cls_cash_features_cash_real_synthetic_default,road_traffic_fines,fitn,variant,HM,heuristics_miner,9fd05dcc49e5b232,78,0.928366348548456,1.0,0.0,1.0,0.637766272135165,0.07163365145154399,0.07163365145154399,0.928366348548456,0.802244667072323,90,4,196,5,
B3_apdtm_cls_cash_features_cash_real_synthetic_default,road_traffic_fines,prec,variant,HM,heuristics_miner,9fd05dcc49e5b232,78,0.9913926579538832,1.0,0.0,0.9913926579538832,0.5080563293025482,0.008607342046116795,0.0,0.9913926579538832,1.0,106,1,196,5,
B3_apdtm_cls_cash_features_cash_real_synthetic_default,road_traffic_fines,gene,variant,HM,heuristics_miner,9fd05dcc49e5b232,78,0.9232130142183954,0.9916370973254746,0.0,0.988255529682136,0.9232130142183954,0.06842408310707915,0.06504251546374062,0.9309988671343333,0.0,102,5,196,5,
B3_apdtm_cls_cash_features_cash_real_synthetic_default,road_traffic_fines,simp,variant,HM,heuristics_miner,9fd05dcc49e5b232,78,0.5462184873949579,0.8,0.0,0.6571428571428571,0.5135135135135136,0.2537815126050421,0.11092436974789921,0.6827731092436974,0.22770398481973353,119,4,196,5,
B3_apdtm_cls_cash_features_cash_real_synthetic_default,road_traffic_fines,fit+pre,variant,HM,heuristics_miner,9fd05dcc49e5b232,78,0.9598795032511696,0.9901742494392978,0.0,0.9598795032511696,0.6500603519943688,0.03029474618812822,0.0,0.9694046313512161,1.0,44,1,196,5,
B3_apdtm_cls_cash_features_cash_real_synthetic_default,road_traffic_fines,fit+gen,variant,HM,heuristics_miner,9fd05dcc49e5b232,78,0.9257896813834257,0.9953412031561973,0.0,0.994127764841068,0.8116581555420307,0.06955152177277169,0.06833808345764236,0.9301229351781822,0.6254823818598328,80,4,196,5,
B3_apdtm_cls_cash_features_cash_real_synthetic_default,road_traffic_fines,fit+sim,variant,HM,heuristics_miner,9fd05dcc49e5b232,78,0.737292417971707,0.869886942078606,0.0,0.8118811881188119,0.6474545646390111,0.13259452410689898,0.07458877014710497,0.847572692848955,0.5463704808347665,101,4,196,5,
B3_apdtm_cls_cash_features_cash_real_synthetic_default,road_traffic_fines,pre+gen,variant,HM,heuristics_miner,9fd05dcc49e5b232,78,0.9573028360861393,0.9899221054016767,0.0,0.9573028360861393,0.7481559294923421,0.03261926931553738,0.0,0.9670486504568947,1.0,41,1,196,5,
B3_apdtm_cls_cash_features_cash_real_synthetic_default,road_traffic_fines,pre+sim,variant,HM,heuristics_miner,9fd05dcc49e5b232,78,0.7688055726744205,0.8710629687671056,0.0,0.7688055726744205,0.5107849214080309,0.10225739609268514,0.0,0.8826061952358975,1.0,108,1,196,5,
B3_apdtm_cls_cash_features_cash_real_synthetic_default,road_traffic_fines,gen+sim,variant,HM,heuristics_miner,9fd05dcc49e5b232,78,0.7347157508066766,0.8875669341178665,0.0,0.8213464480458768,0.7347157508066766,0.15285118331118985,0.08663069723920014,0.8277863027163069,0.0,103,5,196,5,
B3_apdtm_cls_cash_features_cash_real_synthetic_default,road_traffic_fines,mix-fit,variant,HM,heuristics_miner,9fd05dcc49e5b232,78,0.8703293357063786,0.917489504487446,0.0,0.8703293357063786,0.683796413733599,0.047160168781067435,0.0,0.9485986830907528,1.0,73,1,196,5,
B3_apdtm_cls_cash_features_cash_real_synthetic_default,road_traffic_fines,mix-prec,variant,HM,heuristics_miner,9fd05dcc49e5b232,78,0.9138160858962587,0.9485628625742423,0.0,0.9138160858962587,0.7510505419770113,0.03474677667798354,0.0,0.9633690311428739,1.0,65,1,196,5,
B3_apdtm_cls_cash_features_cash_real_synthetic_default,road_traffic_fines,mix-simp,variant,HM,heuristics_miner,9fd05dcc49e5b232,78,0.7807791681615874,0.8891275547093468,0.0,0.8027820914375106,0.717532475472829,0.10834838654775936,0.022002923275923125,0.8781407842172003,0.7419000305521751,91,3,196,5,
B3_apdtm_cls_cash_features_cash_real_synthetic_default,road_traffic_fines,mix-gen,variant,HM,heuristics_miner,9fd05dcc49e5b232,78,0.8242659183514679,0.9083681673400874,0.0,0.8242659183514679,0.750967531787418,0.08410224898861951,0.0,0.9074139187033707,1.0,88,1,196,5,
B3_apdtm_cls_cash_features_cash_real_synthetic_default,sepsis,equal,variant,HM,heuristics_miner,6e00f695b9765352,78,0.7189961247213809,0.835724100545018,0.0,0.7189961247213809,0.5249929107876445,0.11672797582363714,0.0,0.8603271393663137,1.0,112,1,196,5,
B3_apdtm_cls_cash_features_cash_real_synthetic_default,sepsis,fitn,variant,HM,heuristics_miner,6e00f695b9765352,78,0.8976826566461001,1.0,0.0,1.0,0.2658896119719338,0.10231734335389986,0.10231734335389986,0.8976826566461001,0.8606240355367536,66,4,196,5,
B3_apdtm_cls_cash_features_cash_real_synthetic_default,sepsis,prec,variant,HM,heuristics_miner,6e00f695b9765352,78,0.7033112582781457,1.0,0.0,0.7033112582781457,0.179251018798475,0.29668874172185433,0.0,0.7033112582781457,1.0,114,1,196,5,
B3_apdtm_cls_cash_features_cash_real_synthetic_default,sepsis,gene,variant,HM,heuristics_miner,6e00f695b9765352,78,0.841792203394476,0.9290801678868448,0.0,0.9266596408851776,0.841792203394476,0.08728796449236875,0.08486743749070158,0.9060490498996425,0.0,96,5,196,5,
B3_apdtm_cls_cash_features_cash_real_synthetic_default,sepsis,simp,variant,HM,heuristics_miner,6e00f695b9765352,78,0.4331983805668016,0.7567567567567567,0.0,0.6223776223776223,0.4331983805668016,0.3235583761899551,0.1891792418108207,0.5724407171775593,0.0,170,5,196,5,
B3_apdtm_cls_cash_features_cash_real_synthetic_default,sepsis,fit+pre,variant,HM,heuristics_miner,6e00f695b9765352,78,0.8004969574621229,0.9487189551442285,0.0,0.8004969574621229,0.354265925407767,0.14822199768210564,0.0,0.8437661681803624,1.0,96,1,196,5,
B3_apdtm_cls_cash_features_cash_real_synthetic_default,sepsis,fit+gen,variant,HM,heuristics_miner,6e00f695b9765352,78,0.869737430020288,0.9633298204425889,0.0,0.9633298204425889,0.5895342673708803,0.09359239042230083,0.09359239042230083,0.9028449151721463,0.749616094538326,72,4,196,5,
B3_apdtm_cls_cash_features_cash_real_synthetic_default,sepsis,fit+sim,variant,HM,heuristics_miner,6e00f695b9765352,78,0.6654405186064509,0.8140244733789898,0.0,0.8111888111888111,0.37207524076857557,0.14858395477253883,0.14574829258236022,0.817469916898479,0.6680852007309229,100,4,196,5,
B3_apdtm_cls_cash_features_cash_real_synthetic_default,sepsis,pre+gen,variant,HM,heuristics_miner,6e00f695b9765352,78,0.7725517308363108,0.9381130457761724,0.0,0.7725517308363108,0.5529553298418263,0.1655613149398616,0.0,0.8235166692486617,1.0,107,1,196,5,
B3_apdtm_cls_cash_features_cash_real_synthetic_default,sepsis,pre+sim,variant,HM,heuristics_miner,6e00f695b9765352,78,0.5682548194224737,0.8491941359263719,0.0,0.5682548194224737,0.3168982366719647,0.28093931650389825,0.0,0.6691695048065468,1.0,136,1,196,5,
B3_apdtm_cls_cash_features_cash_real_synthetic_default,sepsis,gen+sim,variant,HM,heuristics_miner,6e00f695b9765352,78,0.6374952919806388,0.8216829410862796,0.0,0.7624155479965967,0.6374952919806388,0.18418764910564078,0.12492025601595791,0.7758409723559048,0.0,140,5,196,5,
B3_apdtm_cls_cash_features_cash_real_synthetic_default,sepsis,mix-fit,variant,HM,heuristics_miner,6e00f695b9765352,78,0.7408853365946917,0.8604442533384715,0.0,0.7408853365946917,0.4261185826318798,0.11955891674377983,0.0,0.8610497818075971,1.0,97,1,196,5,
B3_apdtm_cls_cash_features_cash_real_synthetic_default,sepsis,mix-prec,variant,HM,heuristics_miner,6e00f695b9765352,78,0.7567185337155011,0.8992786495573217,0.0,0.7567185337155011,0.5520145817192966,0.1425601158418206,0.0,0.8414728116674435,1.0,107,1,196,5,
B3_apdtm_cls_cash_features_cash_real_synthetic_default,sepsis,mix-simp,variant,HM,heuristics_miner,6e00f695b9765352,78,0.6812737157272605,0.7905131280697297,0.0,0.7552038190935039,0.4979712398559925,0.10923941234246926,0.0739301033662434,0.8618120199860445,0.7125943238395892,108,4,196,5,
B3_apdtm_cls_cash_features_cash_real_synthetic_default,sepsis,mix-gen,variant,HM,heuristics_miner,6e00f695b9765352,78,0.69710691284807,0.8286673700233692,0.0,0.6992188269981966,0.6238672389434095,0.13156045717529918,0.0021119141501265704,0.8412385211069804,0.9719725329665113,128,3,196,5,
B4_apdtm_cls_cash_features_cash_full_clean_default,bpi2012,equal,variant,HM,heuristics_miner,338af92936f97ac9,130,0.8264055189438223,0.8454937775108162,0.0,0.8264055189438223,0.6421431792744381,0.01908825856699392,0.0,0.9774235374940418,1.0,8,1,196,5,
B4_apdtm_cls_cash_features_cash_full_clean_default,bpi2012,fitn,variant,HM,heuristics_miner,338af92936f97ac9,130,0.9013689583939556,1.0,0.0,1.0,0.631230892297019,0.09863104160604441,0.09863104160604441,0.9013689583939556,0.7325398479812871,51,4,196,5,
B4_apdtm_cls_cash_features_cash_full_clean_default,bpi2012,prec,variant,HM,heuristics_miner,338af92936f97ac9,130,0.9158179923584578,1.0,0.0,0.9158179923584578,0.1394427299083702,0.08418200764154216,0.0,0.9158179923584578,1.0,58,1,196,5,
B4_apdtm_cls_cash_features_cash_full_clean_default,bpi2012,gene,variant,HM,heuristics_miner,338af92936f97ac9,130,0.945799466108147,0.9846855427449372,0.0,0.9846855427449372,0.945799466108147,0.03888607663679022,0.03888607663679022,0.9605091423111684,0.0,43,5,196,5,
B4_apdtm_cls_cash_features_cash_full_clean_default,bpi2012,simp,variant,HM,heuristics_miner,338af92936f97ac9,130,0.5426356589147286,0.853658536585366,0.0,0.853658536585366,0.4444444444444444,0.3110228776706373,0.3110228776706373,0.6356589147286821,0.23995071615586006,131,4,196,5,
B4_apdtm_cls_cash_features_cash_full_clean_default,bpi2012,fit+pre,variant,HM,heuristics_miner,338af92936f97ac9,130,0.9085934753762067,0.9301612956045748,0.0,0.9085934753762067,0.38824671604357214,0.021567820228368118,0.0,0.9768128169487532,1.0,6,1,196,5,
B4_apdtm_cls_cash_features_cash_full_clean_default,bpi2012,fit+gen,variant,HM,heuristics_miner,338af92936f97ac9,130,0.9235842122510514,0.9923427713724686,0.0,0.9923427713724686,0.8072637946190873,0.06875855912141726,0.06875855912141726,0.9307108782318028,0.6284907106816439,29,4,196,5,
B4_apdtm_cls_cash_features_cash_full_clean_default,bpi2012,fit+sim,variant,HM,heuristics_miner,338af92936f97ac9,130,0.7220023086543421,0.8121921418178204,0.0,0.7950530873536228,0.7220023086543421,0.09018983316347828,0.07305077869928067,0.8889550532197732,0.0,74,5,196,5,
B4_apdtm_cls_cash_features_cash_full_clean_default,bpi2012,pre+gen,variant,HM,heuristics_miner,338af92936f97ac9,130,0.9308087292333025,0.9634656515705695,0.0,0.9308087292333025,0.5620641363266538,0.032656922337267025,0.0,0.9661047362881778,1.0,37,1,196,5,
B4_apdtm_cls_cash_features_cash_full_clean_default,bpi2012,pre+sim,variant,HM,heuristics_miner,338af92936f97ac9,130,0.7292268256365932,0.8077460186427269,0.0,0.7292268256365932,0.29194358717640734,0.07851919300613364,0.0,0.9027922252862711,1.0,69,1,196,5,
B4_apdtm_cls_cash_features_cash_full_clean_default,bpi2012,gen+sim,variant,HM,heuristics_miner,338af92936f97ac9,130,0.7442175625114378,0.9184776167632608,0.0,0.9184776167632608,0.7145649935946908,0.174260054251823,0.174260054251823,0.8102729439766644,0.1454180151085293,77,4,196,5,
B4_apdtm_cls_cash_features_cash_full_clean_default,bpi2012,mix-fit,variant,HM,heuristics_miner,338af92936f97ac9,130,0.83840005945888,0.8579335371394458,0.0,0.83840005945888,0.565132495867034,0.01953347768056579,0.0,0.9772319453256308,1.0,6,1,196,5,
B4_apdtm_cls_cash_features_cash_full_clean_default,bpi2012,mix-prec,variant,HM,heuristics_miner,338af92936f97ac9,130,0.8846043943460911,0.9094815824532984,0.0,0.8846043943460911,0.564706057116337,0.024877188107207293,0.0,0.9726468478447888,1.0,6,1,196,5,
B4_apdtm_cls_cash_features_cash_full_clean_default,bpi2012,mix-simp,variant,HM,heuristics_miner,338af92936f97ac9,130,0.7682066435415533,0.8154342316428806,0.0,0.7682066435415533,0.6886591593176022,0.04722758810132732,0.0,0.9420828973463912,1.0,22,1,196,5,
B4_apdtm_cls_cash_features_cash_full_clean_default,bpi2012,mix-gen,variant,HM,heuristics_miner,338af92936f97ac9,130,0.8144109784287645,0.858090575541927,0.0,0.8144109784287645,0.6550960964129823,0.043679597113162494,0.0,0.9490967523031276,1.0,14,1,196,5,
B4_apdtm_cls_cash_features_cash_full_clean_default,bpi2013_closed_problems,equal,variant,HM,heuristics_miner,596eb63f26ecfd51,133,0.7989866614480718,0.9163782860150957,0.0,0.8856717323021799,0.7989866614480718,0.1173916245670239,0.08668507085410804,0.8718961084537417,0.0,159,5,196,5,
B4_apdtm_cls_cash_features_cash_full_clean_default,bpi2013_closed_problems,fitn,variant,HM,heuristics_miner,596eb63f26ecfd51,133,0.9944995246502784,1.0,0.0,1.0,0.6403632397723371,0.005500475349721645,0.005500475349721645,0.9944995246502784,0.9847054696348626,17,4,196,5,
B4_apdtm_cls_cash_features_cash_full_clean_default,bpi2013_closed_problems,prec,variant,HM,heuristics_miner,596eb63f26ecfd51,133,0.8684298767708944,1.0,0.0,1.0,0.7923798798798799,0.13157012322910555,0.13157012322910555,0.8684298767708944,0.3662939644145051,165,2,196,5,
B4_apdtm_cls_cash_features_cash_full_clean_default,bpi2013_closed_problems,gene,variant,HM,heuristics_miner,596eb63f26ecfd51,133,0.7139696253234955,0.9751741745874558,0.0,0.9417621438127408,0.7139696253234955,0.2612045492639603,0.2277925184892453,0.7321457478358038,0.0,171,5,196,5,
B4_apdtm_cls_cash_features_cash_full_clean_default,bpi2013_closed_problems,simp,variant,HM,heuristics_miner,596eb63f26ecfd51,133,0.6190476190476191,1.0,0.0,1.0,0.6190476190476191,0.38095238095238093,0.38095238095238093,0.6190476190476191,0.0,182,5,196,5,
B4_apdtm_cls_cash_features_cash_full_clean_default,bpi2013_closed_problems,fit+pre,variant,HM,heuristics_miner,596eb63f26ecfd51,133,0.9314647007105864,0.9833244744389686,0.0,0.9314647007105864,0.8201816198861686,0.05185977372838224,0.0,0.9472607719257974,1.0,49,1,196,5,
B4_apdtm_cls_cash_features_cash_full_clean_default,bpi2013_closed_problems,fit+gen,variant,HM,heuristics_miner,596eb63f26ecfd51,133,0.8542345749868869,0.9768396200213343,0.0,0.9708810719063704,0.7713434646043598,0.12260504503444736,0.11664649691948348,0.8744880505238213,0.4154159784880407,94,4,196,5,
B4_apdtm_cls_cash_features_cash_full_clean_default,bpi2013_closed_problems,fit+sim,variant,HM,heuristics_miner,596eb63f26ecfd51,133,0.8067735718489487,0.8813768133238105,0.0,0.8421052631578947,0.8067735718489487,0.07460324147486175,0.03533169130894598,0.9153560198690488,0.0,69,5,196,5,
B4_apdtm_cls_cash_features_cash_full_clean_default,bpi2013_closed_problems,pre+gen,variant,HM,heuristics_miner,596eb63f26ecfd51,133,0.791199751047195,0.9873630729568104,0.0,0.9511618447181912,0.791199751047195,0.19616332190961538,0.15996209367099623,0.8013260498773018,0.0,189,5,196,5,
B4_apdtm_cls_cash_features_cash_full_clean_default,bpi2013_closed_problems,pre+sim,variant,HM,heuristics_miner,596eb63f26ecfd51,133,0.7437387479092568,1.0,0.0,1.0,0.7267954731728345,0.25626125209074324,0.25626125209074324,0.7437387479092568,0.062016815508847176,173,2,196,5,
B4_apdtm_cls_cash_features_cash_full_clean_default,bpi2013_closed_problems,gen+sim,variant,HM,heuristics_miner,596eb63f26ecfd51,133,0.6665086221855573,0.9875870872937279,0.0,0.9511618447181912,0.6665086221855573,0.3210784651081706,0.2846532225326339,0.674885922224826,0.0,182,5,196,5,
B4_apdtm_cls_cash_features_cash_full_clean_default,bpi2013_closed_problems,mix-fit,variant,HM,heuristics_miner,596eb63f26ecfd51,133,0.853535259233253,0.9341168759050021,0.0,0.8687322836083959,0.8463776648525732,0.08058161667174912,0.01519702437514292,0.9137349739092562,0.320184139969531,90,4,196,5,
B4_apdtm_cls_cash_features_cash_full_clean_default,bpi2013_closed_problems,mix-prec,variant,HM,heuristics_miner,596eb63f26ecfd51,133,0.8223675051402238,0.9478472946591554,0.0,0.898769754785382,0.8223675051402238,0.12547978951893157,0.07640224964515818,0.8676160282083688,0.0,164,5,196,5,
B4_apdtm_cls_cash_features_cash_full_clean_default,bpi2013_closed_problems,mix-simp,variant,HM,heuristics_miner,596eb63f26ecfd51,133,0.7756058177559197,0.8876203584183078,0.0,0.8725737098189776,0.7756058177559197,0.11201454066238803,0.09696789206305789,0.8738035472034553,0.0,156,5,196,5,
B4_apdtm_cls_cash_features_cash_full_clean_default,bpi2013_closed_problems,mix-gen,variant,HM,heuristics_miner,596eb63f26ecfd51,133,0.7444380636628907,0.9265291608189077,0.0,0.9249657997517868,0.7444380636628907,0.182091097156017,0.18052773608889616,0.8034696533511403,0.0,172,5,196,5,
B4_apdtm_cls_cash_features_cash_full_clean_default,bpi2013_incidents,equal,variant,HM,heuristics_miner,10cce99744388f4f,131,0.8512319772476271,0.9227713113840779,0.0,0.8512319772476271,0.6771578170832514,0.07153933413645075,0.0,0.9224733872261938,1.0,76,1,196,5,
B4_apdtm_cls_cash_features_cash_full_clean_default,bpi2013_incidents,fitn,variant,HM,heuristics_miner,10cce99744388f4f,131,0.995809115517265,1.0,0.0,1.0,0.2261167659340351,0.004190884482734969,0.004190884482734969,0.995809115517265,0.9945846035961832,11,4,196,5,
B4_apdtm_cls_cash_features_cash_full_clean_default,bpi2013_incidents,prec,variant,HM,heuristics_miner,10cce99744388f4f,131,0.8850810072924525,1.0,0.0,0.8850810072924525,0.6000158860441103,0.11491899270754746,0.0,0.8850810072924525,1.0,125,1,196,5,
B4_apdtm_cls_cash_features_cash_full_clean_default,bpi2013_incidents,gene,variant,HM,heuristics_miner,10cce99744388f4f,131,0.9024161645591694,0.9924026869731328,0.0,0.9374222306098524,0.871132170779936,0.08998652241396343,0.035006066050683016,0.9093245880979768,0.47192586429247835,120,2,196,5,
B4_apdtm_cls_cash_features_cash_full_clean_default,bpi2013_incidents,simp,variant,HM,heuristics_miner,10cce99744388f4f,131,0.6216216216216216,1.0,0.0,1.0,0.6216216216216216,0.3783783783783784,0.3783783783783784,0.6216216216216216,0.0,171,5,196,5,
B4_apdtm_cls_cash_features_cash_full_clean_default,bpi2013_incidents,fit+pre,variant,HM,heuristics_miner,10cce99744388f4f,131,0.9404450614048587,0.9765794350540196,0.0,0.9404450614048587,0.41306632598907267,0.036134373649160834,0.0,0.9629990430351812,1.0,49,1,196,5,
B4_apdtm_cls_cash_features_cash_full_clean_default,bpi2013_incidents,fit+gen,variant,HM,heuristics_miner,10cce99744388f4f,131,0.9491126400382173,0.9948630084104291,0.0,0.9687111153049262,0.5543076911444477,0.0457503683722118,0.01959847526670888,0.954013398844419,0.9527067728592915,39,2,196,5,
B4_apdtm_cls_cash_features_cash_full_clean_default,bpi2013_incidents,fit+sim,variant,HM,heuristics_miner,10cce99744388f4f,131,0.8087153685694433,0.8762171658937965,0.0,0.8421052631578947,0.6130583829670175,0.06750179732435324,0.03338989458845143,0.9229622518802206,0.8542224431931759,54,4,196,5,
B4_apdtm_cls_cash_features_cash_full_clean_default,bpi2013_incidents,pre+gen,variant,HM,heuristics_miner,10cce99744388f4f,131,0.893748585925811,0.9962013434865664,0.0,0.893748585925811,0.7412572511994853,0.10245275756075545,0.0,0.8971565755952657,1.0,132,1,196,5,
B4_apdtm_cls_cash_features_cash_full_clean_default,bpi2013_incidents,pre+sim,variant,HM,heuristics_miner,10cce99744388f4f,131,0.7533513144570371,1.0,0.0,0.8000079430220551,0.6462487440701031,0.24664868554296293,0.046656628565018066,0.7533513144570371,0.6965604082029737,154,2,196,5,
B4_apdtm_cls_cash_features_cash_full_clean_default,bpi2013_incidents,gen+sim,variant,HM,heuristics_miner,10cce99744388f4f,131,0.7620188930903955,0.9962013434865664,0.0,0.94124930817743,0.7620188930903955,0.23418245039617092,0.17923041508703452,0.7649245788240309,0.0,173,5,196,5,
B4_apdtm_cls_cash_features_cash_full_clean_default,bpi2013_incidents,mix-fit,variant,HM,heuristics_miner,10cce99744388f4f,131,0.8784138891748832,0.9349837317539983,0.0,0.8784138891748832,0.5587013338223332,0.056569842579115126,0.0,0.9394964418546706,1.0,55,1,196,5,
B4_apdtm_cls_cash_features_cash_full_clean_default,bpi2013_incidents,mix-prec,variant,HM,heuristics_miner,10cce99744388f4f,131,0.8860812375503468,0.9521545943141786,0.0,0.8860812375503468,0.6499792925109091,0.06607335676383175,0.0,0.9306064822263203,1.0,82,1,196,5,
B4_apdtm_cls_cash_features_cash_full_clean_default,bpi2013_incidents,mix-simp,variant,HM,heuristics_miner,10cce99744388f4f,131,0.8163827169449073,0.893388028453977,0.0,0.8237417114451061,0.7043363416555937,0.07700531150906975,0.007358994500198834,0.9138053017765094,0.9383696519413552,67,2,196,5,
B4_apdtm_cls_cash_features_cash_full_clean_default,bpi2013_incidents,mix-gen,variant,HM,heuristics_miner,10cce99744388f4f,131,0.8240500653203712,0.9176337438459292,0.0,0.8240500653203712,0.7736190326066823,0.09358367852555805,0.0,0.8980163064477816,1.0,137,1,196,5,
B4_apdtm_cls_cash_features_cash_full_clean_default,bpi2013_open_problems,equal,variant,IMd,inductive_miner_imd,4b39f6be45649b32,131,0.9162455491114012,0.9162455491114012,0.0,0.9162455491114012,0.7971612190845068,0.0,0.0,1.0,1.0,1,1,196,5,
B4_apdtm_cls_cash_features_cash_full_clean_default,bpi2013_open_problems,fitn,variant,IMd,inductive_miner_imd,4b39f6be45649b32,131,0.98974515179206,1.0,0.0,1.0,0.5167192429022083,0.010254848207939982,0.010254848207939982,0.98974515179206,0.9787807644783487,32,4,196,5,
B4_apdtm_cls_cash_features_cash_full_clean_default,bpi2013_open_problems,prec,variant,IMd,inductive_miner_imd,4b39f6be45649b32,131,0.9741310903031264,1.0,0.0,1.0,0.9065645824471856,0.02586890969687361,0.02586890969687361,0.9741310903031264,0.7231359330924891,112,2,196,5,
B4_apdtm_cls_cash_features_cash_full_clean_default,bpi2013_open_problems,gene,variant,IMd,inductive_miner_imd,4b39f6be45649b32,131,0.96197551956781,0.9656228232165908,0.0,0.96197551956781,0.8611132579521872,0.003647303648780742,0.0,0.9962228485480167,1.0,5,1,196,5,
B4_apdtm_cls_cash_features_cash_full_clean_default,bpi2013_open_problems,simp,variant,IMd,inductive_miner_imd,4b39f6be45649b32,131,0.7391304347826086,1.0,0.0,0.7391304347826086,0.625,0.26086956521739135,0.0,0.7391304347826086,1.0,27,1,196,5,
B4_apdtm_cls_cash_features_cash_full_clean_default,bpi2013_open_problems,fit+pre,variant,IMd,inductive_miner_imd,4b39f6be45649b32,131,0.9819381210475933,0.9819381210475933,0.0,0.9819381210475933,0.7583596214511041,0.0,0.0,1.0,1.0,1,1,196,5,
B4_apdtm_cls_cash_features_cash_full_clean_default,bpi2013_open_problems,fit+gen,variant,IMd,inductive_miner_imd,4b39f6be45649b32,131,0.975860335679935,0.9828114116082953,0.0,0.975860335679935,0.7371795810261562,0.006951075928360306,0.0,0.9929273552929291,1.0,14,1,196,5,
B4_apdtm_cls_cash_features_cash_full_clean_default,bpi2013_open_problems,fit+sim,variant,IMd,inductive_miner_imd,4b39f6be45649b32,131,0.8644377932873344,0.8644377932873344,0.0,0.8644377932873344,0.6155024785939613,0.0,0.0,1.0,1.0,1,1,196,5,
B4_apdtm_cls_cash_features_cash_full_clean_default,bpi2013_open_problems,pre+gen,variant,IMd,inductive_miner_imd,4b39f6be45649b32,131,0.9680533049354683,0.9793652708841788,0.0,0.9788199595750521,0.9115847807508795,0.011311965948710534,0.010766654639583817,0.9884496966708877,0.8398657543881931,16,2,196,5,
B4_apdtm_cls_cash_features_cash_full_clean_default,bpi2013_open_problems,pre+sim,variant,IMd,inductive_miner_imd,4b39f6be45649b32,131,0.8566307625428675,0.9951923076923077,0.0,0.8571428571428572,0.7935281517747859,0.1385615451494402,0.0005120945999896875,0.8607690754053934,0.9919500593922941,86,2,196,5,
B4_apdtm_cls_cash_features_cash_full_clean_default,bpi2013_open_problems,gen+sim,variant,IMd,inductive_miner_imd,4b39f6be45649b32,131,0.8505529771752094,0.9788199595750521,0.0,0.8505529771752094,0.7430566289760936,0.1282669823998427,0.0,0.8689575328485037,1.0,26,1,196,5,
B4_apdtm_cls_cash_features_cash_full_clean_default,bpi2013_open_problems,mix-fit,variant,IMd,inductive_miner_imd,4b39f6be45649b32,131,0.9321610267210647,0.9321610267210647,0.0,0.9321610267210647,0.7453088319330367,0.0,0.0,1.0,1.0,1,1,196,5,
B4_apdtm_cls_cash_features_cash_full_clean_default,bpi2013_open_problems,mix-prec,variant,IMd,inductive_miner_imd,4b39f6be45649b32,131,0.9501071658282663,0.9501071658282663,0.0,0.9501071658282663,0.8620643957540441,0.0,0.0,1.0,1.0,1,1,196,5,
B4_apdtm_cls_cash_features_cash_full_clean_default,bpi2013_open_problems,mix-simp,variant,IMd,inductive_miner_imd,4b39f6be45649b32,131,0.8823839323945362,0.8823839323945362,0.0,0.8823839323945362,0.7322580424149691,0.0,0.0,1.0,1.0,1,1,196,5,
B4_apdtm_cls_cash_features_cash_full_clean_default,bpi2013_open_problems,mix-gen,variant,IMd,inductive_miner_imd,4b39f6be45649b32,131,0.9003300715017378,0.9253321454132266,0.0,0.9003300715017378,0.823835292661598,0.025002073911488787,0.0,0.9729804329878504,1.0,10,1,196,5,
B4_apdtm_cls_cash_features_cash_full_clean_default,bpi2017,equal,variant,HM,heuristics_miner,811f4a70bfa6226f,131,0.7897159833979309,0.8802301190425359,0.0,0.7897159833979309,0.5001675983519174,0.09051413564460498,0.0,0.8971699176312428,1.0,51,1,196,5,
B4_apdtm_cls_cash_features_cash_full_clean_default,bpi2017,fitn,variant,HM,heuristics_miner,811f4a70bfa6226f,131,0.8359794443006674,1.0,0.0,1.0,0.495774473479623,0.1640205556993326,0.1640205556993326,0.8359794443006674,0.6747079489782553,119,4,196,5,
B4_apdtm_cls_cash_features_cash_full_clean_default,bpi2017,prec,variant,HM,heuristics_miner,811f4a70bfa6226f,131,0.9977548056712652,0.9982184707429071,0.0,0.9977548056712652,0.1259019512485154,0.0004636650716419721,0.0,0.9995355074212393,1.0,4,1,196,5,
B4_apdtm_cls_cash_features_cash_full_clean_default,bpi2017,gene,variant,HM,heuristics_miner,811f4a70bfa6226f,131,0.8436482021383097,0.99095165942404,0.0,0.988416241415834,0.8436482021383097,0.14730345728573024,0.14476803927752424,0.8513515206469852,0.0,108,5,196,5,
B4_apdtm_cls_cash_features_cash_full_clean_default,bpi2017,simp,variant,HM,heuristics_miner,811f4a70bfa6226f,131,0.4814814814814814,0.7701149425287357,0.0,0.6170212765957447,0.392,0.2886334610472543,0.13553979511426328,0.6252072968490877,0.39765786966997213,109,3,196,5,
B4_apdtm_cls_cash_features_cash_full_clean_default,bpi2017,fit+pre,variant,HM,heuristics_miner,811f4a70bfa6226f,131,0.9168671249859663,0.9550451175767805,0.0,0.9168671249859663,0.31083821236406917,0.038177992590814114,0.0,0.9600249329710386,1.0,30,1,196,5,
B4_apdtm_cls_cash_features_cash_full_clean_default,bpi2017,fit+gen,variant,HM,heuristics_miner,811f4a70bfa6226f,131,0.8398138232194885,0.9949668505231788,0.0,0.994208120707917,0.7413842210795771,0.1551530273036903,0.15439429748842848,0.8440621140070075,0.38932079714222584,109,4,196,5,
B4_apdtm_cls_cash_features_cash_full_clean_default,bpi2017,fit+sim,variant,HM,heuristics_miner,811f4a70bfa6226f,131,0.6587304628910744,0.8402404432249244,0.0,0.8085106382978724,0.4438872367398115,0.18150998033385002,0.149780175406798,0.783978524483781,0.589219521383496,117,4,196,5,
B4_apdtm_cls_cash_features_cash_full_clean_default,bpi2017,pre+gen,variant,HM,heuristics_miner,811f4a70bfa6226f,131,0.9207015039047874,0.9859199935085099,0.0,0.9207015039047874,0.5564479599640234,0.06521848960372245,0.0,0.9338501196515602,1.0,37,1,196,5,
B4_apdtm_cls_cash_features_cash_full_clean_default,bpi2017,pre+sim,variant,HM,heuristics_miner,811f4a70bfa6226f,131,0.7396181435763733,0.8723812160130642,0.0,0.7396181435763733,0.25895097562425773,0.13276307243669083,0.0,0.8478153013845926,1.0,45,1,196,5,
B4_apdtm_cls_cash_features_cash_full_clean_default,bpi2017,gen+sim,variant,HM,heuristics_miner,811f4a70bfa6226f,131,0.6625648418098955,0.8792604640175905,0.0,0.7963457765194307,0.6625648418098955,0.216695622207695,0.13378093470953523,0.7535478608721342,0.0,119,5,196,5,
B4_apdtm_cls_cash_features_cash_full_clean_default,bpi2017,mix-fit,variant,HM,heuristics_miner,811f4a70bfa6226f,131,0.8143793359317738,0.8744182289149186,0.0,0.8143793359317738,0.413179771634357,0.0600388929831448,0.0,0.9313384705421247,1.0,49,1,196,5,
B4_apdtm_cls_cash_features_cash_full_clean_default,bpi2017,mix-prec,variant,HM,heuristics_miner,811f4a70bfa6226f,131,0.8675404199182805,0.9247332260272323,0.0,0.8675404199182805,0.48481386579919006,0.05719280610895183,0.0,0.9381521021423019,1.0,38,1,196,5,
B4_apdtm_cls_cash_features_cash_full_clean_default,bpi2017,mix-simp,variant,HM,heuristics_miner,811f4a70bfa6226f,131,0.7118915468775813,0.8548318499663207,0.0,0.7712039241360872,0.5155213309046448,0.1429403030887394,0.05931237725850591,0.8327854734303933,0.7680234054697,99,3,196,5,
B4_apdtm_cls_cash_features_cash_full_clean_default,bpi2017,mix-gen,variant,HM,heuristics_miner,811f4a70bfa6226f,131,0.7650526308640881,0.8969137795391169,0.0,0.7650526308640881,0.587155425069478,0.13186114867502874,0.0,0.8529834732355365,1.0,60,1,196,5,
B4_apdtm_cls_cash_features_cash_full_clean_default,bpi2020_domestic,equal,variant,HM,heuristics_miner,7ff65ee42a91cefb,132,0.782697276145632,0.9013014428805918,0.0,0.782697276145632,0.5280586222617515,0.11860416673495977,0.0,0.868407880990519,1.0,137,1,196,5,
B4_apdtm_cls_cash_features_cash_full_clean_default,bpi2020_domestic,fitn,variant,HM,heuristics_miner,7ff65ee42a91cefb,132,0.9251912994498018,1.0,0.0,1.0,0.723032771051894,0.07480870055019817,0.07480870055019817,0.9251912994498018,0.7299005343183951,112,4,196,5,
B4_apdtm_cls_cash_features_cash_full_clean_default,bpi2020_domestic,prec,variant,HM,heuristics_miner,7ff65ee42a91cefb,132,0.8670356093278883,0.986007752461474,0.0,0.8670356093278883,0.1975518121669374,0.11897214313358573,0.0,0.8793395459248843,1.0,108,1,196,5,
B4_apdtm_cls_cash_features_cash_full_clean_default,bpi2020_domestic,gene,variant,HM,heuristics_miner,7ff65ee42a91cefb,132,0.7516056740657073,0.9326053854610896,0.0,0.8554073029005208,0.7516056740657073,0.1809997113953823,0.10380162883481348,0.8059203665161185,0.0,181,5,196,5,
B4_apdtm_cls_cash_features_cash_full_clean_default,bpi2020_domestic,simp,variant,HM,heuristics_miner,7ff65ee42a91cefb,132,0.5869565217391304,0.875,0.0,0.6000000000000001,0.3541666666666666,0.2880434782608696,0.013043478260869712,0.670807453416149,0.9469417833456147,154,3,196,5,
B4_apdtm_cls_cash_features_cash_full_clean_default,bpi2020_domestic,fit+pre,variant,HM,heuristics_miner,7ff65ee42a91cefb,132,0.896113454388845,0.980580685505521,0.0,0.896113454388845,0.48650745759222797,0.08446723111667598,0.0,0.9138599889175562,1.0,125,1,196,5,
B4_apdtm_cls_cash_features_cash_full_clean_default,bpi2020_domestic,fit+gen,variant,HM,heuristics_miner,7ff65ee42a91cefb,132,0.8383984867577545,0.9529492086056026,0.0,0.9277036514502603,0.7540428391238887,0.11455072184784809,0.08930516469250582,0.8797934655767606,0.4857494704984506,174,4,196,5,
B4_apdtm_cls_cash_features_cash_full_clean_default,bpi2020_domestic,fit+sim,variant,HM,heuristics_miner,7ff65ee42a91cefb,132,0.756073910594466,0.892967594352212,0.0,0.8,0.5385997188592803,0.1368936837577459,0.043926089405534,0.8466980385138689,0.8319585227152558,141,3,196,5,
B4_apdtm_cls_cash_features_cash_full_clean_default,bpi2020_domestic,pre+gen,variant,HM,heuristics_miner,7ff65ee42a91cefb,132,0.8093206416967977,0.957510356458128,0.0,0.8093206416967977,0.5175175256642226,0.14818971476133025,0.0,0.8452343478461263,1.0,134,1,196,5,
B4_apdtm_cls_cash_features_cash_full_clean_default,bpi2020_domestic,pre+sim,variant,HM,heuristics_miner,7ff65ee42a91cefb,132,0.7269960655335093,0.8607303005919194,0.0,0.7269960655335093,0.3020744053996142,0.1337342350584101,0.0,0.8446270161902726,1.0,128,1,196,5,
B4_apdtm_cls_cash_features_cash_full_clean_default,bpi2020_domestic,gen+sim,variant,HM,heuristics_miner,7ff65ee42a91cefb,132,0.6692810979024189,0.836843156586478,0.0,0.7277036514502604,0.569609786931275,0.16756205868405916,0.05842255354784154,0.7997688606697191,0.6304565409568719,166,3,196,5,
B4_apdtm_cls_cash_features_cash_full_clean_default,bpi2020_domestic,mix-fit,variant,HM,heuristics_miner,7ff65ee42a91cefb,132,0.822739074332684,0.9217713572150562,0.0,0.822739074332684,0.5135463757134479,0.0990322828823722,0.0,0.8925630720598892,1.0,129,1,196,5,
B4_apdtm_cls_cash_features_cash_full_clean_default,bpi2020_domestic,mix-prec,variant,HM,heuristics_miner,7ff65ee42a91cefb,132,0.8160298580147407,0.9396408568365918,0.0,0.8160298580147407,0.5155319506888351,0.12361099882185111,0.0,0.86844867597818,1.0,131,1,196,5,
B4_apdtm_cls_cash_features_cash_full_clean_default,bpi2020_domestic,mix-simp,variant,HM,heuristics_miner,7ff65ee42a91cefb,132,0.749364694276523,0.8629620289245914,0.0,0.7501620398307685,0.5405852938346677,0.11359733464806843,0.0007973455542454877,0.8683634611483063,0.9961954483525557,158,3,196,5,
B4_apdtm_cls_cash_features_cash_full_clean_default,bpi2020_domestic,mix-gen,variant,HM,heuristics_miner,7ff65ee42a91cefb,132,0.7426554779585799,0.88113234738198,0.0,0.7426554779585799,0.5425708688100551,0.1384768694234001,0.0,0.8428421452976473,1.0,140,1,196,5,
B4_apdtm_cls_cash_features_cash_full_clean_default,bpi2020_international,equal,variant,HM,heuristics_miner,a8fc09154990e706,131,0.748944593081187,0.8501918473231604,0.0,0.748944593081187,0.42730621361870447,0.10124725424197345,0.0,0.8809124616276295,1.0,74,1,196,5,
B4_apdtm_cls_cash_features_cash_full_clean_default,bpi2020_international,fitn,variant,HM,heuristics_miner,a8fc09154990e706,131,0.9008203009126576,1.0,0.0,1.0,0.543631678095892,0.09917969908734237,0.09917969908734237,0.9008203009126576,0.7826761974329542,91,4,196,5,
B4_apdtm_cls_cash_features_cash_full_clean_default,bpi2020_international,prec,variant,HM,heuristics_miner,a8fc09154990e706,131,0.914192461570857,1.0,0.0,0.914192461570857,0.0,0.08580753842914302,0.0,0.914192461570857,1.0,28,1,196,5,
B4_apdtm_cls_cash_features_cash_full_clean_default,bpi2020_international,gene,variant,HM,heuristics_miner,a8fc09154990e706,131,0.6807656098412334,0.9418786896404474,0.0,0.9085268002629592,0.6807656098412334,0.26111307979921405,0.22776119042172582,0.7227741930344647,0.0,167,5,196,5,
B4_apdtm_cls_cash_features_cash_full_clean_default,bpi2020_international,simp,variant,HM,heuristics_miner,a8fc09154990e706,131,0.5,0.726190476190476,0.0,0.6222222222222222,0.2668810289389067,0.22619047619047605,0.12222222222222223,0.6885245901639345,0.6560426302030967,148,3,196,5,
B4_apdtm_cls_cash_features_cash_full_clean_default,bpi2020_international,fit+pre,variant,HM,heuristics_miner,a8fc09154990e706,131,0.9075063812417573,0.9444725618292222,0.0,0.9075063812417573,0.271815839047946,0.036966180587464925,0.0,0.9608605034371035,1.0,33,1,196,5,
B4_apdtm_cls_cash_features_cash_full_clean_default,bpi2020_international,fit+gen,variant,HM,heuristics_miner,a8fc09154990e706,131,0.7907929553769455,0.9642924535411258,0.0,0.9542634001314796,0.7211719127679556,0.1734994981641803,0.1634704447545341,0.8200758519606306,0.2986854792359302,159,4,196,5,
B4_apdtm_cls_cash_features_cash_full_clean_default,bpi2020_international,fit+sim,variant,HM,heuristics_miner,a8fc09154990e706,131,0.7004101504563288,0.8252695672008914,0.0,0.7964877749920367,0.4052563535173993,0.12485941674456258,0.0960776245357079,0.8487046878899769,0.7544225252318176,136,3,196,5,
B4_apdtm_cls_cash_features_cash_full_clean_default,bpi2020_international,pre+gen,variant,HM,heuristics_miner,a8fc09154990e706,131,0.7974790357060452,0.9244692854293903,0.0,0.7974790357060452,0.4493560737200096,0.12699024972334516,0.0,0.8626344306675784,1.0,62,1,196,5,
B4_apdtm_cls_cash_features_cash_full_clean_default,bpi2020_international,pre+sim,variant,HM,heuristics_miner,a8fc09154990e706,131,0.7070962307854285,0.863095238095238,0.0,0.7070962307854285,0.13344051446945335,0.15599900730980953,0.0,0.8192563225651862,1.0,49,1,196,5,
B4_apdtm_cls_cash_features_cash_full_clean_default,bpi2020_international,gen+sim,variant,HM,heuristics_miner,a8fc09154990e706,131,0.5903828049206167,0.8021013140485984,0.0,0.7494471551579674,0.5827965881894629,0.21171850912798174,0.15906435023735077,0.7360451785581367,0.04552169770047953,163,4,196,5,
B4_apdtm_cls_cash_features_cash_full_clean_default,bpi2020_international,mix-fit,variant,HM,heuristics_miner,a8fc09154990e706,131,0.8026624198204434,0.8651430903153831,0.0,0.8026624198204434,0.36070009177014006,0.06248067049493966,0.0,0.9277799577961575,1.0,55,1,196,5,
B4_apdtm_cls_cash_features_cash_full_clean_default,bpi2020_international,mix-prec,variant,HM,heuristics_miner,a8fc09154990e706,131,0.8000707277632442,0.8789785552291673,0.0,0.8000707277632442,0.4050280827450747,0.07890782746592317,0.0,0.910227812730482,1.0,61,1,196,5,
B4_apdtm_cls_cash_features_cash_full_clean_default,bpi2020_international,mix-simp,variant,HM,heuristics_miner,a8fc09154990e706,131,0.6978184583991296,0.8280233355013684,0.0,0.7380189347317311,0.4495843444923341,0.13020487710223883,0.04020047633260149,0.8427521646797554,0.8606253282616498,133,3,196,5,
B4_apdtm_cls_cash_features_cash_full_clean_default,bpi2020_international,mix-gen,variant,HM,heuristics_miner,a8fc09154990e706,131,0.6952267663419306,0.8352406043309378,0.0,0.6952267663419306,0.4939123354672689,0.14001383798900724,0.0,0.8323670601465022,1.0,109,1,196,5,
B4_apdtm_cls_cash_features_cash_full_clean_default,bpi2020_payment,equal,variant,HM,heuristics_miner,67cd1ccc54854e66,133,0.7459843675155176,0.8696763776738392,0.0,0.7459843675155176,0.4539079536155171,0.12369201015832165,0.0,0.8577723698910094,1.0,129,1,196,5,
B4_apdtm_cls_cash_features_cash_full_clean_default,bpi2020_payment,fitn,variant,HM,heuristics_miner,67cd1ccc54854e66,133,0.9375704546963164,1.0,0.0,1.0,0.6986954515961711,0.06242954530368361,0.06242954530368361,0.9375704546963164,0.7928025128249598,96,4,196,5,
B4_apdtm_cls_cash_features_cash_full_clean_default,bpi2020_payment,prec,variant,HM,heuristics_miner,67cd1ccc54854e66,133,0.8082905921163525,1.0,0.0,0.8082905921163525,0.0,0.19170940788364754,0.0,0.8082905921163525,1.0,103,1,196,5,
B4_apdtm_cls_cash_features_cash_full_clean_default,bpi2020_payment,gene,variant,HM,heuristics_miner,67cd1ccc54854e66,133,0.6750512131653676,0.9042989365923124,0.0,0.8669709790187637,0.6750512131653676,0.22924772342694477,0.1919197658533961,0.7464912163992766,0.0,180,5,196,5,
B4_apdtm_cls_cash_features_cash_full_clean_default,bpi2020_payment,simp,variant,HM,heuristics_miner,67cd1ccc54854e66,133,0.5630252100840336,0.8214285714285714,0.0,0.6000000000000001,0.3333333333333333,0.2584033613445378,0.03697478991596648,0.6854219948849105,0.8613445378151258,159,3,196,5,
B4_apdtm_cls_cash_features_cash_full_clean_default,bpi2020_payment,fit+pre,variant,HM,heuristics_miner,67cd1ccc54854e66,133,0.8729305234063345,0.9825892284678609,0.0,0.8729305234063345,0.34934772579808554,0.10965870506152642,0.0,0.8883982218769935,1.0,101,1,196,5,
B4_apdtm_cls_cash_features_cash_full_clean_default,bpi2020_payment,fit+gen,variant,HM,heuristics_miner,67cd1ccc54854e66,133,0.806310833930842,0.9514970823370221,0.0,0.9334854895093818,0.7411492405643676,0.1451862484061801,0.1271746555785398,0.8474128285821113,0.33878997705265146,171,4,196,5,
B4_apdtm_cls_cash_features_cash_full_clean_default,bpi2020_payment,fit+sim,variant,HM,heuristics_miner,67cd1ccc54854e66,133,0.750297832390175,0.8691224178435837,0.0,0.8,0.5160143924647522,0.11882458545340868,0.04970216760982504,0.8632821073143765,0.8249834981385242,151,3,196,5,
B4_apdtm_cls_cash_features_cash_full_clean_default,bpi2020_payment,pre+gen,variant,HM,heuristics_miner,67cd1ccc54854e66,133,0.7416709026408601,0.916868426053467,0.0,0.7416709026408601,0.391801514766282,0.17519752341260686,0.0,0.8089174864852525,1.0,127,1,196,5,
B4_apdtm_cls_cash_features_cash_full_clean_default,bpi2020_payment,pre+sim,variant,HM,heuristics_miner,67cd1ccc54854e66,133,0.6856579011001931,0.87,0.0,0.6856579011001931,0.16666666666666666,0.1843420988998069,0.0,0.788112530000222,1.0,122,1,196,5,
B4_apdtm_cls_cash_features_cash_full_clean_default,bpi2020_payment,gen+sim,variant,HM,heuristics_miner,67cd1ccc54854e66,133,0.6190382116247006,0.7955758933524278,0.0,0.7334854895093819,0.5584681814329486,0.1765376817277272,0.11444727788468123,0.7781007654922448,0.34608022976390407,170,4,196,5,
B4_apdtm_cls_cash_features_cash_full_clean_default,bpi2020_payment,mix-fit,variant,HM,heuristics_miner,67cd1ccc54854e66,133,0.7976255228467759,0.9053177010011466,0.0,0.7976255228467759,0.42450515025839153,0.10769217815437071,0.0,0.8810448773560053,1.0,121,1,196,5,
B4_apdtm_cls_cash_features_cash_full_clean_default,bpi2020_payment,mix-prec,variant,HM,heuristics_miner,67cd1ccc54854e66,133,0.7696482127438178,0.9102277500261443,0.0,0.7696482127438178,0.40815333251233665,0.14057953728232653,0.0,0.8455556455202682,1.0,126,1,196,5,
B4_apdtm_cls_cash_features_cash_full_clean_default,bpi2020_payment,mix-simp,variant,HM,heuristics_miner,67cd1ccc54854e66,133,0.7223205222872171,0.829125005321534,0.0,0.7427293481371395,0.49966257471869746,0.10680448303431689,0.02040882584992243,0.8711841008909167,0.9160361345859953,155,3,196,5,
B4_apdtm_cls_cash_features_cash_full_clean_default,bpi2020_payment,mix-gen,variant,HM,heuristics_miner,67cd1ccc54854e66,133,0.6943432121842593,0.836099433132433,0.0,0.6943432121842593,0.48331075697264275,0.14175622094817364,0.0,0.8304553079086703,1.0,145,1,196,5,
B4_apdtm_cls_cash_features_cash_full_clean_default,bpi2020_permit,equal,variant,HM,heuristics_miner,8dc0dde1f149f92e,131,0.6953084541835005,0.8429076490043279,0.0,0.6953084541835005,0.0,0.1475991948208274,0.0,0.8248928040987922,1.0,86,1,196,5,
B4_apdtm_cls_cash_features_cash_full_clean_default,bpi2020_permit,fitn,variant,HM,heuristics_miner,8dc0dde1f149f92e,131,0.8888124281765335,1.0,0.0,1.0,0.0,0.1111875718234665,0.1111875718234665,0.8888124281765335,0.8888124281765335,74,3,196,5,
B4_apdtm_cls_cash_features_cash_full_clean_default,bpi2020_permit,prec,variant,HM,heuristics_miner,8dc0dde1f149f92e,131,0.8137442437123628,0.9911533085603246,0.0,0.8137442437123628,0.0,0.17740906484796182,0.0,0.8210074432323159,1.0,43,1,196,5,
B4_apdtm_cls_cash_features_cash_full_clean_default,bpi2020_permit,gene,variant,HM,heuristics_miner,8dc0dde1f149f92e,131,0.6027735303872743,0.9078165537742844,0.0,0.8652393738255396,0.0,0.30504302338701006,0.2624658434382653,0.6639816468219474,0.6966552246948635,168,4,196,5,
B4_apdtm_cls_cash_features_cash_full_clean_default,bpi2020_permit,simp,variant,HM,heuristics_miner,8dc0dde1f149f92e,131,0.4759036144578313,0.7142857142857143,0.0,0.5946547884187082,0.0,0.238382099827883,0.11875117396087692,0.6662650602409638,0.8003023329272144,130,2,196,5,
B4_apdtm_cls_cash_features_cash_full_clean_default,bpi2020_permit,fit+pre,variant,HM,heuristics_miner,8dc0dde1f149f92e,131,0.8512783359444481,0.9243881790529205,0.0,0.8512783359444481,0.0,0.07310984310847235,0.0,0.9209100194429392,1.0,34,1,196,5,
B4_apdtm_cls_cash_features_cash_full_clean_default,bpi2020_permit,fit+gen,variant,HM,heuristics_miner,8dc0dde1f149f92e,131,0.7457929792819039,0.9448808304983668,0.0,0.9326196869127699,0.0,0.19908785121646289,0.18682670763086595,0.7892984545877005,0.7996753550749993,159,3,196,5,
B4_apdtm_cls_cash_features_cash_full_clean_default,bpi2020_permit,fit+sim,variant,HM,heuristics_miner,8dc0dde1f149f92e,131,0.6823580213171824,0.8272924879786688,0.0,0.7973273942093542,0.0,0.14493446666148646,0.1149693728921718,0.8248086755681704,0.8558065686352371,119,3,196,5,
B4_apdtm_cls_cash_features_cash_full_clean_default,bpi2020_permit,pre+gen,variant,HM,heuristics_miner,8dc0dde1f149f92e,131,0.7082588870498185,0.9322600772514231,0.0,0.7082588870498185,0.0,0.22400119020160458,0.0,0.7597224254609014,1.0,78,1,196,5,
B4_apdtm_cls_cash_features_cash_full_clean_default,bpi2020_permit,pre+sim,variant,HM,heuristics_miner,8dc0dde1f149f92e,131,0.644823929085097,0.816594001468874,0.0,0.644823929085097,0.0,0.17177007238377695,0.0,0.7896505826949498,1.0,46,1,196,5,
B4_apdtm_cls_cash_features_cash_full_clean_default,bpi2020_permit,gen+sim,variant,HM,heuristics_miner,8dc0dde1f149f92e,131,0.5393385724225528,0.7992898469819344,0.0,0.7281672934908063,0.0,0.2599512745593816,0.18882872106825355,0.6747722049254843,0.7406794801741015,160,4,196,5,
B4_apdtm_cls_cash_features_cash_full_clean_default,bpi2020_permit,mix-fit,variant,HM,heuristics_miner,8dc0dde1f149f92e,131,0.755106320314616,0.8639118088087243,0.0,0.755106320314616,0.0,0.10880548849410832,0.0,0.8740548660352916,1.0,52,1,196,5,
B4_apdtm_cls_cash_features_cash_full_clean_default,bpi2020_permit,mix-prec,variant,HM,heuristics_miner,8dc0dde1f149f92e,131,0.7316826036822172,0.8885842618048085,0.0,0.7316826036822172,0.0,0.15690165812259138,0.0,0.8234251214354084,1.0,68,1,196,5,
B4_apdtm_cls_cash_features_cash_full_clean_default,bpi2020_permit,mix-simp,variant,HM,heuristics_miner,8dc0dde1f149f92e,131,0.6589343046847838,0.81761289182125,0.0,0.7200015916100726,0.0,0.1586785871364662,0.061067286925288844,0.8059245533873539,0.9151845112054131,130,2,196,5,
B4_apdtm_cls_cash_features_cash_full_clean_default,bpi2020_permit,mix-gen,variant,HM,heuristics_miner,8dc0dde1f149f92e,131,0.6355105880523851,0.8269571869508153,0.0,0.642675789010791,0.0,0.1914465988984302,0.007165200958405893,0.7684927322485235,0.9888509866391036,127,2,196,5,
B4_apdtm_cls_cash_features_cash_full_clean_default,bpi2020_prepaid,equal,variant,HM,heuristics_miner,29f7ad244446d4aa,131,0.7280027250543759,0.8668476328686328,0.0,0.7280027250543759,0.3835715428314981,0.13884490781425685,0.0,0.8398277822426744,1.0,83,1,196,5,
B4_apdtm_cls_cash_features_cash_full_clean_default,bpi2020_prepaid,fitn,variant,HM,heuristics_miner,29f7ad244446d4aa,131,0.9016178004778508,1.0,0.0,1.0,0.4702681384715757,0.09838219952214922,0.09838219952214922,0.9016178004778508,0.8142792483006607,85,4,196,5,
B4_apdtm_cls_cash_features_cash_full_clean_default,bpi2020_prepaid,prec,variant,HM,heuristics_miner,29f7ad244446d4aa,131,0.8877260430015663,0.9997522759645756,0.0,0.8877260430015663,0.0,0.11202623296300929,0.0,0.8879460085700482,1.0,23,1,196,5,
B4_apdtm_cls_cash_features_cash_full_clean_default,bpi2020_prepaid,gene,variant,HM,heuristics_miner,29f7ad244446d4aa,131,0.5988575329285628,0.9112866050560324,0.0,0.8904211520153033,0.5988575329285628,0.3124290721274696,0.29156361908674044,0.6571560797733231,0.0,176,5,196,5,
B4_apdtm_cls_cash_features_cash_full_clean_default,bpi2020_prepaid,simp,variant,HM,heuristics_miner,29f7ad244446d4aa,131,0.5238095238095238,0.8241758241758241,0.0,0.5903614457831325,0.1867088607594936,0.3003663003663003,0.06655192197360871,0.6355555555555557,0.8351257382144319,140,3,196,5,
B4_apdtm_cls_cash_features_cash_full_clean_default,bpi2020_prepaid,fit+pre,variant,HM,heuristics_miner,29f7ad244446d4aa,131,0.8946719217397086,0.9548684615240937,0.0,0.8946719217397086,0.23513406923578786,0.060196539784385106,0.0,0.9369582908955819,1.0,27,1,196,5,
B4_apdtm_cls_cash_features_cash_full_clean_default,bpi2020_prepaid,fit+gen,variant,HM,heuristics_miner,29f7ad244446d4aa,131,0.7502376667032068,0.949603353381388,0.0,0.9452105760076517,0.6737886552832494,0.19936568667818122,0.19497290930444489,0.7900537250966191,0.2816611540288324,171,4,196,5,
B4_apdtm_cls_cash_features_cash_full_clean_default,bpi2020_prepaid,fit+sim,variant,HM,heuristics_miner,29f7ad244446d4aa,131,0.7127136621436874,0.8494129668934964,0.0,0.7884684371297543,0.32848849961553467,0.13669930474980907,0.07575477498606698,0.8390661432333077,0.8353085236815897,132,3,196,5,
B4_apdtm_cls_cash_features_cash_full_clean_default,bpi2020_prepaid,pre+gen,variant,HM,heuristics_miner,29f7ad244446d4aa,131,0.7432917879650646,0.9409693886867966,0.0,0.7432917879650646,0.43865458604746155,0.19767760072173202,0.0,0.7899213267738624,1.0,65,1,196,5,
B4_apdtm_cls_cash_features_cash_full_clean_default,bpi2020_prepaid,pre+sim,variant,HM,heuristics_miner,29f7ad244446d4aa,131,0.7057677834055451,0.8334790489391193,0.0,0.7057677834055451,0.0933544303797468,0.12771126553357415,0.0,0.8467732743898849,1.0,38,1,196,5,
B4_apdtm_cls_cash_features_cash_full_clean_default,bpi2020_prepaid,gen+sim,variant,HM,heuristics_miner,29f7ad244446d4aa,131,0.5613335283690433,0.815098321546149,0.0,0.7379476465690233,0.5320090164272083,0.25376479317710576,0.17661411819998007,0.6886697144759877,0.14239442071475988,167,4,196,5,
B4_apdtm_cls_cash_features_cash_full_clean_default,bpi2020_prepaid,mix-fit,variant,HM,heuristics_miner,29f7ad244446d4aa,131,0.7916125911463714,0.8887029376845874,0.0,0.7916125911463714,0.3131799447500213,0.09709034653821602,0.0,0.8907505056850902,1.0,40,1,196,5,
B4_apdtm_cls_cash_features_cash_full_clean_default,bpi2020_prepaid,mix-prec,variant,HM,heuristics_miner,29f7ad244446d4aa,131,0.7674521895557178,0.9102502378418409,0.0,0.7674521895557178,0.3759172653987413,0.14279804828612308,0.0,0.843122207114507,1.0,52,1,196,5,
B4_apdtm_cls_cash_features_cash_full_clean_default,bpi2020_prepaid,mix-simp,variant,HM,heuristics_miner,29f7ad244446d4aa,131,0.688553260553034,0.8311667650921324,0.0,0.724823854120391,0.3912258202642548,0.14261350453909838,0.03627059356735696,0.8284177008409497,0.8912745583416759,140,3,196,5,
B4_apdtm_cls_cash_features_cash_full_clean_default,bpi2020_prepaid,mix-gen,variant,HM,heuristics_miner,29f7ad244446d4aa,131,0.6643928589623807,0.8449923280526782,0.0,0.6643928589623807,0.4539631409129749,0.18059946909029756,0.0,0.7862708771492672,1.0,142,1,196,5,
B4_apdtm_cls_cash_features_cash_full_clean_default,bpic15_1,equal,variant,IMd,inductive_miner_imd,8ec8a2cb08851acf,130,0.5006533211257762,0.7538067736145151,0.0,0.5006533211257762,0.0,0.2531534524887389,0.0,0.6641666520521378,1.0,124,1,196,5,
B4_apdtm_cls_cash_features_cash_full_clean_default,bpic15_1,fitn,variant,IMd,inductive_miner_imd,8ec8a2cb08851acf,130,1.0,1.0,0.0,1.0,0.0,0.0,0.0,1.0,1.0,1,1,196,5,
B4_apdtm_cls_cash_features_cash_full_clean_default,bpic15_1,prec,variant,IMd,inductive_miner_imd,8ec8a2cb08851acf,130,0.0055144083252097,0.9967132292522596,0.0,0.0055144083252097,0.0,0.9911988209270499,0.0,0.00553259268901913,1.0,141,1,196,5,
B4_apdtm_cls_cash_features_cash_full_clean_default,bpic15_1,gene,variant,IMd,inductive_miner_imd,8ec8a2cb08851acf,130,0.6526451647517064,0.7947596517508088,0.0,0.6526451647517064,0.0,0.14211448699910234,0.0,0.8211855789532942,1.0,112,1,196,5,
B4_apdtm_cls_cash_features_cash_full_clean_default,bpic15_1,simp,variant,IMd,inductive_miner_imd,8ec8a2cb08851acf,130,0.3444537114261885,1.0,0.0,0.3444537114261885,0.0,0.6555462885738115,0.0,0.3444537114261885,1.0,137,1,196,5,
B4_apdtm_cls_cash_features_cash_full_clean_default,bpic15_1,fit+pre,variant,IMd,inductive_miner_imd,8ec8a2cb08851acf,130,0.5027572041626048,0.8688577238297088,0.0,0.5027572041626048,0.0,0.366100519667104,0.0,0.5786415777563397,1.0,74,1,196,5,
B4_apdtm_cls_cash_features_cash_full_clean_default,bpic15_1,fit+gen,variant,IMd,inductive_miner_imd,8ec8a2cb08851acf,130,0.8263225823758532,0.871727415992749,0.0,0.8263225823758532,0.0,0.045404833616895846,0.0,0.9479139547708414,1.0,4,1,196,5,
B4_apdtm_cls_cash_features_cash_full_clean_default,bpic15_1,fit+sim,variant,IMd,inductive_miner_imd,8ec8a2cb08851acf,130,0.6722268557130943,0.8645266546833184,0.0,0.6722268557130943,0.0,0.1922997989702241,0.0,0.7775663735426819,1.0,85,1,196,5,
B4_apdtm_cls_cash_features_cash_full_clean_default,bpic15_1,pre+gen,variant,IMd,inductive_miner_imd,8ec8a2cb08851acf,130,0.32907978653845804,0.8387467991159434,0.0,0.32907978653845804,0.0,0.5096670125774854,0.0,0.39234699540470974,1.0,126,1,196,5,
B4_apdtm_cls_cash_features_cash_full_clean_default,bpic15_1,pre+sim,variant,IMd,inductive_miner_imd,8ec8a2cb08851acf,130,0.17498405987569912,0.8214077863143173,0.0,0.17498405987569912,0.0,0.6464237264386182,0.0,0.21302946330817987,1.0,142,1,196,5,
B4_apdtm_cls_cash_features_cash_full_clean_default,bpic15_1,gen+sim,variant,IMd,inductive_miner_imd,8ec8a2cb08851acf,130,0.49854943808894747,0.8973798258754044,0.0,0.49854943808894747,0.0,0.39883038778645696,0.0,0.5555612280481197,1.0,131,1,196,5,
B4_apdtm_cls_cash_features_cash_full_clean_default,bpic15_1,mix-fit,variant,IMd,inductive_miner_imd,8ec8a2cb08851acf,130,0.5358095812579713,0.7829881701741386,0.0,0.5358095812579713,0.0,0.24717858891616729,0.0,0.6843137631808739,1.0,94,1,196,5,
B4_apdtm_cls_cash_features_cash_full_clean_default,bpic15_1,mix-prec,variant,IMd,inductive_miner_imd,8ec8a2cb08851acf,130,0.43244468389821455,0.8104949307104616,0.0,0.43244468389821455,0.0,0.3780502468122471,0.0,0.5335563092530922,1.0,118,1,196,5,
B4_apdtm_cls_cash_features_cash_full_clean_default,bpic15_1,mix-simp,variant,IMd,inductive_miner_imd,8ec8a2cb08851acf,130,0.5688619583533376,0.7694736087116352,0.0,0.5688619583533376,0.0,0.20061165035829753,0.0,0.7392871593163659,1.0,121,1,196,5,
B4_apdtm_cls_cash_features_cash_full_clean_default,bpic15_1,mix-gen,variant,IMd,inductive_miner_imd,8ec8a2cb08851acf,130,0.46549706099358107,0.7344918748892888,0.0,0.46549706099358107,0.0,0.26899481389570773,0.0,0.6337674750503486,1.0,131,1,196,5,
B4_apdtm_cls_cash_features_cash_full_clean_default,bpic15_2,equal,variant,IMd,inductive_miner_imd,2bd4a2c68f811174,130,0.4958761568622505,0.739796087901852,0.0,0.4958761568622505,0.0,0.24391993103960152,0.0,0.6702876170494672,1.0,123,1,196,5,
B4_apdtm_cls_cash_features_cash_full_clean_default,bpic15_2,fitn,variant,IMd,inductive_miner_imd,2bd4a2c68f811174,130,1.0,1.0,0.0,1.0,0.0,0.0,0.0,1.0,1.0,1,1,196,5,
B4_apdtm_cls_cash_features_cash_full_clean_default,bpic15_2,prec,variant,IMd,inductive_miner_imd,2bd4a2c68f811174,130,0.0047466811844114,0.9964080459770116,0.0,0.0047466811844114,0.0,0.9916613647926003,0.0,0.004763792508075464,1.0,141,1,196,5,
B4_apdtm_cls_cash_features_cash_full_clean_default,bpic15_2,gene,variant,IMd,inductive_miner_imd,2bd4a2c68f811174,130,0.630479323366272,0.8434264748464657,0.0,0.630479323366272,0.0,0.21294715148019372,0.0,0.7475213811388149,1.0,119,1,196,5,
B4_apdtm_cls_cash_features_cash_full_clean_default,bpic15_2,simp,variant,IMd,inductive_miner_imd,2bd4a2c68f811174,130,0.3482786228983187,1.0,0.0,0.3482786228983187,0.0,0.6517213771016813,0.0,0.3482786228983187,1.0,133,1,196,5,
B4_apdtm_cls_cash_features_cash_full_clean_default,bpic15_2,fit+pre,variant,IMd,inductive_miner_imd,2bd4a2c68f811174,130,0.5023733405922057,0.8552632687420797,0.0,0.5023733405922057,0.0,0.35288992814987397,0.0,0.587390291332277,1.0,62,1,196,5,
B4_apdtm_cls_cash_features_cash_full_clean_default,bpic15_2,fit+gen,variant,IMd,inductive_miner_imd,2bd4a2c68f811174,130,0.815239661683136,0.888226048940476,0.0,0.815239661683136,0.0,0.07298638725733997,0.0,0.9178290398661444,1.0,6,1,196,5,
B4_apdtm_cls_cash_features_cash_full_clean_default,bpic15_2,fit+sim,variant,IMd,inductive_miner_imd,2bd4a2c68f811174,130,0.6741393114491594,0.8502937315725136,0.0,0.6741393114491594,0.0,0.17615442012335425,0.0,0.7928310963817429,1.0,81,1,196,5,
B4_apdtm_cls_cash_features_cash_full_clean_default,bpic15_2,pre+gen,variant,IMd,inductive_miner_imd,2bd4a2c68f811174,130,0.31761300227534167,0.8135744140072105,0.0,0.31761300227534167,0.0,0.49596141173186886,0.0,0.39039207330889186,1.0,136,1,196,5,
B4_apdtm_cls_cash_features_cash_full_clean_default,bpic15_2,pre+sim,variant,IMd,inductive_miner_imd,2bd4a2c68f811174,130,0.17651265204136504,0.7980406242956953,0.0,0.17651265204136504,0.0,0.6215279722543303,0.0,0.22118253966976298,1.0,138,1,196,5,
B4_apdtm_cls_cash_features_cash_full_clean_default,bpic15_2,gen+sim,variant,IMd,inductive_miner_imd,2bd4a2c68f811174,130,0.48937897313229534,0.9217132374232329,0.0,0.48937897313229534,0.0,0.4323342642909375,0.0,0.5309449330470905,1.0,131,1,196,5,
B4_apdtm_cls_cash_features_cash_full_clean_default,bpic15_2,mix-fit,variant,IMd,inductive_miner_imd,2bd4a2c68f811174,130,0.5341276612716144,0.7675374461630222,0.0,0.5341276612716144,0.0,0.23340978489140785,0.0,0.695897853507681,1.0,88,1,196,5,
B4_apdtm_cls_cash_features_cash_full_clean_default,bpic15_2,mix-prec,variant,IMd,inductive_miner_imd,2bd4a2c68f811174,130,0.42587033177347794,0.790453222686223,0.0,0.42587033177347794,0.0,0.36458289091274504,0.0,0.5387672787596828,1.0,118,1,196,5,
B4_apdtm_cls_cash_features_cash_full_clean_default,bpic15_2,mix-simp,variant,IMd,inductive_miner_imd,2bd4a2c68f811174,130,0.565881981951023,0.7666984383330109,0.0,0.565881981951023,0.0,0.20081645638198786,0.0,0.7380763461334137,1.0,118,1,196,5,
B4_apdtm_cls_cash_features_cash_full_clean_default,bpic15_2,mix-gen,variant,IMd,inductive_miner_imd,2bd4a2c68f811174,130,0.4576246524528867,0.7177077196779903,0.0,0.4576246524528867,0.0,0.2600830672251036,0.0,0.6376197996842036,1.0,136,1,196,5,
B4_apdtm_cls_cash_features_cash_full_clean_default,bpic15_3,equal,variant,IMd,inductive_miner_imd,1e1739de3216125c,130,0.5062291863779904,0.7711497484903616,0.0,0.5062291863779904,0.0,0.26492056211237114,0.0,0.6564602885094731,1.0,126,1,196,5,
B4_apdtm_cls_cash_features_cash_full_clean_default,bpic15_3,fitn,variant,IMd,inductive_miner_imd,1e1739de3216125c,130,1.0,1.0,0.0,1.0,0.0,0.0,0.0,1.0,1.0,1,1,196,5,
B4_apdtm_cls_cash_features_cash_full_clean_default,bpic15_3,prec,variant,IMd,inductive_miner_imd,1e1739de3216125c,130,0.0056460981272722,0.9713690786048932,0.0,0.0056460981272722,0.0,0.965722980477621,0.0,0.005812515810551928,1.0,139,1,196,5,
B4_apdtm_cls_cash_features_cash_full_clean_default,bpic15_3,gene,variant,IMd,inductive_miner_imd,1e1739de3216125c,130,0.6755746197508381,0.7690804510999736,0.0,0.6755746197508381,0.0,0.09350583134913548,0.0,0.8784186606025427,1.0,104,1,196,5,
B4_apdtm_cls_cash_features_cash_full_clean_default,bpic15_3,simp,variant,IMd,inductive_miner_imd,1e1739de3216125c,130,0.3436960276338515,1.0,0.0,0.3436960276338515,0.0,0.6563039723661486,0.0,0.3436960276338515,1.0,133,1,196,5,
B4_apdtm_cls_cash_features_cash_full_clean_default,bpic15_3,fit+pre,variant,IMd,inductive_miner_imd,1e1739de3216125c,130,0.5028230490636361,0.8737992058502052,0.0,0.5028230490636361,0.0,0.37097615678656914,0.0,0.5754446166775696,1.0,68,1,196,5,
B4_apdtm_cls_cash_features_cash_full_clean_default,bpic15_3,fit+gen,variant,IMd,inductive_miner_imd,1e1739de3216125c,130,0.837787309875419,0.8764050391703524,0.0,0.837787309875419,0.0,0.038617729294933345,0.0,0.9559362080671161,1.0,8,1,196,5,
B4_apdtm_cls_cash_features_cash_full_clean_default,bpic15_3,fit+sim,variant,IMd,inductive_miner_imd,1e1739de3216125c,130,0.6718480138169257,0.8866318702272058,0.0,0.6718480138169257,0.0,0.21478385641028008,0.0,0.7577530611941119,1.0,98,1,196,5,
B4_apdtm_cls_cash_features_cash_full_clean_default,bpic15_3,pre+gen,variant,IMd,inductive_miner_imd,1e1739de3216125c,130,0.34061035893905517,0.8335999035488251,0.0,0.34061035893905517,0.0,0.4929895446097699,0.0,0.4086017254668566,1.0,124,1,196,5,
B4_apdtm_cls_cash_features_cash_full_clean_default,bpic15_3,pre+sim,variant,IMd,inductive_miner_imd,1e1739de3216125c,130,0.17467106288056183,0.806269466186586,0.0,0.17467106288056183,0.0,0.6315984033060242,0.0,0.21664104893703073,1.0,139,1,196,5,
B4_apdtm_cls_cash_features_cash_full_clean_default,bpic15_3,gen+sim,variant,IMd,inductive_miner_imd,1e1739de3216125c,130,0.5096353236923448,0.8774480269684266,0.0,0.5096353236923448,0.0,0.36781270327608184,0.0,0.5808153965006101,1.0,130,1,196,5,
B4_apdtm_cls_cash_features_cash_full_clean_default,bpic15_3,mix-fit,variant,IMd,inductive_miner_imd,1e1739de3216125c,130,0.5379904969400358,0.7997195004226063,0.0,0.5379904969400358,0.0,0.26172900348257055,0.0,0.6727239946703042,1.0,101,1,196,5,
B4_apdtm_cls_cash_features_cash_full_clean_default,bpic15_3,mix-prec,variant,IMd,inductive_miner_imd,1e1739de3216125c,130,0.4393004279395453,0.8166597019857156,0.0,0.4393004279395453,0.0,0.37735927404617026,0.0,0.5379234788632061,1.0,117,1,196,5,
B4_apdtm_cls_cash_features_cash_full_clean_default,bpic15_3,mix-simp,variant,IMd,inductive_miner_imd,1e1739de3216125c,130,0.5731579448164354,0.7807894458056361,0.0,0.5731579448164354,0.0,0.2076315009892007,0.0,0.7340749134038795,1.0,122,1,196,5,
B4_apdtm_cls_cash_features_cash_full_clean_default,bpic15_3,mix-gen,variant,IMd,inductive_miner_imd,1e1739de3216125c,130,0.4744678758159452,0.742579996558117,0.0,0.4744678758159452,0.0,0.26811212074217183,0.0,0.6389451345513205,1.0,133,1,196,5,
B4_apdtm_cls_cash_features_cash_full_clean_default,bpic15_4,equal,variant,IMd,inductive_miner_imd,f68041a3f2d86846,130,0.5004532568394435,0.7570912404815519,0.0,0.5004532568394435,0.0,0.2566379836421083,0.0,0.6610210633544348,1.0,134,1,196,5,
B4_apdtm_cls_cash_features_cash_full_clean_default,bpic15_4,fitn,variant,IMd,inductive_miner_imd,f68041a3f2d86846,130,1.0,1.0,0.0,1.0,0.0,0.0,0.0,1.0,1.0,1,1,196,5,
B4_apdtm_cls_cash_features_cash_full_clean_default,bpic15_4,prec,variant,IMd,inductive_miner_imd,f68041a3f2d86846,130,0.0063677194723514,0.9771181199752628,0.0,0.0063677194723514,0.0,0.9707504005029114,0.0,0.0065168369536659585,1.0,146,1,196,5,
B4_apdtm_cls_cash_features_cash_full_clean_default,bpic15_4,gene,variant,IMd,inductive_miner_imd,f68041a3f2d86846,130,0.6484303825122886,0.8125621208083507,0.0,0.6484303825122886,0.0,0.1641317382960621,0.0,0.7980071503545094,1.0,113,1,196,5,
B4_apdtm_cls_cash_features_cash_full_clean_default,bpic15_4,simp,variant,IMd,inductive_miner_imd,f68041a3f2d86846,130,0.3470149253731343,1.0,0.0,0.3470149253731343,0.0,0.6529850746268657,0.0,0.3470149253731343,1.0,143,1,196,5,
B4_apdtm_cls_cash_features_cash_full_clean_default,bpic15_4,fit+pre,variant,IMd,inductive_miner_imd,f68041a3f2d86846,130,0.5031838597361757,0.8685599938464359,0.0,0.5031838597361757,0.0,0.36537613411026015,0.0,0.5793311496052398,1.0,84,1,196,5,
B4_apdtm_cls_cash_features_cash_full_clean_default,bpic15_4,fit+gen,variant,IMd,inductive_miner_imd,f68041a3f2d86846,130,0.8242151912561443,0.8717994934557993,0.0,0.8242151912561443,0.0,0.04758430219965504,0.0,0.9454182956553099,1.0,5,1,196,5,
B4_apdtm_cls_cash_features_cash_full_clean_default,bpic15_4,fit+sim,variant,IMd,inductive_miner_imd,f68041a3f2d86846,130,0.6735074626865671,0.8675538703293734,0.0,0.6735074626865671,0.0,0.19404640764280623,0.0,0.7763292698248986,1.0,95,1,196,5,
B4_apdtm_cls_cash_features_cash_full_clean_default,bpic15_4,pre+gen,variant,IMd,inductive_miner_imd,f68041a3f2d86846,130,0.32739905099232,0.8247132962569865,0.0,0.32739905099232,0.0,0.49731424526466655,0.0,0.39698529474211375,1.0,138,1,196,5,
B4_apdtm_cls_cash_features_cash_full_clean_default,bpic15_4,pre+sim,variant,IMd,inductive_miner_imd,f68041a3f2d86846,130,0.17669132242274282,0.7904575186873295,0.0,0.17669132242274282,0.0,0.6137661962645866,0.0,0.22353044691910154,1.0,146,1,196,5,
B4_apdtm_cls_cash_features_cash_full_clean_default,bpic15_4,gen+sim,variant,IMd,inductive_miner_imd,f68041a3f2d86846,130,0.4977226539427114,0.8981830671938409,0.0,0.4977226539427114,0.0,0.40046041325112947,0.0,0.5541438846066508,1.0,135,1,196,5,
B4_apdtm_cls_cash_features_cash_full_clean_default,bpic15_4,mix-fit,variant,IMd,inductive_miner_imd,f68041a3f2d86846,130,0.5361563391675611,0.7881543306724185,0.0,0.5361563391675611,0.0,0.25199799150485735,0.0,0.6802682143611851,1.0,112,1,196,5,
B4_apdtm_cls_cash_features_cash_full_clean_default,bpic15_4,mix-prec,variant,IMd,inductive_miner_imd,f68041a3f2d86846,130,0.4317776950799404,0.8064338134647024,0.0,0.4317776950799404,0.0,0.37465611838476204,0.0,0.5354161592318193,1.0,128,1,196,5,
B4_apdtm_cls_cash_features_cash_full_clean_default,bpic15_4,mix-simp,variant,IMd,inductive_miner_imd,f68041a3f2d86846,130,0.5691288185989466,0.7784157949851235,0.0,0.5691288185989466,0.0,0.20928697638617688,0.0,0.7311372948307445,1.0,129,1,196,5,
B4_apdtm_cls_cash_features_cash_full_clean_default,bpic15_4,mix-gen,variant,IMd,inductive_miner_imd,f68041a3f2d86846,130,0.46475017451132605,0.7260281502906851,0.0,0.46475017451132605,0.0,0.2612779757793591,0.0,0.6401269349201552,1.0,141,1,196,5,
B4_apdtm_cls_cash_features_cash_full_clean_default,bpic15_5,equal,variant,IMd,inductive_miner_imd,a0710095115a2fbb,130,0.49803037626811336,0.7432661612580866,0.0,0.49803037626811336,0.0,0.24523578498997328,0.0,0.6700565722313042,1.0,128,1,196,5,
B4_apdtm_cls_cash_features_cash_full_clean_default,bpic15_5,fitn,variant,IMd,inductive_miner_imd,a0710095115a2fbb,130,1.0,1.0,0.0,1.0,0.0,0.0,0.0,1.0,1.0,1,1,196,5,
B4_apdtm_cls_cash_features_cash_full_clean_default,bpic15_5,prec,variant,IMd,inductive_miner_imd,a0710095115a2fbb,130,0.0050756012401533,0.9914236706689536,0.0,0.0050756012401533,0.0,0.9863480694288004,0.0,0.005119507825275734,1.0,141,1,196,5,
B4_apdtm_cls_cash_features_cash_full_clean_default,bpic15_5,gene,variant,IMd,inductive_miner_imd,a0710095115a2fbb,130,0.6480339787897107,0.8420322364834529,0.0,0.6480339787897107,0.0,0.19399825769374224,0.0,0.7696070895053498,1.0,117,1,196,5,
B4_apdtm_cls_cash_features_cash_full_clean_default,bpic15_5,simp,variant,IMd,inductive_miner_imd,a0710095115a2fbb,130,0.3390119250425894,1.0,0.0,0.3390119250425894,0.0,0.6609880749574106,0.0,0.3390119250425894,1.0,135,1,196,5,
B4_apdtm_cls_cash_features_cash_full_clean_default,bpic15_5,fit+pre,variant,IMd,inductive_miner_imd,a0710095115a2fbb,130,0.5025378006200767,0.8302814710249038,0.0,0.5025378006200767,0.0,0.3277436704048271,0.0,0.6052619721836516,1.0,69,1,196,5,
B4_apdtm_cls_cash_features_cash_full_clean_default,bpic15_5,fit+gen,variant,IMd,inductive_miner_imd,a0710095115a2fbb,130,0.8240169893948553,0.8491470544465778,0.0,0.8240169893948553,0.0,0.02513006505172244,0.0,0.9704055205513247,1.0,2,1,196,5,
B4_apdtm_cls_cash_features_cash_full_clean_default,bpic15_5,fit+sim,variant,IMd,inductive_miner_imd,a0710095115a2fbb,130,0.6695059625212947,0.8492461162887588,0.0,0.6695059625212947,0.0,0.1797401537674641,0.0,0.7883532814339662,1.0,85,1,196,5,
B4_apdtm_cls_cash_features_cash_full_clean_default,bpic15_5,pre+gen,variant,IMd,inductive_miner_imd,a0710095115a2fbb,130,0.326554790014932,0.8116192280976056,0.0,0.326554790014932,0.0,0.4850644380826736,0.0,0.4023497456810627,1.0,132,1,196,5,
B4_apdtm_cls_cash_features_cash_full_clean_default,bpic15_5,pre+sim,variant,IMd,inductive_miner_imd,a0710095115a2fbb,130,0.17204376314137138,0.7827816467542539,0.0,0.17204376314137138,0.0,0.6107378836128825,0.0,0.21978512635642147,1.0,141,1,196,5,
B4_apdtm_cls_cash_features_cash_full_clean_default,bpic15_5,gen+sim,variant,IMd,inductive_miner_imd,a0710095115a2fbb,130,0.49352295191615003,0.9210161182417265,0.0,0.49352295191615003,0.0,0.42749316632557643,0.0,0.535846161800419,1.0,133,1,196,5,
B4_apdtm_cls_cash_features_cash_full_clean_default,bpic15_5,mix-fit,variant,IMd,inductive_miner_imd,a0710095115a2fbb,130,0.534128463259535,0.7619159908588385,0.0,0.534128463259535,0.0,0.22778752759930354,0.0,0.7010332761981549,1.0,95,1,196,5,
B4_apdtm_cls_cash_features_cash_full_clean_default,bpic15_5,mix-prec,variant,IMd,inductive_miner_imd,a0710095115a2fbb,130,0.43034162663723335,0.7845385057794597,0.0,0.43034162663723335,0.0,0.35419687914222636,0.0,0.5485283685466497,1.0,123,1,196,5,
B4_apdtm_cls_cash_features_cash_full_clean_default,bpic15_5,mix-simp,variant,IMd,inductive_miner_imd,a0710095115a2fbb,130,0.5657191258989932,0.7677189214161869,0.0,0.5657191258989932,0.0,0.20199979551719371,0.0,0.736883135373854,1.0,123,1,196,5,
B4_apdtm_cls_cash_features_cash_full_clean_default,bpic15_5,mix-gen,variant,IMd,inductive_miner_imd,a0710095115a2fbb,130,0.4619322892766918,0.7246163316573346,0.0,0.4619322892766918,0.0,0.26268404238064286,0.0,0.6374853409944063,1.0,136,1,196,5,
B4_apdtm_cls_cash_features_cash_full_clean_default,hospital_billing,equal,variant,HM,heuristics_miner,f0ba1c246feb1617,132,0.7623493758629513,0.8734035144022313,0.0,0.7728985458636999,0.7080210029131718,0.11105413853928003,0.01054917000074862,0.8728489905203932,0.8373987435252778,101,3,196,5,
B4_apdtm_cls_cash_features_cash_full_clean_default,hospital_billing,fitn,variant,HM,heuristics_miner,f0ba1c246feb1617,132,0.9173284729406372,1.0,0.0,1.0,0.6797553093982478,0.08267152705936276,0.08267152705936276,0.9173284729406372,0.7418488752958878,135,4,196,5,
B4_apdtm_cls_cash_features_cash_full_clean_default,hospital_billing,prec,variant,HM,heuristics_miner,f0ba1c246feb1617,132,0.9123900422661322,1.0,0.0,0.9123900422661322,0.3867395245470101,0.08760995773386782,0.0,0.9123900422661322,1.0,79,1,196,5,
B4_apdtm_cls_cash_features_cash_full_clean_default,hospital_billing,gene,variant,HM,heuristics_miner,f0ba1c246feb1617,132,0.7467548005194038,0.974570314262808,0.0,0.9406716490462892,0.7467548005194038,0.22781551374340425,0.1939168485268854,0.7662400440385564,0.0,155,5,196,5,
B4_apdtm_cls_cash_features_cash_full_clean_default,hospital_billing,simp,variant,HM,heuristics_miner,f0ba1c246feb1617,132,0.4729241877256318,1.0,0.0,1.0,0.4729241877256318,0.5270758122743682,0.5270758122743682,0.4729241877256318,0.0,132,5,196,5,
B4_apdtm_cls_cash_features_cash_full_clean_default,hospital_billing,fit+pre,variant,HM,heuristics_miner,f0ba1c246feb1617,132,0.9148592576033847,0.9891405829759681,0.0,0.9148592576033847,0.5332474169726289,0.07428132537258336,0.0,0.9249031667984974,1.0,84,1,196,5,
B4_apdtm_cls_cash_features_cash_full_clean_default,hospital_billing,fit+gen,variant,HM,heuristics_miner,f0ba1c246feb1617,132,0.8320416367300205,0.9872657861978589,0.0,0.9703358245231446,0.7961812639516811,0.15522414946783836,0.13829418779312408,0.8427736971766894,0.2059111898113302,140,4,196,5,
B4_apdtm_cls_cash_features_cash_full_clean_default,hospital_billing,fit+sim,variant,HM,heuristics_miner,f0ba1c246feb1617,132,0.6951263303331345,0.8398776546991239,0.0,0.8398776546991239,0.6951263303331345,0.14475132436598936,0.14475132436598936,0.8276518924439717,0.0,128,5,196,5,
B4_apdtm_cls_cash_features_cash_full_clean_default,hospital_billing,pre+gen,variant,HM,heuristics_miner,f0ba1c246feb1617,132,0.829572421392768,0.9583893297505974,0.0,0.829572421392768,0.6496733715260623,0.12881690835782944,0.0,0.8655902102005334,1.0,100,1,196,5,
B4_apdtm_cls_cash_features_cash_full_clean_default,hospital_billing,pre+sim,variant,HM,heuristics_miner,f0ba1c246feb1617,132,0.692657114995882,0.8030539885899708,0.0,0.6933697622735051,0.4457061813031991,0.11039687359408878,0.0007126472776231019,0.8625287027240506,0.9971225188829498,96,2,196,5,
B4_apdtm_cls_cash_features_cash_full_clean_default,hospital_billing,gen+sim,variant,HM,heuristics_miner,f0ba1c246feb1617,132,0.6098394941225178,0.9594156800838197,0.0,0.9563036092525572,0.6098394941225178,0.3495761859613019,0.3464641151300394,0.6356363636554688,0.0,151,5,196,5,
B4_apdtm_cls_cash_features_cash_full_clean_default,hospital_billing,mix-fit,variant,HM,heuristics_miner,f0ba1c246feb1617,132,0.8099087194531612,0.8999403930024692,0.0,0.8099087194531612,0.6791847029739135,0.09003167354930797,0.0,0.899958181398064,1.0,92,1,196,5,
B4_apdtm_cls_cash_features_cash_full_clean_default,hospital_billing,mix-prec,variant,HM,heuristics_miner,f0ba1c246feb1617,132,0.8197405704229646,0.9266041872906543,0.0,0.8197405704229646,0.6644290372499877,0.10686361686768975,0.0,0.8846717742770472,1.0,93,1,196,5,
B4_apdtm_cls_cash_features_cash_full_clean_default,hospital_billing,mix-simp,variant,HM,heuristics_miner,f0ba1c246feb1617,132,0.704958181302938,0.8448731726232275,0.0,0.8251219889751983,0.704958181302938,0.1399149913202895,0.12016380767226031,0.8343952727415044,0.0,126,5,196,5,
B4_apdtm_cls_cash_features_cash_full_clean_default,hospital_billing,mix-gen,variant,HM,heuristics_miner,f0ba1c246feb1617,132,0.7147900322727413,0.8574303226558113,0.0,0.8103663232512726,0.7045511321397954,0.14264029038307002,0.09557629097853126,0.8336421203984775,0.09676210027498944,119,4,196,5,
B4_apdtm_cls_cash_features_cash_full_clean_default,road_traffic_fines,equal,variant,HM,heuristics_miner,9fd05dcc49e5b232,132,0.8472976270289231,0.9091484776358276,0.0,0.8472976270289231,0.7357034000201228,0.06185085060690454,0.0,0.9319683724623914,1.0,74,1,196,5,
B4_apdtm_cls_cash_features_cash_full_clean_default,road_traffic_fines,fitn,variant,HM,heuristics_miner,9fd05dcc49e5b232,132,0.928366348548456,1.0,0.0,1.0,0.637766272135165,0.07163365145154399,0.07163365145154399,0.928366348548456,0.802244667072323,90,4,196,5,
B4_apdtm_cls_cash_features_cash_full_clean_default,road_traffic_fines,prec,variant,HM,heuristics_miner,9fd05dcc49e5b232,132,0.9913926579538832,1.0,0.0,0.9913926579538832,0.5080563293025482,0.008607342046116795,0.0,0.9913926579538832,1.0,106,1,196,5,
B4_apdtm_cls_cash_features_cash_full_clean_default,road_traffic_fines,gene,variant,HM,heuristics_miner,9fd05dcc49e5b232,132,0.9232130142183954,0.9916370973254746,0.0,0.988255529682136,0.9232130142183954,0.06842408310707915,0.06504251546374062,0.9309988671343333,0.0,102,5,196,5,
B4_apdtm_cls_cash_features_cash_full_clean_default,road_traffic_fines,simp,variant,HM,heuristics_miner,9fd05dcc49e5b232,132,0.5462184873949579,0.8,0.0,0.6571428571428571,0.5135135135135136,0.2537815126050421,0.11092436974789921,0.6827731092436974,0.22770398481973353,119,4,196,5,
B4_apdtm_cls_cash_features_cash_full_clean_default,road_traffic_fines,fit+pre,variant,HM,heuristics_miner,9fd05dcc49e5b232,132,0.9598795032511696,0.9901742494392978,0.0,0.9598795032511696,0.6500603519943688,0.03029474618812822,0.0,0.9694046313512161,1.0,44,1,196,5,
B4_apdtm_cls_cash_features_cash_full_clean_default,road_traffic_fines,fit+gen,variant,HM,heuristics_miner,9fd05dcc49e5b232,132,0.9257896813834257,0.9953412031561973,0.0,0.994127764841068,0.8116581555420307,0.06955152177277169,0.06833808345764236,0.9301229351781822,0.6254823818598328,80,4,196,5,
B4_apdtm_cls_cash_features_cash_full_clean_default,road_traffic_fines,fit+sim,variant,HM,heuristics_miner,9fd05dcc49e5b232,132,0.737292417971707,0.869886942078606,0.0,0.8118811881188119,0.6474545646390111,0.13259452410689898,0.07458877014710497,0.847572692848955,0.5463704808347665,101,4,196,5,
B4_apdtm_cls_cash_features_cash_full_clean_default,road_traffic_fines,pre+gen,variant,HM,heuristics_miner,9fd05dcc49e5b232,132,0.9573028360861393,0.9899221054016767,0.0,0.9573028360861393,0.7481559294923421,0.03261926931553738,0.0,0.9670486504568947,1.0,41,1,196,5,
B4_apdtm_cls_cash_features_cash_full_clean_default,road_traffic_fines,pre+sim,variant,HM,heuristics_miner,9fd05dcc49e5b232,132,0.7688055726744205,0.8710629687671056,0.0,0.7688055726744205,0.5107849214080309,0.10225739609268514,0.0,0.8826061952358975,1.0,108,1,196,5,
B4_apdtm_cls_cash_features_cash_full_clean_default,road_traffic_fines,gen+sim,variant,HM,heuristics_miner,9fd05dcc49e5b232,132,0.7347157508066766,0.8875669341178665,0.0,0.8213464480458768,0.7347157508066766,0.15285118331118985,0.08663069723920014,0.8277863027163069,0.0,103,5,196,5,
B4_apdtm_cls_cash_features_cash_full_clean_default,road_traffic_fines,mix-fit,variant,HM,heuristics_miner,9fd05dcc49e5b232,132,0.8703293357063786,0.917489504487446,0.0,0.8703293357063786,0.683796413733599,0.047160168781067435,0.0,0.9485986830907528,1.0,73,1,196,5,
B4_apdtm_cls_cash_features_cash_full_clean_default,road_traffic_fines,mix-prec,variant,HM,heuristics_miner,9fd05dcc49e5b232,132,0.9138160858962587,0.9485628625742423,0.0,0.9138160858962587,0.7510505419770113,0.03474677667798354,0.0,0.9633690311428739,1.0,65,1,196,5,
B4_apdtm_cls_cash_features_cash_full_clean_default,road_traffic_fines,mix-simp,variant,HM,heuristics_miner,9fd05dcc49e5b232,132,0.7807791681615874,0.8891275547093468,0.0,0.8027820914375106,0.717532475472829,0.10834838654775936,0.022002923275923125,0.8781407842172003,0.7419000305521751,91,3,196,5,
B4_apdtm_cls_cash_features_cash_full_clean_default,road_traffic_fines,mix-gen,variant,HM,heuristics_miner,9fd05dcc49e5b232,132,0.8242659183514679,0.9083681673400874,0.0,0.8242659183514679,0.750967531787418,0.08410224898861951,0.0,0.9074139187033707,1.0,88,1,196,5,
B4_apdtm_cls_cash_features_cash_full_clean_default,sepsis,equal,variant,HM,heuristics_miner,6e00f695b9765352,134,0.7189961247213809,0.835724100545018,0.0,0.7189961247213809,0.5249929107876445,0.11672797582363714,0.0,0.8603271393663137,1.0,112,1,196,5,
B4_apdtm_cls_cash_features_cash_full_clean_default,sepsis,fitn,variant,HM,heuristics_miner,6e00f695b9765352,134,0.8976826566461001,1.0,0.0,1.0,0.2658896119719338,0.10231734335389986,0.10231734335389986,0.8976826566461001,0.8606240355367536,66,4,196,5,
B4_apdtm_cls_cash_features_cash_full_clean_default,sepsis,prec,variant,HM,heuristics_miner,6e00f695b9765352,134,0.7033112582781457,1.0,0.0,0.7033112582781457,0.179251018798475,0.29668874172185433,0.0,0.7033112582781457,1.0,114,1,196,5,
B4_apdtm_cls_cash_features_cash_full_clean_default,sepsis,gene,variant,HM,heuristics_miner,6e00f695b9765352,134,0.841792203394476,0.9290801678868448,0.0,0.9266596408851776,0.841792203394476,0.08728796449236875,0.08486743749070158,0.9060490498996425,0.0,96,5,196,5,
B4_apdtm_cls_cash_features_cash_full_clean_default,sepsis,simp,variant,HM,heuristics_miner,6e00f695b9765352,134,0.4331983805668016,0.7567567567567567,0.0,0.6223776223776223,0.4331983805668016,0.3235583761899551,0.1891792418108207,0.5724407171775593,0.0,170,5,196,5,
B4_apdtm_cls_cash_features_cash_full_clean_default,sepsis,fit+pre,variant,HM,heuristics_miner,6e00f695b9765352,134,0.8004969574621229,0.9487189551442285,0.0,0.8004969574621229,0.354265925407767,0.14822199768210564,0.0,0.8437661681803624,1.0,96,1,196,5,
B4_apdtm_cls_cash_features_cash_full_clean_default,sepsis,fit+gen,variant,HM,heuristics_miner,6e00f695b9765352,134,0.869737430020288,0.9633298204425889,0.0,0.9633298204425889,0.5895342673708803,0.09359239042230083,0.09359239042230083,0.9028449151721463,0.749616094538326,72,4,196,5,
B4_apdtm_cls_cash_features_cash_full_clean_default,sepsis,fit+sim,variant,HM,heuristics_miner,6e00f695b9765352,134,0.6654405186064509,0.8140244733789898,0.0,0.8111888111888111,0.37207524076857557,0.14858395477253883,0.14574829258236022,0.817469916898479,0.6680852007309229,100,4,196,5,
B4_apdtm_cls_cash_features_cash_full_clean_default,sepsis,pre+gen,variant,HM,heuristics_miner,6e00f695b9765352,134,0.7725517308363108,0.9381130457761724,0.0,0.7725517308363108,0.5529553298418263,0.1655613149398616,0.0,0.8235166692486617,1.0,107,1,196,5,
B4_apdtm_cls_cash_features_cash_full_clean_default,sepsis,pre+sim,variant,HM,heuristics_miner,6e00f695b9765352,134,0.5682548194224737,0.8491941359263719,0.0,0.5682548194224737,0.3168982366719647,0.28093931650389825,0.0,0.6691695048065468,1.0,136,1,196,5,
B4_apdtm_cls_cash_features_cash_full_clean_default,sepsis,gen+sim,variant,HM,heuristics_miner,6e00f695b9765352,134,0.6374952919806388,0.8216829410862796,0.0,0.7624155479965967,0.6374952919806388,0.18418764910564078,0.12492025601595791,0.7758409723559048,0.0,140,5,196,5,
B4_apdtm_cls_cash_features_cash_full_clean_default,sepsis,mix-fit,variant,HM,heuristics_miner,6e00f695b9765352,134,0.7408853365946917,0.8604442533384715,0.0,0.7408853365946917,0.4261185826318798,0.11955891674377983,0.0,0.8610497818075971,1.0,97,1,196,5,
B4_apdtm_cls_cash_features_cash_full_clean_default,sepsis,mix-prec,variant,HM,heuristics_miner,6e00f695b9765352,134,0.7567185337155011,0.8992786495573217,0.0,0.7567185337155011,0.5520145817192966,0.1425601158418206,0.0,0.8414728116674435,1.0,107,1,196,5,
B4_apdtm_cls_cash_features_cash_full_clean_default,sepsis,mix-simp,variant,HM,heuristics_miner,6e00f695b9765352,134,0.6812737157272605,0.7905131280697297,0.0,0.7552038190935039,0.4979712398559925,0.10923941234246926,0.0739301033662434,0.8618120199860445,0.7125943238395892,108,4,196,5,
B4_apdtm_cls_cash_features_cash_full_clean_default,sepsis,mix-gen,variant,HM,heuristics_miner,6e00f695b9765352,134,0.69710691284807,0.8286673700233692,0.0,0.6992188269981966,0.6238672389434095,0.13156045717529918,0.0021119141501265704,0.8412385211069804,0.9719725329665113,128,3,196,5,
C0_cash_reg_apdtm_features_cash_real_default,bpi2013_closed_problems,equal,candidate,HM,heuristics_miner,596eb63f26ecfd51,60,0.7989866614480718,0.9163782860150957,0.0,0.8856717323021799,0.7989866614480718,0.1173916245670239,0.08668507085410804,0.8718961084537417,0.0,159,5,196,5,0.829811232071908
C0_cash_reg_apdtm_features_cash_real_default,bpi2013_closed_problems,fitn,candidate,IM,inductive_miner_im,8f8f99e301cae23f,60,1.0,1.0,0.0,1.0,0.6403632397723371,0.0,0.0,1.0,1.0,1,1,196,5,0.997547336590907
C0_cash_reg_apdtm_features_cash_real_default,bpi2013_closed_problems,prec,candidate,HM,heuristics_miner,596eb63f26ecfd51,60,0.8684298767708944,1.0,0.0,1.0,0.7923798798798799,0.13157012322910555,0.13157012322910555,0.8684298767708944,0.3662939644145051,165,2,196,5,0.9201488574558404
C0_cash_reg_apdtm_features_cash_real_default,bpi2013_closed_problems,gene,candidate,IMd,inductive_miner_imd,4c72c2e1b3cca3d2,60,0.9417621438127408,0.9751741745874558,0.0,0.9417621438127408,0.7139696253234955,0.033412030774714996,0.0,0.9657373711841274,1.0,13,1,196,5,0.9255640815848813
C0_cash_reg_apdtm_features_cash_real_default,bpi2013_closed_problems,simp,candidate,AM,alpha_miner_classic,7c5f11f12d85d342,60,1.0,1.0,0.0,1.0,0.6190476190476191,0.0,0.0,1.0,1.0,1,1,196,5,0.7479085622451431
C0_cash_reg_apdtm_features_cash_real_default,bpi2013_closed_problems,fit+pre,candidate,HM,heuristics_miner,596eb63f26ecfd51,60,0.9314647007105864,0.9833244744389686,0.0,0.9314647007105864,0.8201816198861686,0.05185977372838224,0.0,0.9472607719257974,1.0,49,1,196,5,0.9272926498443683
C0_cash_reg_apdtm_features_cash_real_default,bpi2013_closed_problems,fit+gen,candidate,IMd,inductive_miner_imd,4c72c2e1b3cca3d2,60,0.9708810719063704,0.9768396200213343,0.0,0.9708810719063704,0.7713434646043598,0.00595854811496388,0.0,0.9939001776823572,1.0,8,1,196,5,0.9609916924364574
C0_cash_reg_apdtm_features_cash_real_default,bpi2013_closed_problems,fit+sim,candidate,IMf,inductive_miner_imf,2bfbec63c5b94b8a,60,0.8301886792452831,0.8813768133238105,0.0,0.8421052631578947,0.8067735718489487,0.0511881340785274,0.011916583912611634,0.9419225315384814,0.6627225170623418,53,2,196,5,0.8345191980660528
C0_cash_reg_apdtm_features_cash_real_default,bpi2013_closed_problems,pre+gen,candidate,HM,heuristics_miner,596eb63f26ecfd51,60,0.791199751047195,0.9873630729568104,0.0,0.9511618447181912,0.791199751047195,0.19616332190961538,0.15996209367099623,0.8013260498773018,0.0,189,5,196,5,0.8864331273209927
C0_cash_reg_apdtm_features_cash_real_default,bpi2013_closed_problems,pre+sim,candidate,HM,heuristics_miner,596eb63f26ecfd51,60,0.7437387479092568,1.0,0.0,1.0,0.7267954731728345,0.25626125209074324,0.25626125209074324,0.7437387479092568,0.062016815508847176,173,2,196,5,0.7660455444342953
C0_cash_reg_apdtm_features_cash_real_default,bpi2013_closed_problems,gen+sim,candidate,AM,alpha_miner_classic,7c5f11f12d85d342,60,0.9511618447181912,0.9875870872937279,0.0,0.9511618447181912,0.6665086221855573,0.0364252425755367,0.0,0.9631169311099922,1.0,4,1,196,5,0.8229826133421735
C0_cash_reg_apdtm_features_cash_real_default,bpi2013_closed_problems,mix-fit,candidate,HM,heuristics_miner,596eb63f26ecfd51,60,0.853535259233253,0.9341168759050021,0.0,0.8687322836083959,0.8463776648525732,0.08058161667174912,0.01519702437514292,0.9137349739092562,0.320184139969531,90,4,196,5,0.8574794201310753
C0_cash_reg_apdtm_features_cash_real_default,bpi2013_closed_problems,mix-prec,candidate,HM,heuristics_miner,596eb63f26ecfd51,60,0.8223675051402238,0.9478472946591554,0.0,0.898769754785382,0.8223675051402238,0.12547978951893157,0.07640224964515818,0.8676160282083688,0.0,164,5,196,5,0.8719562737260337
C0_cash_reg_apdtm_features_cash_real_default,bpi2013_closed_problems,mix-simp,candidate,IMf,inductive_miner_imf,2bfbec63c5b94b8a,60,0.8188859806039843,0.8876203584183078,0.0,0.8725737098189776,0.7756058177559197,0.06873437781432346,0.05368772921499332,0.9225633153155652,0.44633498704828634,71,3,196,5,0.8192963258521524
C0_cash_reg_apdtm_features_cash_real_default,bpi2013_closed_problems,mix-gen,candidate,IMf,inductive_miner_imf,2bfbec63c5b94b8a,60,0.8075832819626856,0.9265291608189077,0.0,0.9249657997517868,0.7444380636628907,0.1189458788562221,0.11738251778910125,0.8716220882340148,0.34978125615390593,147,3,196,5,0.8040734536382518
C0_cash_reg_apdtm_features_cash_real_default,bpi2013_incidents,equal,candidate,HM,heuristics_miner,10cce99744388f4f,60,0.8512319772476271,0.9227713113840779,0.0,0.8512319772476271,0.6771578170832514,0.07153933413645075,0.0,0.9224733872261938,1.0,76,1,196,5,0.7820435851504458
C0_cash_reg_apdtm_features_cash_real_default,bpi2013_incidents,fitn,candidate,IM,inductive_miner_im,1d6773312dd28578,60,1.0,1.0,0.0,1.0,0.2261167659340351,0.0,0.0,1.0,1.0,1,1,196,5,0.9998461772768807
C0_cash_reg_apdtm_features_cash_real_default,bpi2013_incidents,prec,candidate,HM,heuristics_miner,10cce99744388f4f,60,0.8850810072924525,1.0,0.0,0.8850810072924525,0.6000158860441103,0.11491899270754746,0.0,0.8850810072924525,1.0,125,1,196,5,0.829630500509726
C0_cash_reg_apdtm_features_cash_real_default,bpi2013_incidents,gene,candidate,IMd,inductive_miner_imd,e926d4fdd2959901,60,0.9374222306098524,0.9924026869731328,0.0,0.9374222306098524,0.871132170779936,0.05498045636328042,0.0,0.9445986421792418,1.0,65,1,196,5,0.9027784818386542
C0_cash_reg_apdtm_features_cash_real_default,bpi2013_incidents,simp,candidate,AM,alpha_miner_classic,ed85abd9c8a01ce2,60,1.0,1.0,0.0,1.0,0.6216216216216216,0.0,0.0,1.0,1.0,1,1,196,5,0.7550258285598294
C0_cash_reg_apdtm_features_cash_real_default,bpi2013_incidents,fit+pre,candidate,HM,heuristics_miner,10cce99744388f4f,60,0.9404450614048587,0.9765794350540196,0.0,0.9404450614048587,0.41306632598907267,0.036134373649160834,0.0,0.9629990430351812,1.0,49,1,196,5,0.8865193751891578
C0_cash_reg_apdtm_features_cash_real_default,bpi2013_incidents,fit+gen,candidate,IMd,inductive_miner_imd,e926d4fdd2959901,60,0.9687111153049262,0.9948630084104291,0.0,0.9687111153049262,0.5543076911444477,0.02615189310550292,0.0,0.9737130711621413,1.0,7,1,196,5,0.9511328697141285
C0_cash_reg_apdtm_features_cash_real_default,bpi2013_incidents,fit+sim,candidate,IMf,inductive_miner_imf,ecc1d0166bfd7823,60,0.8333333333333333,0.8762171658937965,0.0,0.8421052631578947,0.6130583829670175,0.04288383256046324,0.00877192982456143,0.9510579862736208,0.9617024697422147,24,2,196,5,0.8197771846390824
C0_cash_reg_apdtm_features_cash_real_default,bpi2013_incidents,pre+gen,candidate,HM,heuristics_miner,10cce99744388f4f,60,0.893748585925811,0.9962013434865664,0.0,0.893748585925811,0.7412572511994853,0.10245275756075545,0.0,0.8971565755952657,1.0,132,1,196,5,0.7985843747207649
C0_cash_reg_apdtm_features_cash_real_default,bpi2013_incidents,pre+sim,candidate,HM,heuristics_miner,10cce99744388f4f,60,0.7533513144570371,1.0,0.0,0.8000079430220551,0.6462487440701031,0.24664868554296293,0.046656628565018066,0.7533513144570371,0.6965604082029737,154,2,196,5,0.7086139209006947
C0_cash_reg_apdtm_features_cash_real_default,bpi2013_incidents,gen+sim,candidate,AM,alpha_miner_classic,ed85abd9c8a01ce2,60,0.94124930817743,0.9962013434865664,0.0,0.94124930817743,0.7620188930903955,0.05495203530913639,0.0,0.944838424813992,1.0,4,1,196,5,0.817592046436394
C0_cash_reg_apdtm_features_cash_real_default,bpi2013_incidents,mix-fit,candidate,HM,heuristics_miner,10cce99744388f4f,60,0.8784138891748832,0.9349837317539983,0.0,0.8784138891748832,0.5587013338223332,0.056569842579115126,0.0,0.9394964418546706,1.0,55,1,196,5,0.8205257432518668
C0_cash_reg_apdtm_features_cash_real_default,bpi2013_incidents,mix-prec,candidate,HM,heuristics_miner,10cce99744388f4f,60,0.8860812375503468,0.9521545943141786,0.0,0.8860812375503468,0.6499792925109091,0.06607335676383175,0.0,0.9306064822263203,1.0,82,1,196,5,0.8095550589863156
C0_cash_reg_apdtm_features_cash_real_default,bpi2013_incidents,mix-simp,candidate,IM,inductive_miner_im,1d6773312dd28578,60,0.8034761829700079,0.893388028453977,0.0,0.8237417114451061,0.7043363416555937,0.08991184548396913,0.020265528475098216,0.8993585736317028,0.8302795886749293,95,3,196,5,0.7922305526266227
C0_cash_reg_apdtm_features_cash_real_default,bpi2013_incidents,mix-gen,candidate,IM,inductive_miner_im,1d6773312dd28578,60,0.7736190326066823,0.9176337438459292,0.0,0.8240500653203712,0.7736190326066823,0.14401471123924692,0.05043103271368887,0.8430586143926427,0.0,171,4,196,5,0.7672890349362415
C0_cash_reg_apdtm_features_cash_real_default,bpi2013_open_problems,equal,candidate,IMf,inductive_miner_imf,c3dd65d421b2ed6e,60,0.8830533310680836,0.9162455491114012,0.0,0.9162455491114012,0.7971612190845068,0.03319221804331762,0.03319221804331762,0.9637736651757727,0.7212713206194185,21,2,196,5,0.798264657347284
C0_cash_reg_apdtm_features_cash_real_default,bpi2013_open_problems,fitn,candidate,IMd,inductive_miner_imd,4b39f6be45649b32,60,0.98974515179206,1.0,0.0,1.0,0.5167192429022083,0.010254848207939982,0.010254848207939982,0.98974515179206,0.9787807644783487,32,4,196,5,0.9979099554989074
C0_cash_reg_apdtm_features_cash_real_default,bpi2013_open_problems,prec,candidate,HM,heuristics_miner,e69aab0f7954cd28,60,0.9620563035495716,1.0,0.0,1.0,0.9065645824471856,0.03794369645042839,0.03794369645042839,0.9620563035495716,0.5939045659106653,121,3,196,5,0.8616372064945789
C0_cash_reg_apdtm_features_cash_real_default,bpi2013_open_problems,gene,candidate,IMd,inductive_miner_imd,4b39f6be45649b32,60,0.96197551956781,0.9656228232165908,0.0,0.96197551956781,0.8611132579521872,0.003647303648780742,0.0,0.9962228485480167,1.0,5,1,196,5,0.9108329717649976
C0_cash_reg_apdtm_features_cash_real_default,bpi2013_open_problems,simp,candidate,AM,alpha_miner_classic,65361c91085f4e7e,60,0.7142857142857143,1.0,0.0,0.7391304347826086,0.625,0.2857142857142857,0.024844720496894346,0.7142857142857143,0.7823129251700685,36,2,196,5,0.8509031391691384
C0_cash_reg_apdtm_features_cash_real_default,bpi2013_open_problems,fit+pre,candidate,HM,heuristics_miner,e69aab0f7954cd28,60,0.9784217956288298,0.9819381210475933,0.0,0.9819381210475933,0.7583596214511041,0.003516325418763455,0.003516325418763455,0.9964189949006033,0.9842725243030539,24,2,196,5,0.8972154271138086
C0_cash_reg_apdtm_features_cash_real_default,bpi2013_open_problems,fit+gen,candidate,IMd,inductive_miner_imd,4b39f6be45649b32,60,0.975860335679935,0.9828114116082953,0.0,0.975860335679935,0.7371795810261562,0.006951075928360306,0.0,0.9929273552929291,1.0,14,1,196,5,0.9543714636319525
C0_cash_reg_apdtm_features_cash_real_default,bpi2013_open_problems,fit+sim,candidate,IMf,inductive_miner_imf,c3dd65d421b2ed6e,60,0.846153846153846,0.8644377932873344,0.0,0.8644377932873344,0.6155024785939613,0.018283947133488354,0.018283947133488354,0.9788487416035374,0.9265514129403067,3,2,196,5,0.8203671418670622
C0_cash_reg_apdtm_features_cash_real_default,bpi2013_open_problems,pre+gen,candidate,HM,heuristics_miner,e69aab0f7954cd28,60,0.9115847807508795,0.9793652708841788,0.0,0.9788199595750521,0.9115847807508795,0.06778049013329934,0.06723517882417263,0.9307914093460691,0.0,95,5,196,5,0.8248552349033236
C0_cash_reg_apdtm_features_cash_real_default,bpi2013_open_problems,pre+sim,candidate,AM,alpha_miner_classic,65361c91085f4e7e,60,0.8571428571428572,0.9951923076923077,0.0,0.8571428571428572,0.7935281517747859,0.1380494505494505,0.0,0.8612836438923396,1.0,25,1,196,5,0.7987192427590875
C0_cash_reg_apdtm_features_cash_real_default,bpi2013_open_problems,gen+sim,candidate,AM,alpha_miner_classic,65361c91085f4e7e,60,0.8359628167179092,0.9788199595750521,0.0,0.8505529771752094,0.7430566289760936,0.1428571428571429,0.014590160457300216,0.8540516655185869,0.8642729664613832,36,2,196,5,0.8581605506013759
C0_cash_reg_apdtm_features_cash_real_default,bpi2013_open_problems,mix-fit,candidate,HM,heuristics_miner,e69aab0f7954cd28,60,0.8976431319433255,0.9321610267210647,0.0,0.9321610267210647,0.7453088319330367,0.034517894777739255,0.034517894777739255,0.9629700300825083,0.8152663134789634,45,4,196,5,0.8309127060833597
C0_cash_reg_apdtm_features_cash_real_default,bpi2013_open_problems,mix-prec,candidate,HM,heuristics_miner,e69aab0f7954cd28,60,0.9046139563471023,0.9501071658282663,0.0,0.9501071658282663,0.8620643957540441,0.045493209481163976,0.045493209481163976,0.9521178124769696,0.4832828471569882,64,4,196,5,0.8278839704933415
C0_cash_reg_apdtm_features_cash_real_default,bpi2013_open_problems,mix-simp,candidate,IMf,inductive_miner_imf,c3dd65d421b2ed6e,60,0.8542477450712869,0.8823839323945362,0.0,0.8823839323945362,0.7322580424149691,0.028136187323249295,0.028136187323249295,0.9681134409973947,0.812582710902971,13,2,196,5,0.8008248366990685
C0_cash_reg_apdtm_features_cash_real_default,bpi2013_open_problems,mix-gen,candidate,AM,alpha_miner_classic,65361c91085f4e7e,60,0.8490136062359769,0.9253321454132266,0.0,0.9003300715017378,0.823835292661598,0.07631853917724973,0.05131646526576095,0.9175230866499638,0.3291507467064771,53,4,196,5,0.8060783109382967
C0_cash_reg_apdtm_features_cash_real_default,bpi2017,equal,candidate,HM,heuristics_miner,811f4a70bfa6226f,60,0.7897159833979309,0.8802301190425359,0.0,0.7897159833979309,0.5001675983519174,0.09051413564460498,0.0,0.8971699176312428,1.0,51,1,196,5,0.7175261889813638
C0_cash_reg_apdtm_features_cash_real_default,bpi2017,fitn,candidate,IMd,inductive_miner_imd,9d837cc3c8eeb105,60,1.0,1.0,0.0,1.0,0.495774473479623,0.0,0.0,1.0,1.0,1,1,196,5,0.9959400813119322
C0_cash_reg_apdtm_features_cash_real_default,bpi2017,prec,candidate,HM,heuristics_miner,811f4a70bfa6226f,60,0.9977548056712652,0.9982184707429071,0.0,0.9977548056712652,0.1259019512485154,0.0004636650716419721,0.0,0.9995355074212393,1.0,4,1,196,5,0.7883517771013466
C0_cash_reg_apdtm_features_cash_real_default,bpi2017,gene,candidate,IMd,inductive_miner_imd,9d837cc3c8eeb105,60,0.988416241415834,0.99095165942404,0.0,0.988416241415834,0.8436482021383097,0.002535418008206003,0.0,0.9974414311898124,1.0,5,1,196,5,0.842224980538741
C0_cash_reg_apdtm_features_cash_real_default,bpi2017,simp,candidate,IMf,inductive_miner_imf,8f11ab03a7eddc83,60,0.6170212765957447,0.7701149425287357,0.0,0.6170212765957447,0.392,0.153093665932991,0.0,0.801206732295967,1.0,47,1,196,5,0.5862127388051408
C0_cash_reg_apdtm_features_cash_real_default,bpi2017,fit+pre,candidate,HM,heuristics_miner,811f4a70bfa6226f,60,0.9168671249859663,0.9550451175767805,0.0,0.9168671249859663,0.31083821236406917,0.038177992590814114,0.0,0.9600249329710386,1.0,30,1,196,5,0.8378701296002729
C0_cash_reg_apdtm_features_cash_real_default,bpi2017,fit+gen,candidate,IMd,inductive_miner_imd,9d837cc3c8eeb105,60,0.994208120707917,0.9949668505231788,0.0,0.994208120707917,0.7413842210795771,0.000758729815261816,0.0,0.9992374320663419,1.0,4,1,196,5,0.9190825309253365
C0_cash_reg_apdtm_features_cash_real_default,bpi2017,fit+sim,candidate,IMf,inductive_miner_imf,8f11ab03a7eddc83,60,0.8085106382978724,0.8402404432249244,0.0,0.8085106382978724,0.4438872367398115,0.03172980492705202,0.0,0.9622372319936542,1.0,13,1,196,5,0.7910764100585366
C0_cash_reg_apdtm_features_cash_real_default,bpi2017,pre+gen,candidate,HM,heuristics_miner,811f4a70bfa6226f,60,0.9207015039047874,0.9859199935085099,0.0,0.9207015039047874,0.5564479599640234,0.06521848960372245,0.0,0.9338501196515602,1.0,37,1,196,5,0.7363005103505187
C0_cash_reg_apdtm_features_cash_real_default,bpi2017,pre+sim,candidate,HM,heuristics_miner,811f4a70bfa6226f,60,0.7396181435763733,0.8723812160130642,0.0,0.7396181435763733,0.25895097562425773,0.13276307243669083,0.0,0.8478153013845926,1.0,45,1,196,5,0.6492335151132826
C0_cash_reg_apdtm_features_cash_real_default,bpi2017,gen+sim,candidate,IMf,inductive_miner_imf,8f11ab03a7eddc83,60,0.7963457765194307,0.8792604640175905,0.0,0.7963457765194307,0.6625648418098955,0.08291468749815978,0.0,0.9056995157961509,1.0,16,1,196,5,0.708914443139966
C0_cash_reg_apdtm_features_cash_real_default,bpi2017,mix-fit,candidate,HM,heuristics_miner,811f4a70bfa6226f,60,0.8143793359317738,0.8744182289149186,0.0,0.8143793359317738,0.413179771634357,0.0600388929831448,0.0,0.9313384705421247,1.0,49,1,196,5,0.7619089009550966
C0_cash_reg_apdtm_features_cash_real_default,bpi2017,mix-prec,candidate,HM,heuristics_miner,811f4a70bfa6226f,60,0.8675404199182805,0.9247332260272323,0.0,0.8675404199182805,0.48481386579919006,0.05719280610895183,0.0,0.9381521021423019,1.0,38,1,196,5,0.7491047056528074
C0_cash_reg_apdtm_features_cash_real_default,bpi2017,mix-simp,candidate,IMf,inductive_miner_imf,8f11ab03a7eddc83,60,0.7712039241360872,0.8548318499663207,0.0,0.7712039241360872,0.5155213309046448,0.08362792583023348,0.0,0.9021703205916716,1.0,35,1,196,5,0.7291476174822515
C0_cash_reg_apdtm_features_cash_real_default,bpi2017,mix-gen,candidate,HM,heuristics_miner,811f4a70bfa6226f,60,0.7650526308640881,0.8969137795391169,0.0,0.7650526308640881,0.587155425069478,0.13186114867502874,0.0,0.8529834732355365,1.0,60,1,196,5,0.673143477007631
C0_cash_reg_apdtm_features_cash_real_default,bpi2020_domestic,equal,candidate,HM,heuristics_miner,7ff65ee42a91cefb,60,0.782697276145632,0.9013014428805918,0.0,0.782697276145632,0.5280586222617515,0.11860416673495977,0.0,0.868407880990519,1.0,137,1,196,5,0.7638856849033638
C0_cash_reg_apdtm_features_cash_real_default,bpi2020_domestic,fitn,candidate,IMf,inductive_miner_imf,e2ae705eb727870e,60,1.0,1.0,0.0,1.0,0.723032771051894,0.0,0.0,1.0,1.0,1,1,196,5,0.9998537666388093
C0_cash_reg_apdtm_features_cash_real_default,bpi2020_domestic,prec,candidate,HM,heuristics_miner,7ff65ee42a91cefb,60,0.8670356093278883,0.986007752461474,0.0,0.8670356093278883,0.1975518121669374,0.11897214313358573,0.0,0.8793395459248843,1.0,108,1,196,5,0.7974307018014941
C0_cash_reg_apdtm_features_cash_real_default,bpi2020_domestic,gene,candidate,IMd,inductive_miner_imd,255e1ab22bf1c92a,60,0.8421750047212035,0.9326053854610896,0.0,0.8554073029005208,0.7516056740657073,0.09043038073988607,0.013232298179317259,0.9030346788152244,0.8725232125174577,92,3,196,5,0.8940254936495754
C0_cash_reg_apdtm_features_cash_real_default,bpi2020_domestic,simp,candidate,IMf,inductive_miner_imf,e2ae705eb727870e,60,0.6000000000000001,0.875,0.0,0.6000000000000001,0.3541666666666666,0.2749999999999999,0.0,0.6857142857142858,1.0,125,1,196,5,0.6086334810829813
C0_cash_reg_apdtm_features_cash_real_default,bpi2020_domestic,fit+pre,candidate,HM,heuristics_miner,7ff65ee42a91cefb,60,0.896113454388845,0.980580685505521,0.0,0.896113454388845,0.48650745759222797,0.08446723111667598,0.0,0.9138599889175562,1.0,125,1,196,5,0.8669621459077154
C0_cash_reg_apdtm_features_cash_real_default,bpi2020_domestic,fit+gen,candidate,IMd,inductive_miner_imd,255e1ab22bf1c92a,60,0.9210875023606018,0.9529492086056026,0.0,0.9277036514502603,0.7540428391238887,0.03186170624500084,0.006616149089658574,0.9665651579777035,0.9619018879329873,38,3,196,5,0.9469139930236725
C0_cash_reg_apdtm_features_cash_real_default,bpi2020_domestic,fit+sim,candidate,IMf,inductive_miner_imf,e2ae705eb727870e,60,0.8,0.892967594352212,0.0,0.8,0.5385997188592803,0.09296759435221191,0.0,0.8958891734255444,1.0,60,1,196,5,0.8042436238608953
C0_cash_reg_apdtm_features_cash_real_default,bpi2020_domestic,pre+gen,candidate,HM,heuristics_miner,7ff65ee42a91cefb,60,0.8093206416967977,0.957510356458128,0.0,0.8093206416967977,0.5175175256642226,0.14818971476133025,0.0,0.8452343478461263,1.0,134,1,196,5,0.7878490199214159
C0_cash_reg_apdtm_features_cash_real_default,bpi2020_domestic,pre+sim,candidate,HM,heuristics_miner,7ff65ee42a91cefb,60,0.7269960655335093,0.8607303005919194,0.0,0.7269960655335093,0.3020744053996142,0.1337342350584101,0.0,0.8446270161902726,1.0,128,1,196,5,0.6703909057790907
C0_cash_reg_apdtm_features_cash_real_default,bpi2020_domestic,gen+sim,candidate,IMf,inductive_miner_imf,e2ae705eb727870e,60,0.7277036514502604,0.836843156586478,0.0,0.7277036514502604,0.569609786931275,0.10913950513621762,0.0,0.8695818872661841,1.0,120,1,196,5,0.7452917346126644
C0_cash_reg_apdtm_features_cash_real_default,bpi2020_domestic,mix-fit,candidate,HM,heuristics_miner,7ff65ee42a91cefb,60,0.822739074332684,0.9217713572150562,0.0,0.822739074332684,0.5135463757134479,0.0990322828823722,0.0,0.8925630720598892,1.0,129,1,196,5,0.8003236023014941
C0_cash_reg_apdtm_features_cash_real_default,bpi2020_domestic,mix-prec,candidate,HM,heuristics_miner,7ff65ee42a91cefb,60,0.8160298580147407,0.9396408568365918,0.0,0.8160298580147407,0.5155319506888351,0.12361099882185111,0.0,0.86844867597818,1.0,131,1,196,5,0.7940863111114547
C0_cash_reg_apdtm_features_cash_real_default,bpi2020_domestic,mix-simp,candidate,IMf,inductive_miner_imf,e2ae705eb727870e,60,0.7501620398307685,0.8629620289245914,0.0,0.7501620398307685,0.5405852938346677,0.11279998909382294,0.0,0.8692874248077955,1.0,156,1,196,5,0.7572112979511034
C0_cash_reg_apdtm_features_cash_real_default,bpi2020_domestic,mix-gen,candidate,HM,heuristics_miner,7ff65ee42a91cefb,60,0.7426554779585799,0.88113234738198,0.0,0.7426554779585799,0.5425708688100551,0.1384768694234001,0.0,0.8428421452976473,1.0,140,1,196,5,0.7274477675052337
C0_cash_reg_apdtm_features_cash_real_default,bpi2020_international,equal,candidate,HM,heuristics_miner,a8fc09154990e706,60,0.748944593081187,0.8501918473231604,0.0,0.748944593081187,0.42730621361870447,0.10124725424197345,0.0,0.8809124616276295,1.0,74,1,196,5,0.7194907529821082
C0_cash_reg_apdtm_features_cash_real_default,bpi2020_international,fitn,candidate,IMf,inductive_miner_imf,a5329eb78541c284,60,0.9707533277618512,1.0,0.0,1.0,0.543631678095892,0.029246672238148808,0.029246672238148808,0.9707533277618512,0.9359143243857883,11,2,196,5,0.998413567398986
C0_cash_reg_apdtm_features_cash_real_default,bpi2020_international,prec,candidate,HM,heuristics_miner,a8fc09154990e706,60,0.914192461570857,1.0,0.0,0.914192461570857,0.0,0.08580753842914302,0.0,0.914192461570857,1.0,28,1,196,5,0.7787274489350042
C0_cash_reg_apdtm_features_cash_real_default,bpi2020_international,gene,candidate,IMf,inductive_miner_imf,a5329eb78541c284,60,0.8766720880937127,0.9418786896404474,0.0,0.9085268002629592,0.6807656098412334,0.06520660154673474,0.03185471216924651,0.9307696391648624,0.8601398591644877,55,3,196,5,0.8559451356759733
C0_cash_reg_apdtm_features_cash_real_default,bpi2020_international,simp,candidate,IMf,inductive_miner_imf,a5329eb78541c284,60,0.6222222222222222,0.726190476190476,0.0,0.6222222222222222,0.2668810289389067,0.10396825396825382,0.0,0.8568306010928963,1.0,55,1,196,5,0.5660102172792636
C0_cash_reg_apdtm_features_cash_real_default,bpi2020_international,fit+pre,candidate,HM,heuristics_miner,a8fc09154990e706,60,0.9075063812417573,0.9444725618292222,0.0,0.9075063812417573,0.271815839047946,0.036966180587464925,0.0,0.9608605034371035,1.0,33,1,196,5,0.8466574023943931
C0_cash_reg_apdtm_features_cash_real_default,bpi2020_international,fit+gen,candidate,IMf,inductive_miner_imf,a5329eb78541c284,60,0.9237127079277819,0.9642924535411258,0.0,0.9542634001314796,0.7211719127679556,0.040579745613343876,0.03055069220369766,0.9579175949533518,0.8689326129012531,18,2,196,5,0.9271793515374797
C0_cash_reg_apdtm_features_cash_real_default,bpi2020_international,fit+sim,candidate,IMf,inductive_miner_imf,a5329eb78541c284,60,0.7964877749920367,0.8252695672008914,0.0,0.7964877749920367,0.4052563535173993,0.028781792208854684,0.0,0.9651243746858674,1.0,18,1,196,5,0.7822118923391248
C0_cash_reg_apdtm_features_cash_real_default,bpi2020_international,pre+gen,candidate,HM,heuristics_miner,a8fc09154990e706,60,0.7974790357060452,0.9244692854293903,0.0,0.7974790357060452,0.4493560737200096,0.12699024972334516,0.0,0.8626344306675784,1.0,62,1,196,5,0.7347502551425209
C0_cash_reg_apdtm_features_cash_real_default,bpi2020_international,pre+sim,candidate,HM,heuristics_miner,a8fc09154990e706,60,0.7070962307854285,0.863095238095238,0.0,0.7070962307854285,0.13344051446945335,0.15599900730980953,0.0,0.8192563225651862,1.0,49,1,196,5,0.6363012973623066
C0_cash_reg_apdtm_features_cash_real_default,bpi2020_international,gen+sim,candidate,IMf,inductive_miner_imf,a5329eb78541c284,60,0.7494471551579674,0.8021013140485984,0.0,0.7494471551579674,0.5827965881894629,0.052654158890630964,0.0,0.934354728051922,1.0,45,1,196,5,0.7109776764776184
C0_cash_reg_apdtm_features_cash_real_default,bpi2020_international,mix-fit,candidate,HM,heuristics_miner,a8fc09154990e706,60,0.8026624198204434,0.8651430903153831,0.0,0.8026624198204434,0.36070009177014006,0.06248067049493966,0.0,0.9277799577961575,1.0,55,1,196,5,0.7673055123149396
C0_cash_reg_apdtm_features_cash_real_default,bpi2020_international,mix-prec,candidate,HM,heuristics_miner,a8fc09154990e706,60,0.8000707277632442,0.8789785552291673,0.0,0.8000707277632442,0.4050280827450747,0.07890782746592317,0.0,0.910227812730482,1.0,61,1,196,5,0.7510278837287301
C0_cash_reg_apdtm_features_cash_real_default,bpi2020_international,mix-simp,candidate,IMf,inductive_miner_imf,a5329eb78541c284,60,0.7380189347317311,0.8280233355013684,0.0,0.7380189347317311,0.4495843444923341,0.09000440076963734,0.0,0.8913020963169599,1.0,76,1,196,5,0.7219792794472222
C0_cash_reg_apdtm_features_cash_real_default,bpi2020_international,mix-gen,candidate,HM,heuristics_miner,a8fc09154990e706,60,0.6952267663419306,0.8352406043309378,0.0,0.6952267663419306,0.4939123354672689,0.14001383798900724,0.0,0.8323670601465022,1.0,109,1,196,5,0.6716759936492768
C0_cash_reg_apdtm_features_cash_real_default,bpi2020_payment,equal,candidate,HM,heuristics_miner,67cd1ccc54854e66,60,0.7459843675155176,0.8696763776738392,0.0,0.7459843675155176,0.4539079536155171,0.12369201015832165,0.0,0.8577723698910094,1.0,129,1,196,5,0.741511145748166
C0_cash_reg_apdtm_features_cash_real_default,bpi2020_payment,fitn,candidate,IMd,inductive_miner_imd,8cefc3b841ae652c,60,1.0,1.0,0.0,1.0,0.6986954515961711,0.0,0.0,1.0,1.0,1,1,196,5,0.9994074771933086
C0_cash_reg_apdtm_features_cash_real_default,bpi2020_payment,prec,candidate,HM,heuristics_miner,67cd1ccc54854e66,60,0.8082905921163525,1.0,0.0,0.8082905921163525,0.0,0.19170940788364754,0.0,0.8082905921163525,1.0,103,1,196,5,0.8327425405981905
C0_cash_reg_apdtm_features_cash_real_default,bpi2020_payment,gene,candidate,IMf,inductive_miner_imf,8029fc494c1c09a0,60,0.8669709790187637,0.9042989365923124,0.0,0.8669709790187637,0.6750512131653676,0.037327957573548676,0.0,0.9587216615401403,1.0,4,1,196,5,0.8572841171194727
C0_cash_reg_apdtm_features_cash_real_default,bpi2020_payment,simp,candidate,IMf,inductive_miner_imf,8029fc494c1c09a0,60,0.6000000000000001,0.8214285714285714,0.0,0.6000000000000001,0.3333333333333333,0.2214285714285713,0.0,0.7304347826086958,1.0,105,1,196,5,0.573056302922456
C0_cash_reg_apdtm_features_cash_real_default,bpi2020_payment,fit+pre,candidate,HM,heuristics_miner,67cd1ccc54854e66,60,0.8729305234063345,0.9825892284678609,0.0,0.8729305234063345,0.34934772579808554,0.10965870506152642,0.0,0.8883982218769935,1.0,101,1,196,5,0.8743814942150201
C0_cash_reg_apdtm_features_cash_real_default,bpi2020_payment,fit+gen,candidate,IMd,inductive_miner_imd,8cefc3b841ae652c,60,0.917542285098788,0.9514970823370221,0.0,0.9334854895093818,0.7411492405643676,0.033954797238234136,0.015943204410593825,0.96431434434372,0.9171076461247213,9,3,196,5,0.9275865759242187
C0_cash_reg_apdtm_features_cash_real_default,bpi2020_payment,fit+sim,candidate,IMf,inductive_miner_imf,8029fc494c1c09a0,60,0.8,0.8691224178435837,0.0,0.8,0.5160143924647522,0.06912241784358364,0.0,0.9204687206031502,1.0,56,1,196,5,0.7851864140899916
C0_cash_reg_apdtm_features_cash_real_default,bpi2020_payment,pre+gen,candidate,HM,heuristics_miner,67cd1ccc54854e66,60,0.7416709026408601,0.916868426053467,0.0,0.7416709026408601,0.391801514766282,0.17519752341260686,0.0,0.8089174864852525,1.0,127,1,196,5,0.7743990442102627
C0_cash_reg_apdtm_features_cash_real_default,bpi2020_payment,pre+sim,candidate,HM,heuristics_miner,67cd1ccc54854e66,60,0.6856579011001931,0.87,0.0,0.6856579011001931,0.16666666666666666,0.1843420988998069,0.0,0.788112530000222,1.0,122,1,196,5,0.6669842936692396
C0_cash_reg_apdtm_features_cash_real_default,bpi2020_payment,gen+sim,candidate,IMf,inductive_miner_imf,8029fc494c1c09a0,60,0.7334854895093819,0.7955758933524278,0.0,0.7334854895093819,0.5584681814329486,0.06209040384304598,0.0,0.9219553981438439,1.0,54,1,196,5,0.7151702100209644
C0_cash_reg_apdtm_features_cash_real_default,bpi2020_payment,mix-fit,candidate,HM,heuristics_miner,67cd1ccc54854e66,60,0.7976255228467759,0.9053177010011466,0.0,0.7976255228467759,0.42450515025839153,0.10769217815437071,0.0,0.8810448773560053,1.0,121,1,196,5,0.7880817054424885
C0_cash_reg_apdtm_features_cash_real_default,bpi2020_payment,mix-prec,candidate,HM,heuristics_miner,67cd1ccc54854e66,60,0.7696482127438178,0.9102277500261443,0.0,0.7696482127438178,0.40815333251233665,0.14057953728232653,0.0,0.8455556455202682,1.0,126,1,196,5,0.7812403748263752
C0_cash_reg_apdtm_features_cash_real_default,bpi2020_payment,mix-simp,candidate,IMf,inductive_miner_imf,8029fc494c1c09a0,60,0.7427293481371395,0.829125005321534,0.0,0.7427293481371395,0.49966257471869746,0.08639565718439446,0.0,0.895798996978881,1.0,147,1,196,5,0.730789306688113
C0_cash_reg_apdtm_features_cash_real_default,bpi2020_payment,mix-gen,candidate,HM,heuristics_miner,67cd1ccc54854e66,60,0.6943432121842593,0.836099433132433,0.0,0.6943432121842593,0.48331075697264275,0.14175622094817364,0.0,0.8304553079086703,1.0,145,1,196,5,0.6949405860538437
C0_cash_reg_apdtm_features_cash_real_default,bpi2020_permit,equal,candidate,HM,heuristics_miner,8dc0dde1f149f92e,60,0.6953084541835005,0.8429076490043279,0.0,0.6953084541835005,0.0,0.1475991948208274,0.0,0.8248928040987922,1.0,86,1,196,5,0.7449859455627073
C0_cash_reg_apdtm_features_cash_real_default,bpi2020_permit,fitn,candidate,IMd,inductive_miner_imd,83bfdaba62b71641,60,1.0,1.0,0.0,1.0,0.0,0.0,0.0,1.0,1.0,1,1,196,5,1.0
C0_cash_reg_apdtm_features_cash_real_default,bpi2020_permit,prec,candidate,HM,heuristics_miner,8dc0dde1f149f92e,60,0.8137442437123628,0.9911533085603246,0.0,0.8137442437123628,0.0,0.17740906484796182,0.0,0.8210074432323159,1.0,43,1,196,5,0.7305078268199534
C0_cash_reg_apdtm_features_cash_real_default,bpi2020_permit,gene,candidate,IMd,inductive_miner_imd,83bfdaba62b71641,60,0.8652393738255396,0.9078165537742844,0.0,0.8652393738255396,0.0,0.04257717994874477,0.0,0.9530993571644751,1.0,41,1,196,5,0.9158281980068362
C0_cash_reg_apdtm_features_cash_real_default,bpi2020_permit,simp,candidate,IMf,inductive_miner_imf,af1d75e068f5e2e7,60,0.0,0.7142857142857143,0.0,0.5946547884187082,0.0,0.7142857142857143,0.5946547884187082,0.0,0.0,177,5,196,5,0.5885972088333614
C0_cash_reg_apdtm_features_cash_real_default,bpi2020_permit,fit+pre,candidate,HM,heuristics_miner,8dc0dde1f149f92e,60,0.8512783359444481,0.9243881790529205,0.0,0.8512783359444481,0.0,0.07310984310847235,0.0,0.9209100194429392,1.0,34,1,196,5,0.8285353204503657
C0_cash_reg_apdtm_features_cash_real_default,bpi2020_permit,fit+gen,candidate,IMd,inductive_miner_imd,83bfdaba62b71641,60,0.9326196869127699,0.9448808304983668,0.0,0.9326196869127699,0.0,0.012261143585596934,0.0,0.9870236084913164,1.0,7,1,196,5,0.9579140990034181
C0_cash_reg_apdtm_features_cash_real_default,bpi2020_permit,fit+sim,candidate,IMf,inductive_miner_imf,af1d75e068f5e2e7,60,0.0,0.8272924879786688,0.0,0.7973273942093542,0.0,0.8272924879786688,0.7973273942093542,0.0,0.0,177,5,196,5,0.79415237105549
C0_cash_reg_apdtm_features_cash_real_default,bpi2020_permit,pre+gen,candidate,HM,heuristics_miner,8dc0dde1f149f92e,60,0.7082588870498185,0.9322600772514231,0.0,0.7082588870498185,0.0,0.22400119020160458,0.0,0.7597224254609014,1.0,78,1,196,5,0.7726819070087061
C0_cash_reg_apdtm_features_cash_real_default,bpi2020_permit,pre+sim,candidate,HM,heuristics_miner,8dc0dde1f149f92e,60,0.644823929085097,0.816594001468874,0.0,0.644823929085097,0.0,0.17177007238377695,0.0,0.7896505826949498,1.0,46,1,196,5,0.6192624904862961
C0_cash_reg_apdtm_features_cash_real_default,bpi2020_permit,gen+sim,candidate,IMf,inductive_miner_imf,af1d75e068f5e2e7,60,0.0,0.7992898469819344,0.0,0.7281672934908063,0.0,0.7992898469819344,0.7281672934908063,0.0,0.0,177,5,196,5,0.7407600518085959
C0_cash_reg_apdtm_features_cash_real_default,bpi2020_permit,mix-fit,candidate,HM,heuristics_miner,8dc0dde1f149f92e,60,0.755106320314616,0.8639118088087243,0.0,0.755106320314616,0.0,0.10880548849410832,0.0,0.8740548660352916,1.0,52,1,196,5,0.772866503228571
C0_cash_reg_apdtm_features_cash_real_default,bpi2020_permit,mix-prec,candidate,HM,heuristics_miner,8dc0dde1f149f92e,60,0.7316826036822172,0.8885842618048085,0.0,0.7316826036822172,0.0,0.15690165812259138,0.0,0.8234251214354084,1.0,68,1,196,5,0.7727742051186383
C0_cash_reg_apdtm_features_cash_real_default,bpi2020_permit,mix-simp,candidate,IMf,inductive_miner_imf,af1d75e068f5e2e7,60,0.0,0.81761289182125,0.0,0.7200015916100726,0.0,0.81761289182125,0.7200015916100726,0.0,0.0,177,5,196,5,0.7382274486633222
C0_cash_reg_apdtm_features_cash_real_default,bpi2020_permit,mix-gen,candidate,HM,heuristics_miner,8dc0dde1f149f92e,60,0.6355105880523851,0.8269571869508153,0.0,0.642675789010791,0.0,0.1914465988984302,0.007165200958405893,0.7684927322485235,0.9888509866391036,127,2,196,5,0.7171053878968436
C0_cash_reg_apdtm_features_cash_real_default,bpic15_1,equal,candidate,HM,heuristics_miner,5bcc625438d49cfc,63,0.0,0.7538067736145151,0.0,0.5006533211257762,0.0,0.7538067736145151,0.5006533211257762,0.0,0.0,145,2,196,5,0.6030205100054808
C0_cash_reg_apdtm_features_cash_real_default,bpic15_1,fitn,candidate,IMd,inductive_miner_imd,8ec8a2cb08851acf,63,1.0,1.0,0.0,1.0,0.0,0.0,0.0,1.0,1.0,1,1,196,5,0.9855220015964318
C0_cash_reg_apdtm_features_cash_real_default,bpic15_1,prec,candidate,HM,heuristics_miner,5bcc625438d49cfc,63,0.0,0.9967132292522596,0.0,0.0055144083252097,0.0,0.9967132292522596,0.0055144083252097,0.0,0.0,145,2,196,5,0.7317188035247197
C0_cash_reg_apdtm_features_cash_real_default,bpic15_1,gene,candidate,IMf,inductive_miner_imf,9354ec4533f0ae50,63,0.0,0.7947596517508088,0.0,0.6526451647517064,0.0,0.7947596517508088,0.6526451647517064,0.0,0.0,145,2,196,5,0.6406425855924768
C0_cash_reg_apdtm_features_cash_real_default,bpic15_1,simp,candidate,IM,inductive_miner_im,2817f823e67e1758,63,0.0,1.0,0.0,0.3444537114261885,0.0,1.0,0.3444537114261885,0.0,0.0,145,2,196,5,0.490301606920826
C0_cash_reg_apdtm_features_cash_real_default,bpic15_1,fit+pre,candidate,HM,heuristics_miner,5bcc625438d49cfc,63,0.0,0.8688577238297088,0.0,0.5027572041626048,0.0,0.8688577238297088,0.5027572041626048,0.0,0.0,145,2,196,5,0.76813157859141
C0_cash_reg_apdtm_features_cash_real_default,bpic15_1,fit+gen,candidate,IMf,inductive_miner_imf,9354ec4533f0ae50,63,0.0,0.871727415992749,0.0,0.8263225823758532,0.0,0.871727415992749,0.8263225823758532,0.0,0.0,145,2,196,5,0.8120111805060437
C0_cash_reg_apdtm_features_cash_real_default,bpic15_1,fit+sim,candidate,IMf,inductive_miner_imf,9354ec4533f0ae50,63,0.0,0.8645266546833184,0.0,0.6722268557130943,0.0,0.8645266546833184,0.6722268557130943,0.0,0.0,145,2,196,5,0.7358804388410042
C0_cash_reg_apdtm_features_cash_real_default,bpic15_1,pre+gen,candidate,HM,heuristics_miner,5bcc625438d49cfc,63,0.0,0.8387467991159434,0.0,0.32907978653845804,0.0,0.8387467991159434,0.32907978653845804,0.0,0.0,145,2,196,5,0.5844434111941992
C0_cash_reg_apdtm_features_cash_real_default,bpic15_1,pre+sim,candidate,HM,heuristics_miner,5bcc625438d49cfc,63,0.0,0.8214077863143173,0.0,0.17498405987569912,0.0,0.8214077863143173,0.17498405987569912,0.0,0.0,145,2,196,5,0.5851848337500722
C0_cash_reg_apdtm_features_cash_real_default,bpic15_1,gen+sim,candidate,IMf,inductive_miner_imf,9354ec4533f0ae50,63,0.0,0.8973798258754044,0.0,0.49854943808894747,0.0,0.8973798258754044,0.49854943808894747,0.0,0.0,145,2,196,5,0.5645118439274373
C0_cash_reg_apdtm_features_cash_real_default,bpic15_1,mix-fit,candidate,HM,heuristics_miner,5bcc625438d49cfc,63,0.0,0.7829881701741386,0.0,0.5358095812579713,0.0,0.7829881701741386,0.5358095812579713,0.0,0.0,145,2,196,5,0.6727803572021089
C0_cash_reg_apdtm_features_cash_real_default,bpic15_1,mix-prec,candidate,HM,heuristics_miner,5bcc625438d49cfc,63,0.0,0.8104949307104616,0.0,0.43244468389821455,0.0,0.8104949307104616,0.43244468389821455,0.0,0.0,145,2,196,5,0.628611884198154
C0_cash_reg_apdtm_features_cash_real_default,bpic15_1,mix-simp,candidate,IMf,inductive_miner_imf,9354ec4533f0ae50,63,0.0,0.7694736087116352,0.0,0.5688619583533376,0.0,0.7694736087116352,0.5688619583533376,0.0,0.0,145,2,196,5,0.629219646196248
C0_cash_reg_apdtm_features_cash_real_default,bpic15_1,mix-gen,candidate,HM,heuristics_miner,5bcc625438d49cfc,63,0.0,0.7344918748892888,0.0,0.46549706099358107,0.0,0.7344918748892888,0.46549706099358107,0.0,0.0,145,2,196,5,0.5332606628088529
C0_cash_reg_apdtm_features_cash_real_default,bpic15_2,equal,candidate,HM,heuristics_miner,31413093d0283c37,63,0.0,0.739796087901852,0.0,0.4958761568622505,0.0,0.739796087901852,0.4958761568622505,0.0,0.0,145,2,196,5,0.6048625114117542
C0_cash_reg_apdtm_features_cash_real_default,bpic15_2,fitn,candidate,IMf,inductive_miner_imf,27f9bd2b058a6d8e,63,0.0,1.0,0.0,1.0,0.0,1.0,1.0,0.0,0.0,145,2,196,5,0.9810030840695798
C0_cash_reg_apdtm_features_cash_real_default,bpic15_2,prec,candidate,HM,heuristics_miner,31413093d0283c37,63,0.0,0.9964080459770116,0.0,0.0047466811844114,0.0,0.9964080459770116,0.0047466811844114,0.0,0.0,145,2,196,5,0.7408269931530802
C0_cash_reg_apdtm_features_cash_real_default,bpic15_2,gene,candidate,IMf,inductive_miner_imf,27f9bd2b058a6d8e,63,0.0,0.8434264748464657,0.0,0.630479323366272,0.0,0.8434264748464657,0.630479323366272,0.0,0.0,145,2,196,5,0.647223247633048
C0_cash_reg_apdtm_features_cash_real_default,bpic15_2,simp,candidate,IM,inductive_miner_im,35114270498c98b4,63,0.0,1.0,0.0,0.3482786228983187,0.0,1.0,0.3482786228983187,0.0,0.0,145,2,196,5,0.4869004282109515
C0_cash_reg_apdtm_features_cash_real_default,bpic15_2,fit+pre,candidate,HM,heuristics_miner,31413093d0283c37,63,0.0,0.8552632687420797,0.0,0.5023733405922057,0.0,0.8552632687420797,0.5023733405922057,0.0,0.0,145,2,196,5,0.7698226252422453
C0_cash_reg_apdtm_features_cash_real_default,bpic15_2,fit+gen,candidate,IMf,inductive_miner_imf,27f9bd2b058a6d8e,63,0.0,0.888226048940476,0.0,0.815239661683136,0.0,0.888226048940476,0.815239661683136,0.0,0.0,145,2,196,5,0.8141131658513139
C0_cash_reg_apdtm_features_cash_real_default,bpic15_2,fit+sim,candidate,IMf,inductive_miner_imf,27f9bd2b058a6d8e,63,0.0,0.8502937315725136,0.0,0.6741393114491594,0.0,0.8502937315725136,0.6741393114491594,0.0,0.0,145,2,196,5,0.7337500487206494
C0_cash_reg_apdtm_features_cash_real_default,bpic15_2,pre+gen,candidate,HM,heuristics_miner,31413093d0283c37,63,0.0,0.8135744140072105,0.0,0.31761300227534167,0.0,0.8135744140072105,0.31761300227534167,0.0,0.0,145,2,196,5,0.589255528350141
C0_cash_reg_apdtm_features_cash_real_default,bpic15_2,pre+sim,candidate,HM,heuristics_miner,31413093d0283c37,63,0.0,0.7980406242956953,0.0,0.17651265204136504,0.0,0.7980406242956953,0.17651265204136504,0.0,0.0,145,2,196,5,0.5914738623842022
C0_cash_reg_apdtm_features_cash_real_default,bpic15_2,gen+sim,candidate,IMf,inductive_miner_imf,27f9bd2b058a6d8e,63,0.0,0.9217132374232329,0.0,0.48937897313229534,0.0,0.9217132374232329,0.48937897313229534,0.0,0.0,145,2,196,5,0.5668601305023835
C0_cash_reg_apdtm_features_cash_real_default,bpic15_2,mix-fit,candidate,HM,heuristics_miner,31413093d0283c37,63,0.0,0.7675374461630222,0.0,0.5341276612716144,0.0,0.7675374461630222,0.5341276612716144,0.0,0.0,145,2,196,5,0.6739679535562733
C0_cash_reg_apdtm_features_cash_real_default,bpic15_2,mix-prec,candidate,HM,heuristics_miner,31413093d0283c37,63,0.0,0.790453222686223,0.0,0.42587033177347794,0.0,0.790453222686223,0.42587033177347794,0.0,0.0,145,2,196,5,0.6316117409532069
C0_cash_reg_apdtm_features_cash_real_default,bpic15_2,mix-simp,candidate,IMf,inductive_miner_imf,27f9bd2b058a6d8e,63,0.0,0.7666984383330109,0.0,0.565881981951023,0.0,0.7666984383330109,0.565881981951023,0.0,0.0,145,2,196,5,0.6305469894611515
C0_cash_reg_apdtm_features_cash_real_default,bpic15_2,mix-gen,candidate,HM,heuristics_miner,31413093d0283c37,63,0.0,0.7177077196779903,0.0,0.4576246524528867,0.0,0.7177077196779903,0.4576246524528867,0.0,0.0,145,2,196,5,0.535757069267235
C0_cash_reg_apdtm_features_cash_real_default,bpic15_3,equal,candidate,HM,heuristics_miner,b47e1fe582935617,63,0.0,0.7711497484903616,0.0,0.5062291863779904,0.0,0.7711497484903616,0.5062291863779904,0.0,0.0,143,2,196,5,0.6305659551310611
C0_cash_reg_apdtm_features_cash_real_default,bpic15_3,fitn,candidate,IMd,inductive_miner_imd,1e1739de3216125c,63,1.0,1.0,0.0,1.0,0.0,0.0,0.0,1.0,1.0,1,1,196,5,0.9945537106942497
C0_cash_reg_apdtm_features_cash_real_default,bpic15_3,prec,candidate,HM,heuristics_miner,b47e1fe582935617,63,0.0,0.9713690786048932,0.0,0.0056460981272722,0.0,0.9713690786048932,0.0056460981272722,0.0,0.0,143,2,196,5,0.7335133619751315
C0_cash_reg_apdtm_features_cash_real_default,bpic15_3,gene,candidate,IMd,inductive_miner_imd,1e1739de3216125c,63,0.6755746197508381,0.7690804510999736,0.0,0.6755746197508381,0.0,0.09350583134913548,0.0,0.8784186606025427,1.0,104,1,196,5,0.6897096139802252
C0_cash_reg_apdtm_features_cash_real_default,bpic15_3,simp,candidate,IMf,inductive_miner_imf,b99875d9f62f1ca7,63,0.0,1.0,0.0,0.3436960276338515,0.0,1.0,0.3436960276338515,0.0,0.0,143,2,196,5,0.5206702323017186
C0_cash_reg_apdtm_features_cash_real_default,bpic15_3,fit+pre,candidate,HM,heuristics_miner,b47e1fe582935617,63,0.0,0.8737992058502052,0.0,0.5028230490636361,0.0,0.8737992058502052,0.5028230490636361,0.0,0.0,143,2,196,5,0.7772087766918689
C0_cash_reg_apdtm_features_cash_real_default,bpic15_3,fit+gen,candidate,IMd,inductive_miner_imd,1e1739de3216125c,63,0.837787309875419,0.8764050391703524,0.0,0.837787309875419,0.0,0.038617729294933345,0.0,0.9559362080671161,1.0,8,1,196,5,0.8421316623372375
C0_cash_reg_apdtm_features_cash_real_default,bpic15_3,fit+sim,candidate,IMf,inductive_miner_imf,b99875d9f62f1ca7,63,0.0,0.8866318702272058,0.0,0.6718480138169257,0.0,0.8866318702272058,0.6718480138169257,0.0,0.0,143,2,196,5,0.7575644919379086
C0_cash_reg_apdtm_features_cash_real_default,bpic15_3,pre+gen,candidate,HM,heuristics_miner,b47e1fe582935617,63,0.0,0.8335999035488251,0.0,0.34061035893905517,0.0,0.8335999035488251,0.34061035893905517,0.0,0.0,143,2,196,5,0.6193124257205668
C0_cash_reg_apdtm_features_cash_real_default,bpic15_3,pre+sim,candidate,HM,heuristics_miner,b47e1fe582935617,63,0.0,0.806269466186586,0.0,0.17467106288056183,0.0,0.806269466186586,0.17467106288056183,0.0,0.0,143,2,196,5,0.5981240698248178
C0_cash_reg_apdtm_features_cash_real_default,bpic15_3,gen+sim,candidate,IMf,inductive_miner_imf,b99875d9f62f1ca7,63,0.0,0.8774480269684266,0.0,0.5096353236923448,0.0,0.8774480269684266,0.5096353236923448,0.0,0.0,143,2,196,5,0.6049820349883568
C0_cash_reg_apdtm_features_cash_real_default,bpic15_3,mix-fit,candidate,HM,heuristics_miner,b47e1fe582935617,63,0.0,0.7997195004226063,0.0,0.5379904969400358,0.0,0.7997195004226063,0.5379904969400358,0.0,0.0,143,2,196,5,0.6914737896374832
C0_cash_reg_apdtm_features_cash_real_default,bpic15_3,mix-prec,candidate,HM,heuristics_miner,b47e1fe582935617,63,0.0,0.8166597019857156,0.0,0.4393004279395453,0.0,0.8166597019857156,0.4393004279395453,0.0,0.0,143,2,196,5,0.6553931076790248
C0_cash_reg_apdtm_features_cash_real_default,bpic15_3,mix-simp,candidate,IMf,inductive_miner_imf,b99875d9f62f1ca7,63,0.0,0.7807894458056361,0.0,0.5731579448164354,0.0,0.7807894458056361,0.5731579448164354,0.0,0.0,143,2,196,5,0.6549625668849768
C0_cash_reg_apdtm_features_cash_real_default,bpic15_3,mix-gen,candidate,HM,heuristics_miner,b47e1fe582935617,63,0.0,0.742579996558117,0.0,0.4744678758159452,0.0,0.742579996558117,0.4744678758159452,0.0,0.0,143,2,196,5,0.569658120624639
C0_cash_reg_apdtm_features_cash_real_default,bpic15_4,equal,candidate,HM,heuristics_miner,07498f13634809d9,63,0.0,0.7570912404815519,0.0,0.5004532568394435,0.0,0.7570912404815519,0.5004532568394435,0.0,0.0,150,2,196,5,0.6206159293230389
C0_cash_reg_apdtm_features_cash_real_default,bpic15_4,fitn,candidate,IMd,inductive_miner_imd,f68041a3f2d86846,63,1.0,1.0,0.0,1.0,0.0,0.0,0.0,1.0,1.0,1,1,196,5,0.9875659641039914
C0_cash_reg_apdtm_features_cash_real_default,bpic15_4,prec,candidate,HM,heuristics_miner,07498f13634809d9,63,0.0,0.9771181199752628,0.0,0.0063677194723514,0.0,0.9771181199752628,0.0063677194723514,0.0,0.0,150,2,196,5,0.8305452422012661
C0_cash_reg_apdtm_features_cash_real_default,bpic15_4,gene,candidate,IMf,inductive_miner_imf,508c9b8c394f9b3f,63,0.0,0.8125621208083507,0.0,0.6484303825122886,0.0,0.8125621208083507,0.6484303825122886,0.0,0.0,150,2,196,5,0.6462905958056203
C0_cash_reg_apdtm_features_cash_real_default,bpic15_4,simp,candidate,IMf,inductive_miner_imf,508c9b8c394f9b3f,63,0.0,1.0,0.0,0.3470149253731343,0.0,1.0,0.3470149253731343,0.0,0.0,150,2,196,5,0.48383290090342607
C0_cash_reg_apdtm_features_cash_real_default,bpic15_4,fit+pre,candidate,HM,heuristics_miner,07498f13634809d9,63,0.0,0.8685599938464359,0.0,0.5031838597361757,0.0,0.8685599938464359,0.5031838597361757,0.0,0.0,150,2,196,5,0.8123249070682158
C0_cash_reg_apdtm_features_cash_real_default,bpic15_4,fit+gen,candidate,IMf,inductive_miner_imf,508c9b8c394f9b3f,63,0.0,0.8717994934557993,0.0,0.8242151912561443,0.0,0.8717994934557993,0.8242151912561443,0.0,0.0,150,2,196,5,0.8164164631906383
C0_cash_reg_apdtm_features_cash_real_default,bpic15_4,fit+sim,candidate,IMf,inductive_miner_imf,508c9b8c394f9b3f,63,0.0,0.8675538703293734,0.0,0.6735074626865671,0.0,0.8675538703293734,0.6735074626865671,0.0,0.0,150,2,196,5,0.7351876157395412
C0_cash_reg_apdtm_features_cash_real_default,bpic15_4,pre+gen,candidate,HM,heuristics_miner,07498f13634809d9,63,0.0,0.8247132962569865,0.0,0.32739905099232,0.0,0.8247132962569865,0.32739905099232,0.0,0.0,150,2,196,5,0.6298480853969265
C0_cash_reg_apdtm_features_cash_real_default,bpic15_4,pre+sim,candidate,HM,heuristics_miner,07498f13634809d9,63,0.0,0.7904575186873295,0.0,0.17669132242274282,0.0,0.7904575186873295,0.17669132242274282,0.0,0.0,150,2,196,5,0.6296041083822015
C0_cash_reg_apdtm_features_cash_real_default,bpic15_4,gen+sim,candidate,IMf,inductive_miner_imf,508c9b8c394f9b3f,63,0.0,0.8981830671938409,0.0,0.4977226539427114,0.0,0.8981830671938409,0.4977226539427114,0.0,0.0,150,2,196,5,0.5650617483545232
C0_cash_reg_apdtm_features_cash_real_default,bpic15_4,mix-fit,candidate,HM,heuristics_miner,07498f13634809d9,63,0.0,0.7881543306724185,0.0,0.5361563391675611,0.0,0.7881543306724185,0.5361563391675611,0.0,0.0,150,2,196,5,0.6954530892063321
C0_cash_reg_apdtm_features_cash_real_default,bpic15_4,mix-prec,candidate,HM,heuristics_miner,07498f13634809d9,63,0.0,0.8064338134647024,0.0,0.4317776950799404,0.0,0.8064338134647024,0.4317776950799404,0.0,0.0,150,2,196,5,0.6626505873016292
C0_cash_reg_apdtm_features_cash_real_default,bpic15_4,mix-simp,candidate,IMf,inductive_miner_imf,508c9b8c394f9b3f,63,0.0,0.7784157949851235,0.0,0.5691288185989466,0.0,0.7784157949851235,0.5691288185989466,0.0,0.0,150,2,196,5,0.623787542626297
C0_cash_reg_apdtm_features_cash_real_default,bpic15_4,mix-gen,candidate,HM,heuristics_miner,07498f13634809d9,63,0.0,0.7260281502906851,0.0,0.46475017451132605,0.0,0.7260281502906851,0.46475017451132605,0.0,0.0,150,2,196,5,0.5457787694397457
C0_cash_reg_apdtm_features_cash_real_default,bpic15_5,equal,candidate,HM,heuristics_miner,5fe2fca8d068cc08,63,0.0,0.7432661612580866,0.0,0.49803037626811336,0.0,0.7432661612580866,0.49803037626811336,0.0,0.0,147,2,196,5,0.6107299276859418
C0_cash_reg_apdtm_features_cash_real_default,bpic15_5,fitn,candidate,IMd,inductive_miner_imd,a0710095115a2fbb,63,1.0,1.0,0.0,1.0,0.0,0.0,0.0,1.0,1.0,1,1,196,5,0.9908084065262105
C0_cash_reg_apdtm_features_cash_real_default,bpic15_5,prec,candidate,HM,heuristics_miner,5fe2fca8d068cc08,63,0.0,0.9914236706689536,0.0,0.0050756012401533,0.0,0.9914236706689536,0.0050756012401533,0.0,0.0,147,2,196,5,0.7117081277738704
C0_cash_reg_apdtm_features_cash_real_default,bpic15_5,gene,candidate,IMf,inductive_miner_imf,7dbd84574fcdda7f,63,0.0,0.8420322364834529,0.0,0.6480339787897107,0.0,0.8420322364834529,0.6480339787897107,0.0,0.0,147,2,196,5,0.6661461185074766
C0_cash_reg_apdtm_features_cash_real_default,bpic15_5,simp,candidate,IMf,inductive_miner_imf,7dbd84574fcdda7f,63,0.0,1.0,0.0,0.3390119250425894,0.0,1.0,0.3390119250425894,0.0,0.0,147,2,196,5,0.5042529474569118
C0_cash_reg_apdtm_features_cash_real_default,bpic15_5,fit+pre,candidate,HM,heuristics_miner,5fe2fca8d068cc08,63,0.0,0.8302814710249038,0.0,0.5025378006200767,0.0,0.8302814710249038,0.5025378006200767,0.0,0.0,147,2,196,5,0.7639598237186733
C0_cash_reg_apdtm_features_cash_real_default,bpic15_5,fit+gen,candidate,IMf,inductive_miner_imf,7dbd84574fcdda7f,63,0.0,0.8491470544465778,0.0,0.8240169893948553,0.0,0.8491470544465778,0.8240169893948553,0.0,0.0,147,2,196,5,0.8284041458362482
C0_cash_reg_apdtm_features_cash_real_default,bpic15_5,fit+sim,candidate,IMf,inductive_miner_imf,7dbd84574fcdda7f,63,0.0,0.8492461162887588,0.0,0.6695059625212947,0.0,0.8492461162887588,0.6695059625212947,0.0,0.0,147,2,196,5,0.7474575603109659
C0_cash_reg_apdtm_features_cash_real_default,bpic15_5,pre+gen,candidate,HM,heuristics_miner,5fe2fca8d068cc08,63,0.0,0.8116192280976056,0.0,0.326554790014932,0.0,0.8116192280976056,0.326554790014932,0.0,0.0,147,2,196,5,0.5921752035102088
C0_cash_reg_apdtm_features_cash_real_default,bpic15_5,pre+sim,candidate,HM,heuristics_miner,5fe2fca8d068cc08,63,0.0,0.7827816467542539,0.0,0.17204376314137138,0.0,0.7827816467542539,0.17204376314137138,0.0,0.0,147,2,196,5,0.5770329559168719
C0_cash_reg_apdtm_features_cash_real_default,bpic15_5,gen+sim,candidate,IMf,inductive_miner_imf,7dbd84574fcdda7f,63,0.0,0.9210161182417265,0.0,0.49352295191615003,0.0,0.9210161182417265,0.49352295191615003,0.0,0.0,147,2,196,5,0.5851995329821942
C0_cash_reg_apdtm_features_cash_real_default,bpic15_5,mix-fit,candidate,HM,heuristics_miner,5fe2fca8d068cc08,63,0.0,0.7619159908588385,0.0,0.534128463259535,0.0,0.7619159908588385,0.534128463259535,0.0,0.0,147,2,196,5,0.675732830934181
C0_cash_reg_apdtm_features_cash_real_default,bpic15_5,mix-prec,candidate,HM,heuristics_miner,5fe2fca8d068cc08,63,0.0,0.7845385057794597,0.0,0.43034162663723335,0.0,0.7845385057794597,0.43034162663723335,0.0,0.0,147,2,196,5,0.6339540172221948
C0_cash_reg_apdtm_features_cash_real_default,bpic15_5,mix-simp,candidate,IMf,inductive_miner_imf,7dbd84574fcdda7f,63,0.0,0.7677189214161869,0.0,0.5657191258989932,0.0,0.7677189214161869,0.5657191258989932,0.0,0.0,147,2,196,5,0.6374767277656359
C0_cash_reg_apdtm_features_cash_real_default,bpic15_5,mix-gen,candidate,HM,heuristics_miner,5fe2fca8d068cc08,63,0.0,0.7246163316573346,0.0,0.4619322892766918,0.0,0.7246163316573346,0.4619322892766918,0.0,0.0,147,2,196,5,0.5457270244377025
C0_cash_reg_apdtm_features_cash_real_default,hospital_billing,equal,candidate,HM,heuristics_miner,f0ba1c246feb1617,60,0.7623493758629513,0.8734035144022313,0.0,0.7728985458636999,0.7080210029131718,0.11105413853928003,0.01054917000074862,0.8728489905203932,0.8373987435252778,101,3,196,5,0.7978720549558248
C0_cash_reg_apdtm_features_cash_real_default,hospital_billing,fitn,candidate,IMd,inductive_miner_imd,8ee363d72269d593,60,1.0,1.0,0.0,1.0,0.6797553093982478,0.0,0.0,1.0,1.0,1,1,196,5,0.9962673563999793
C0_cash_reg_apdtm_features_cash_real_default,hospital_billing,prec,candidate,HM,heuristics_miner,f0ba1c246feb1617,60,0.9123900422661322,1.0,0.0,0.9123900422661322,0.3867395245470101,0.08760995773386782,0.0,0.9123900422661322,1.0,79,1,196,5,0.7977484440412632
C0_cash_reg_apdtm_features_cash_real_default,hospital_billing,gene,candidate,IMd,inductive_miner_imd,8ee363d72269d593,60,0.9406716490462892,0.974570314262808,0.0,0.9406716490462892,0.7467548005194038,0.03389866521651885,0.0,0.9652168091717828,1.0,8,1,196,5,0.9429682521109257
C0_cash_reg_apdtm_features_cash_real_default,hospital_billing,simp,candidate,AM,alpha_miner_classic,dd1a8da3834bc19e,60,1.0,1.0,0.0,1.0,0.4729241877256318,0.0,0.0,1.0,1.0,1,1,196,5,0.6314946813130314
C0_cash_reg_apdtm_features_cash_real_default,hospital_billing,fit+pre,candidate,HM,heuristics_miner,f0ba1c246feb1617,60,0.9148592576033847,0.9891405829759681,0.0,0.9148592576033847,0.5332474169726289,0.07428132537258336,0.0,0.9249031667984974,1.0,84,1,196,5,0.8740077171828056
C0_cash_reg_apdtm_features_cash_real_default,hospital_billing,fit+gen,candidate,IMd,inductive_miner_imd,8ee363d72269d593,60,0.9703358245231446,0.9872657861978589,0.0,0.9703358245231446,0.7961812639516811,0.016929961674714278,0.0,0.9828516677966582,1.0,6,1,196,5,0.9696178042554525
C0_cash_reg_apdtm_features_cash_real_default,hospital_billing,fit+sim,candidate,IMf,inductive_miner_imf,9d5b737243960680,60,0.8130841121495327,0.8398776546991239,0.0,0.8398776546991239,0.6951263303331345,0.02679354254959121,0.02679354254959121,0.9680982790771,0.8148994997666039,12,2,196,5,0.8107579278775447
C0_cash_reg_apdtm_features_cash_real_default,hospital_billing,pre+gen,candidate,HM,heuristics_miner,f0ba1c246feb1617,60,0.829572421392768,0.9583893297505974,0.0,0.829572421392768,0.6496733715260623,0.12881690835782944,0.0,0.8655902102005334,1.0,100,1,196,5,0.8381055558658345
C0_cash_reg_apdtm_features_cash_real_default,hospital_billing,pre+sim,candidate,HM,heuristics_miner,f0ba1c246feb1617,60,0.692657114995882,0.8030539885899708,0.0,0.6933697622735051,0.4457061813031991,0.11039687359408878,0.0007126472776231019,0.8625287027240506,0.9971225188829498,96,2,196,5,0.6813792809042729
C0_cash_reg_apdtm_features_cash_real_default,hospital_billing,gen+sim,candidate,AM,alpha_miner_classic,dd1a8da3834bc19e,60,0.9563036092525572,0.9594156800838197,0.0,0.9563036092525572,0.6098394941225178,0.0031120708312625256,0.0,0.9967562852099826,1.0,2,1,196,5,0.7783621694661987
C0_cash_reg_apdtm_features_cash_real_default,hospital_billing,mix-fit,candidate,HM,heuristics_miner,f0ba1c246feb1617,60,0.8099087194531612,0.8999403930024692,0.0,0.8099087194531612,0.6791847029739135,0.09003167354930797,0.0,0.899958181398064,1.0,92,1,196,5,0.8202796196646153
C0_cash_reg_apdtm_features_cash_real_default,hospital_billing,mix-prec,candidate,HM,heuristics_miner,f0ba1c246feb1617,60,0.8197405704229646,0.9266041872906543,0.0,0.8197405704229646,0.6644290372499877,0.10686361686768975,0.0,0.8846717742770472,1.0,93,1,196,5,0.8291925877652245
C0_cash_reg_apdtm_features_cash_real_default,hospital_billing,mix-simp,candidate,IM,inductive_miner_im,d281a0841299287f,60,0.7905026753810218,0.8448731726232275,0.0,0.8251219889751983,0.704958181302938,0.05437049724220566,0.03461931359417647,0.9356465573721652,0.7118989963384099,37,2,196,5,0.7747333895914884
C0_cash_reg_apdtm_features_cash_real_default,hospital_billing,mix-gen,candidate,HM,heuristics_miner,f0ba1c246feb1617,60,0.7147900322727413,0.8574303226558113,0.0,0.8103663232512726,0.7045511321397954,0.14264029038307002,0.09557629097853126,0.8336421203984775,0.09676210027498944,119,4,196,5,0.7754644902470346
C0_cash_reg_apdtm_features_cash_real_default,road_traffic_fines,equal,candidate,HM,heuristics_miner,9fd05dcc49e5b232,60,0.8472976270289231,0.9091484776358276,0.0,0.8472976270289231,0.7357034000201228,0.06185085060690454,0.0,0.9319683724623914,1.0,74,1,196,5,0.7920110708675079
C0_cash_reg_apdtm_features_cash_real_default,road_traffic_fines,fitn,candidate,IMf,inductive_miner_imf,1ef0bc952bbfc17b,60,1.0,1.0,0.0,1.0,0.637766272135165,0.0,0.0,1.0,1.0,1,1,196,5,0.9996486696746504
C0_cash_reg_apdtm_features_cash_real_default,road_traffic_fines,prec,candidate,HM,heuristics_miner,9fd05dcc49e5b232,60,0.9913926579538832,1.0,0.0,0.9913926579538832,0.5080563293025482,0.008607342046116795,0.0,0.9913926579538832,1.0,106,1,196,5,0.8070289755775119
C0_cash_reg_apdtm_features_cash_real_default,road_traffic_fines,gene,candidate,IMd,inductive_miner_imd,5ce7ac8564c4b5b7,60,0.988255529682136,0.9916370973254746,0.0,0.988255529682136,0.9232130142183954,0.0033815676433385233,0.0,0.9965899141405068,1.0,4,1,196,5,0.9363431082731847
C0_cash_reg_apdtm_features_cash_real_default,road_traffic_fines,simp,candidate,AM,alpha_miner_classic,e3a8e709ceed9a3b,60,0.6571428571428571,0.8,0.0,0.6571428571428571,0.5135135135135136,0.1428571428571429,0.0,0.8214285714285714,1.0,45,1,196,5,0.7993562844056771
C0_cash_reg_apdtm_features_cash_real_default,road_traffic_fines,fit+pre,candidate,HM,heuristics_miner,9fd05dcc49e5b232,60,0.9598795032511696,0.9901742494392978,0.0,0.9598795032511696,0.6500603519943688,0.03029474618812822,0.0,0.9694046313512161,1.0,44,1,196,5,0.8841082245826541
C0_cash_reg_apdtm_features_cash_real_default,road_traffic_fines,fit+gen,candidate,IMd,inductive_miner_imd,5ce7ac8564c4b5b7,60,0.994127764841068,0.9953412031561973,0.0,0.994127764841068,0.8116581555420307,0.0012134383151293227,0.0,0.9987808820620693,1.0,2,1,196,5,0.9677613602082746
C0_cash_reg_apdtm_features_cash_real_default,road_traffic_fines,fit+sim,candidate,IMf,inductive_miner_imf,1ef0bc952bbfc17b,60,0.8118811881188119,0.869886942078606,0.0,0.8118811881188119,0.6474545646390111,0.058005753959794015,0.0,0.9333180541586376,1.0,17,1,196,5,0.8153056975834228
C0_cash_reg_apdtm_features_cash_real_default,road_traffic_fines,pre+gen,candidate,HM,heuristics_miner,9fd05dcc49e5b232,60,0.9573028360861393,0.9899221054016767,0.0,0.9573028360861393,0.7481559294923421,0.03261926931553738,0.0,0.9670486504568947,1.0,41,1,196,5,0.8192484736430601
C0_cash_reg_apdtm_features_cash_real_default,road_traffic_fines,pre+sim,candidate,HM,heuristics_miner,9fd05dcc49e5b232,60,0.7688055726744205,0.8710629687671056,0.0,0.7688055726744205,0.5107849214080309,0.10225739609268514,0.0,0.8826061952358975,1.0,108,1,196,5,0.6876944190868134
C0_cash_reg_apdtm_features_cash_real_default,road_traffic_fines,gen+sim,candidate,AM,alpha_miner_classic,e3a8e709ceed9a3b,60,0.8213464480458768,0.8875669341178665,0.0,0.8213464480458768,0.7347157508066766,0.06622048607198971,0.0,0.9253909947222123,1.0,13,1,196,5,0.8449335560828464
C0_cash_reg_apdtm_features_cash_real_default,road_traffic_fines,mix-fit,candidate,HM,heuristics_miner,9fd05dcc49e5b232,60,0.8703293357063786,0.917489504487446,0.0,0.8703293357063786,0.683796413733599,0.047160168781067435,0.0,0.9485986830907528,1.0,73,1,196,5,0.823402451798456
C0_cash_reg_apdtm_features_cash_real_default,road_traffic_fines,mix-prec,candidate,HM,heuristics_miner,9fd05dcc49e5b232,60,0.9138160858962587,0.9485628625742423,0.0,0.9138160858962587,0.7510505419770113,0.03474677667798354,0.0,0.9633690311428739,1.0,65,1,196,5,0.8213254627207578
C0_cash_reg_apdtm_features_cash_real_default,road_traffic_fines,mix-simp,candidate,IMf,inductive_miner_imf,1ef0bc952bbfc17b,60,0.8027820914375106,0.8891275547093468,0.0,0.8027820914375106,0.717532475472829,0.08634546327183623,0.0,0.9028874284521952,1.0,73,1,196,5,0.7870769814862035
C0_cash_reg_apdtm_features_cash_real_default,road_traffic_fines,mix-gen,candidate,HM,heuristics_miner,9fd05dcc49e5b232,60,0.8242659183514679,0.9083681673400874,0.0,0.8242659183514679,0.750967531787418,0.08410224898861951,0.0,0.9074139187033707,1.0,88,1,196,5,0.7606196899365598
C0_cash_reg_apdtm_features_cash_real_default,sepsis,equal,candidate,HM,heuristics_miner,6e00f695b9765352,60,0.7189961247213809,0.835724100545018,0.0,0.7189961247213809,0.5249929107876445,0.11672797582363714,0.0,0.8603271393663137,1.0,112,1,196,5,0.7431425042777454
C0_cash_reg_apdtm_features_cash_real_default,sepsis,fitn,candidate,IMf,inductive_miner_imf,bfdf4a37618d0c44,60,1.0,1.0,0.0,1.0,0.2658896119719338,0.0,0.0,1.0,1.0,1,1,196,5,0.9998461772768809
C0_cash_reg_apdtm_features_cash_real_default,sepsis,prec,candidate,HM,heuristics_miner,6e00f695b9765352,60,0.7033112582781457,1.0,0.0,0.7033112582781457,0.179251018798475,0.29668874172185433,0.0,0.7033112582781457,1.0,114,1,196,5,0.8125970887065835
C0_cash_reg_apdtm_features_cash_real_default,sepsis,gene,candidate,IMd,inductive_miner_imd,cf73e2e20e689341,60,0.9266596408851776,0.9290801678868448,0.0,0.9266596408851776,0.841792203394476,0.002420527001667172,0.0,0.9973947059841213,1.0,2,1,196,5,0.8773859916396413
C0_cash_reg_apdtm_features_cash_real_default,sepsis,simp,candidate,AM,alpha_miner_classic,3cde4651154418a0,60,0.4782608695652174,0.7567567567567567,0.0,0.6223776223776223,0.4331983805668016,0.2784958871915393,0.14411675281240488,0.6319875776397517,0.23819996616477782,138,3,196,5,0.5934907725958576
C0_cash_reg_apdtm_features_cash_real_default,sepsis,fit+pre,candidate,HM,heuristics_miner,6e00f695b9765352,60,0.8004969574621229,0.9487189551442285,0.0,0.8004969574621229,0.354265925407767,0.14822199768210564,0.0,0.8437661681803624,1.0,96,1,196,5,0.8632320580471908
C0_cash_reg_apdtm_features_cash_real_default,sepsis,fit+gen,candidate,IMd,inductive_miner_imd,cf73e2e20e689341,60,0.9633298204425889,0.9633298204425889,0.0,0.9633298204425889,0.5895342673708803,0.0,0.0,1.0,1.0,1,1,196,5,0.9385648102172214
C0_cash_reg_apdtm_features_cash_real_default,sepsis,fit+sim,candidate,IM,inductive_miner_im,9b19fee2e6fe09c3,60,0.8111888111888111,0.8140244733789898,0.0,0.8111888111888111,0.37207524076857557,0.0028356621901786117,0.0,0.9965164902494787,1.0,5,1,196,5,0.7872130780379164
C0_cash_reg_apdtm_features_cash_real_default,sepsis,pre+gen,candidate,HM,heuristics_miner,6e00f695b9765352,60,0.7725517308363108,0.9381130457761724,0.0,0.7725517308363108,0.5529553298418263,0.1655613149398616,0.0,0.8235166692486617,1.0,107,1,196,5,0.7657028995891062
C0_cash_reg_apdtm_features_cash_real_default,sepsis,pre+sim,candidate,HM,heuristics_miner,6e00f695b9765352,60,0.5682548194224737,0.8491941359263719,0.0,0.5682548194224737,0.3168982366719647,0.28093931650389825,0.0,0.6691695048065468,1.0,136,1,196,5,0.6699471396257775
C0_cash_reg_apdtm_features_cash_real_default,sepsis,gen+sim,candidate,IMf,inductive_miner_imf,bfdf4a37618d0c44,60,0.7624155479965967,0.8216829410862796,0.0,0.7624155479965967,0.6374952919806388,0.059267393089682874,0.0,0.9278707271063333,1.0,19,1,196,5,0.7167911836818734
C0_cash_reg_apdtm_features_cash_real_default,sepsis,mix-fit,candidate,HM,heuristics_miner,6e00f695b9765352,60,0.7408853365946917,0.8604442533384715,0.0,0.7408853365946917,0.4261185826318798,0.11955891674377983,0.0,0.8610497818075971,1.0,97,1,196,5,0.7866662467232515
C0_cash_reg_apdtm_features_cash_real_default,sepsis,mix-prec,candidate,HM,heuristics_miner,6e00f695b9765352,60,0.7567185337155011,0.8992786495573217,0.0,0.7567185337155011,0.5520145817192966,0.1425601158418206,0.0,0.8414728116674435,1.0,107,1,196,5,0.7761845731561787
C0_cash_reg_apdtm_features_cash_real_default,sepsis,mix-simp,candidate,IMf,inductive_miner_imf,bfdf4a37618d0c44,60,0.7552038190935039,0.7905131280697297,0.0,0.7552038190935039,0.4979712398559925,0.03530930897622586,0.0,0.9553336842584209,1.0,39,1,196,5,0.731065916067452
C0_cash_reg_apdtm_features_cash_real_default,sepsis,mix-gen,candidate,HM,heuristics_miner,6e00f695b9765352,60,0.69710691284807,0.8286673700233692,0.0,0.6992188269981966,0.6238672389434095,0.13156045717529918,0.0021119141501265704,0.8412385211069804,0.9719725329665113,128,3,196,5,0.6996187618322396
C1_cash_reg_cash_features_cash_real_default,bpi2012,equal,candidate,HM,heuristics_miner,338af92936f97ac9,85,0.8264055189438223,0.8454937775108162,0.0,0.8264055189438223,0.6421431792744381,0.01908825856699392,0.0,0.9774235374940418,1.0,8,1,196,5,0.7418492678438411
C1_cash_reg_cash_features_cash_real_default,bpi2012,fitn,candidate,IMd,inductive_miner_imd,150cca891c03e36c,85,1.0,1.0,0.0,1.0,0.631230892297019,0.0,0.0,1.0,1.0,1,1,196,5,0.9994674588608169
C1_cash_reg_cash_features_cash_real_default,bpi2012,prec,candidate,HM,heuristics_miner,338af92936f97ac9,85,0.9158179923584578,1.0,0.0,0.9158179923584578,0.1394427299083702,0.08418200764154216,0.0,0.9158179923584578,1.0,58,1,196,5,0.7801685002107355
C1_cash_reg_cash_features_cash_real_default,bpi2012,gene,candidate,IMd,inductive_miner_imd,150cca891c03e36c,85,0.9846855427449372,0.9846855427449372,0.0,0.9846855427449372,0.945799466108147,0.0,0.0,1.0,1.0,1,1,196,5,0.9339918215237826
C1_cash_reg_cash_features_cash_real_default,bpi2012,simp,candidate,IM,inductive_miner_im,40ae54cd34f036ae,85,0.6000000000000001,0.853658536585366,0.0,0.853658536585366,0.4444444444444444,0.25365853658536586,0.25365853658536586,0.7028571428571428,0.38013245033112597,55,2,196,5,0.5927086972091246
C1_cash_reg_cash_features_cash_real_default,bpi2012,fit+pre,candidate,HM,heuristics_miner,338af92936f97ac9,85,0.9085934753762067,0.9301612956045748,0.0,0.9085934753762067,0.38824671604357214,0.021567820228368118,0.0,0.9768128169487532,1.0,6,1,196,5,0.8323309988485106
C1_cash_reg_cash_features_cash_real_default,bpi2012,fit+gen,candidate,IMd,inductive_miner_imd,150cca891c03e36c,85,0.9923427713724686,0.9923427713724686,0.0,0.9923427713724686,0.8072637946190873,0.0,0.0,1.0,1.0,1,1,196,5,0.9667296401922998
C1_cash_reg_cash_features_cash_real_default,bpi2012,fit+sim,candidate,IM,inductive_miner_im,40ae54cd34f036ae,85,0.7950530873536228,0.8121921418178204,0.0,0.7950530873536228,0.7220023086543421,0.01713905446419761,0.0,0.9788977834409508,1.0,5,1,196,5,0.7866281080422277
C1_cash_reg_cash_features_cash_real_default,bpi2012,pre+gen,candidate,HM,heuristics_miner,338af92936f97ac9,85,0.9308087292333025,0.9634656515705695,0.0,0.9308087292333025,0.5620641363266538,0.032656922337267025,0.0,0.9661047362881778,1.0,37,1,196,5,0.8026819300882908
C1_cash_reg_cash_features_cash_real_default,bpi2012,pre+sim,candidate,HM,heuristics_miner,338af92936f97ac9,85,0.7292268256365932,0.8077460186427269,0.0,0.7292268256365932,0.29194358717640734,0.07851919300613364,0.0,0.9027922252862711,1.0,69,1,196,5,0.6288541069616161
C1_cash_reg_cash_features_cash_real_default,bpi2012,gen+sim,candidate,IM,inductive_miner_im,40ae54cd34f036ae,85,0.7883846549197706,0.9184776167632608,0.0,0.9184776167632608,0.7145649935946908,0.13009296184349017,0.13009296184349017,0.8583602262383473,0.36201614288515493,19,2,196,5,0.751061287996406
C1_cash_reg_cash_features_cash_real_default,bpi2012,mix-fit,candidate,HM,heuristics_miner,338af92936f97ac9,85,0.83840005945888,0.8579335371394458,0.0,0.83840005945888,0.565132495867034,0.01953347768056579,0.0,0.9772319453256308,1.0,6,1,196,5,0.7658754277968189
C1_cash_reg_cash_features_cash_real_default,bpi2012,mix-prec,candidate,HM,heuristics_miner,338af92936f97ac9,85,0.8846043943460911,0.9094815824532984,0.0,0.8846043943460911,0.564706057116337,0.024877188107207293,0.0,0.9726468478447888,1.0,6,1,196,5,0.7842786789425548
C1_cash_reg_cash_features_cash_real_default,bpi2012,mix-simp,candidate,IM,inductive_miner_im,40ae54cd34f036ae,85,0.749841418803626,0.8154342316428806,0.0,0.7682066435415533,0.6886591593176022,0.06559281283925467,0.018365224737927344,0.9195608789845592,0.7691287799093246,51,2,196,5,0.7401720298880297
C1_cash_reg_cash_features_cash_real_default,bpi2012,mix-gen,candidate,HM,heuristics_miner,338af92936f97ac9,85,0.8144109784287645,0.858090575541927,0.0,0.8144109784287645,0.6550960964129823,0.043679597113162494,0.0,0.9490967523031276,1.0,14,1,196,5,0.7178231078908632
C1_cash_reg_cash_features_cash_real_default,bpi2013_closed_problems,equal,candidate,HM,heuristics_miner,596eb63f26ecfd51,85,0.7989866614480718,0.9163782860150957,0.0,0.8856717323021799,0.7989866614480718,0.1173916245670239,0.08668507085410804,0.8718961084537417,0.0,159,5,196,5,0.8310837012426555
C1_cash_reg_cash_features_cash_real_default,bpi2013_closed_problems,fitn,candidate,IM,inductive_miner_im,8f8f99e301cae23f,85,1.0,1.0,0.0,1.0,0.6403632397723371,0.0,0.0,1.0,1.0,1,1,196,5,0.9973753785130701
C1_cash_reg_cash_features_cash_real_default,bpi2013_closed_problems,prec,candidate,HM,heuristics_miner,596eb63f26ecfd51,85,0.8684298767708944,1.0,0.0,1.0,0.7923798798798799,0.13157012322910555,0.13157012322910555,0.8684298767708944,0.3662939644145051,165,2,196,5,0.907024541531804
C1_cash_reg_cash_features_cash_real_default,bpi2013_closed_problems,gene,candidate,IMd,inductive_miner_imd,4c72c2e1b3cca3d2,85,0.9417621438127408,0.9751741745874558,0.0,0.9417621438127408,0.7139696253234955,0.033412030774714996,0.0,0.9657373711841274,1.0,13,1,196,5,0.9266629106251248
C1_cash_reg_cash_features_cash_real_default,bpi2013_closed_problems,simp,candidate,AM,alpha_miner_classic,7c5f11f12d85d342,85,1.0,1.0,0.0,1.0,0.6190476190476191,0.0,0.0,1.0,1.0,1,1,196,5,0.7017849892496784
C1_cash_reg_cash_features_cash_real_default,bpi2013_closed_problems,fit+pre,candidate,HM,heuristics_miner,596eb63f26ecfd51,85,0.9314647007105864,0.9833244744389686,0.0,0.9314647007105864,0.8201816198861686,0.05185977372838224,0.0,0.9472607719257974,1.0,49,1,196,5,0.9403698210679385
C1_cash_reg_cash_features_cash_real_default,bpi2013_closed_problems,fit+gen,candidate,IMd,inductive_miner_imd,4c72c2e1b3cca3d2,85,0.9708810719063704,0.9768396200213343,0.0,0.9708810719063704,0.7713434646043598,0.00595854811496388,0.0,0.9939001776823572,1.0,8,1,196,5,0.9619261109222226
C1_cash_reg_cash_features_cash_real_default,bpi2013_closed_problems,fit+sim,candidate,IMf,inductive_miner_imf,2bfbec63c5b94b8a,85,0.8301886792452831,0.8813768133238105,0.0,0.8421052631578947,0.8067735718489487,0.0511881340785274,0.011916583912611634,0.9419225315384814,0.6627225170623418,53,2,196,5,0.8302903839197268
C1_cash_reg_cash_features_cash_real_default,bpi2013_closed_problems,pre+gen,candidate,HM,heuristics_miner,596eb63f26ecfd51,85,0.791199751047195,0.9873630729568104,0.0,0.9511618447181912,0.791199751047195,0.19616332190961538,0.15996209367099623,0.8013260498773018,0.0,189,5,196,5,0.8694523486183825
C1_cash_reg_cash_features_cash_real_default,bpi2013_closed_problems,pre+sim,candidate,HM,heuristics_miner,596eb63f26ecfd51,85,0.7437387479092568,1.0,0.0,1.0,0.7267954731728345,0.25626125209074324,0.25626125209074324,0.7437387479092568,0.062016815508847176,173,2,196,5,0.7593697743307941
C1_cash_reg_cash_features_cash_real_default,bpi2013_closed_problems,gen+sim,candidate,AM,alpha_miner_classic,7c5f11f12d85d342,85,0.9511618447181912,0.9875870872937279,0.0,0.9511618447181912,0.6665086221855573,0.0364252425755367,0.0,0.9631169311099922,1.0,4,1,196,5,0.802466053823331
C1_cash_reg_cash_features_cash_real_default,bpi2013_closed_problems,mix-fit,candidate,HM,heuristics_miner,596eb63f26ecfd51,85,0.853535259233253,0.9341168759050021,0.0,0.8687322836083959,0.8463776648525732,0.08058161667174912,0.01519702437514292,0.9137349739092562,0.320184139969531,90,4,196,5,0.8671244196976235
C1_cash_reg_cash_features_cash_real_default,bpi2013_closed_problems,mix-prec,candidate,HM,heuristics_miner,596eb63f26ecfd51,85,0.8223675051402238,0.9478472946591554,0.0,0.898769754785382,0.8223675051402238,0.12547978951893157,0.07640224964515818,0.8676160282083688,0.0,164,5,196,5,0.8682883841580028
C1_cash_reg_cash_features_cash_real_default,bpi2013_closed_problems,mix-simp,candidate,IMf,inductive_miner_imf,2bfbec63c5b94b8a,85,0.8188859806039843,0.8876203584183078,0.0,0.8725737098189776,0.7756058177559197,0.06873437781432346,0.05368772921499332,0.9225633153155652,0.44633498704828634,71,3,196,5,0.813298666428866
C1_cash_reg_cash_features_cash_real_default,bpi2013_closed_problems,mix-gen,candidate,IMf,inductive_miner_imf,2bfbec63c5b94b8a,85,0.8075832819626856,0.9265291608189077,0.0,0.9249657997517868,0.7444380636628907,0.1189458788562221,0.11738251778910125,0.8716220882340148,0.34978125615390593,147,3,196,5,0.7963069489380051
C1_cash_reg_cash_features_cash_real_default,bpi2013_incidents,equal,candidate,HM,heuristics_miner,10cce99744388f4f,85,0.8512319772476271,0.9227713113840779,0.0,0.8512319772476271,0.6771578170832514,0.07153933413645075,0.0,0.9224733872261938,1.0,76,1,196,5,0.8044447305746784
C1_cash_reg_cash_features_cash_real_default,bpi2013_incidents,fitn,candidate,IMd,inductive_miner_imd,e926d4fdd2959901,85,1.0,1.0,0.0,1.0,0.2261167659340351,0.0,0.0,1.0,1.0,1,1,196,5,0.9960471941908913
C1_cash_reg_cash_features_cash_real_default,bpi2013_incidents,prec,candidate,HM,heuristics_miner,10cce99744388f4f,85,0.8850810072924525,1.0,0.0,0.8850810072924525,0.6000158860441103,0.11491899270754746,0.0,0.8850810072924525,1.0,125,1,196,5,0.8753026563324474
C1_cash_reg_cash_features_cash_real_default,bpi2013_incidents,gene,candidate,IMd,inductive_miner_imd,e926d4fdd2959901,85,0.9374222306098524,0.9924026869731328,0.0,0.9374222306098524,0.871132170779936,0.05498045636328042,0.0,0.9445986421792418,1.0,65,1,196,5,0.9241058205264064
C1_cash_reg_cash_features_cash_real_default,bpi2013_incidents,simp,candidate,AM,alpha_miner_classic,ed85abd9c8a01ce2,85,1.0,1.0,0.0,1.0,0.6216216216216216,0.0,0.0,1.0,1.0,1,1,196,5,0.7866026904066427
C1_cash_reg_cash_features_cash_real_default,bpi2013_incidents,fit+pre,candidate,HM,heuristics_miner,10cce99744388f4f,85,0.9404450614048587,0.9765794350540196,0.0,0.9404450614048587,0.41306632598907267,0.036134373649160834,0.0,0.9629990430351812,1.0,49,1,196,5,0.9183951228268257
C1_cash_reg_cash_features_cash_real_default,bpi2013_incidents,fit+gen,candidate,IMd,inductive_miner_imd,e926d4fdd2959901,85,0.9687111153049262,0.9948630084104291,0.0,0.9687111153049262,0.5543076911444477,0.02615189310550292,0.0,0.9737130711621413,1.0,7,1,196,5,0.9600765073586488
C1_cash_reg_cash_features_cash_real_default,bpi2013_incidents,fit+sim,candidate,IMf,inductive_miner_imf,ecc1d0166bfd7823,85,0.8333333333333333,0.8762171658937965,0.0,0.8421052631578947,0.6130583829670175,0.04288383256046324,0.00877192982456143,0.9510579862736208,0.9617024697422147,24,2,196,5,0.8201685664822091
C1_cash_reg_cash_features_cash_real_default,bpi2013_incidents,pre+gen,candidate,HM,heuristics_miner,10cce99744388f4f,85,0.893748585925811,0.9962013434865664,0.0,0.893748585925811,0.7412572511994853,0.10245275756075545,0.0,0.8971565755952657,1.0,132,1,196,5,0.8288585792038634
C1_cash_reg_cash_features_cash_real_default,bpi2013_incidents,pre+sim,candidate,HM,heuristics_miner,10cce99744388f4f,85,0.7533513144570371,1.0,0.0,0.8000079430220551,0.6462487440701031,0.24664868554296293,0.046656628565018066,0.7533513144570371,0.6965604082029737,154,2,196,5,0.7369384154511152
C1_cash_reg_cash_features_cash_real_default,bpi2013_incidents,gen+sim,candidate,AM,alpha_miner_classic,ed85abd9c8a01ce2,85,0.94124930817743,0.9962013434865664,0.0,0.94124930817743,0.7620188930903955,0.05495203530913639,0.0,0.944838424813992,1.0,4,1,196,5,0.8440632598810406
C1_cash_reg_cash_features_cash_real_default,bpi2013_incidents,mix-fit,candidate,HM,heuristics_miner,10cce99744388f4f,85,0.8784138891748832,0.9349837317539983,0.0,0.8784138891748832,0.5587013338223332,0.056569842579115126,0.0,0.9394964418546706,1.0,55,1,196,5,0.8451421177497003
C1_cash_reg_cash_features_cash_real_default,bpi2013_incidents,mix-prec,candidate,HM,heuristics_miner,10cce99744388f4f,85,0.8860812375503468,0.9521545943141786,0.0,0.8860812375503468,0.6499792925109091,0.06607335676383175,0.0,0.9306064822263203,1.0,82,1,196,5,0.8370003484767815
C1_cash_reg_cash_features_cash_real_default,bpi2013_incidents,mix-simp,candidate,IM,inductive_miner_im,1d6773312dd28578,85,0.8034761829700079,0.893388028453977,0.0,0.8237417114451061,0.7043363416555937,0.08991184548396913,0.020265528475098216,0.8993585736317028,0.8302795886749293,95,3,196,5,0.7995519018266659
C1_cash_reg_cash_features_cash_real_default,bpi2013_incidents,mix-gen,candidate,AM,alpha_miner_classic,ed85abd9c8a01ce2,85,0.7956143003441696,0.9176337438459292,0.0,0.8240500653203712,0.7736190326066823,0.12201944350175964,0.028435764976201594,0.8670281642103097,0.43614549522236806,159,3,196,5,0.7817791855568266
C1_cash_reg_cash_features_cash_real_default,bpi2013_open_problems,equal,candidate,IMd,inductive_miner_imd,4b39f6be45649b32,85,0.9162455491114012,0.9162455491114012,0.0,0.9162455491114012,0.7971612190845068,0.0,0.0,1.0,1.0,1,1,196,5,0.806919861121864
C1_cash_reg_cash_features_cash_real_default,bpi2013_open_problems,fitn,candidate,IMd,inductive_miner_imd,4b39f6be45649b32,85,0.98974515179206,1.0,0.0,1.0,0.5167192429022083,0.010254848207939982,0.010254848207939982,0.98974515179206,0.9787807644783487,32,4,196,5,0.9998657542847639
C1_cash_reg_cash_features_cash_real_default,bpi2013_open_problems,prec,candidate,HM,heuristics_miner,e69aab0f7954cd28,85,0.9620563035495716,1.0,0.0,1.0,0.9065645824471856,0.03794369645042839,0.03794369645042839,0.9620563035495716,0.5939045659106653,121,3,196,5,0.8632449403239061
C1_cash_reg_cash_features_cash_real_default,bpi2013_open_problems,gene,candidate,IMd,inductive_miner_imd,4b39f6be45649b32,85,0.96197551956781,0.9656228232165908,0.0,0.96197551956781,0.8611132579521872,0.003647303648780742,0.0,0.9962228485480167,1.0,5,1,196,5,0.9095891820584476
C1_cash_reg_cash_features_cash_real_default,bpi2013_open_problems,simp,candidate,AM,alpha_miner_classic,65361c91085f4e7e,85,0.7142857142857143,1.0,0.0,0.7391304347826086,0.625,0.2857142857142857,0.024844720496894346,0.7142857142857143,0.7823129251700685,36,2,196,5,0.842720236794091
C1_cash_reg_cash_features_cash_real_default,bpi2013_open_problems,fit+pre,candidate,HM,heuristics_miner,e69aab0f7954cd28,85,0.9784217956288298,0.9819381210475933,0.0,0.9819381210475933,0.7583596214511041,0.003516325418763455,0.003516325418763455,0.9964189949006033,0.9842725243030539,24,2,196,5,0.9111323475257027
C1_cash_reg_cash_features_cash_real_default,bpi2013_open_problems,fit+gen,candidate,IMd,inductive_miner_imd,4b39f6be45649b32,85,0.975860335679935,0.9828114116082953,0.0,0.975860335679935,0.7371795810261562,0.006951075928360306,0.0,0.9929273552929291,1.0,14,1,196,5,0.9547274681716058
C1_cash_reg_cash_features_cash_real_default,bpi2013_open_problems,fit+sim,candidate,IMd,inductive_miner_imd,4b39f6be45649b32,85,0.8644377932873344,0.8644377932873344,0.0,0.8644377932873344,0.6155024785939613,0.0,0.0,1.0,1.0,1,1,196,5,0.8243589664870303
C1_cash_reg_cash_features_cash_real_default,bpi2013_open_problems,pre+gen,candidate,HM,heuristics_miner,e69aab0f7954cd28,85,0.9115847807508795,0.9793652708841788,0.0,0.9788199595750521,0.9115847807508795,0.06778049013329934,0.06723517882417263,0.9307914093460691,0.0,95,5,196,5,0.8049687886419202
C1_cash_reg_cash_features_cash_real_default,bpi2013_open_problems,pre+sim,candidate,AM,alpha_miner_classic,65361c91085f4e7e,85,0.8571428571428572,0.9951923076923077,0.0,0.8571428571428572,0.7935281517747859,0.1380494505494505,0.0,0.8612836438923396,1.0,25,1,196,5,0.7883543760415725
C1_cash_reg_cash_features_cash_real_default,bpi2013_open_problems,gen+sim,candidate,AM,alpha_miner_classic,65361c91085f4e7e,85,0.8359628167179092,0.9788199595750521,0.0,0.8505529771752094,0.7430566289760936,0.1428571428571429,0.014590160457300216,0.8540516655185869,0.8642729664613832,36,2,196,5,0.8537801049371085
C1_cash_reg_cash_features_cash_real_default,bpi2013_open_problems,mix-fit,candidate,HM,heuristics_miner,e69aab0f7954cd28,85,0.8976431319433255,0.9321610267210647,0.0,0.9321610267210647,0.7453088319330367,0.034517894777739255,0.034517894777739255,0.9629700300825083,0.8152663134789634,45,4,196,5,0.8425407391188939
C1_cash_reg_cash_features_cash_real_default,bpi2013_open_problems,mix-prec,candidate,HM,heuristics_miner,e69aab0f7954cd28,85,0.9046139563471023,0.9501071658282663,0.0,0.9501071658282663,0.8620643957540441,0.045493209481163976,0.045493209481163976,0.9521178124769696,0.4832828471569882,64,4,196,5,0.8237547638804068
C1_cash_reg_cash_features_cash_real_default,bpi2013_open_problems,mix-simp,candidate,IMd,inductive_miner_imd,4b39f6be45649b32,85,0.8823839323945362,0.8823839323945362,0.0,0.8823839323945362,0.7322580424149691,0.0,0.0,1.0,1.0,1,1,196,5,0.8083556671183323
C1_cash_reg_cash_features_cash_real_default,bpi2013_open_problems,mix-gen,candidate,AM,alpha_miner_classic,65361c91085f4e7e,85,0.8490136062359769,0.9253321454132266,0.0,0.9003300715017378,0.823835292661598,0.07631853917724973,0.05131646526576095,0.9175230866499638,0.3291507467064771,53,4,196,5,0.7951761819830048
C1_cash_reg_cash_features_cash_real_default,bpi2017,equal,candidate,HM,heuristics_miner,811f4a70bfa6226f,85,0.7897159833979309,0.8802301190425359,0.0,0.7897159833979309,0.5001675983519174,0.09051413564460498,0.0,0.8971699176312428,1.0,51,1,196,5,0.6636904149778442
C1_cash_reg_cash_features_cash_real_default,bpi2017,fitn,candidate,IMd,inductive_miner_imd,9d837cc3c8eeb105,85,1.0,1.0,0.0,1.0,0.495774473479623,0.0,0.0,1.0,1.0,1,1,196,5,0.9728935112808152
C1_cash_reg_cash_features_cash_real_default,bpi2017,prec,candidate,HM,heuristics_miner,811f4a70bfa6226f,85,0.9977548056712652,0.9982184707429071,0.0,0.9977548056712652,0.1259019512485154,0.0004636650716419721,0.0,0.9995355074212393,1.0,4,1,196,5,0.6567121844714989
C1_cash_reg_cash_features_cash_real_default,bpi2017,gene,candidate,IMd,inductive_miner_imd,9d837cc3c8eeb105,85,0.988416241415834,0.99095165942404,0.0,0.988416241415834,0.8436482021383097,0.002535418008206003,0.0,0.9974414311898124,1.0,5,1,196,5,0.8874623634384058
C1_cash_reg_cash_features_cash_real_default,bpi2017,simp,candidate,AM,alpha_miner_classic,9a9cd65c1066e3fa,85,0.392,0.7701149425287357,0.0,0.6170212765957447,0.392,0.3781149425287357,0.22502127659574467,0.5090149253731343,0.0,165,5,196,5,0.6026041421795706
C1_cash_reg_cash_features_cash_real_default,bpi2017,fit+pre,candidate,HM,heuristics_miner,811f4a70bfa6226f,85,0.9168671249859663,0.9550451175767805,0.0,0.9168671249859663,0.31083821236406917,0.038177992590814114,0.0,0.9600249329710386,1.0,30,1,196,5,0.724798321694182
C1_cash_reg_cash_features_cash_real_default,bpi2017,fit+gen,candidate,IMd,inductive_miner_imd,9d837cc3c8eeb105,85,0.994208120707917,0.9949668505231788,0.0,0.994208120707917,0.7413842210795771,0.000758729815261816,0.0,0.9992374320663419,1.0,4,1,196,5,0.9301779373596105
C1_cash_reg_cash_features_cash_real_default,bpi2017,fit+sim,candidate,IMd,inductive_miner_imd,9d837cc3c8eeb105,85,0.725,0.8402404432249244,0.0,0.8085106382978724,0.4438872367398115,0.11524044322492444,0.08351063829787242,0.8628482547416779,0.7709674202450372,66,3,196,5,0.7264336155333719
C1_cash_reg_cash_features_cash_real_default,bpi2017,pre+gen,candidate,HM,heuristics_miner,811f4a70bfa6226f,85,0.9207015039047874,0.9859199935085099,0.0,0.9207015039047874,0.5564479599640234,0.06521848960372245,0.0,0.9338501196515602,1.0,37,1,196,5,0.686044391834143
C1_cash_reg_cash_features_cash_real_default,bpi2017,pre+sim,candidate,HM,heuristics_miner,811f4a70bfa6226f,85,0.7396181435763733,0.8723812160130642,0.0,0.7396181435763733,0.25895097562425773,0.13276307243669083,0.0,0.8478153013845926,1.0,45,1,196,5,0.5732503008988621
C1_cash_reg_cash_features_cash_real_default,bpi2017,gen+sim,candidate,AM,alpha_miner_classic,9a9cd65c1066e3fa,85,0.6894969843397657,0.8792604640175905,0.0,0.7963457765194307,0.6625648418098955,0.1897634796778248,0.10684879217966503,0.7841783095639924,0.20131525159653865,107,4,196,5,0.6843905503793591
C1_cash_reg_cash_features_cash_real_default,bpi2017,mix-fit,candidate,HM,heuristics_miner,811f4a70bfa6226f,85,0.8143793359317738,0.8744182289149186,0.0,0.8143793359317738,0.413179771634357,0.0600388929831448,0.0,0.9313384705421247,1.0,49,1,196,5,0.6836627822931196
C1_cash_reg_cash_features_cash_real_default,bpi2017,mix-prec,candidate,HM,heuristics_miner,811f4a70bfa6226f,85,0.8675404199182805,0.9247332260272323,0.0,0.8675404199182805,0.48481386579919006,0.05719280610895183,0.0,0.9381521021423019,1.0,38,1,196,5,0.6848535870636312
C1_cash_reg_cash_features_cash_real_default,bpi2017,mix-simp,candidate,IMd,inductive_miner_imd,9d837cc3c8eeb105,85,0.6920237005598147,0.8548318499663207,0.0,0.7712039241360872,0.5155213309046448,0.162808149406506,0.07918022357627252,0.8095436553833125,0.690318286530366,112,4,196,5,0.67474564751119
C1_cash_reg_cash_features_cash_real_default,bpi2017,mix-gen,candidate,HM,heuristics_miner,811f4a70bfa6226f,85,0.7650526308640881,0.8969137795391169,0.0,0.7650526308640881,0.587155425069478,0.13186114867502874,0.0,0.8529834732355365,1.0,60,1,196,5,0.6437180476625688
C1_cash_reg_cash_features_cash_real_default,bpi2020_domestic,equal,candidate,HM,heuristics_miner,7ff65ee42a91cefb,85,0.782697276145632,0.9013014428805918,0.0,0.782697276145632,0.5280586222617515,0.11860416673495977,0.0,0.868407880990519,1.0,137,1,196,5,0.7427811795800516
C1_cash_reg_cash_features_cash_real_default,bpi2020_domestic,fitn,candidate,IMd,inductive_miner_imd,255e1ab22bf1c92a,85,1.0,1.0,0.0,1.0,0.723032771051894,0.0,0.0,1.0,1.0,1,1,196,5,0.9996067899101151
C1_cash_reg_cash_features_cash_real_default,bpi2020_domestic,prec,candidate,HM,heuristics_miner,7ff65ee42a91cefb,85,0.8670356093278883,0.986007752461474,0.0,0.8670356093278883,0.1975518121669374,0.11897214313358573,0.0,0.8793395459248843,1.0,108,1,196,5,0.8043593561562398
C1_cash_reg_cash_features_cash_real_default,bpi2020_domestic,gene,candidate,IMd,inductive_miner_imd,255e1ab22bf1c92a,85,0.8421750047212035,0.9326053854610896,0.0,0.8554073029005208,0.7516056740657073,0.09043038073988607,0.013232298179317259,0.9030346788152244,0.8725232125174577,92,3,196,5,0.8563028085832051
C1_cash_reg_cash_features_cash_real_default,bpi2020_domestic,simp,candidate,IM,inductive_miner_im,df7d13e54451760d,85,0.6000000000000001,0.875,0.0,0.6000000000000001,0.3541666666666666,0.2749999999999999,0.0,0.6857142857142858,1.0,125,1,196,5,0.5990528083364296
C1_cash_reg_cash_features_cash_real_default,bpi2020_domestic,fit+pre,candidate,HM,heuristics_miner,7ff65ee42a91cefb,85,0.896113454388845,0.980580685505521,0.0,0.896113454388845,0.48650745759222797,0.08446723111667598,0.0,0.9138599889175562,1.0,125,1,196,5,0.8703898738159161
C1_cash_reg_cash_features_cash_real_default,bpi2020_domestic,fit+gen,candidate,IMd,inductive_miner_imd,255e1ab22bf1c92a,85,0.9210875023606018,0.9529492086056026,0.0,0.9277036514502603,0.7540428391238887,0.03186170624500084,0.006616149089658574,0.9665651579777035,0.9619018879329873,38,3,196,5,0.9279547992466601
C1_cash_reg_cash_features_cash_real_default,bpi2020_domestic,fit+sim,candidate,IM,inductive_miner_im,df7d13e54451760d,85,0.8,0.892967594352212,0.0,0.8,0.5385997188592803,0.09296759435221191,0.0,0.8958891734255444,1.0,60,1,196,5,0.7991074315870741
C1_cash_reg_cash_features_cash_real_default,bpi2020_domestic,pre+gen,candidate,HM,heuristics_miner,7ff65ee42a91cefb,85,0.8093206416967977,0.957510356458128,0.0,0.8093206416967977,0.5175175256642226,0.14818971476133025,0.0,0.8452343478461263,1.0,134,1,196,5,0.748089181748357
C1_cash_reg_cash_features_cash_real_default,bpi2020_domestic,pre+sim,candidate,HM,heuristics_miner,7ff65ee42a91cefb,85,0.7269960655335093,0.8607303005919194,0.0,0.7269960655335093,0.3020744053996142,0.1337342350584101,0.0,0.8446270161902726,1.0,128,1,196,5,0.67144265975207
C1_cash_reg_cash_features_cash_real_default,bpi2020_domestic,gen+sim,candidate,IM,inductive_miner_im,df7d13e54451760d,85,0.7277036514502604,0.836843156586478,0.0,0.7277036514502604,0.569609786931275,0.10913950513621762,0.0,0.8695818872661841,1.0,120,1,196,5,0.7265656078384869
C1_cash_reg_cash_features_cash_real_default,bpi2020_domestic,mix-fit,candidate,HM,heuristics_miner,7ff65ee42a91cefb,85,0.822739074332684,0.9217713572150562,0.0,0.822739074332684,0.5135463757134479,0.0990322828823722,0.0,0.8925630720598892,1.0,129,1,196,5,0.7927630568407364
C1_cash_reg_cash_features_cash_real_default,bpi2020_domestic,mix-prec,candidate,HM,heuristics_miner,7ff65ee42a91cefb,85,0.8160298580147407,0.9396408568365918,0.0,0.8160298580147407,0.5155319506888351,0.12361099882185111,0.0,0.86844867597818,1.0,131,1,196,5,0.7704261192945465
C1_cash_reg_cash_features_cash_real_default,bpi2020_domestic,mix-simp,candidate,IM,inductive_miner_im,df7d13e54451760d,85,0.7501620398307685,0.8629620289245914,0.0,0.7501620398307685,0.5405852938346677,0.11279998909382294,0.0,0.8692874248077955,1.0,156,1,196,5,0.7536056661716503
C1_cash_reg_cash_features_cash_real_default,bpi2020_domestic,mix-gen,candidate,IM,inductive_miner_im,df7d13e54451760d,85,0.700324079661537,0.88113234738198,0.0,0.7426554779585799,0.5425708688100551,0.180808267720443,0.04233139829704291,0.7948001020985548,0.7884325112401829,152,2,196,5,0.7081039007562266
C1_cash_reg_cash_features_cash_real_default,bpi2020_international,equal,candidate,HM,heuristics_miner,a8fc09154990e706,85,0.748944593081187,0.8501918473231604,0.0,0.748944593081187,0.42730621361870447,0.10124725424197345,0.0,0.8809124616276295,1.0,74,1,196,5,0.6361539104621551
C1_cash_reg_cash_features_cash_real_default,bpi2020_international,fitn,candidate,IMd,inductive_miner_imd,3a17215508b7f71d,85,1.0,1.0,0.0,1.0,0.543631678095892,0.0,0.0,1.0,1.0,1,1,196,5,0.9979666191014208
C1_cash_reg_cash_features_cash_real_default,bpi2020_international,prec,candidate,HM,heuristics_miner,a8fc09154990e706,85,0.914192461570857,1.0,0.0,0.914192461570857,0.0,0.08580753842914302,0.0,0.914192461570857,1.0,28,1,196,5,0.6184898952594421
C1_cash_reg_cash_features_cash_real_default,bpi2020_international,gene,candidate,IMd,inductive_miner_imd,3a17215508b7f71d,85,0.9085268002629592,0.9418786896404474,0.0,0.9085268002629592,0.6807656098412334,0.03335188937748823,0.0,0.9645900371838544,1.0,12,1,196,5,0.8470256269263069
C1_cash_reg_cash_features_cash_real_default,bpi2020_international,simp,candidate,IM,inductive_miner_im,6150b352c065731b,85,0.6222222222222222,0.726190476190476,0.0,0.6222222222222222,0.2668810289389067,0.10396825396825382,0.0,0.8568306010928963,1.0,55,1,196,5,0.5065800825260446
C1_cash_reg_cash_features_cash_real_default,bpi2020_international,fit+pre,candidate,HM,heuristics_miner,a8fc09154990e706,85,0.9075063812417573,0.9444725618292222,0.0,0.9075063812417573,0.271815839047946,0.036966180587464925,0.0,0.9608605034371035,1.0,33,1,196,5,0.7411819461202529
C1_cash_reg_cash_features_cash_real_default,bpi2020_international,fit+gen,candidate,IMd,inductive_miner_imd,3a17215508b7f71d,85,0.9542634001314796,0.9642924535411258,0.0,0.9542634001314796,0.7211719127679556,0.010029053409646216,0.0,0.9895995728548772,1.0,4,1,196,5,0.9224961230138639
C1_cash_reg_cash_features_cash_real_default,bpi2020_international,fit+sim,candidate,IM,inductive_miner_im,6150b352c065731b,85,0.7964877749920367,0.8252695672008914,0.0,0.7964877749920367,0.4052563535173993,0.028781792208854684,0.0,0.9651243746858674,1.0,18,1,196,5,0.7244708542627634
C1_cash_reg_cash_features_cash_real_default,bpi2020_international,pre+gen,candidate,HM,heuristics_miner,a8fc09154990e706,85,0.7974790357060452,0.9244692854293903,0.0,0.7974790357060452,0.4493560737200096,0.12699024972334516,0.0,0.8626344306675784,1.0,62,1,196,5,0.622631413912974
C1_cash_reg_cash_features_cash_real_default,bpi2020_international,pre+sim,candidate,HM,heuristics_miner,a8fc09154990e706,85,0.7070962307854285,0.863095238095238,0.0,0.7070962307854285,0.13344051446945335,0.15599900730980953,0.0,0.8192563225651862,1.0,49,1,196,5,0.5269843561505252
C1_cash_reg_cash_features_cash_real_default,bpi2020_international,gen+sim,candidate,IM,inductive_miner_im,6150b352c065731b,85,0.7494471551579674,0.8021013140485984,0.0,0.7494471551579674,0.5827965881894629,0.052654158890630964,0.0,0.934354728051922,1.0,45,1,196,5,0.6416778795245421
C1_cash_reg_cash_features_cash_real_default,bpi2020_international,mix-fit,candidate,HM,heuristics_miner,a8fc09154990e706,85,0.8026624198204434,0.8651430903153831,0.0,0.8026624198204434,0.36070009177014006,0.06248067049493966,0.0,0.9277799577961575,1.0,55,1,196,5,0.6808696240352304
C1_cash_reg_cash_features_cash_real_default,bpi2020_international,mix-prec,candidate,HM,heuristics_miner,a8fc09154990e706,85,0.8000707277632442,0.8789785552291673,0.0,0.8000707277632442,0.4050280827450747,0.07890782746592317,0.0,0.910227812730482,1.0,61,1,196,5,0.6517505189741021
C1_cash_reg_cash_features_cash_real_default,bpi2020_international,mix-simp,candidate,IM,inductive_miner_im,6150b352c065731b,85,0.7380189347317311,0.8280233355013684,0.0,0.7380189347317311,0.4495843444923341,0.09000440076963734,0.0,0.8913020963169599,1.0,76,1,196,5,0.6563682058745013
C1_cash_reg_cash_features_cash_real_default,bpi2020_international,mix-gen,candidate,HM,heuristics_miner,a8fc09154990e706,85,0.6952267663419306,0.8352406043309378,0.0,0.6952267663419306,0.4939123354672689,0.14001383798900724,0.0,0.8323670601465022,1.0,109,1,196,5,0.5914381968890797
C1_cash_reg_cash_features_cash_real_default,bpi2020_payment,equal,candidate,HM,heuristics_miner,67cd1ccc54854e66,85,0.7459843675155176,0.8696763776738392,0.0,0.7459843675155176,0.4539079536155171,0.12369201015832165,0.0,0.8577723698910094,1.0,129,1,196,5,0.7564970491219921
C1_cash_reg_cash_features_cash_real_default,bpi2020_payment,fitn,candidate,IMd,inductive_miner_imd,8cefc3b841ae652c,85,1.0,1.0,0.0,1.0,0.6986954515961711,0.0,0.0,1.0,1.0,1,1,196,5,0.9997454339093774
C1_cash_reg_cash_features_cash_real_default,bpi2020_payment,prec,candidate,HM,heuristics_miner,67cd1ccc54854e66,85,0.8082905921163525,1.0,0.0,0.8082905921163525,0.0,0.19170940788364754,0.0,0.8082905921163525,1.0,103,1,196,5,0.8402866127819657
C1_cash_reg_cash_features_cash_real_default,bpi2020_payment,gene,candidate,IMd,inductive_miner_imd,8cefc3b841ae652c,85,0.8350845701975759,0.9042989365923124,0.0,0.8669709790187637,0.6750512131653676,0.06921436639473655,0.03188640882118787,0.9234607455632333,0.8338555245761122,33,3,196,5,0.8571130440041315
C1_cash_reg_cash_features_cash_real_default,bpi2020_payment,simp,candidate,IM,inductive_miner_im,d6c08269cc6ee4f8,85,0.6000000000000001,0.8214285714285714,0.0,0.6000000000000001,0.3333333333333333,0.2214285714285713,0.0,0.7304347826086958,1.0,105,1,196,5,0.5948219511229218
C1_cash_reg_cash_features_cash_real_default,bpi2020_payment,fit+pre,candidate,HM,heuristics_miner,67cd1ccc54854e66,85,0.8729305234063345,0.9825892284678609,0.0,0.8729305234063345,0.34934772579808554,0.10965870506152642,0.0,0.8883982218769935,1.0,101,1,196,5,0.8825489223975829
C1_cash_reg_cash_features_cash_real_default,bpi2020_payment,fit+gen,candidate,IMd,inductive_miner_imd,8cefc3b841ae652c,85,0.917542285098788,0.9514970823370221,0.0,0.9334854895093818,0.7411492405643676,0.033954797238234136,0.015943204410593825,0.96431434434372,0.9171076461247213,9,3,196,5,0.9284292389567544
C1_cash_reg_cash_features_cash_real_default,bpi2020_payment,fit+sim,candidate,IM,inductive_miner_im,d6c08269cc6ee4f8,85,0.8,0.8691224178435837,0.0,0.8,0.5160143924647522,0.06912241784358364,0.0,0.9204687206031502,1.0,56,1,196,5,0.7964881289501191
C1_cash_reg_cash_features_cash_real_default,bpi2020_payment,pre+gen,candidate,HM,heuristics_miner,67cd1ccc54854e66,85,0.7416709026408601,0.916868426053467,0.0,0.7416709026408601,0.391801514766282,0.17519752341260686,0.0,0.8089174864852525,1.0,127,1,196,5,0.7775097801783999
C1_cash_reg_cash_features_cash_real_default,bpi2020_payment,pre+sim,candidate,HM,heuristics_miner,67cd1ccc54854e66,85,0.6856579011001931,0.87,0.0,0.6856579011001931,0.16666666666666666,0.1843420988998069,0.0,0.788112530000222,1.0,122,1,196,5,0.6932220084499672
C1_cash_reg_cash_features_cash_real_default,bpi2020_payment,gen+sim,candidate,IM,inductive_miner_im,d6c08269cc6ee4f8,85,0.7334854895093819,0.7955758933524278,0.0,0.7334854895093819,0.5584681814329486,0.06209040384304598,0.0,0.9219553981438439,1.0,54,1,196,5,0.7225098526338559
C1_cash_reg_cash_features_cash_real_default,bpi2020_payment,mix-fit,candidate,HM,heuristics_miner,67cd1ccc54854e66,85,0.7976255228467759,0.9053177010011466,0.0,0.7976255228467759,0.42450515025839153,0.10769217815437071,0.0,0.8810448773560053,1.0,121,1,196,5,0.802715252220947
C1_cash_reg_cash_features_cash_real_default,bpi2020_payment,mix-prec,candidate,HM,heuristics_miner,67cd1ccc54854e66,85,0.7696482127438178,0.9102277500261443,0.0,0.7696482127438178,0.40815333251233665,0.14057953728232653,0.0,0.8455556455202682,1.0,126,1,196,5,0.7901125161996732
C1_cash_reg_cash_features_cash_real_default,bpi2020_payment,mix-simp,candidate,IM,inductive_miner_im,d6c08269cc6ee4f8,85,0.7427293481371395,0.829125005321534,0.0,0.7427293481371395,0.49966257471869746,0.08639565718439446,0.0,0.895798996978881,1.0,147,1,196,5,0.7442341790664297
C1_cash_reg_cash_features_cash_real_default,bpi2020_payment,mix-gen,candidate,HM,heuristics_miner,67cd1ccc54854e66,85,0.6943432121842593,0.836099433132433,0.0,0.6943432121842593,0.48331075697264275,0.14175622094817364,0.0,0.8304553079086703,1.0,145,1,196,5,0.7102788460230375
C1_cash_reg_cash_features_cash_real_default,bpi2020_permit,equal,candidate,HM,heuristics_miner,8dc0dde1f149f92e,85,0.6953084541835005,0.8429076490043279,0.0,0.6953084541835005,0.0,0.1475991948208274,0.0,0.8248928040987922,1.0,86,1,196,5,0.6807530802008127
C1_cash_reg_cash_features_cash_real_default,bpi2020_permit,fitn,candidate,IMd,inductive_miner_imd,83bfdaba62b71641,85,1.0,1.0,0.0,1.0,0.0,0.0,0.0,1.0,1.0,1,1,196,5,0.993318024891142
C1_cash_reg_cash_features_cash_real_default,bpi2020_permit,prec,candidate,HM,heuristics_miner,8dc0dde1f149f92e,85,0.8137442437123628,0.9911533085603246,0.0,0.8137442437123628,0.0,0.17740906484796182,0.0,0.8210074432323159,1.0,43,1,196,5,0.6439540668717069
C1_cash_reg_cash_features_cash_real_default,bpi2020_permit,gene,candidate,IMd,inductive_miner_imd,83bfdaba62b71641,85,0.8652393738255396,0.9078165537742844,0.0,0.8652393738255396,0.0,0.04257717994874477,0.0,0.9530993571644751,1.0,41,1,196,5,0.8985731916179678
C1_cash_reg_cash_features_cash_real_default,bpi2020_permit,simp,candidate,IMf,inductive_miner_imf,af1d75e068f5e2e7,85,0.0,0.7142857142857143,0.0,0.5946547884187082,0.0,0.7142857142857143,0.5946547884187082,0.0,0.0,177,5,196,5,0.5714950313799977
C1_cash_reg_cash_features_cash_real_default,bpi2020_permit,fit+pre,candidate,HM,heuristics_miner,8dc0dde1f149f92e,85,0.8512783359444481,0.9243881790529205,0.0,0.8512783359444481,0.0,0.07310984310847235,0.0,0.9209100194429392,1.0,34,1,196,5,0.7545489649553506
C1_cash_reg_cash_features_cash_real_default,bpi2020_permit,fit+gen,candidate,IMd,inductive_miner_imd,83bfdaba62b71641,85,0.9326196869127699,0.9448808304983668,0.0,0.9326196869127699,0.0,0.012261143585596934,0.0,0.9870236084913164,1.0,7,1,196,5,0.9459456082545549
C1_cash_reg_cash_features_cash_real_default,bpi2020_permit,fit+sim,candidate,IM,inductive_miner_im,1e49d93937c2bb45,85,0.7973273942093542,0.8272924879786688,0.0,0.7973273942093542,0.0,0.029965093769314666,0.0,0.9637793232686922,1.0,15,1,196,5,0.7580793274245522
C1_cash_reg_cash_features_cash_real_default,bpi2020_permit,pre+gen,candidate,HM,heuristics_miner,8dc0dde1f149f92e,85,0.7082588870498185,0.9322600772514231,0.0,0.7082588870498185,0.0,0.22400119020160458,0.0,0.7597224254609014,1.0,78,1,196,5,0.6884910626933565
C1_cash_reg_cash_features_cash_real_default,bpi2020_permit,pre+sim,candidate,HM,heuristics_miner,8dc0dde1f149f92e,85,0.644823929085097,0.816594001468874,0.0,0.644823929085097,0.0,0.17177007238377695,0.0,0.7896505826949498,1.0,46,1,196,5,0.5624201996246253
C1_cash_reg_cash_features_cash_real_default,bpi2020_permit,gen+sim,candidate,IMf,inductive_miner_imf,af1d75e068f5e2e7,85,0.0,0.7992898469819344,0.0,0.7281672934908063,0.0,0.7992898469819344,0.7281672934908063,0.0,0.0,177,5,196,5,0.6989806430046241
C1_cash_reg_cash_features_cash_real_default,bpi2020_permit,mix-fit,candidate,HM,heuristics_miner,8dc0dde1f149f92e,85,0.755106320314616,0.8639118088087243,0.0,0.755106320314616,0.0,0.10880548849410832,0.0,0.8740548660352916,1.0,52,1,196,5,0.7087238376041192
C1_cash_reg_cash_features_cash_real_default,bpi2020_permit,mix-prec,candidate,HM,heuristics_miner,8dc0dde1f149f92e,85,0.7316826036822172,0.8885842618048085,0.0,0.7316826036822172,0.0,0.15690165812259138,0.0,0.8234251214354084,1.0,68,1,196,5,0.6986074501487377
C1_cash_reg_cash_features_cash_real_default,bpi2020_permit,mix-simp,candidate,IM,inductive_miner_im,1e49d93937c2bb45,85,0.7200015916100726,0.81761289182125,0.0,0.7200015916100726,0.0,0.09761130021117737,0.0,0.8806142843543646,1.0,72,1,196,5,0.6964635770806233
C1_cash_reg_cash_features_cash_real_default,bpi2020_permit,mix-gen,candidate,HM,heuristics_miner,8dc0dde1f149f92e,85,0.6355105880523851,0.8269571869508153,0.0,0.642675789010791,0.0,0.1914465988984302,0.007165200958405893,0.7684927322485235,0.9888509866391036,127,2,196,5,0.6527823227975063
C1_cash_reg_cash_features_cash_real_default,bpi2020_prepaid,equal,candidate,HM,heuristics_miner,29f7ad244446d4aa,85,0.7280027250543759,0.8668476328686328,0.0,0.7280027250543759,0.3835715428314981,0.13884490781425685,0.0,0.8398277822426744,1.0,83,1,196,5,0.7310270537962935
C1_cash_reg_cash_features_cash_real_default,bpi2020_prepaid,fitn,candidate,IMd,inductive_miner_imd,8cca159c4df3be24,85,1.0,1.0,0.0,1.0,0.4702681384715757,0.0,0.0,1.0,1.0,1,1,196,5,0.9978804957310808
C1_cash_reg_cash_features_cash_real_default,bpi2020_prepaid,prec,candidate,HM,heuristics_miner,29f7ad244446d4aa,85,0.8877260430015663,0.9997522759645756,0.0,0.8877260430015663,0.0,0.11202623296300929,0.0,0.8879460085700482,1.0,23,1,196,5,0.7509258145849463
C1_cash_reg_cash_features_cash_real_default,bpi2020_prepaid,gene,candidate,IMd,inductive_miner_imd,8cca159c4df3be24,85,0.8904211520153033,0.9112866050560324,0.0,0.8904211520153033,0.5988575329285628,0.020865453040729176,0.0,0.9771033032583133,1.0,10,1,196,5,0.88978861405924
C1_cash_reg_cash_features_cash_real_default,bpi2020_prepaid,simp,candidate,IM,inductive_miner_im,08b79ae23a413281,85,0.5903614457831325,0.8241758241758241,0.0,0.5903614457831325,0.1867088607594936,0.2338143783926916,0.0,0.7163052208835342,1.0,105,1,196,5,0.5896615217397091
C1_cash_reg_cash_features_cash_real_default,bpi2020_prepaid,fit+pre,candidate,HM,heuristics_miner,29f7ad244446d4aa,85,0.8946719217397086,0.9548684615240937,0.0,0.8946719217397086,0.23513406923578786,0.060196539784385106,0.0,0.9369582908955819,1.0,27,1,196,5,0.8305298844860735
C1_cash_reg_cash_features_cash_real_default,bpi2020_prepaid,fit+gen,candidate,IMd,inductive_miner_imd,8cca159c4df3be24,85,0.9452105760076517,0.949603353381388,0.0,0.9452105760076517,0.6737886552832494,0.004392777373736334,0.0,0.9953740923954256,1.0,3,1,196,5,0.9438345548951604
C1_cash_reg_cash_features_cash_real_default,bpi2020_prepaid,fit+sim,candidate,IM,inductive_miner_im,08b79ae23a413281,85,0.7884684371297543,0.8494129668934964,0.0,0.7884684371297543,0.32848849961553467,0.060944529763742095,0.0,0.9282510014102674,1.0,66,1,196,5,0.7876798583220046
C1_cash_reg_cash_features_cash_real_default,bpi2020_prepaid,pre+gen,candidate,HM,heuristics_miner,29f7ad244446d4aa,85,0.7432917879650646,0.9409693886867966,0.0,0.7432917879650646,0.43865458604746155,0.19767760072173202,0.0,0.7899213267738624,1.0,65,1,196,5,0.7472340108160627
C1_cash_reg_cash_features_cash_real_default,bpi2020_prepaid,pre+sim,candidate,HM,heuristics_miner,29f7ad244446d4aa,85,0.7057677834055451,0.8334790489391193,0.0,0.7057677834055451,0.0933544303797468,0.12771126553357415,0.0,0.8467732743898849,1.0,38,1,196,5,0.6352160268753972
C1_cash_reg_cash_features_cash_real_default,bpi2020_prepaid,gen+sim,candidate,IM,inductive_miner_im,08b79ae23a413281,85,0.7379476465690233,0.815098321546149,0.0,0.7379476465690233,0.5320090164272083,0.07715067497712569,0.0,0.9053480139294366,1.0,81,1,196,5,0.7332654727901836
C1_cash_reg_cash_features_cash_real_default,bpi2020_prepaid,mix-fit,candidate,HM,heuristics_miner,29f7ad244446d4aa,85,0.7916125911463714,0.8887029376845874,0.0,0.7916125911463714,0.3131799447500213,0.09709034653821602,0.0,0.8907505056850902,1.0,40,1,196,5,0.7675867946682515
C1_cash_reg_cash_features_cash_real_default,bpi2020_prepaid,mix-prec,candidate,HM,heuristics_miner,29f7ad244446d4aa,85,0.7674521895557178,0.9102502378418409,0.0,0.7674521895557178,0.3759172653987413,0.14279804828612308,0.0,0.843122207114507,1.0,52,1,196,5,0.7574104027421569
C1_cash_reg_cash_features_cash_real_default,bpi2020_prepaid,mix-simp,candidate,IM,inductive_miner_im,08b79ae23a413281,85,0.724823854120391,0.8311667650921324,0.0,0.724823854120391,0.3912258202642548,0.10634291097174142,0.0,0.8720558672001838,1.0,103,1,196,5,0.7315655046544356
C1_cash_reg_cash_features_cash_real_default,bpi2020_prepaid,mix-gen,candidate,HM,heuristics_miner,29f7ad244446d4aa,85,0.6643928589623807,0.8449923280526782,0.0,0.6643928589623807,0.4539631409129749,0.18059946909029756,0.0,0.7862708771492672,1.0,142,1,196,5,0.6944673129243353
C1_cash_reg_cash_features_cash_real_default,bpic15_1,equal,candidate,IMd,inductive_miner_imd,8ec8a2cb08851acf,85,0.5006533211257762,0.7538067736145151,0.0,0.5006533211257762,0.0,0.2531534524887389,0.0,0.6641666520521378,1.0,124,1,196,5,0.43661802572359854
C1_cash_reg_cash_features_cash_real_default,bpic15_1,fitn,candidate,IMd,inductive_miner_imd,8ec8a2cb08851acf,85,1.0,1.0,0.0,1.0,0.0,0.0,0.0,1.0,1.0,1,1,196,5,0.865
C1_cash_reg_cash_features_cash_real_default,bpic15_1,prec,candidate,IMd,inductive_miner_imd,8ec8a2cb08851acf,85,0.0055144083252097,0.9967132292522596,0.0,0.0055144083252097,0.0,0.9911988209270499,0.0,0.00553259268901913,1.0,141,1,196,5,0.005593193958901617
C1_cash_reg_cash_features_cash_real_default,bpic15_1,gene,candidate,IMd,inductive_miner_imd,8ec8a2cb08851acf,85,0.6526451647517064,0.7947596517508088,0.0,0.6526451647517064,0.0,0.14211448699910234,0.0,0.8211855789532942,1.0,112,1,196,5,0.5717180227473841
C1_cash_reg_cash_features_cash_real_default,bpic15_1,simp,candidate,IMd,inductive_miner_imd,8ec8a2cb08851acf,85,0.3444537114261885,1.0,0.0,0.3444537114261885,0.0,0.6555462885738115,0.0,0.3444537114261885,1.0,137,1,196,5,0.30416088618810855
C1_cash_reg_cash_features_cash_real_default,bpic15_1,fit+pre,candidate,IMd,inductive_miner_imd,8ec8a2cb08851acf,85,0.5027572041626048,0.8688577238297088,0.0,0.5027572041626048,0.0,0.366100519667104,0.0,0.5786415777563397,1.0,74,1,196,5,0.4352965969794508
C1_cash_reg_cash_features_cash_real_default,bpic15_1,fit+gen,candidate,IMd,inductive_miner_imd,8ec8a2cb08851acf,85,0.8263225823758532,0.871727415992749,0.0,0.8263225823758532,0.0,0.045404833616895846,0.0,0.9479139547708414,1.0,4,1,196,5,0.7183590113736921
C1_cash_reg_cash_features_cash_real_default,bpic15_1,fit+sim,candidate,IMd,inductive_miner_imd,8ec8a2cb08851acf,85,0.6722268557130943,0.8645266546833184,0.0,0.6722268557130943,0.0,0.1922997989702241,0.0,0.7775663735426819,1.0,85,1,196,5,0.5845804430940542
C1_cash_reg_cash_features_cash_real_default,bpic15_1,pre+gen,candidate,IMd,inductive_miner_imd,8ec8a2cb08851acf,85,0.32907978653845804,0.8387467991159434,0.0,0.32907978653845804,0.0,0.5096670125774854,0.0,0.39234699540470974,1.0,126,1,196,5,0.28865560835314286
C1_cash_reg_cash_features_cash_real_default,bpic15_1,pre+sim,candidate,IMd,inductive_miner_imd,8ec8a2cb08851acf,85,0.17498405987569912,0.8214077863143173,0.0,0.17498405987569912,0.0,0.6464237264386182,0.0,0.21302946330817987,1.0,142,1,196,5,0.15487704007350508
C1_cash_reg_cash_features_cash_real_default,bpic15_1,gen+sim,candidate,IMd,inductive_miner_imd,8ec8a2cb08851acf,85,0.49854943808894747,0.8973798258754044,0.0,0.49854943808894747,0.0,0.39883038778645696,0.0,0.5555612280481197,1.0,131,1,196,5,0.43793945446774635
C1_cash_reg_cash_features_cash_real_default,bpic15_1,mix-fit,candidate,IMd,inductive_miner_imd,8ec8a2cb08851acf,85,0.5358095812579713,0.7829881701741386,0.0,0.5358095812579713,0.0,0.24717858891616729,0.0,0.6843137631808739,1.0,94,1,196,5,0.46568193770003063
C1_cash_reg_cash_features_cash_real_default,bpic15_1,mix-prec,candidate,IMd,inductive_miner_imd,8ec8a2cb08851acf,85,0.43244468389821455,0.8104949307104616,0.0,0.43244468389821455,0.0,0.3780502468122471,0.0,0.5335563092530922,1.0,118,1,196,5,0.37716877302658663
C1_cash_reg_cash_features_cash_real_default,bpic15_1,mix-simp,candidate,IMd,inductive_miner_imd,8ec8a2cb08851acf,85,0.5688619583533376,0.7694736087116352,0.0,0.5688619583533376,0.0,0.20061165035829753,0.0,0.7392871593163659,1.0,121,1,196,5,0.49606727842061044
C1_cash_reg_cash_features_cash_real_default,bpic15_1,mix-gen,candidate,IMd,inductive_miner_imd,8ec8a2cb08851acf,85,0.46549706099358107,0.7344918748892888,0.0,0.46549706099358107,0.0,0.26899481389570773,0.0,0.6337674750503486,1.0,131,1,196,5,0.40755411374716655
C1_cash_reg_cash_features_cash_real_default,bpic15_2,equal,candidate,IMd,inductive_miner_imd,2bd4a2c68f811174,85,0.4958761568622505,0.739796087901852,0.0,0.4958761568622505,0.0,0.24391993103960152,0.0,0.6702876170494672,1.0,123,1,196,5,0.44503364406327006
C1_cash_reg_cash_features_cash_real_default,bpic15_2,fitn,candidate,IMd,inductive_miner_imd,2bd4a2c68f811174,85,1.0,1.0,0.0,1.0,0.0,0.0,0.0,1.0,1.0,1,1,196,5,0.88
C1_cash_reg_cash_features_cash_real_default,bpic15_2,prec,candidate,HM,heuristics_miner,31413093d0283c37,85,0.0,0.9964080459770116,0.0,0.0047466811844114,0.0,0.9964080459770116,0.0047466811844114,0.0,0.0,145,2,196,5,0.014572763491507776
C1_cash_reg_cash_features_cash_real_default,bpic15_2,gene,candidate,IMd,inductive_miner_imd,2bd4a2c68f811174,85,0.630479323366272,0.8434264748464657,0.0,0.630479323366272,0.0,0.21294715148019372,0.0,0.7475213811388149,1.0,119,1,196,5,0.5813774154905296
C1_cash_reg_cash_features_cash_real_default,bpic15_2,simp,candidate,IMd,inductive_miner_imd,2bd4a2c68f811174,85,0.3482786228983187,1.0,0.0,0.3482786228983187,0.0,0.6517213771016813,0.0,0.3482786228983187,1.0,133,1,196,5,0.30924445696404435
C1_cash_reg_cash_features_cash_real_default,bpic15_2,fit+pre,candidate,IMd,inductive_miner_imd,2bd4a2c68f811174,85,0.5023733405922057,0.8552632687420797,0.0,0.5023733405922057,0.0,0.35288992814987397,0.0,0.587390291332277,1.0,62,1,196,5,0.44475635189925317
C1_cash_reg_cash_features_cash_real_default,bpic15_2,fit+gen,candidate,IMd,inductive_miner_imd,2bd4a2c68f811174,85,0.815239661683136,0.888226048940476,0.0,0.815239661683136,0.0,0.07298638725733997,0.0,0.9178290398661444,1.0,6,1,196,5,0.7306887077452648
C1_cash_reg_cash_features_cash_real_default,bpic15_2,fit+sim,candidate,IMd,inductive_miner_imd,2bd4a2c68f811174,85,0.6741393114491594,0.8502937315725136,0.0,0.6741393114491594,0.0,0.17615442012335425,0.0,0.7928310963817429,1.0,81,1,196,5,0.5946222284820222
C1_cash_reg_cash_features_cash_real_default,bpic15_2,pre+gen,candidate,IMd,inductive_miner_imd,2bd4a2c68f811174,85,0.31761300227534167,0.8135744140072105,0.0,0.31761300227534167,0.0,0.49596141173186886,0.0,0.39039207330889186,1.0,136,1,196,5,0.29544505964451795
C1_cash_reg_cash_features_cash_real_default,bpic15_2,pre+sim,candidate,IMd,inductive_miner_imd,2bd4a2c68f811174,85,0.17651265204136504,0.7980406242956953,0.0,0.17651265204136504,0.0,0.6215279722543303,0.0,0.22118253966976298,1.0,138,1,196,5,0.15937858038127536
C1_cash_reg_cash_features_cash_real_default,bpic15_2,gen+sim,candidate,IMd,inductive_miner_imd,2bd4a2c68f811174,85,0.48937897313229534,0.9217132374232329,0.0,0.48937897313229534,0.0,0.4323342642909375,0.0,0.5309449330470905,1.0,131,1,196,5,0.44531093622728696
C1_cash_reg_cash_features_cash_real_default,bpic15_2,mix-fit,candidate,IMd,inductive_miner_imd,2bd4a2c68f811174,85,0.5341276612716144,0.7675374461630222,0.0,0.5341276612716144,0.0,0.23340978489140785,0.0,0.695897853507681,1.0,88,1,196,5,0.47484044408141374
C1_cash_reg_cash_features_cash_real_default,bpic15_2,mix-prec,candidate,IMd,inductive_miner_imd,2bd4a2c68f811174,85,0.42587033177347794,0.790453222686223,0.0,0.42587033177347794,0.0,0.36458289091274504,0.0,0.5387672787596828,1.0,118,1,196,5,0.38514275186296576
C1_cash_reg_cash_features_cash_real_default,bpic15_2,mix-simp,candidate,IMd,inductive_miner_imd,2bd4a2c68f811174,85,0.565881981951023,0.7666984383330109,0.0,0.565881981951023,0.0,0.20081645638198786,0.0,0.7380763461334137,1.0,118,1,196,5,0.5049245362635744
C1_cash_reg_cash_features_cash_real_default,bpic15_2,mix-gen,candidate,IMd,inductive_miner_imd,2bd4a2c68f811174,85,0.4576246524528867,0.7177077196779903,0.0,0.4576246524528867,0.0,0.2600830672251036,0.0,0.6376197996842036,1.0,136,1,196,5,0.41522684404512644
C1_cash_reg_cash_features_cash_real_default,bpic15_3,equal,candidate,IMd,inductive_miner_imd,1e1739de3216125c,85,0.5062291863779904,0.7711497484903616,0.0,0.5062291863779904,0.0,0.26492056211237114,0.0,0.6564602885094731,1.0,126,1,196,5,0.468737766141186
C1_cash_reg_cash_features_cash_real_default,bpic15_3,fitn,candidate,IMd,inductive_miner_imd,1e1739de3216125c,85,1.0,1.0,0.0,1.0,0.0,0.0,0.0,1.0,1.0,1,1,196,5,0.8792017103364281
C1_cash_reg_cash_features_cash_real_default,bpic15_3,prec,candidate,HM,heuristics_miner,b47e1fe582935617,85,0.0,0.9713690786048932,0.0,0.0056460981272722,0.0,0.9713690786048932,0.0056460981272722,0.0,0.0,143,2,196,5,0.0325673842035417
C1_cash_reg_cash_features_cash_real_default,bpic15_3,gene,candidate,IMd,inductive_miner_imd,1e1739de3216125c,85,0.6755746197508381,0.7690804510999736,0.0,0.6755746197508381,0.0,0.09350583134913548,0.0,0.8784186606025427,1.0,104,1,196,5,0.6545863355527485
C1_cash_reg_cash_features_cash_real_default,bpic15_3,simp,candidate,IMd,inductive_miner_imd,1e1739de3216125c,85,0.3436960276338515,1.0,0.0,0.3436960276338515,0.0,0.6563039723661486,0.0,0.3436960276338515,1.0,133,1,196,5,0.32942078884565484
C1_cash_reg_cash_features_cash_real_default,bpic15_3,fit+pre,candidate,IMd,inductive_miner_imd,1e1739de3216125c,85,0.5028230490636361,0.8737992058502052,0.0,0.5028230490636361,0.0,0.37097615678656914,0.0,0.5754446166775696,1.0,68,1,196,5,0.4454719700831703
C1_cash_reg_cash_features_cash_real_default,bpic15_3,fit+gen,candidate,IMd,inductive_miner_imd,1e1739de3216125c,85,0.837787309875419,0.8764050391703524,0.0,0.837787309875419,0.0,0.038617729294933345,0.0,0.9559362080671161,1.0,8,1,196,5,0.7668940229445883
C1_cash_reg_cash_features_cash_real_default,bpic15_3,fit+sim,candidate,IMd,inductive_miner_imd,1e1739de3216125c,85,0.6718480138169257,0.8866318702272058,0.0,0.6718480138169257,0.0,0.21478385641028008,0.0,0.7577530611941119,1.0,98,1,196,5,0.6043112495910414
C1_cash_reg_cash_features_cash_real_default,bpic15_3,pre+gen,candidate,IMd,inductive_miner_imd,1e1739de3216125c,85,0.34061035893905517,0.8335999035488251,0.0,0.34061035893905517,0.0,0.4929895446097699,0.0,0.4086017254668566,1.0,124,1,196,5,0.33316428269133047
C1_cash_reg_cash_features_cash_real_default,bpic15_3,pre+sim,candidate,IMd,inductive_miner_imd,1e1739de3216125c,85,0.17467106288056183,0.806269466186586,0.0,0.17467106288056183,0.0,0.6315984033060242,0.0,0.21664104893703073,1.0,139,1,196,5,0.17058150933778368
C1_cash_reg_cash_features_cash_real_default,bpic15_3,gen+sim,candidate,IMd,inductive_miner_imd,1e1739de3216125c,85,0.5096353236923448,0.8774480269684266,0.0,0.5096353236923448,0.0,0.36781270327608184,0.0,0.5808153965006101,1.0,130,1,196,5,0.49200356219920166
C1_cash_reg_cash_features_cash_real_default,bpic15_3,mix-fit,candidate,IMd,inductive_miner_imd,1e1739de3216125c,85,0.5379904969400358,0.7997195004226063,0.0,0.5379904969400358,0.0,0.26172900348257055,0.0,0.6727239946703042,1.0,101,1,196,5,0.48654614440795085
C1_cash_reg_cash_features_cash_real_default,bpic15_3,mix-prec,candidate,IMd,inductive_miner_imd,1e1739de3216125c,85,0.4393004279395453,0.8166597019857156,0.0,0.4393004279395453,0.0,0.37735927404617026,0.0,0.5379234788632061,1.0,117,1,196,5,0.4098552135496405
C1_cash_reg_cash_features_cash_real_default,bpic15_3,mix-simp,candidate,IMd,inductive_miner_imd,1e1739de3216125c,85,0.5731579448164354,0.7807894458056361,0.0,0.5731579448164354,0.0,0.2076315009892007,0.0,0.7340749134038795,1.0,122,1,196,5,0.5276203187327313
C1_cash_reg_cash_features_cash_real_default,bpic15_3,mix-gen,candidate,IMd,inductive_miner_imd,1e1739de3216125c,85,0.4744678758159452,0.742579996558117,0.0,0.4744678758159452,0.0,0.26811212074217183,0.0,0.6389451345513205,1.0,133,1,196,5,0.4509293878744212
C1_cash_reg_cash_features_cash_real_default,bpic15_4,equal,candidate,IMd,inductive_miner_imd,f68041a3f2d86846,85,0.5004532568394435,0.7570912404815519,0.0,0.5004532568394435,0.0,0.2566379836421083,0.0,0.6610210633544348,1.0,134,1,196,5,0.4597719552498538
C1_cash_reg_cash_features_cash_real_default,bpic15_4,fitn,candidate,IMd,inductive_miner_imd,f68041a3f2d86846,85,1.0,1.0,0.0,1.0,0.0,0.0,0.0,1.0,1.0,1,1,196,5,0.8999505308735363
C1_cash_reg_cash_features_cash_real_default,bpic15_4,prec,candidate,HM,heuristics_miner,07498f13634809d9,85,0.0,0.9771181199752628,0.0,0.0063677194723514,0.0,0.9771181199752628,0.0063677194723514,0.0,0.0,150,2,196,5,0.02564088109961398
C1_cash_reg_cash_features_cash_real_default,bpic15_4,gene,candidate,IMd,inductive_miner_imd,f68041a3f2d86846,85,0.6484303825122886,0.8125621208083507,0.0,0.6484303825122886,0.0,0.1641317382960621,0.0,0.7980071503545094,1.0,113,1,196,5,0.6209141138969123
C1_cash_reg_cash_features_cash_real_default,bpic15_4,simp,candidate,IMd,inductive_miner_imd,f68041a3f2d86846,85,0.3470149253731343,1.0,0.0,0.3470149253731343,0.0,0.6529850746268657,0.0,0.3470149253731343,1.0,143,1,196,5,0.3104517868891924
C1_cash_reg_cash_features_cash_real_default,bpic15_4,fit+pre,candidate,IMd,inductive_miner_imd,f68041a3f2d86846,85,0.5031838597361757,0.8685599938464359,0.0,0.5031838597361757,0.0,0.36537613411026015,0.0,0.5793311496052398,1.0,84,1,196,5,0.45386096010665516
C1_cash_reg_cash_features_cash_real_default,bpic15_4,fit+gen,candidate,IMd,inductive_miner_imd,f68041a3f2d86846,85,0.8242151912561443,0.8717994934557993,0.0,0.8242151912561443,0.0,0.04758430219965504,0.0,0.9454182956553099,1.0,5,1,196,5,0.7604323223852243
C1_cash_reg_cash_features_cash_real_default,bpic15_4,fit+sim,candidate,IMd,inductive_miner_imd,f68041a3f2d86846,85,0.6735074626865671,0.8675538703293734,0.0,0.6735074626865671,0.0,0.19404640764280623,0.0,0.7763292698248986,1.0,95,1,196,5,0.6052011588813644
C1_cash_reg_cash_features_cash_real_default,bpic15_4,pre+gen,candidate,IMd,inductive_miner_imd,f68041a3f2d86846,85,0.32739905099232,0.8247132962569865,0.0,0.32739905099232,0.0,0.49731424526466655,0.0,0.39698529474211375,1.0,138,1,196,5,0.3143427516183432
C1_cash_reg_cash_features_cash_real_default,bpic15_4,pre+sim,candidate,IMd,inductive_miner_imd,f68041a3f2d86846,85,0.17669132242274282,0.7904575186873295,0.0,0.17669132242274282,0.0,0.6137661962645866,0.0,0.22353044691910154,1.0,146,1,196,5,0.15911158811448323
C1_cash_reg_cash_features_cash_real_default,bpic15_4,gen+sim,candidate,IMd,inductive_miner_imd,f68041a3f2d86846,85,0.4977226539427114,0.8981830671938409,0.0,0.4977226539427114,0.0,0.40046041325112947,0.0,0.5541438846066508,1.0,135,1,196,5,0.46568295039305235
C1_cash_reg_cash_features_cash_real_default,bpic15_4,mix-fit,candidate,IMd,inductive_miner_imd,f68041a3f2d86846,85,0.5361563391675611,0.7881543306724185,0.0,0.5361563391675611,0.0,0.25199799150485735,0.0,0.6802682143611851,1.0,112,1,196,5,0.4864933979188764
C1_cash_reg_cash_features_cash_real_default,bpic15_4,mix-prec,candidate,IMd,inductive_miner_imd,f68041a3f2d86846,85,0.4317776950799404,0.8064338134647024,0.0,0.4317776950799404,0.0,0.37465611838476204,0.0,0.5354161592318193,1.0,128,1,196,5,0.40041807476860974
C1_cash_reg_cash_features_cash_real_default,bpic15_4,mix-simp,candidate,IMd,inductive_miner_imd,f68041a3f2d86846,85,0.5691288185989466,0.7784157949851235,0.0,0.5691288185989466,0.0,0.20928697638617688,0.0,0.7311372948307445,1.0,129,1,196,5,0.5191258357310977
C1_cash_reg_cash_features_cash_real_default,bpic15_4,mix-gen,candidate,IMd,inductive_miner_imd,f68041a3f2d86846,85,0.46475017451132605,0.7260281502906851,0.0,0.46475017451132605,0.0,0.2612779757793591,0.0,0.6401269349201552,1.0,141,1,196,5,0.4330505125808311
C1_cash_reg_cash_features_cash_real_default,bpic15_5,equal,candidate,IMd,inductive_miner_imd,a0710095115a2fbb,85,0.49803037626811336,0.7432661612580866,0.0,0.49803037626811336,0.0,0.24523578498997328,0.0,0.6700565722313042,1.0,128,1,196,5,0.46084917785272717
C1_cash_reg_cash_features_cash_real_default,bpic15_5,fitn,candidate,IMd,inductive_miner_imd,a0710095115a2fbb,85,1.0,1.0,0.0,1.0,0.0,0.0,0.0,1.0,1.0,1,1,196,5,0.8995612999164279
C1_cash_reg_cash_features_cash_real_default,bpic15_5,prec,candidate,HM,heuristics_miner,5fe2fca8d068cc08,85,0.0,0.9914236706689536,0.0,0.0050756012401533,0.0,0.9914236706689536,0.0050756012401533,0.0,0.0,147,2,196,5,0.09762572675779731
C1_cash_reg_cash_features_cash_real_default,bpic15_5,gene,candidate,IMd,inductive_miner_imd,a0710095115a2fbb,85,0.6480339787897107,0.8420322364834529,0.0,0.6480339787897107,0.0,0.19399825769374224,0.0,0.7696070895053498,1.0,117,1,196,5,0.601415407901582
C1_cash_reg_cash_features_cash_real_default,bpic15_5,simp,candidate,IMd,inductive_miner_imd,a0710095115a2fbb,85,0.3390119250425894,1.0,0.0,0.3390119250425894,0.0,0.6609880749574106,0.0,0.3390119250425894,1.0,135,1,196,5,0.3227059816837076
C1_cash_reg_cash_features_cash_real_default,bpic15_5,fit+pre,candidate,IMd,inductive_miner_imd,a0710095115a2fbb,85,0.5025378006200767,0.8302814710249038,0.0,0.5025378006200767,0.0,0.3277436704048271,0.0,0.6052619721836516,1.0,69,1,196,5,0.45963766091280944
C1_cash_reg_cash_features_cash_real_default,bpic15_5,fit+gen,candidate,IMd,inductive_miner_imd,a0710095115a2fbb,85,0.8240169893948553,0.8491470544465778,0.0,0.8240169893948553,0.0,0.02513006505172244,0.0,0.9704055205513247,1.0,2,1,196,5,0.7504883539090049
C1_cash_reg_cash_features_cash_real_default,bpic15_5,fit+sim,candidate,IMd,inductive_miner_imd,a0710095115a2fbb,85,0.6695059625212947,0.8492461162887588,0.0,0.6695059625212947,0.0,0.1797401537674641,0.0,0.7883532814339662,1.0,85,1,196,5,0.6111336408000677
C1_cash_reg_cash_features_cash_real_default,bpic15_5,pre+gen,candidate,IMd,inductive_miner_imd,a0710095115a2fbb,85,0.326554790014932,0.8116192280976056,0.0,0.326554790014932,0.0,0.4850644380826736,0.0,0.4023497456810627,1.0,132,1,196,5,0.3105647149053865
C1_cash_reg_cash_features_cash_real_default,bpic15_5,pre+sim,candidate,IMd,inductive_miner_imd,a0710095115a2fbb,85,0.17204376314137138,0.7827816467542539,0.0,0.17204376314137138,0.0,0.6107378836128825,0.0,0.21978512635642147,1.0,141,1,196,5,0.17121000179644935
C1_cash_reg_cash_features_cash_real_default,bpic15_5,gen+sim,candidate,IMd,inductive_miner_imd,a0710095115a2fbb,85,0.49352295191615003,0.9210161182417265,0.0,0.49352295191615003,0.0,0.42749316632557643,0.0,0.535846161800419,1.0,133,1,196,5,0.4620606947926448
C1_cash_reg_cash_features_cash_real_default,bpic15_5,mix-fit,candidate,IMd,inductive_miner_imd,a0710095115a2fbb,85,0.534128463259535,0.7619159908588385,0.0,0.534128463259535,0.0,0.22778752759930354,0.0,0.7010332761981549,1.0,95,1,196,5,0.49042146366622824
C1_cash_reg_cash_features_cash_real_default,bpic15_5,mix-prec,candidate,IMd,inductive_miner_imd,a0710095115a2fbb,85,0.43034162663723335,0.7845385057794597,0.0,0.43034162663723335,0.0,0.35419687914222636,0.0,0.5485283685466497,1.0,123,1,196,5,0.4004930892858073
C1_cash_reg_cash_features_cash_real_default,bpic15_5,mix-simp,candidate,IMd,inductive_miner_imd,a0710095115a2fbb,85,0.5657191258989932,0.7677189214161869,0.0,0.5657191258989932,0.0,0.20199979551719371,0.0,0.736883135373854,1.0,123,1,196,5,0.5212052664196469
C1_cash_reg_cash_features_cash_real_default,bpic15_5,mix-gen,candidate,IMd,inductive_miner_imd,a0710095115a2fbb,85,0.4619322892766918,0.7246163316573346,0.0,0.4619322892766918,0.0,0.26268404238064286,0.0,0.6374853409944063,1.0,136,1,196,5,0.4312768920392261
C1_cash_reg_cash_features_cash_real_default,hospital_billing,equal,candidate,HM,heuristics_miner,f0ba1c246feb1617,85,0.7623493758629513,0.8734035144022313,0.0,0.7728985458636999,0.7080210029131718,0.11105413853928003,0.01054917000074862,0.8728489905203932,0.8373987435252778,101,3,196,5,0.7910416275256122
C1_cash_reg_cash_features_cash_real_default,hospital_billing,fitn,candidate,IMd,inductive_miner_imd,8ee363d72269d593,85,1.0,1.0,0.0,1.0,0.6797553093982478,0.0,0.0,1.0,1.0,1,1,196,5,1.0
C1_cash_reg_cash_features_cash_real_default,hospital_billing,prec,candidate,HM,heuristics_miner,f0ba1c246feb1617,85,0.9123900422661322,1.0,0.0,0.9123900422661322,0.3867395245470101,0.08760995773386782,0.0,0.9123900422661322,1.0,79,1,196,5,0.8407716060408448
C1_cash_reg_cash_features_cash_real_default,hospital_billing,gene,candidate,IMd,inductive_miner_imd,8ee363d72269d593,85,0.9406716490462892,0.974570314262808,0.0,0.9406716490462892,0.7467548005194038,0.03389866521651885,0.0,0.9652168091717828,1.0,8,1,196,5,0.9473127437478587
C1_cash_reg_cash_features_cash_real_default,hospital_billing,simp,candidate,IM,inductive_miner_im,d281a0841299287f,85,0.6261682242990655,1.0,0.0,1.0,0.4729241877256318,0.3738317757009345,0.3738317757009345,0.6261682242990655,0.2907438228139804,24,2,196,5,0.604546604116017
C1_cash_reg_cash_features_cash_real_default,hospital_billing,fit+pre,candidate,HM,heuristics_miner,f0ba1c246feb1617,85,0.9148592576033847,0.9891405829759681,0.0,0.9148592576033847,0.5332474169726289,0.07428132537258336,0.0,0.9249031667984974,1.0,84,1,196,5,0.878337024487347
C1_cash_reg_cash_features_cash_real_default,hospital_billing,fit+gen,candidate,IMd,inductive_miner_imd,8ee363d72269d593,85,0.9703358245231446,0.9872657861978589,0.0,0.9703358245231446,0.7961812639516811,0.016929961674714278,0.0,0.9828516677966582,1.0,6,1,196,5,0.9736563718739293
C1_cash_reg_cash_features_cash_real_default,hospital_billing,fit+sim,candidate,IM,inductive_miner_im,d281a0841299287f,85,0.8130841121495327,0.8398776546991239,0.0,0.8398776546991239,0.6951263303331345,0.02679354254959121,0.02679354254959121,0.9680982790771,0.8148994997666039,12,2,196,5,0.7997364947384853
C1_cash_reg_cash_features_cash_real_default,hospital_billing,pre+gen,candidate,HM,heuristics_miner,f0ba1c246feb1617,85,0.829572421392768,0.9583893297505974,0.0,0.829572421392768,0.6496733715260623,0.12881690835782944,0.0,0.8655902102005334,1.0,100,1,196,5,0.8535696204391189
C1_cash_reg_cash_features_cash_real_default,hospital_billing,pre+sim,candidate,HM,heuristics_miner,f0ba1c246feb1617,85,0.692657114995882,0.8030539885899708,0.0,0.6933697622735051,0.4457061813031991,0.11039687359408878,0.0007126472776231019,0.8625287027240506,0.9971225188829498,96,2,196,5,0.6909482161656035
C1_cash_reg_cash_features_cash_real_default,hospital_billing,gen+sim,candidate,IM,inductive_miner_im,d281a0841299287f,85,0.7805480608786437,0.9594156800838197,0.0,0.9563036092525572,0.6098394941225178,0.17886761920517602,0.1757555483739135,0.8135660872359839,0.4927164439297078,16,2,196,5,0.7713445010242248
C1_cash_reg_cash_features_cash_real_default,hospital_billing,mix-fit,candidate,HM,heuristics_miner,f0ba1c246feb1617,85,0.8099087194531612,0.8999403930024692,0.0,0.8099087194531612,0.6791847029739135,0.09003167354930797,0.0,0.899958181398064,1.0,92,1,196,5,0.8134541877276048
C1_cash_reg_cash_features_cash_real_default,hospital_billing,mix-prec,candidate,HM,heuristics_miner,f0ba1c246feb1617,85,0.8197405704229646,0.9266041872906543,0.0,0.8197405704229646,0.6644290372499877,0.10686361686768975,0.0,0.8846717742770472,1.0,93,1,196,5,0.8335119040833616
C1_cash_reg_cash_features_cash_real_default,hospital_billing,mix-simp,candidate,IM,inductive_miner_im,d281a0841299287f,85,0.7905026753810218,0.8448731726232275,0.0,0.8251219889751983,0.704958181302938,0.05437049724220566,0.03461931359417647,0.9356465573721652,0.7118989963384099,37,2,196,5,0.7599710365806065
C1_cash_reg_cash_features_cash_real_default,hospital_billing,mix-gen,candidate,HM,heuristics_miner,f0ba1c246feb1617,85,0.7147900322727413,0.8574303226558113,0.0,0.8103663232512726,0.7045511321397954,0.14264029038307002,0.09557629097853126,0.8336421203984775,0.09676210027498944,119,4,196,5,0.7686290673236198
C1_cash_reg_cash_features_cash_real_default,road_traffic_fines,equal,candidate,HM,heuristics_miner,9fd05dcc49e5b232,85,0.8472976270289231,0.9091484776358276,0.0,0.8472976270289231,0.7357034000201228,0.06185085060690454,0.0,0.9319683724623914,1.0,74,1,196,5,0.792260822903969
C1_cash_reg_cash_features_cash_real_default,road_traffic_fines,fitn,candidate,IMf,inductive_miner_imf,1ef0bc952bbfc17b,85,1.0,1.0,0.0,1.0,0.637766272135165,0.0,0.0,1.0,1.0,1,1,196,5,0.9994580902721275
C1_cash_reg_cash_features_cash_real_default,road_traffic_fines,prec,candidate,HM,heuristics_miner,9fd05dcc49e5b232,85,0.9913926579538832,1.0,0.0,0.9913926579538832,0.5080563293025482,0.008607342046116795,0.0,0.9913926579538832,1.0,106,1,196,5,0.8713812279044464
C1_cash_reg_cash_features_cash_real_default,road_traffic_fines,gene,candidate,IMd,inductive_miner_imd,5ce7ac8564c4b5b7,85,0.988255529682136,0.9916370973254746,0.0,0.988255529682136,0.9232130142183954,0.0033815676433385233,0.0,0.9965899141405068,1.0,4,1,196,5,0.931916231678193
C1_cash_reg_cash_features_cash_real_default,road_traffic_fines,simp,candidate,AM,alpha_miner_classic,e3a8e709ceed9a3b,85,0.6571428571428571,0.8,0.0,0.6571428571428571,0.5135135135135136,0.1428571428571429,0.0,0.8214285714285714,1.0,45,1,196,5,0.8143521180587402
C1_cash_reg_cash_features_cash_real_default,road_traffic_fines,fit+pre,candidate,HM,heuristics_miner,9fd05dcc49e5b232,85,0.9598795032511696,0.9901742494392978,0.0,0.9598795032511696,0.6500603519943688,0.03029474618812822,0.0,0.9694046313512161,1.0,44,1,196,5,0.9003541051410973
C1_cash_reg_cash_features_cash_real_default,road_traffic_fines,fit+gen,candidate,IMd,inductive_miner_imd,5ce7ac8564c4b5b7,85,0.994127764841068,0.9953412031561973,0.0,0.994127764841068,0.8116581555420307,0.0012134383151293227,0.0,0.9987808820620693,1.0,2,1,196,5,0.965617271364602
C1_cash_reg_cash_features_cash_real_default,road_traffic_fines,fit+sim,candidate,IMf,inductive_miner_imf,1ef0bc952bbfc17b,85,0.8118811881188119,0.869886942078606,0.0,0.8118811881188119,0.6474545646390111,0.058005753959794015,0.0,0.9333180541586376,1.0,17,1,196,5,0.8088868121711785
C1_cash_reg_cash_features_cash_real_default,road_traffic_fines,pre+gen,candidate,HM,heuristics_miner,9fd05dcc49e5b232,85,0.9573028360861393,0.9899221054016767,0.0,0.9573028360861393,0.7481559294923421,0.03261926931553738,0.0,0.9670486504568947,1.0,41,1,196,5,0.8433100744551643
C1_cash_reg_cash_features_cash_real_default,road_traffic_fines,pre+sim,candidate,HM,heuristics_miner,9fd05dcc49e5b232,85,0.7688055726744205,0.8710629687671056,0.0,0.7688055726744205,0.5107849214080309,0.10225739609268514,0.0,0.8826061952358975,1.0,108,1,196,5,0.712238694116123
C1_cash_reg_cash_features_cash_real_default,road_traffic_fines,gen+sim,candidate,AM,alpha_miner_classic,e3a8e709ceed9a3b,85,0.8213464480458768,0.8875669341178665,0.0,0.8213464480458768,0.7347157508066766,0.06622048607198971,0.0,0.9253909947222123,1.0,13,1,196,5,0.861118732584748
C1_cash_reg_cash_features_cash_real_default,road_traffic_fines,mix-fit,candidate,HM,heuristics_miner,9fd05dcc49e5b232,85,0.8703293357063786,0.917489504487446,0.0,0.8703293357063786,0.683796413733599,0.047160168781067435,0.0,0.9485986830907528,1.0,73,1,196,5,0.8252882854885814
C1_cash_reg_cash_features_cash_real_default,road_traffic_fines,mix-prec,candidate,HM,heuristics_miner,9fd05dcc49e5b232,85,0.9138160858962587,0.9485628625742423,0.0,0.9138160858962587,0.7510505419770113,0.03474677667798354,0.0,0.9633690311428739,1.0,65,1,196,5,0.8342991799718726
C1_cash_reg_cash_features_cash_real_default,road_traffic_fines,mix-simp,candidate,IMf,inductive_miner_imf,1ef0bc952bbfc17b,85,0.8027820914375106,0.8891275547093468,0.0,0.8027820914375106,0.717532475472829,0.08634546327183623,0.0,0.9028874284521952,1.0,73,1,196,5,0.7817627868179539
C1_cash_reg_cash_features_cash_real_default,road_traffic_fines,mix-gen,candidate,AM,alpha_miner_classic,e3a8e709ceed9a3b,85,0.7876103863066467,0.9083681673400874,0.0,0.8242659183514679,0.750967531787418,0.1207577810334407,0.03665553204482119,0.8670607520439124,0.49991352111426457,130,4,196,5,0.7635552826835791
C1_cash_reg_cash_features_cash_real_default,sepsis,equal,candidate,HM,heuristics_miner,6e00f695b9765352,85,0.7189961247213809,0.835724100545018,0.0,0.7189961247213809,0.5249929107876445,0.11672797582363714,0.0,0.8603271393663137,1.0,112,1,196,5,0.7366249130060576
C1_cash_reg_cash_features_cash_real_default,sepsis,fitn,candidate,IMd,inductive_miner_imd,cf73e2e20e689341,85,1.0,1.0,0.0,1.0,0.2658896119719338,0.0,0.0,1.0,1.0,1,1,196,5,0.9976450077413473
C1_cash_reg_cash_features_cash_real_default,sepsis,prec,candidate,HM,heuristics_miner,6e00f695b9765352,85,0.7033112582781457,1.0,0.0,0.7033112582781457,0.179251018798475,0.29668874172185433,0.0,0.7033112582781457,1.0,114,1,196,5,0.8193774224338009
C1_cash_reg_cash_features_cash_real_default,sepsis,gene,candidate,IMd,inductive_miner_imd,cf73e2e20e689341,85,0.9266596408851776,0.9290801678868448,0.0,0.9266596408851776,0.841792203394476,0.002420527001667172,0.0,0.9973947059841213,1.0,2,1,196,5,0.945421306178147
C1_cash_reg_cash_features_cash_real_default,sepsis,simp,candidate,AM,alpha_miner_classic,3cde4651154418a0,85,0.4782608695652174,0.7567567567567567,0.0,0.6223776223776223,0.4331983805668016,0.2784958871915393,0.14411675281240488,0.6319875776397517,0.23819996616477782,138,3,196,5,0.7024904406020294
C1_cash_reg_cash_features_cash_real_default,sepsis,fit+pre,candidate,HM,heuristics_miner,6e00f695b9765352,85,0.8004969574621229,0.9487189551442285,0.0,0.8004969574621229,0.354265925407767,0.14822199768210564,0.0,0.8437661681803624,1.0,96,1,196,5,0.7947063710483309
C1_cash_reg_cash_features_cash_real_default,sepsis,fit+gen,candidate,IMd,inductive_miner_imd,cf73e2e20e689341,85,0.9633298204425889,0.9633298204425889,0.0,0.9633298204425889,0.5895342673708803,0.0,0.0,1.0,1.0,1,1,196,5,0.9715331569597472
C1_cash_reg_cash_features_cash_real_default,sepsis,fit+sim,candidate,IMd,inductive_miner_imd,cf73e2e20e689341,85,0.7272727272727273,0.8140244733789898,0.0,0.8111888111888111,0.37207524076857557,0.08675174610626246,0.08391608391608385,0.89342857746505,0.8088966281871557,42,3,196,5,0.7584718518923381
C1_cash_reg_cash_features_cash_real_default,sepsis,pre+gen,candidate,HM,heuristics_miner,6e00f695b9765352,85,0.7725517308363108,0.9381130457761724,0.0,0.7725517308363108,0.5529553298418263,0.1655613149398616,0.0,0.8235166692486617,1.0,107,1,196,5,0.8356918027777847
C1_cash_reg_cash_features_cash_real_default,sepsis,pre+sim,candidate,HM,heuristics_miner,6e00f695b9765352,85,0.5682548194224737,0.8491941359263719,0.0,0.5682548194224737,0.3168982366719647,0.28093931650389825,0.0,0.6691695048065468,1.0,136,1,196,5,0.6622290746198003
C1_cash_reg_cash_features_cash_real_default,sepsis,gen+sim,candidate,AM,alpha_miner_classic,3cde4651154418a0,85,0.6957198961675222,0.8216829410862796,0.0,0.7624155479965967,0.6374952919806388,0.12596304491875743,0.06669565182907455,0.8467011561025813,0.4660941791493404,76,3,196,5,0.8005785430641141
C1_cash_reg_cash_features_cash_real_default,sepsis,mix-fit,candidate,HM,heuristics_miner,6e00f695b9765352,85,0.7408853365946917,0.8604442533384715,0.0,0.7408853365946917,0.4261185826318798,0.11955891674377983,0.0,0.8610497818075971,1.0,97,1,196,5,0.7400441182686215
C1_cash_reg_cash_features_cash_real_default,sepsis,mix-prec,candidate,HM,heuristics_miner,6e00f695b9765352,85,0.7567185337155011,0.8992786495573217,0.0,0.7567185337155011,0.5520145817192966,0.1425601158418206,0.0,0.8414728116674435,1.0,107,1,196,5,0.7878679605232028
C1_cash_reg_cash_features_cash_real_default,sepsis,mix-simp,candidate,IMd,inductive_miner_imd,cf73e2e20e689341,85,0.6850752118750648,0.7905131280697297,0.0,0.7552038190935039,0.4979712398559925,0.10543791619466492,0.07012860721843905,0.8666209169073225,0.7273727634877579,102,3,196,5,0.7357542260511951
C1_cash_reg_cash_features_cash_real_default,sepsis,mix-gen,candidate,HM,heuristics_miner,6e00f695b9765352,85,0.69710691284807,0.8286673700233692,0.0,0.6992188269981966,0.6238672389434095,0.13156045717529918,0.0021119141501265704,0.8412385211069804,0.9719725329665113,128,3,196,5,0.7332057077434936
C2_cash_reg_cash_features_cash_full_clean_apdtm5_default,bpi2012,equal,candidate,HM,heuristics_miner,338af92936f97ac9,988,0.8264055189438223,0.8454937775108162,0.0,0.8264055189438223,0.6421431792744381,0.01908825856699392,0.0,0.9774235374940418,1.0,8,1,196,5,0.7131367408800477
C2_cash_reg_cash_features_cash_full_clean_apdtm5_default,bpi2012,fitn,candidate,IMd,inductive_miner_imd,150cca891c03e36c,988,1.0,1.0,0.0,1.0,0.631230892297019,0.0,0.0,1.0,1.0,1,1,196,5,0.8954118960918072
C2_cash_reg_cash_features_cash_full_clean_apdtm5_default,bpi2012,prec,candidate,HM,heuristics_miner,338af92936f97ac9,988,0.9158179923584578,1.0,0.0,0.9158179923584578,0.1394427299083702,0.08418200764154216,0.0,0.9158179923584578,1.0,58,1,196,5,0.6258391789602465
C2_cash_reg_cash_features_cash_full_clean_apdtm5_default,bpi2012,gene,candidate,AM,alpha_miner_classic,f5dfdeada5f4e603,988,0.9832966969411556,0.9846855427449372,0.0,0.9846855427449372,0.945799466108147,0.0013888458037816243,0.0013888458037816243,0.9985895539809491,0.9642842394013174,11,2,196,5,0.9461701167322343
C2_cash_reg_cash_features_cash_full_clean_apdtm5_default,bpi2012,simp,candidate,AM,alpha_miner_classic,f5dfdeada5f4e603,988,0.853658536585366,0.853658536585366,0.0,0.853658536585366,0.4444444444444444,0.0,0.0,1.0,1.0,1,1,196,5,0.611371390379243
C2_cash_reg_cash_features_cash_full_clean_apdtm5_default,bpi2012,fit+pre,candidate,HM,heuristics_miner,338af92936f97ac9,988,0.9085934753762067,0.9301612956045748,0.0,0.9085934753762067,0.38824671604357214,0.021567820228368118,0.0,0.9768128169487532,1.0,6,1,196,5,0.7448905994226478
C2_cash_reg_cash_features_cash_full_clean_apdtm5_default,bpi2012,fit+gen,candidate,IMd,inductive_miner_imd,150cca891c03e36c,988,0.9923427713724686,0.9923427713724686,0.0,0.9923427713724686,0.8072637946190873,0.0,0.0,1.0,1.0,1,1,196,5,0.9091024074321532
C2_cash_reg_cash_features_cash_full_clean_apdtm5_default,bpi2012,fit+sim,candidate,IMd,inductive_miner_imd,150cca891c03e36c,988,0.7222222222222222,0.8121921418178204,0.0,0.7950530873536228,0.7220023086543421,0.08996991959559819,0.07283086513140058,0.8892258186662203,0.0030104205840896505,70,4,196,5,0.6973323028081637
C2_cash_reg_cash_features_cash_full_clean_apdtm5_default,bpi2012,pre+gen,candidate,HM,heuristics_miner,338af92936f97ac9,988,0.9308087292333025,0.9634656515705695,0.0,0.9308087292333025,0.5620641363266538,0.032656922337267025,0.0,0.9661047362881778,1.0,37,1,196,5,0.7411316099656344
C2_cash_reg_cash_features_cash_full_clean_apdtm5_default,bpi2012,pre+sim,candidate,HM,heuristics_miner,338af92936f97ac9,988,0.7292268256365932,0.8077460186427269,0.0,0.7292268256365932,0.29194358717640734,0.07851919300613364,0.0,0.9027922252862711,1.0,69,1,196,5,0.5660904513320599
C2_cash_reg_cash_features_cash_full_clean_apdtm5_default,bpi2012,gen+sim,candidate,AM,alpha_miner_classic,f5dfdeada5f4e603,988,0.9184776167632608,0.9184776167632608,0.0,0.9184776167632608,0.7145649935946908,0.0,0.0,1.0,1.0,1,1,196,5,0.7787707535557387
C2_cash_reg_cash_features_cash_full_clean_apdtm5_default,bpi2012,mix-fit,candidate,HM,heuristics_miner,338af92936f97ac9,988,0.83840005945888,0.8579335371394458,0.0,0.83840005945888,0.565132495867034,0.01953347768056579,0.0,0.9772319453256308,1.0,6,1,196,5,0.7202393104799704
C2_cash_reg_cash_features_cash_full_clean_apdtm5_default,bpi2012,mix-prec,candidate,HM,heuristics_miner,338af92936f97ac9,988,0.8846043943460911,0.9094815824532984,0.0,0.8846043943460911,0.564706057116337,0.024877188107207293,0.0,0.9726468478447888,1.0,6,1,196,5,0.7306854602228023
C2_cash_reg_cash_features_cash_full_clean_apdtm5_default,bpi2012,mix-simp,candidate,HM,heuristics_miner,338af92936f97ac9,988,0.7682066435415533,0.8154342316428806,0.0,0.7682066435415533,0.6886591593176022,0.04722758810132732,0.0,0.9420828973463912,1.0,22,1,196,5,0.6955880215372932
C2_cash_reg_cash_features_cash_full_clean_apdtm5_default,bpi2012,mix-gen,candidate,HM,heuristics_miner,338af92936f97ac9,988,0.8144109784287645,0.858090575541927,0.0,0.8144109784287645,0.6550960964129823,0.043679597113162494,0.0,0.9490967523031276,1.0,14,1,196,5,0.7060341712801251
C2_cash_reg_cash_features_cash_full_clean_apdtm5_default,bpi2013_closed_problems,equal,candidate,IMf,inductive_miner_imf,2bfbec63c5b94b8a,993,0.8326648346142267,0.9163782860150957,0.0,0.8856717323021799,0.7989866614480718,0.08371345140086905,0.05300689768795319,0.90864749560479,0.3885118029474256,104,3,196,5,0.861893305511338
C2_cash_reg_cash_features_cash_full_clean_apdtm5_default,bpi2013_closed_problems,fitn,candidate,IM,inductive_miner_im,8f8f99e301cae23f,993,1.0,1.0,0.0,1.0,0.6403632397723371,0.0,0.0,1.0,1.0,1,1,196,5,0.9974438905106049
C2_cash_reg_cash_features_cash_full_clean_apdtm5_default,bpi2013_closed_problems,prec,candidate,HM,heuristics_miner,596eb63f26ecfd51,993,0.8684298767708944,1.0,0.0,1.0,0.7923798798798799,0.13157012322910555,0.13157012322910555,0.8684298767708944,0.3662939644145051,165,2,196,5,0.8568934277549409
C2_cash_reg_cash_features_cash_full_clean_apdtm5_default,bpi2013_closed_problems,gene,candidate,IMf,inductive_miner_imf,2bfbec63c5b94b8a,993,0.8770683921112377,0.9751741745874558,0.0,0.9417621438127408,0.7139696253234955,0.09810578247621815,0.06469375170150315,0.8993966564816778,0.7159970304092427,50,3,196,5,0.9155767418086705
C2_cash_reg_cash_features_cash_full_clean_apdtm5_default,bpi2013_closed_problems,simp,candidate,AM,alpha_miner_classic,7c5f11f12d85d342,993,1.0,1.0,0.0,1.0,0.6190476190476191,0.0,0.0,1.0,1.0,1,1,196,5,0.8678912115857375
C2_cash_reg_cash_features_cash_full_clean_apdtm5_default,bpi2013_closed_problems,fit+pre,candidate,HM,heuristics_miner,596eb63f26ecfd51,993,0.9314647007105864,0.9833244744389686,0.0,0.9314647007105864,0.8201816198861686,0.05185977372838224,0.0,0.9472607719257974,1.0,49,1,196,5,0.918095500639703
C2_cash_reg_cash_features_cash_full_clean_apdtm5_default,bpi2013_closed_problems,fit+gen,candidate,IMf,inductive_miner_imf,2bfbec63c5b94b8a,993,0.9385341960556188,0.9768396200213343,0.0,0.9708810719063704,0.7713434646043598,0.03830542396571546,0.03234687585075158,0.9607863735452511,0.8378908302644279,24,2,196,5,0.9560721779476826
C2_cash_reg_cash_features_cash_full_clean_apdtm5_default,bpi2013_closed_problems,fit+sim,candidate,IMf,inductive_miner_imf,2bfbec63c5b94b8a,993,0.8301886792452831,0.8813768133238105,0.0,0.8421052631578947,0.8067735718489487,0.0511881340785274,0.011916583912611634,0.9419225315384814,0.6627225170623418,53,2,196,5,0.8463766428937165
C2_cash_reg_cash_features_cash_full_clean_apdtm5_default,bpi2013_closed_problems,pre+gen,candidate,HM,heuristics_miner,596eb63f26ecfd51,993,0.791199751047195,0.9873630729568104,0.0,0.9511618447181912,0.791199751047195,0.19616332190961538,0.15996209367099623,0.8013260498773018,0.0,189,5,196,5,0.8791252063270252
C2_cash_reg_cash_features_cash_full_clean_apdtm5_default,bpi2013_closed_problems,pre+sim,candidate,AM,alpha_miner_classic,7c5f11f12d85d342,993,1.0,1.0,0.0,1.0,0.7267954731728345,0.0,0.0,1.0,1.0,1,1,196,5,0.795862725450917
C2_cash_reg_cash_features_cash_full_clean_apdtm5_default,bpi2013_closed_problems,gen+sim,candidate,AM,alpha_miner_classic,7c5f11f12d85d342,993,0.9511618447181912,0.9875870872937279,0.0,0.9511618447181912,0.6665086221855573,0.0364252425755367,0.0,0.9631169311099922,1.0,4,1,196,5,0.8894649827375467
C2_cash_reg_cash_features_cash_full_clean_apdtm5_default,bpi2013_closed_problems,mix-fit,candidate,IMf,inductive_miner_imf,2bfbec63c5b94b8a,993,0.8577463872657678,0.9341168759050021,0.0,0.8687322836083959,0.8463776648525732,0.07637048863923435,0.010985896342628143,0.91824311217454,0.5085625721187211,84,2,196,5,0.8811948124904672
C2_cash_reg_cash_features_cash_full_clean_apdtm5_default,bpi2013_closed_problems,mix-prec,candidate,IMf,inductive_miner_imf,2bfbec63c5b94b8a,993,0.846443688624469,0.9478472946591554,0.0,0.898769754785382,0.8223675051402238,0.10140360603468646,0.052326066160913065,0.8930169378484631,0.31512401265753687,108,3,196,5,0.8793023903097131
C2_cash_reg_cash_features_cash_full_clean_apdtm5_default,bpi2013_closed_problems,mix-simp,candidate,IMf,inductive_miner_imf,2bfbec63c5b94b8a,993,0.8188859806039843,0.8876203584183078,0.0,0.8725737098189776,0.7756058177559197,0.06873437781432346,0.05368772921499332,0.9225633153155652,0.44633498704828634,71,3,196,5,0.8444842207129628
C2_cash_reg_cash_features_cash_full_clean_apdtm5_default,bpi2013_closed_problems,mix-gen,candidate,IMf,inductive_miner_imf,2bfbec63c5b94b8a,993,0.8075832819626856,0.9265291608189077,0.0,0.9249657997517868,0.7444380636628907,0.1189458788562221,0.11738251778910125,0.8716220882340148,0.34978125615390593,147,3,196,5,0.8425917985322089
C2_cash_reg_cash_features_cash_full_clean_apdtm5_default,bpi2013_incidents,equal,candidate,IM,inductive_miner_im,1d6773312dd28578,993,0.7909074147300356,0.9227713113840779,0.0,0.8512319772476271,0.6771578170832514,0.1318638966540423,0.06032456251759155,0.8571001340990351,0.6534548122442301,150,3,196,5,0.8488889399734386
C2_cash_reg_cash_features_cash_full_clean_apdtm5_default,bpi2013_incidents,fitn,candidate,IMf,inductive_miner_imf,ecc1d0166bfd7823,993,1.0,1.0,0.0,1.0,0.2261167659340351,0.0,0.0,1.0,1.0,1,1,196,5,0.9880557206035384
C2_cash_reg_cash_features_cash_full_clean_apdtm5_default,bpi2013_incidents,prec,candidate,HM,heuristics_miner,10cce99744388f4f,993,0.8850810072924525,1.0,0.0,0.8850810072924525,0.6000158860441103,0.11491899270754746,0.0,0.8850810072924525,1.0,125,1,196,5,0.7794410928438721
C2_cash_reg_cash_features_cash_full_clean_apdtm5_default,bpi2013_incidents,gene,candidate,AM,alpha_miner_classic,ed85abd9c8a01ce2,993,0.8824986163548602,0.9924026869731328,0.0,0.9374222306098524,0.871132170779936,0.10990407061827268,0.05492361425499226,0.8892545616200572,0.1714653087368996,143,3,196,5,0.9767952986284398
C2_cash_reg_cash_features_cash_full_clean_apdtm5_default,bpi2013_incidents,simp,candidate,AM,alpha_miner_classic,ed85abd9c8a01ce2,993,1.0,1.0,0.0,1.0,0.6216216216216216,0.0,0.0,1.0,1.0,1,1,196,5,0.7938156368510796
C2_cash_reg_cash_features_cash_full_clean_apdtm5_default,bpi2013_incidents,fit+pre,candidate,IM,inductive_miner_im,1d6773312dd28578,993,0.8129154107367698,0.9765794350540196,0.0,0.9404450614048587,0.41306632598907267,0.1636640243172498,0.12752965066808897,0.8324109453439426,0.7581820386300854,100,2,196,5,0.8732392622058138
C2_cash_reg_cash_features_cash_full_clean_apdtm5_default,bpi2013_incidents,fit+gen,candidate,IMf,inductive_miner_imf,ecc1d0166bfd7823,993,0.935566085389968,0.9948630084104291,0.0,0.9687111153049262,0.5543076911444477,0.05929692302046108,0.03314502991495816,0.9403968963373114,0.9200174805936867,60,3,196,5,0.9710900123314816
C2_cash_reg_cash_features_cash_full_clean_apdtm5_default,bpi2013_incidents,fit+sim,candidate,IMf,inductive_miner_imf,ecc1d0166bfd7823,993,0.8333333333333333,0.8762171658937965,0.0,0.8421052631578947,0.6130583829670175,0.04288383256046324,0.00877192982456143,0.9510579862736208,0.9617024697422147,24,2,196,5,0.8412854018150611
C2_cash_reg_cash_features_cash_full_clean_apdtm5_default,bpi2013_incidents,pre+gen,candidate,HM,heuristics_miner,10cce99744388f4f,993,0.893748585925811,0.9962013434865664,0.0,0.893748585925811,0.7412572511994853,0.10245275756075545,0.0,0.8971565755952657,1.0,132,1,196,5,0.8634768130745809
C2_cash_reg_cash_features_cash_full_clean_apdtm5_default,bpi2013_incidents,pre+sim,candidate,IM,inductive_miner_im,1d6773312dd28578,993,0.6462487440701031,1.0,0.0,0.8000079430220551,0.6462487440701031,0.35375125592989687,0.153759198951952,0.6462487440701031,0.0,173,4,196,5,0.727821389717387
C2_cash_reg_cash_features_cash_full_clean_apdtm5_default,bpi2013_incidents,gen+sim,candidate,AM,alpha_miner_classic,ed85abd9c8a01ce2,993,0.94124930817743,0.9962013434865664,0.0,0.94124930817743,0.7620188930903955,0.05495203530913639,0.0,0.944838424813992,1.0,4,1,196,5,0.8853054677397597
C2_cash_reg_cash_features_cash_full_clean_apdtm5_default,bpi2013_incidents,mix-fit,candidate,IM,inductive_miner_im,1d6773312dd28578,993,0.8081957968533888,0.9349837317539983,0.0,0.8784138891748832,0.5587013338223332,0.12678793490060947,0.07021809232149434,0.8643955711798754,0.7803711767150833,99,3,196,5,0.8570091787292187
C2_cash_reg_cash_features_cash_full_clean_apdtm5_default,bpi2013_incidents,mix-prec,candidate,IM,inductive_miner_im,1d6773312dd28578,993,0.778338646490063,0.9521545943141786,0.0,0.8860812375503468,0.6499792925109091,0.17381594782411558,0.10774259106028383,0.8174498670047248,0.5436607223109201,150,3,196,5,0.8569987846942537
C2_cash_reg_cash_features_cash_full_clean_apdtm5_default,bpi2013_incidents,mix-simp,candidate,IM,inductive_miner_im,1d6773312dd28578,993,0.8034761829700079,0.893388028453977,0.0,0.8237417114451061,0.7043363416555937,0.08991184548396913,0.020265528475098216,0.8993585736317028,0.8302795886749293,95,3,196,5,0.8407790952526235
C2_cash_reg_cash_features_cash_full_clean_apdtm5_default,bpi2013_incidents,mix-gen,candidate,IM,inductive_miner_im,1d6773312dd28578,993,0.7736190326066823,0.9176337438459292,0.0,0.8240500653203712,0.7736190326066823,0.14401471123924692,0.05043103271368887,0.8430586143926427,0.0,171,4,196,5,0.8407687012176587
C2_cash_reg_cash_features_cash_full_clean_apdtm5_default,bpi2013_open_problems,equal,candidate,IMf,inductive_miner_imf,c3dd65d421b2ed6e,993,0.8830533310680836,0.9162455491114012,0.0,0.9162455491114012,0.7971612190845068,0.03319221804331762,0.03319221804331762,0.9637736651757727,0.7212713206194185,21,2,196,5,0.8680897151315796
C2_cash_reg_cash_features_cash_full_clean_apdtm5_default,bpi2013_open_problems,fitn,candidate,IM,inductive_miner_im,16728b2313b05e00,993,1.0,1.0,0.0,1.0,0.5167192429022083,0.0,0.0,1.0,1.0,1,1,196,5,0.9858228453396387
C2_cash_reg_cash_features_cash_full_clean_apdtm5_default,bpi2013_open_problems,prec,candidate,IMf,inductive_miner_imf,c3dd65d421b2ed6e,993,0.9065645824471856,1.0,0.0,1.0,0.9065645824471856,0.09343541755281437,0.09343541755281437,0.9065645824471856,0.0,170,4,196,5,0.8538066228975711
C2_cash_reg_cash_features_cash_full_clean_apdtm5_default,bpi2013_open_problems,gene,candidate,IMd,inductive_miner_imd,4b39f6be45649b32,993,0.96197551956781,0.9656228232165908,0.0,0.96197551956781,0.8611132579521872,0.003647303648780742,0.0,0.9962228485480167,1.0,5,1,196,5,0.9292594357142415
C2_cash_reg_cash_features_cash_full_clean_apdtm5_default,bpi2013_open_problems,simp,candidate,AM,alpha_miner_classic,65361c91085f4e7e,993,0.7142857142857143,1.0,0.0,0.7391304347826086,0.625,0.2857142857142857,0.024844720496894346,0.7142857142857143,0.7823129251700685,36,2,196,5,0.8392270672796984
C2_cash_reg_cash_features_cash_full_clean_apdtm5_default,bpi2013_open_problems,fit+pre,candidate,IM,inductive_miner_im,16728b2313b05e00,993,0.9532822912235928,0.9819381210475933,0.0,0.9819381210475933,0.7583596214511041,0.0286558298240005,0.0286558298240005,0.9708170716567877,0.871831012929606,44,3,196,5,0.9191049423958281
C2_cash_reg_cash_features_cash_full_clean_apdtm5_default,bpi2013_open_problems,fit+gen,candidate,IM,inductive_miner_im,16728b2313b05e00,993,0.9666705247587285,0.9828114116082953,0.0,0.975860335679935,0.7371795810261562,0.016140886849566827,0.00918981092120652,0.9835768219020234,0.96149747835959,18,2,196,5,0.9501450788283948
C2_cash_reg_cash_features_cash_full_clean_apdtm5_default,bpi2013_open_problems,fit+sim,candidate,IM,inductive_miner_im,16728b2313b05e00,993,0.846153846153846,0.8644377932873344,0.0,0.8644377932873344,0.6155024785939613,0.018283947133488354,0.018283947133488354,0.9788487416035374,0.9265514129403067,3,2,196,5,0.8520009592756393
C2_cash_reg_cash_features_cash_full_clean_apdtm5_default,bpi2013_open_problems,pre+gen,candidate,IMd,inductive_miner_imd,4b39f6be45649b32,993,0.9680533049354683,0.9793652708841788,0.0,0.9788199595750521,0.9115847807508795,0.011311965948710534,0.010766654639583817,0.9884496966708877,0.8398657543881931,16,2,196,5,0.886176065604168
C2_cash_reg_cash_features_cash_full_clean_apdtm5_default,bpi2013_open_problems,pre+sim,candidate,AM,alpha_miner_classic,65361c91085f4e7e,993,0.8571428571428572,0.9951923076923077,0.0,0.8571428571428572,0.7935281517747859,0.1380494505494505,0.0,0.8612836438923396,1.0,25,1,196,5,0.8309637315862528
C2_cash_reg_cash_features_cash_full_clean_apdtm5_default,bpi2013_open_problems,gen+sim,candidate,AM,alpha_miner_classic,65361c91085f4e7e,993,0.8359628167179092,0.9788199595750521,0.0,0.8505529771752094,0.7430566289760936,0.1428571428571429,0.014590160457300216,0.8540516655185869,0.8642729664613832,36,2,196,5,0.8714365338765004
C2_cash_reg_cash_features_cash_full_clean_apdtm5_default,bpi2013_open_problems,mix-fit,candidate,IM,inductive_miner_im,16728b2313b05e00,993,0.9037650181474399,0.9321610267210647,0.0,0.9321610267210647,0.7453088319330367,0.028396008573624787,0.028396008573624787,0.9695374428241121,0.8480295690086046,29,2,196,5,0.8851277958455038
C2_cash_reg_cash_features_cash_full_clean_apdtm5_default,bpi2013_open_problems,mix-prec,candidate,IMf,inductive_miner_imf,c3dd65d421b2ed6e,993,0.9118589170648803,0.9501071658282663,0.0,0.9501071658282663,0.8620643957540441,0.03824824876338595,0.03824824876338595,0.959743226723227,0.5655719517781894,46,2,196,5,0.8849408700685484
C2_cash_reg_cash_features_cash_full_clean_apdtm5_default,bpi2013_open_problems,mix-simp,candidate,IMf,inductive_miner_imf,c3dd65d421b2ed6e,993,0.8542477450712869,0.8823839323945362,0.0,0.8823839323945362,0.7322580424149691,0.028136187323249295,0.028136187323249295,0.9681134409973947,0.812582710902971,13,2,196,5,0.8512385601946107
C2_cash_reg_cash_features_cash_full_clean_apdtm5_default,bpi2013_open_problems,mix-gen,candidate,IMf,inductive_miner_imf,c3dd65d421b2ed6e,993,0.8623416439887276,0.9253321454132266,0.0,0.9003300715017378,0.823835292661598,0.06299050142449902,0.03798842751301024,0.931926604153183,0.5033853540200546,50,2,196,5,0.8521117819533739
C2_cash_reg_cash_features_cash_full_clean_apdtm5_default,bpi2017,equal,candidate,IMd,inductive_miner_imd,9d837cc3c8eeb105,993,0.6454551910455785,0.8802301190425359,0.0,0.7897159833979309,0.5001675983519174,0.23477492799695743,0.14426079235235245,0.7332800560695057,0.5017731066625453,164,4,196,5,0.5415253478977151
C2_cash_reg_cash_features_cash_full_clean_apdtm5_default,bpi2017,fitn,candidate,IMd,inductive_miner_imd,9d837cc3c8eeb105,993,1.0,1.0,0.0,1.0,0.495774473479623,0.0,0.0,1.0,1.0,1,1,196,5,0.8502859351937857
C2_cash_reg_cash_features_cash_full_clean_apdtm5_default,bpi2017,prec,candidate,HM,heuristics_miner,811f4a70bfa6226f,993,0.9977548056712652,0.9982184707429071,0.0,0.9977548056712652,0.1259019512485154,0.0004636650716419721,0.0,0.9995355074212393,1.0,4,1,196,5,0.416547227356826
C2_cash_reg_cash_features_cash_full_clean_apdtm5_default,bpi2017,gene,candidate,AM,alpha_miner_classic,9a9cd65c1066e3fa,993,0.9869939686795314,0.99095165942404,0.0,0.988416241415834,0.8436482021383097,0.00395769074450858,0.0014222727363025767,0.9960061717371674,0.9901755059790784,19,2,196,5,0.8511141537894072
C2_cash_reg_cash_features_cash_full_clean_apdtm5_default,bpi2017,simp,candidate,AM,alpha_miner_classic,9a9cd65c1066e3fa,993,0.392,0.7701149425287357,0.0,0.6170212765957447,0.392,0.3781149425287357,0.22502127659574467,0.5090149253731343,0.0,165,5,196,5,0.7205787436101824
C2_cash_reg_cash_features_cash_full_clean_apdtm5_default,bpi2017,fit+pre,candidate,HM,heuristics_miner,811f4a70bfa6226f,993,0.9168671249859663,0.9550451175767805,0.0,0.9168671249859663,0.31083821236406917,0.038177992590814114,0.0,0.9600249329710386,1.0,30,1,196,5,0.49930527957417425
C2_cash_reg_cash_features_cash_full_clean_apdtm5_default,bpi2017,fit+gen,candidate,IMd,inductive_miner_imd,9d837cc3c8eeb105,993,0.994208120707917,0.9949668505231788,0.0,0.994208120707917,0.7413842210795771,0.000758729815261816,0.0,0.9992374320663419,1.0,4,1,196,5,0.824353984219903
C2_cash_reg_cash_features_cash_full_clean_apdtm5_default,bpi2017,fit+sim,candidate,IMd,inductive_miner_imd,9d837cc3c8eeb105,993,0.725,0.8402404432249244,0.0,0.8085106382978724,0.4438872367398115,0.11524044322492444,0.08351063829787242,0.8628482547416779,0.7709674202450372,66,3,196,5,0.6329622013271298
C2_cash_reg_cash_features_cash_full_clean_apdtm5_default,bpi2017,pre+gen,candidate,AM,alpha_miner_classic,9a9cd65c1066e3fa,993,0.5564479599640234,0.9859199935085099,0.0,0.9207015039047874,0.5564479599640234,0.4294720335444865,0.36425354394076404,0.5643946401612561,0.0,175,5,196,5,0.5345289409918246
C2_cash_reg_cash_features_cash_full_clean_apdtm5_default,bpi2017,pre+sim,candidate,AM,alpha_miner_classic,9a9cd65c1066e3fa,993,0.25895097562425773,0.8723812160130642,0.0,0.7396181435763733,0.25895097562425773,0.6134302403888064,0.4806671679521156,0.296832360522054,0.0,176,5,196,5,0.46926123590221214
C2_cash_reg_cash_features_cash_full_clean_apdtm5_default,bpi2017,gen+sim,candidate,AM,alpha_miner_classic,9a9cd65c1066e3fa,993,0.6894969843397657,0.8792604640175905,0.0,0.7963457765194307,0.6625648418098955,0.1897634796778248,0.10684879217966503,0.7841783095639924,0.20131525159653865,107,4,196,5,0.7858464486997948
C2_cash_reg_cash_features_cash_full_clean_apdtm5_default,bpi2017,mix-fit,candidate,IMd,inductive_miner_imd,9d837cc3c8eeb105,993,0.6318629809715274,0.8744182289149186,0.0,0.8143793359317738,0.413179771634357,0.24255524794339123,0.18251635496024643,0.722609570657759,0.5450733968770125,168,4,196,5,0.5336107576013853
C2_cash_reg_cash_features_cash_full_clean_apdtm5_default,bpi2017,mix-prec,candidate,HM,heuristics_miner,811f4a70bfa6226f,993,0.8675404199182805,0.9247332260272323,0.0,0.8675404199182805,0.48481386579919006,0.05719280610895183,0.0,0.9381521021423019,1.0,38,1,196,5,0.4989532299610574
C2_cash_reg_cash_features_cash_full_clean_apdtm5_default,bpi2017,mix-simp,candidate,IMd,inductive_miner_imd,9d837cc3c8eeb105,993,0.6920237005598147,0.8548318499663207,0.0,0.7712039241360872,0.5155213309046448,0.162808149406506,0.07918022357627252,0.8095436553833125,0.690318286530366,112,4,196,5,0.5912010697605874
C2_cash_reg_cash_features_cash_full_clean_apdtm5_default,bpi2017,mix-gen,candidate,AM,alpha_miner_classic,9a9cd65c1066e3fa,993,0.587155425069478,0.8969137795391169,0.0,0.7650526308640881,0.587155425069478,0.30975835446963884,0.1778972057946101,0.6546397641155546,0.0,173,5,196,5,0.631235746303356
C2_cash_reg_cash_features_cash_full_clean_apdtm5_default,bpi2020_domestic,equal,candidate,HM,heuristics_miner,7ff65ee42a91cefb,988,0.782697276145632,0.9013014428805918,0.0,0.782697276145632,0.5280586222617515,0.11860416673495977,0.0,0.868407880990519,1.0,137,1,196,5,0.7719764051947324
C2_cash_reg_cash_features_cash_full_clean_apdtm5_default,bpi2020_domestic,fitn,candidate,IMf,inductive_miner_imf,e2ae705eb727870e,988,1.0,1.0,0.0,1.0,0.723032771051894,0.0,0.0,1.0,1.0,1,1,196,5,0.9994927581327145
C2_cash_reg_cash_features_cash_full_clean_apdtm5_default,bpi2020_domestic,prec,candidate,HM,heuristics_miner,7ff65ee42a91cefb,988,0.8670356093278883,0.986007752461474,0.0,0.8670356093278883,0.1975518121669374,0.11897214313358573,0.0,0.8793395459248843,1.0,108,1,196,5,0.8412238410596652
C2_cash_reg_cash_features_cash_full_clean_apdtm5_default,bpi2020_domestic,gene,candidate,IMf,inductive_miner_imf,e2ae705eb727870e,988,0.8554073029005208,0.9326053854610896,0.0,0.8554073029005208,0.7516056740657073,0.07719808256056881,0.0,0.9172232074100652,1.0,76,1,196,5,0.8945444903170633
C2_cash_reg_cash_features_cash_full_clean_apdtm5_default,bpi2020_domestic,simp,candidate,IMf,inductive_miner_imf,e2ae705eb727870e,988,0.6000000000000001,0.875,0.0,0.6000000000000001,0.3541666666666666,0.2749999999999999,0.0,0.6857142857142858,1.0,125,1,196,5,0.6127231182402447
C2_cash_reg_cash_features_cash_full_clean_apdtm5_default,bpi2020_domestic,fit+pre,candidate,HM,heuristics_miner,7ff65ee42a91cefb,988,0.896113454388845,0.980580685505521,0.0,0.896113454388845,0.48650745759222797,0.08446723111667598,0.0,0.9138599889175562,1.0,125,1,196,5,0.8857856707151756
C2_cash_reg_cash_features_cash_full_clean_apdtm5_default,bpi2020_domestic,fit+gen,candidate,IMf,inductive_miner_imf,e2ae705eb727870e,988,0.9277036514502603,0.9529492086056026,0.0,0.9277036514502603,0.7540428391238887,0.02524555715534227,0.0,0.9735079719597199,1.0,32,1,196,5,0.9470186242248889
C2_cash_reg_cash_features_cash_full_clean_apdtm5_default,bpi2020_domestic,fit+sim,candidate,IMf,inductive_miner_imf,e2ae705eb727870e,988,0.8,0.892967594352212,0.0,0.8,0.5385997188592803,0.09296759435221191,0.0,0.8958891734255444,1.0,60,1,196,5,0.8061079381864796
C2_cash_reg_cash_features_cash_full_clean_apdtm5_default,bpi2020_domestic,pre+gen,candidate,HM,heuristics_miner,7ff65ee42a91cefb,988,0.8093206416967977,0.957510356458128,0.0,0.8093206416967977,0.5175175256642226,0.14818971476133025,0.0,0.8452343478461263,1.0,134,1,196,5,0.7974887526289909
C2_cash_reg_cash_features_cash_full_clean_apdtm5_default,bpi2020_domestic,pre+sim,candidate,HM,heuristics_miner,7ff65ee42a91cefb,988,0.7269960655335093,0.8607303005919194,0.0,0.7269960655335093,0.3020744053996142,0.1337342350584101,0.0,0.8446270161902726,1.0,128,1,196,5,0.7019022281049635
C2_cash_reg_cash_features_cash_full_clean_apdtm5_default,bpi2020_domestic,gen+sim,candidate,IMf,inductive_miner_imf,e2ae705eb727870e,988,0.7277036514502604,0.836843156586478,0.0,0.7277036514502604,0.569609786931275,0.10913950513621762,0.0,0.8695818872661841,1.0,120,1,196,5,0.753633804278654
C2_cash_reg_cash_features_cash_full_clean_apdtm5_default,bpi2020_domestic,mix-fit,candidate,HM,heuristics_miner,7ff65ee42a91cefb,988,0.822739074332684,0.9217713572150562,0.0,0.822739074332684,0.5135463757134479,0.0990322828823722,0.0,0.8925630720598892,1.0,129,1,196,5,0.8123976419160579
C2_cash_reg_cash_features_cash_full_clean_apdtm5_default,bpi2020_domestic,mix-prec,candidate,HM,heuristics_miner,7ff65ee42a91cefb,988,0.8160298580147407,0.9396408568365918,0.0,0.8160298580147407,0.5155319506888351,0.12361099882185111,0.0,0.86844867597818,1.0,131,1,196,5,0.8049431972725242
C2_cash_reg_cash_features_cash_full_clean_apdtm5_default,bpi2020_domestic,mix-simp,candidate,IMf,inductive_miner_imf,e2ae705eb727870e,988,0.7501620398307685,0.8629620289245914,0.0,0.7501620398307685,0.5405852938346677,0.11279998909382294,0.0,0.8692874248077955,1.0,156,1,196,5,0.7586919014678843
C2_cash_reg_cash_features_cash_full_clean_apdtm5_default,bpi2020_domestic,mix-gen,candidate,HM,heuristics_miner,7ff65ee42a91cefb,988,0.7426554779585799,0.88113234738198,0.0,0.7426554779585799,0.5425708688100551,0.1384768694234001,0.0,0.8428421452976473,1.0,140,1,196,5,0.7315551684734067
C2_cash_reg_cash_features_cash_full_clean_apdtm5_default,bpi2020_international,equal,candidate,HM,heuristics_miner,a8fc09154990e706,993,0.748944593081187,0.8501918473231604,0.0,0.748944593081187,0.42730621361870447,0.10124725424197345,0.0,0.8809124616276295,1.0,74,1,196,5,0.7343044901504002
C2_cash_reg_cash_features_cash_full_clean_apdtm5_default,bpi2020_international,fitn,candidate,IM,inductive_miner_im,6150b352c065731b,993,0.9707533277618512,1.0,0.0,1.0,0.543631678095892,0.029246672238148808,0.029246672238148808,0.9707533277618512,0.9359143243857883,11,2,196,5,0.9981333226893925
C2_cash_reg_cash_features_cash_full_clean_apdtm5_default,bpi2020_international,prec,candidate,HM,heuristics_miner,a8fc09154990e706,993,0.914192461570857,1.0,0.0,0.914192461570857,0.0,0.08580753842914302,0.0,0.914192461570857,1.0,28,1,196,5,0.8138102008468303
C2_cash_reg_cash_features_cash_full_clean_apdtm5_default,bpi2020_international,gene,candidate,IMd,inductive_miner_imd,3a17215508b7f71d,993,0.9085268002629592,0.9418786896404474,0.0,0.9085268002629592,0.6807656098412334,0.03335188937748823,0.0,0.9645900371838544,1.0,12,1,196,5,0.8993959842923955
C2_cash_reg_cash_features_cash_full_clean_apdtm5_default,bpi2020_international,simp,candidate,IM,inductive_miner_im,6150b352c065731b,993,0.6222222222222222,0.726190476190476,0.0,0.6222222222222222,0.2668810289389067,0.10396825396825382,0.0,0.8568306010928963,1.0,55,1,196,5,0.5799157177954278
C2_cash_reg_cash_features_cash_full_clean_apdtm5_default,bpi2020_international,fit+pre,candidate,HM,heuristics_miner,a8fc09154990e706,993,0.9075063812417573,0.9444725618292222,0.0,0.9075063812417573,0.271815839047946,0.036966180587464925,0.0,0.9608605034371035,1.0,33,1,196,5,0.8591671148508087
C2_cash_reg_cash_features_cash_full_clean_apdtm5_default,bpi2020_international,fit+gen,candidate,IM,inductive_miner_im,6150b352c065731b,993,0.9237127079277819,0.9642924535411258,0.0,0.9542634001314796,0.7211719127679556,0.040579745613343876,0.03055069220369766,0.9579175949533518,0.8689326129012531,18,2,196,5,0.9484661155487083
C2_cash_reg_cash_features_cash_full_clean_apdtm5_default,bpi2020_international,fit+sim,candidate,IM,inductive_miner_im,6150b352c065731b,993,0.7964877749920367,0.8252695672008914,0.0,0.7964877749920367,0.4052563535173993,0.028781792208854684,0.0,0.9651243746858674,1.0,18,1,196,5,0.7890245202424102
C2_cash_reg_cash_features_cash_full_clean_apdtm5_default,bpi2020_international,pre+gen,candidate,HM,heuristics_miner,a8fc09154990e706,993,0.7974790357060452,0.9244692854293903,0.0,0.7974790357060452,0.4493560737200096,0.12699024972334516,0.0,0.8626344306675784,1.0,62,1,196,5,0.7711666110763951
C2_cash_reg_cash_features_cash_full_clean_apdtm5_default,bpi2020_international,pre+sim,candidate,HM,heuristics_miner,a8fc09154990e706,993,0.7070962307854285,0.863095238095238,0.0,0.7070962307854285,0.13344051446945335,0.15599900730980953,0.0,0.8192563225651862,1.0,49,1,196,5,0.652085455220427
C2_cash_reg_cash_features_cash_full_clean_apdtm5_default,bpi2020_international,gen+sim,candidate,IM,inductive_miner_im,6150b352c065731b,993,0.7494471551579674,0.8021013140485984,0.0,0.7494471551579674,0.5827965881894629,0.052654158890630964,0.0,0.934354728051922,1.0,45,1,196,5,0.7393573131017259
C2_cash_reg_cash_features_cash_full_clean_apdtm5_default,bpi2020_international,mix-fit,candidate,HM,heuristics_miner,a8fc09154990e706,993,0.8026624198204434,0.8651430903153831,0.0,0.8026624198204434,0.36070009177014006,0.06248067049493966,0.0,0.9277799577961575,1.0,55,1,196,5,0.7768771158453646
C2_cash_reg_cash_features_cash_full_clean_apdtm5_default,bpi2020_international,mix-prec,candidate,HM,heuristics_miner,a8fc09154990e706,993,0.8000707277632442,0.8789785552291673,0.0,0.8000707277632442,0.4050280827450747,0.07890782746592317,0.0,0.910227812730482,1.0,61,1,196,5,0.7740218634608795
C2_cash_reg_cash_features_cash_full_clean_apdtm5_default,bpi2020_international,mix-simp,candidate,IM,inductive_miner_im,6150b352c065731b,993,0.7380189347317311,0.8280233355013684,0.0,0.7380189347317311,0.4495843444923341,0.09000440076963734,0.0,0.8913020963169599,1.0,76,1,196,5,0.7375672700800366
C2_cash_reg_cash_features_cash_full_clean_apdtm5_default,bpi2020_international,mix-gen,candidate,HM,heuristics_miner,a8fc09154990e706,993,0.6952267663419306,0.8352406043309378,0.0,0.6952267663419306,0.4939123354672689,0.14001383798900724,0.0,0.8323670601465022,1.0,109,1,196,5,0.6917318644554358
C2_cash_reg_cash_features_cash_full_clean_apdtm5_default,bpi2020_payment,equal,candidate,HM,heuristics_miner,67cd1ccc54854e66,993,0.7459843675155176,0.8696763776738392,0.0,0.7459843675155176,0.4539079536155171,0.12369201015832165,0.0,0.8577723698910094,1.0,129,1,196,5,0.7826596627182667
C2_cash_reg_cash_features_cash_full_clean_apdtm5_default,bpi2020_payment,fitn,candidate,IMd,inductive_miner_imd,8cefc3b841ae652c,993,1.0,1.0,0.0,1.0,0.6986954515961711,0.0,0.0,1.0,1.0,1,1,196,5,0.9999248994266756
C2_cash_reg_cash_features_cash_full_clean_apdtm5_default,bpi2020_payment,prec,candidate,HM,heuristics_miner,67cd1ccc54854e66,993,0.8082905921163525,1.0,0.0,0.8082905921163525,0.0,0.19170940788364754,0.0,0.8082905921163525,1.0,103,1,196,5,0.8859429643942586
C2_cash_reg_cash_features_cash_full_clean_apdtm5_default,bpi2020_payment,gene,candidate,IMf,inductive_miner_imf,8029fc494c1c09a0,993,0.8669709790187637,0.9042989365923124,0.0,0.8669709790187637,0.6750512131653676,0.037327957573548676,0.0,0.9587216615401403,1.0,4,1,196,5,0.8736071355506627
C2_cash_reg_cash_features_cash_full_clean_apdtm5_default,bpi2020_payment,simp,candidate,IM,inductive_miner_im,d6c08269cc6ee4f8,993,0.6000000000000001,0.8214285714285714,0.0,0.6000000000000001,0.3333333333333333,0.2214285714285713,0.0,0.7304347826086958,1.0,105,1,196,5,0.5910577984398517
C2_cash_reg_cash_features_cash_full_clean_apdtm5_default,bpi2020_payment,fit+pre,candidate,HM,heuristics_miner,67cd1ccc54854e66,993,0.8729305234063345,0.9825892284678609,0.0,0.8729305234063345,0.34934772579808554,0.10965870506152642,0.0,0.8883982218769935,1.0,101,1,196,5,0.8987004803213163
C2_cash_reg_cash_features_cash_full_clean_apdtm5_default,bpi2020_payment,fit+gen,candidate,IMf,inductive_miner_imf,8029fc494c1c09a0,993,0.9334854895093818,0.9514970823370221,0.0,0.9334854895093818,0.7411492405643676,0.01801159282764031,0.0,0.9810702595289088,1.0,2,1,196,5,0.9366524848297568
C2_cash_reg_cash_features_cash_full_clean_apdtm5_default,bpi2020_payment,fit+sim,candidate,IM,inductive_miner_im,d6c08269cc6ee4f8,993,0.8,0.8691224178435837,0.0,0.8,0.5160143924647522,0.06912241784358364,0.0,0.9204687206031502,1.0,56,1,196,5,0.7954512380809813
C2_cash_reg_cash_features_cash_full_clean_apdtm5_default,bpi2020_payment,pre+gen,candidate,HM,heuristics_miner,67cd1ccc54854e66,993,0.7416709026408601,0.916868426053467,0.0,0.7416709026408601,0.391801514766282,0.17519752341260686,0.0,0.8089174864852525,1.0,127,1,196,5,0.8202713804624993
C2_cash_reg_cash_features_cash_full_clean_apdtm5_default,bpi2020_payment,pre+sim,candidate,HM,heuristics_miner,67cd1ccc54854e66,993,0.6856579011001931,0.87,0.0,0.6856579011001931,0.16666666666666666,0.1843420988998069,0.0,0.788112530000222,1.0,122,1,196,5,0.7322904290469764
C2_cash_reg_cash_features_cash_full_clean_apdtm5_default,bpi2020_payment,gen+sim,candidate,IMf,inductive_miner_imf,8029fc494c1c09a0,993,0.7334854895093819,0.7955758933524278,0.0,0.7334854895093819,0.5584681814329486,0.06209040384304598,0.0,0.9219553981438439,1.0,54,1,196,5,0.7316061054653991
C2_cash_reg_cash_features_cash_full_clean_apdtm5_default,bpi2020_payment,mix-fit,candidate,HM,heuristics_miner,67cd1ccc54854e66,993,0.7976255228467759,0.9053177010011466,0.0,0.7976255228467759,0.42450515025839153,0.10769217815437071,0.0,0.8810448773560053,1.0,121,1,196,5,0.8215536462106402
C2_cash_reg_cash_features_cash_full_clean_apdtm5_default,bpi2020_payment,mix-prec,candidate,HM,heuristics_miner,67cd1ccc54854e66,993,0.7696482127438178,0.9102277500261443,0.0,0.7696482127438178,0.40815333251233665,0.14057953728232653,0.0,0.8455556455202682,1.0,126,1,196,5,0.8209125133365694
C2_cash_reg_cash_features_cash_full_clean_apdtm5_default,bpi2020_payment,mix-simp,candidate,IM,inductive_miner_im,d6c08269cc6ee4f8,993,0.7427293481371395,0.829125005321534,0.0,0.7427293481371395,0.49966257471869746,0.08639565718439446,0.0,0.895798996978881,1.0,147,1,196,5,0.748884917774097
C2_cash_reg_cash_features_cash_full_clean_apdtm5_default,bpi2020_payment,mix-gen,candidate,HM,heuristics_miner,67cd1ccc54854e66,993,0.6943432121842593,0.836099433132433,0.0,0.6943432121842593,0.48331075697264275,0.14175622094817364,0.0,0.8304553079086703,1.0,145,1,196,5,0.7437656792258934
C2_cash_reg_cash_features_cash_full_clean_apdtm5_default,bpi2020_permit,equal,candidate,HM,heuristics_miner,8dc0dde1f149f92e,993,0.6953084541835005,0.8429076490043279,0.0,0.6953084541835005,0.0,0.1475991948208274,0.0,0.8248928040987922,1.0,86,1,196,5,0.7077475960124746
C2_cash_reg_cash_features_cash_full_clean_apdtm5_default,bpi2020_permit,fitn,candidate,IMd,inductive_miner_imd,83bfdaba62b71641,993,1.0,1.0,0.0,1.0,0.0,0.0,0.0,1.0,1.0,1,1,196,5,0.9977889760596357
C2_cash_reg_cash_features_cash_full_clean_apdtm5_default,bpi2020_permit,prec,candidate,HM,heuristics_miner,8dc0dde1f149f92e,993,0.8137442437123628,0.9911533085603246,0.0,0.8137442437123628,0.0,0.17740906484796182,0.0,0.8210074432323159,1.0,43,1,196,5,0.8713971349694699
C2_cash_reg_cash_features_cash_full_clean_apdtm5_default,bpi2020_permit,gene,candidate,IMd,inductive_miner_imd,83bfdaba62b71641,993,0.8652393738255396,0.9078165537742844,0.0,0.8652393738255396,0.0,0.04257717994874477,0.0,0.9530993571644751,1.0,41,1,196,5,0.8893110416861794
C2_cash_reg_cash_features_cash_full_clean_apdtm5_default,bpi2020_permit,simp,candidate,AM,alpha_miner_classic,26f32bcd43f69421,993,0.419047619047619,0.7142857142857143,0.0,0.5946547884187082,0.0,0.2952380952380953,0.17560716937108922,0.5866666666666666,0.7046905653647226,158,3,196,5,0.5338176581979183
C2_cash_reg_cash_features_cash_full_clean_apdtm5_default,bpi2020_permit,fit+pre,candidate,HM,heuristics_miner,8dc0dde1f149f92e,993,0.8512783359444481,0.9243881790529205,0.0,0.8512783359444481,0.0,0.07310984310847235,0.0,0.9209100194429392,1.0,34,1,196,5,0.8634543849525711
C2_cash_reg_cash_features_cash_full_clean_apdtm5_default,bpi2020_permit,fit+gen,candidate,IMd,inductive_miner_imd,83bfdaba62b71641,993,0.9326196869127699,0.9448808304983668,0.0,0.9326196869127699,0.0,0.012261143585596934,0.0,0.9870236084913164,1.0,7,1,196,5,0.9435500088729075
C2_cash_reg_cash_features_cash_full_clean_apdtm5_default,bpi2020_permit,fit+sim,candidate,IM,inductive_miner_im,1e49d93937c2bb45,993,0.7973273942093542,0.8272924879786688,0.0,0.7973273942093542,0.0,0.029965093769314666,0.0,0.9637793232686922,1.0,15,1,196,5,0.7417729828275723
C2_cash_reg_cash_features_cash_full_clean_apdtm5_default,bpi2020_permit,pre+gen,candidate,HM,heuristics_miner,8dc0dde1f149f92e,993,0.7082588870498185,0.9322600772514231,0.0,0.7082588870498185,0.0,0.22400119020160458,0.0,0.7597224254609014,1.0,78,1,196,5,0.7579605877608284
C2_cash_reg_cash_features_cash_full_clean_apdtm5_default,bpi2020_permit,pre+sim,candidate,HM,heuristics_miner,8dc0dde1f149f92e,993,0.644823929085097,0.816594001468874,0.0,0.644823929085097,0.0,0.17177007238377695,0.0,0.7896505826949498,1.0,46,1,196,5,0.6654773542810195
C2_cash_reg_cash_features_cash_full_clean_apdtm5_default,bpi2020_permit,gen+sim,candidate,AM,alpha_miner_classic,26f32bcd43f69421,993,0.6371573999611837,0.7992898469819344,0.0,0.7281672934908063,0.0,0.1621324470207507,0.09100989352962263,0.7971543769347852,0.8750151313535044,124,2,196,5,0.7070358822709977
C2_cash_reg_cash_features_cash_full_clean_apdtm5_default,bpi2020_permit,mix-fit,candidate,HM,heuristics_miner,8dc0dde1f149f92e,993,0.755106320314616,0.8639118088087243,0.0,0.755106320314616,0.0,0.10880548849410832,0.0,0.8740548660352916,1.0,52,1,196,5,0.7599877132388424
C2_cash_reg_cash_features_cash_full_clean_apdtm5_default,bpi2020_permit,mix-prec,candidate,HM,heuristics_miner,8dc0dde1f149f92e,993,0.7316826036822172,0.8885842618048085,0.0,0.7316826036822172,0.0,0.15690165812259138,0.0,0.8234251214354084,1.0,68,1,196,5,0.7589741504998352
C2_cash_reg_cash_features_cash_full_clean_apdtm5_default,bpi2020_permit,mix-simp,candidate,IM,inductive_miner_im,1e49d93937c2bb45,993,0.7200015916100726,0.81761289182125,0.0,0.7200015916100726,0.0,0.09761130021117737,0.0,0.8806142843543646,1.0,72,1,196,5,0.6915960776870727
C2_cash_reg_cash_features_cash_full_clean_apdtm5_default,bpi2020_permit,mix-gen,candidate,HM,heuristics_miner,8dc0dde1f149f92e,993,0.6355105880523851,0.8269571869508153,0.0,0.642675789010791,0.0,0.1914465988984302,0.007165200958405893,0.7684927322485235,0.9888509866391036,127,2,196,5,0.6555074787861066
C2_cash_reg_cash_features_cash_full_clean_apdtm5_default,bpi2020_prepaid,equal,candidate,HM,heuristics_miner,29f7ad244446d4aa,993,0.7280027250543759,0.8668476328686328,0.0,0.7280027250543759,0.3835715428314981,0.13884490781425685,0.0,0.8398277822426744,1.0,83,1,196,5,0.7648576628286851
C2_cash_reg_cash_features_cash_full_clean_apdtm5_default,bpi2020_prepaid,fitn,candidate,IM,inductive_miner_im,08b79ae23a413281,993,0.9865754284763762,1.0,0.0,1.0,0.4702681384715757,0.013424571523623752,0.013424571523623752,0.9865754284763762,0.9746577985985396,9,2,196,5,0.9986807827597934
C2_cash_reg_cash_features_cash_full_clean_apdtm5_default,bpi2020_prepaid,prec,candidate,HM,heuristics_miner,29f7ad244446d4aa,993,0.8877260430015663,0.9997522759645756,0.0,0.8877260430015663,0.0,0.11202623296300929,0.0,0.8879460085700482,1.0,23,1,196,5,0.8900463547882047
C2_cash_reg_cash_features_cash_full_clean_apdtm5_default,bpi2020_prepaid,gene,candidate,IMd,inductive_miner_imd,8cca159c4df3be24,993,0.8904211520153033,0.9112866050560324,0.0,0.8904211520153033,0.5988575329285628,0.020865453040729176,0.0,0.9771033032583133,1.0,10,1,196,5,0.9119733657536021
C2_cash_reg_cash_features_cash_full_clean_apdtm5_default,bpi2020_prepaid,simp,candidate,IM,inductive_miner_im,08b79ae23a413281,993,0.5903614457831325,0.8241758241758241,0.0,0.5903614457831325,0.1867088607594936,0.2338143783926916,0.0,0.7163052208835342,1.0,105,1,196,5,0.5993974507430488
C2_cash_reg_cash_features_cash_full_clean_apdtm5_default,bpi2020_prepaid,fit+pre,candidate,HM,heuristics_miner,29f7ad244446d4aa,993,0.8946719217397086,0.9548684615240937,0.0,0.8946719217397086,0.23513406923578786,0.060196539784385106,0.0,0.9369582908955819,1.0,27,1,196,5,0.9008868492576001
C2_cash_reg_cash_features_cash_full_clean_apdtm5_default,bpi2020_prepaid,fit+gen,candidate,IMd,inductive_miner_imd,8cca159c4df3be24,993,0.9452105760076517,0.949603353381388,0.0,0.9452105760076517,0.6737886552832494,0.004392777373736334,0.0,0.9953740923954256,1.0,3,1,196,5,0.953103789260969
C2_cash_reg_cash_features_cash_full_clean_apdtm5_default,bpi2020_prepaid,fit+sim,candidate,IM,inductive_miner_im,08b79ae23a413281,993,0.7884684371297543,0.8494129668934964,0.0,0.7884684371297543,0.32848849961553467,0.060944529763742095,0.0,0.9282510014102674,1.0,66,1,196,5,0.7990391167514211
C2_cash_reg_cash_features_cash_full_clean_apdtm5_default,bpi2020_prepaid,pre+gen,candidate,HM,heuristics_miner,29f7ad244446d4aa,993,0.7432917879650646,0.9409693886867966,0.0,0.7432917879650646,0.43865458604746155,0.19767760072173202,0.0,0.7899213267738624,1.0,65,1,196,5,0.8113129848669715
C2_cash_reg_cash_features_cash_full_clean_apdtm5_default,bpi2020_prepaid,pre+sim,candidate,HM,heuristics_miner,29f7ad244446d4aa,993,0.7057677834055451,0.8334790489391193,0.0,0.7057677834055451,0.0933544303797468,0.12771126553357415,0.0,0.8467732743898849,1.0,38,1,196,5,0.7075618463210033
C2_cash_reg_cash_features_cash_full_clean_apdtm5_default,bpi2020_prepaid,gen+sim,candidate,IM,inductive_miner_im,08b79ae23a413281,993,0.7379476465690233,0.815098321546149,0.0,0.7379476465690233,0.5320090164272083,0.07715067497712569,0.0,0.9053480139294366,1.0,81,1,196,5,0.7517180360970355
C2_cash_reg_cash_features_cash_full_clean_apdtm5_default,bpi2020_prepaid,mix-fit,candidate,HM,heuristics_miner,29f7ad244446d4aa,993,0.7916125911463714,0.8887029376845874,0.0,0.7916125911463714,0.3131799447500213,0.09709034653821602,0.0,0.8907505056850902,1.0,40,1,196,5,0.809978272992594
C2_cash_reg_cash_features_cash_full_clean_apdtm5_default,bpi2020_prepaid,mix-prec,candidate,HM,heuristics_miner,29f7ad244446d4aa,993,0.7674521895557178,0.9102502378418409,0.0,0.7674521895557178,0.3759172653987413,0.14279804828612308,0.0,0.843122207114507,1.0,52,1,196,5,0.8106456289297825
C2_cash_reg_cash_features_cash_full_clean_apdtm5_default,bpi2020_prepaid,mix-simp,candidate,IM,inductive_miner_im,08b79ae23a413281,993,0.724823854120391,0.8311667650921324,0.0,0.724823854120391,0.3912258202642548,0.10634291097174142,0.0,0.8720558672001838,1.0,103,1,196,5,0.7588398026250514
C2_cash_reg_cash_features_cash_full_clean_apdtm5_default,bpi2020_prepaid,mix-gen,candidate,HM,heuristics_miner,29f7ad244446d4aa,993,0.6643928589623807,0.8449923280526782,0.0,0.6643928589623807,0.4539631409129749,0.18059946909029756,0.0,0.7862708771492672,1.0,142,1,196,5,0.7197370526647764
C2_cash_reg_cash_features_cash_full_clean_apdtm5_default,bpic15_1,equal,candidate,IMd,inductive_miner_imd,8ec8a2cb08851acf,988,0.5006533211257762,0.7538067736145151,0.0,0.5006533211257762,0.0,0.2531534524887389,0.0,0.6641666520521378,1.0,124,1,196,5,0.4956137845600901
C2_cash_reg_cash_features_cash_full_clean_apdtm5_default,bpic15_1,fitn,candidate,IMd,inductive_miner_imd,8ec8a2cb08851acf,988,1.0,1.0,0.0,1.0,0.0,0.0,0.0,1.0,1.0,1,1,196,5,1.0
C2_cash_reg_cash_features_cash_full_clean_apdtm5_default,bpic15_1,prec,candidate,IMd,inductive_miner_imd,8ec8a2cb08851acf,988,0.0055144083252097,0.9967132292522596,0.0,0.0055144083252097,0.0,0.9911988209270499,0.0,0.00553259268901913,1.0,141,1,196,5,0.005633877471096311
C2_cash_reg_cash_features_cash_full_clean_apdtm5_default,bpic15_1,gene,candidate,IMd,inductive_miner_imd,8ec8a2cb08851acf,988,0.6526451647517064,0.7947596517508088,0.0,0.6526451647517064,0.0,0.14211448699910234,0.0,0.8211855789532942,1.0,112,1,196,5,0.6374426774131328
C2_cash_reg_cash_features_cash_full_clean_apdtm5_default,bpic15_1,simp,candidate,IMd,inductive_miner_imd,8ec8a2cb08851acf,988,0.3444537114261885,1.0,0.0,0.3444537114261885,0.0,0.6555462885738115,0.0,0.3444537114261885,1.0,137,1,196,5,0.3393785833561314
C2_cash_reg_cash_features_cash_full_clean_apdtm5_default,bpic15_1,fit+pre,candidate,IMd,inductive_miner_imd,8ec8a2cb08851acf,988,0.5027572041626048,0.8688577238297088,0.0,0.5027572041626048,0.0,0.366100519667104,0.0,0.5786415777563397,1.0,74,1,196,5,0.5028169387355481
C2_cash_reg_cash_features_cash_full_clean_apdtm5_default,bpic15_1,fit+gen,candidate,IMd,inductive_miner_imd,8ec8a2cb08851acf,988,0.8263225823758532,0.871727415992749,0.0,0.8263225823758532,0.0,0.045404833616895846,0.0,0.9479139547708414,1.0,4,1,196,5,0.8187213387065664
C2_cash_reg_cash_features_cash_full_clean_apdtm5_default,bpic15_1,fit+sim,candidate,IMd,inductive_miner_imd,8ec8a2cb08851acf,988,0.6722268557130943,0.8645266546833184,0.0,0.6722268557130943,0.0,0.1922997989702241,0.0,0.7775663735426819,1.0,85,1,196,5,0.6696892916780657
C2_cash_reg_cash_features_cash_full_clean_apdtm5_default,bpic15_1,pre+gen,candidate,IMd,inductive_miner_imd,8ec8a2cb08851acf,988,0.32907978653845804,0.8387467991159434,0.0,0.32907978653845804,0.0,0.5096670125774854,0.0,0.39234699540470974,1.0,126,1,196,5,0.32153827744211455
C2_cash_reg_cash_features_cash_full_clean_apdtm5_default,bpic15_1,pre+sim,candidate,IMd,inductive_miner_imd,8ec8a2cb08851acf,988,0.17498405987569912,0.8214077863143173,0.0,0.17498405987569912,0.0,0.6464237264386182,0.0,0.21302946330817987,1.0,142,1,196,5,0.17250623041361388
C2_cash_reg_cash_features_cash_full_clean_apdtm5_default,bpic15_1,gen+sim,candidate,IMd,inductive_miner_imd,8ec8a2cb08851acf,988,0.49854943808894747,0.8973798258754044,0.0,0.49854943808894747,0.0,0.39883038778645696,0.0,0.5555612280481197,1.0,131,1,196,5,0.48841063038463206
C2_cash_reg_cash_features_cash_full_clean_apdtm5_default,bpic15_1,mix-fit,candidate,IMd,inductive_miner_imd,8ec8a2cb08851acf,988,0.5358095812579713,0.7829881701741386,0.0,0.5358095812579713,0.0,0.24717858891616729,0.0,0.6843137631808739,1.0,94,1,196,5,0.5333101476538684
C2_cash_reg_cash_features_cash_full_clean_apdtm5_default,bpic15_1,mix-prec,candidate,IMd,inductive_miner_imd,8ec8a2cb08851acf,988,0.43244468389821455,0.8104949307104616,0.0,0.43244468389821455,0.0,0.3780502468122471,0.0,0.5335563092530922,1.0,118,1,196,5,0.42742421254799134
C2_cash_reg_cash_features_cash_full_clean_apdtm5_default,bpic15_1,mix-simp,candidate,IMd,inductive_miner_imd,8ec8a2cb08851acf,988,0.5688619583533376,0.7694736087116352,0.0,0.5688619583533376,0.0,0.20061165035829753,0.0,0.7392871593163659,1.0,121,1,196,5,0.5638033565721887
C2_cash_reg_cash_features_cash_full_clean_apdtm5_default,bpic15_1,mix-gen,candidate,IMd,inductive_miner_imd,8ec8a2cb08851acf,988,0.46549706099358107,0.7344918748892888,0.0,0.46549706099358107,0.0,0.26899481389570773,0.0,0.6337674750503486,1.0,131,1,196,5,0.4579174214663118
C2_cash_reg_cash_features_cash_full_clean_apdtm5_default,bpic15_2,equal,candidate,IMd,inductive_miner_imd,2bd4a2c68f811174,988,0.4958761568622505,0.739796087901852,0.0,0.4958761568622505,0.0,0.24391993103960152,0.0,0.6702876170494672,1.0,123,1,196,5,0.4970362559598362
C2_cash_reg_cash_features_cash_full_clean_apdtm5_default,bpic15_2,fitn,candidate,IMd,inductive_miner_imd,2bd4a2c68f811174,988,1.0,1.0,0.0,1.0,0.0,0.0,0.0,1.0,1.0,1,1,196,5,0.999999853725252
C2_cash_reg_cash_features_cash_full_clean_apdtm5_default,bpic15_2,prec,candidate,IMd,inductive_miner_imd,2bd4a2c68f811174,988,0.0047466811844114,0.9964080459770116,0.0,0.0047466811844114,0.0,0.9916613647926003,0.0,0.004763792508075464,1.0,141,1,196,5,0.005675803225076149
C2_cash_reg_cash_features_cash_full_clean_apdtm5_default,bpic15_2,gene,candidate,IMd,inductive_miner_imd,2bd4a2c68f811174,988,0.630479323366272,0.8434264748464657,0.0,0.630479323366272,0.0,0.21294715148019372,0.0,0.7475213811388149,1.0,119,1,196,5,0.6444737027826452
C2_cash_reg_cash_features_cash_full_clean_apdtm5_default,bpic15_2,simp,candidate,IMd,inductive_miner_imd,2bd4a2c68f811174,988,0.3482786228983187,1.0,0.0,0.3482786228983187,0.0,0.6517213771016813,0.0,0.3482786228983187,1.0,133,1,196,5,0.3379956641063712
C2_cash_reg_cash_features_cash_full_clean_apdtm5_default,bpic15_2,fit+pre,candidate,IMd,inductive_miner_imd,2bd4a2c68f811174,988,0.5023733405922057,0.8552632687420797,0.0,0.5023733405922057,0.0,0.35288992814987397,0.0,0.587390291332277,1.0,62,1,196,5,0.5028378284751641
C2_cash_reg_cash_features_cash_full_clean_apdtm5_default,bpic15_2,fit+gen,candidate,IMd,inductive_miner_imd,2bd4a2c68f811174,988,0.815239661683136,0.888226048940476,0.0,0.815239661683136,0.0,0.07298638725733997,0.0,0.9178290398661444,1.0,6,1,196,5,0.8222367782539486
C2_cash_reg_cash_features_cash_full_clean_apdtm5_default,bpic15_2,fit+sim,candidate,IMd,inductive_miner_imd,2bd4a2c68f811174,988,0.6741393114491594,0.8502937315725136,0.0,0.6741393114491594,0.0,0.17615442012335425,0.0,0.7928310963817429,1.0,81,1,196,5,0.6689977589158116
C2_cash_reg_cash_features_cash_full_clean_apdtm5_default,bpic15_2,pre+gen,candidate,IMd,inductive_miner_imd,2bd4a2c68f811174,988,0.31761300227534167,0.8135744140072105,0.0,0.31761300227534167,0.0,0.49596141173186886,0.0,0.39039207330889186,1.0,136,1,196,5,0.32507475300386063
C2_cash_reg_cash_features_cash_full_clean_apdtm5_default,bpic15_2,pre+sim,candidate,IMd,inductive_miner_imd,2bd4a2c68f811174,988,0.17651265204136504,0.7980406242956953,0.0,0.17651265204136504,0.0,0.6215279722543303,0.0,0.22118253966976298,1.0,138,1,196,5,0.1718357336657237
C2_cash_reg_cash_features_cash_full_clean_apdtm5_default,bpic15_2,gen+sim,candidate,IMd,inductive_miner_imd,2bd4a2c68f811174,988,0.48937897313229534,0.9217132374232329,0.0,0.48937897313229534,0.0,0.4323342642909375,0.0,0.5309449330470905,1.0,131,1,196,5,0.49123468344450816
C2_cash_reg_cash_features_cash_full_clean_apdtm5_default,bpic15_2,mix-fit,candidate,IMd,inductive_miner_imd,2bd4a2c68f811174,988,0.5341276612716144,0.7675374461630222,0.0,0.5341276612716144,0.0,0.23340978489140785,0.0,0.695897853507681,1.0,88,1,196,5,0.5337491855571624
C2_cash_reg_cash_features_cash_full_clean_apdtm5_default,bpic15_2,mix-prec,candidate,IMd,inductive_miner_imd,2bd4a2c68f811174,988,0.42587033177347794,0.790453222686223,0.0,0.42587033177347794,0.0,0.36458289091274504,0.0,0.5387672787596828,1.0,118,1,196,5,0.42941196928051145
C2_cash_reg_cash_features_cash_full_clean_apdtm5_default,bpic15_2,mix-simp,candidate,IMd,inductive_miner_imd,2bd4a2c68f811174,988,0.565881981951023,0.7666984383330109,0.0,0.565881981951023,0.0,0.20081645638198786,0.0,0.7380763461334137,1.0,118,1,196,5,0.5646605426391607
C2_cash_reg_cash_features_cash_full_clean_apdtm5_default,bpic15_2,mix-gen,candidate,IMd,inductive_miner_imd,2bd4a2c68f811174,988,0.4576246524528867,0.7177077196779903,0.0,0.4576246524528867,0.0,0.2600830672251036,0.0,0.6376197996842036,1.0,136,1,196,5,0.46032332636250983
C2_cash_reg_cash_features_cash_full_clean_apdtm5_default,bpic15_3,equal,candidate,IMd,inductive_miner_imd,1e1739de3216125c,988,0.5062291863779904,0.7711497484903616,0.0,0.5062291863779904,0.0,0.26492056211237114,0.0,0.6564602885094731,1.0,126,1,196,5,0.49741262216527027
C2_cash_reg_cash_features_cash_full_clean_apdtm5_default,bpic15_3,fitn,candidate,IMd,inductive_miner_imd,1e1739de3216125c,988,1.0,1.0,0.0,1.0,0.0,0.0,0.0,1.0,1.0,1,1,196,5,0.9999188401557803
C2_cash_reg_cash_features_cash_full_clean_apdtm5_default,bpic15_3,prec,candidate,HM,heuristics_miner,b47e1fe582935617,988,0.0,0.9713690786048932,0.0,0.0056460981272722,0.0,0.9713690786048932,0.0056460981272722,0.0,0.0,143,2,196,5,0.010062114552531814
C2_cash_reg_cash_features_cash_full_clean_apdtm5_default,bpic15_3,gene,candidate,IMd,inductive_miner_imd,1e1739de3216125c,988,0.6755746197508381,0.7690804510999736,0.0,0.6755746197508381,0.0,0.09350583134913548,0.0,0.8784186606025427,1.0,104,1,196,5,0.6470454398382519
C2_cash_reg_cash_features_cash_full_clean_apdtm5_default,bpic15_3,simp,candidate,IMd,inductive_miner_imd,1e1739de3216125c,988,0.3436960276338515,1.0,0.0,0.3436960276338515,0.0,0.6563039723661486,0.0,0.3436960276338515,1.0,133,1,196,5,0.33659546831791637
C2_cash_reg_cash_features_cash_full_clean_apdtm5_default,bpic15_3,fit+pre,candidate,IMd,inductive_miner_imd,1e1739de3216125c,988,0.5028230490636361,0.8737992058502052,0.0,0.5028230490636361,0.0,0.37097615678656914,0.0,0.5754446166775696,1.0,68,1,196,5,0.5030047902524564
C2_cash_reg_cash_features_cash_full_clean_apdtm5_default,bpic15_3,fit+gen,candidate,IMd,inductive_miner_imd,1e1739de3216125c,988,0.837787309875419,0.8764050391703524,0.0,0.837787309875419,0.0,0.038617729294933345,0.0,0.9559362080671161,1.0,8,1,196,5,0.823482139997016
C2_cash_reg_cash_features_cash_full_clean_apdtm5_default,bpic15_3,fit+sim,candidate,IMd,inductive_miner_imd,1e1739de3216125c,988,0.6718480138169257,0.8866318702272058,0.0,0.6718480138169257,0.0,0.21478385641028008,0.0,0.7577530611941119,1.0,98,1,196,5,0.6682571542368483
C2_cash_reg_cash_features_cash_full_clean_apdtm5_default,bpic15_3,pre+gen,candidate,IMd,inductive_miner_imd,1e1739de3216125c,988,0.34061035893905517,0.8335999035488251,0.0,0.34061035893905517,0.0,0.4929895446097699,0.0,0.4086017254668566,1.0,124,1,196,5,0.32656809009369225
C2_cash_reg_cash_features_cash_full_clean_apdtm5_default,bpic15_3,pre+sim,candidate,IMd,inductive_miner_imd,1e1739de3216125c,988,0.17467106288056183,0.806269466186586,0.0,0.17467106288056183,0.0,0.6315984033060242,0.0,0.21664104893703073,1.0,139,1,196,5,0.17134310433352445
C2_cash_reg_cash_features_cash_full_clean_apdtm5_default,bpic15_3,gen+sim,candidate,IMd,inductive_miner_imd,1e1739de3216125c,988,0.5096353236923448,0.8774480269684266,0.0,0.5096353236923448,0.0,0.36781270327608184,0.0,0.5808153965006101,1.0,130,1,196,5,0.49182045407808417
C2_cash_reg_cash_features_cash_full_clean_apdtm5_default,bpic15_3,mix-fit,candidate,IMd,inductive_miner_imd,1e1739de3216125c,988,0.5379904969400358,0.7997195004226063,0.0,0.5379904969400358,0.0,0.26172900348257055,0.0,0.6727239946703042,1.0,101,1,196,5,0.5338183958144603
C2_cash_reg_cash_features_cash_full_clean_apdtm5_default,bpic15_3,mix-prec,candidate,IMd,inductive_miner_imd,1e1739de3216125c,988,0.4393004279395453,0.8166597019857156,0.0,0.4393004279395453,0.0,0.37735927404617026,0.0,0.5379234788632061,1.0,117,1,196,5,0.4301932429540761
C2_cash_reg_cash_features_cash_full_clean_apdtm5_default,bpic15_3,mix-simp,candidate,IMd,inductive_miner_imd,1e1739de3216125c,988,0.5731579448164354,0.7807894458056361,0.0,0.5731579448164354,0.0,0.2076315009892007,0.0,0.7340749134038795,1.0,122,1,196,5,0.5646320013764643
C2_cash_reg_cash_features_cash_full_clean_apdtm5_default,bpic15_3,mix-gen,candidate,IMd,inductive_miner_imd,1e1739de3216125c,988,0.4744678758159452,0.742579996558117,0.0,0.4744678758159452,0.0,0.26811212074217183,0.0,0.6389451345513205,1.0,133,1,196,5,0.4610068485160802
C2_cash_reg_cash_features_cash_full_clean_apdtm5_default,bpic15_4,equal,candidate,IMd,inductive_miner_imd,f68041a3f2d86846,988,0.5004532568394435,0.7570912404815519,0.0,0.5004532568394435,0.0,0.2566379836421083,0.0,0.6610210633544348,1.0,134,1,196,5,0.4929249825828068
C2_cash_reg_cash_features_cash_full_clean_apdtm5_default,bpic15_4,fitn,candidate,IMd,inductive_miner_imd,f68041a3f2d86846,988,1.0,1.0,0.0,1.0,0.0,0.0,0.0,1.0,1.0,1,1,196,5,1.0
C2_cash_reg_cash_features_cash_full_clean_apdtm5_default,bpic15_4,prec,candidate,IMd,inductive_miner_imd,f68041a3f2d86846,988,0.0063677194723514,0.9771181199752628,0.0,0.0063677194723514,0.0,0.9707504005029114,0.0,0.0065168369536659585,1.0,146,1,196,5,0.004882715682760294
C2_cash_reg_cash_features_cash_full_clean_apdtm5_default,bpic15_4,gene,candidate,IMd,inductive_miner_imd,f68041a3f2d86846,988,0.6484303825122886,0.8125621208083507,0.0,0.6484303825122886,0.0,0.1641317382960621,0.0,0.7980071503545094,1.0,113,1,196,5,0.6253501844151661
C2_cash_reg_cash_features_cash_full_clean_apdtm5_default,bpic15_4,simp,candidate,IMd,inductive_miner_imd,f68041a3f2d86846,988,0.3470149253731343,1.0,0.0,0.3470149253731343,0.0,0.6529850746268657,0.0,0.3470149253731343,1.0,143,1,196,5,0.341467030233301
C2_cash_reg_cash_features_cash_full_clean_apdtm5_default,bpic15_4,fit+pre,candidate,IMd,inductive_miner_imd,f68041a3f2d86846,988,0.5031838597361757,0.8685599938464359,0.0,0.5031838597361757,0.0,0.36537613411026015,0.0,0.5793311496052398,1.0,84,1,196,5,0.5024413578413801
C2_cash_reg_cash_features_cash_full_clean_apdtm5_default,bpic15_4,fit+gen,candidate,IMd,inductive_miner_imd,f68041a3f2d86846,988,0.8242151912561443,0.8717994934557993,0.0,0.8242151912561443,0.0,0.04758430219965504,0.0,0.9454182956553099,1.0,5,1,196,5,0.812675092207583
C2_cash_reg_cash_features_cash_full_clean_apdtm5_default,bpic15_4,fit+sim,candidate,IMd,inductive_miner_imd,f68041a3f2d86846,988,0.6735074626865671,0.8675538703293734,0.0,0.6735074626865671,0.0,0.19404640764280623,0.0,0.7763292698248986,1.0,95,1,196,5,0.6707335151166505
C2_cash_reg_cash_features_cash_full_clean_apdtm5_default,bpic15_4,pre+gen,candidate,IMd,inductive_miner_imd,f68041a3f2d86846,988,0.32739905099232,0.8247132962569865,0.0,0.32739905099232,0.0,0.49731424526466655,0.0,0.39698529474211375,1.0,138,1,196,5,0.3151164500489632
C2_cash_reg_cash_features_cash_full_clean_apdtm5_default,bpic15_4,pre+sim,candidate,IMd,inductive_miner_imd,f68041a3f2d86846,988,0.17669132242274282,0.7904575186873295,0.0,0.17669132242274282,0.0,0.6137661962645866,0.0,0.22353044691910154,1.0,146,1,196,5,0.17317487295803063
C2_cash_reg_cash_features_cash_full_clean_apdtm5_default,bpic15_4,gen+sim,candidate,IMd,inductive_miner_imd,f68041a3f2d86846,988,0.4977226539427114,0.8981830671938409,0.0,0.4977226539427114,0.0,0.40046041325112947,0.0,0.5541438846066508,1.0,135,1,196,5,0.4834086073242335
C2_cash_reg_cash_features_cash_full_clean_apdtm5_default,bpic15_4,mix-fit,candidate,IMd,inductive_miner_imd,f68041a3f2d86846,988,0.5361563391675611,0.7881543306724185,0.0,0.5361563391675611,0.0,0.25199799150485735,0.0,0.6802682143611851,1.0,112,1,196,5,0.5322932391930049
C2_cash_reg_cash_features_cash_full_clean_apdtm5_default,bpic15_4,mix-prec,candidate,IMd,inductive_miner_imd,f68041a3f2d86846,988,0.4317776950799404,0.8064338134647024,0.0,0.4317776950799404,0.0,0.37465611838476204,0.0,0.5354161592318193,1.0,128,1,196,5,0.42370484462098396
C2_cash_reg_cash_features_cash_full_clean_apdtm5_default,bpic15_4,mix-simp,candidate,IMd,inductive_miner_imd,f68041a3f2d86846,988,0.5691288185989466,0.7784157949851235,0.0,0.5691288185989466,0.0,0.20928697638617688,0.0,0.7311372948307445,1.0,129,1,196,5,0.5621451205446297
C2_cash_reg_cash_features_cash_full_clean_apdtm5_default,bpic15_4,mix-gen,candidate,IMd,inductive_miner_imd,f68041a3f2d86846,988,0.46475017451132605,0.7260281502906851,0.0,0.46475017451132605,0.0,0.2612779757793591,0.0,0.6401269349201552,1.0,141,1,196,5,0.4535567259726088
C2_cash_reg_cash_features_cash_full_clean_apdtm5_default,bpic15_5,equal,candidate,IMd,inductive_miner_imd,a0710095115a2fbb,988,0.49803037626811336,0.7432661612580866,0.0,0.49803037626811336,0.0,0.24523578498997328,0.0,0.6700565722313042,1.0,128,1,196,5,0.5017009619680968
C2_cash_reg_cash_features_cash_full_clean_apdtm5_default,bpic15_5,fitn,candidate,IMd,inductive_miner_imd,a0710095115a2fbb,988,1.0,1.0,0.0,1.0,0.0,0.0,0.0,1.0,1.0,1,1,196,5,0.9999997074505041
C2_cash_reg_cash_features_cash_full_clean_apdtm5_default,bpic15_5,prec,candidate,HM,heuristics_miner,5fe2fca8d068cc08,988,0.0,0.9914236706689536,0.0,0.0050756012401533,0.0,0.9914236706689536,0.0050756012401533,0.0,0.0,147,2,196,5,0.021878899523341183
C2_cash_reg_cash_features_cash_full_clean_apdtm5_default,bpic15_5,gene,candidate,IMd,inductive_miner_imd,a0710095115a2fbb,988,0.6480339787897107,0.8420322364834529,0.0,0.6480339787897107,0.0,0.19399825769374224,0.0,0.7696070895053498,1.0,117,1,196,5,0.6640598284187155
C2_cash_reg_cash_features_cash_full_clean_apdtm5_default,bpic15_5,simp,candidate,IMd,inductive_miner_imd,a0710095115a2fbb,988,0.3390119250425894,1.0,0.0,0.3390119250425894,0.0,0.6609880749574106,0.0,0.3390119250425894,1.0,135,1,196,5,0.3363144257167416
C2_cash_reg_cash_features_cash_full_clean_apdtm5_default,bpic15_5,fit+pre,candidate,IMd,inductive_miner_imd,a0710095115a2fbb,988,0.5025378006200767,0.8302814710249038,0.0,0.5025378006200767,0.0,0.3277436704048271,0.0,0.6052619721836516,1.0,69,1,196,5,0.5032147968684649
C2_cash_reg_cash_features_cash_full_clean_apdtm5_default,bpic15_5,fit+gen,candidate,IMd,inductive_miner_imd,a0710095115a2fbb,988,0.8240169893948553,0.8491470544465778,0.0,0.8240169893948553,0.0,0.02513006505172244,0.0,0.9704055205513247,1.0,2,1,196,5,0.8320297679346098
C2_cash_reg_cash_features_cash_full_clean_apdtm5_default,bpic15_5,fit+sim,candidate,IMd,inductive_miner_imd,a0710095115a2fbb,988,0.6695059625212947,0.8492461162887588,0.0,0.6695059625212947,0.0,0.1797401537674641,0.0,0.7883532814339662,1.0,85,1,196,5,0.6681570665836228
C2_cash_reg_cash_features_cash_full_clean_apdtm5_default,bpic15_5,pre+gen,candidate,IMd,inductive_miner_imd,a0710095115a2fbb,988,0.326554790014932,0.8116192280976056,0.0,0.326554790014932,0.0,0.4850644380826736,0.0,0.4023497456810627,1.0,132,1,196,5,0.3352448573525706
C2_cash_reg_cash_features_cash_full_clean_apdtm5_default,bpic15_5,pre+sim,candidate,IMd,inductive_miner_imd,a0710095115a2fbb,988,0.17204376314137138,0.7827816467542539,0.0,0.17204376314137138,0.0,0.6107378836128825,0.0,0.21978512635642147,1.0,141,1,196,5,0.17137215600158365
C2_cash_reg_cash_features_cash_full_clean_apdtm5_default,bpic15_5,gen+sim,candidate,IMd,inductive_miner_imd,a0710095115a2fbb,988,0.49352295191615003,0.9210161182417265,0.0,0.49352295191615003,0.0,0.42749316632557643,0.0,0.535846161800419,1.0,133,1,196,5,0.5001871270677285
C2_cash_reg_cash_features_cash_full_clean_apdtm5_default,bpic15_5,mix-fit,candidate,IMd,inductive_miner_imd,a0710095115a2fbb,988,0.534128463259535,0.7619159908588385,0.0,0.534128463259535,0.0,0.22778752759930354,0.0,0.7010332761981549,1.0,95,1,196,5,0.5355977168513493
C2_cash_reg_cash_features_cash_full_clean_apdtm5_default,bpic15_5,mix-prec,candidate,IMd,inductive_miner_imd,a0710095115a2fbb,988,0.43034162663723335,0.7845385057794597,0.0,0.43034162663723335,0.0,0.35419687914222636,0.0,0.5485283685466497,1.0,123,1,196,5,0.4354212871019598
C2_cash_reg_cash_features_cash_full_clean_apdtm5_default,bpic15_5,mix-simp,candidate,IMd,inductive_miner_imd,a0710095115a2fbb,988,0.5657191258989932,0.7677189214161869,0.0,0.5657191258989932,0.0,0.20199979551719371,0.0,0.736883135373854,1.0,123,1,196,5,0.5679806368342335
C2_cash_reg_cash_features_cash_full_clean_apdtm5_default,bpic15_5,mix-gen,candidate,IMd,inductive_miner_imd,a0710095115a2fbb,988,0.4619322892766918,0.7246163316573346,0.0,0.4619322892766918,0.0,0.26268404238064286,0.0,0.6374853409944063,1.0,136,1,196,5,0.46780420708484427
C2_cash_reg_cash_features_cash_full_clean_apdtm5_default,hospital_billing,equal,candidate,IM,inductive_miner_im,d281a0841299287f,988,0.7728985458636999,0.8734035144022313,0.0,0.7728985458636999,0.7080210029131718,0.10050496853853141,0.0,0.8849272222045977,1.0,93,1,196,5,0.7598629097301712
C2_cash_reg_cash_features_cash_full_clean_apdtm5_default,hospital_billing,fitn,candidate,IM,inductive_miner_im,d281a0841299287f,988,1.0,1.0,0.0,1.0,0.6797553093982478,0.0,0.0,1.0,1.0,1,1,196,5,0.9846179646921627
C2_cash_reg_cash_features_cash_full_clean_apdtm5_default,hospital_billing,prec,candidate,HM,heuristics_miner,f0ba1c246feb1617,988,0.9123900422661322,1.0,0.0,0.9123900422661322,0.3867395245470101,0.08760995773386782,0.0,0.9123900422661322,1.0,79,1,196,5,0.8125048711536473
C2_cash_reg_cash_features_cash_full_clean_apdtm5_default,hospital_billing,gene,candidate,IMd,inductive_miner_imd,8ee363d72269d593,988,0.9406716490462892,0.974570314262808,0.0,0.9406716490462892,0.7467548005194038,0.03389866521651885,0.0,0.9652168091717828,1.0,8,1,196,5,0.903481474079983
C2_cash_reg_cash_features_cash_full_clean_apdtm5_default,hospital_billing,simp,candidate,AM,alpha_miner_classic,dd1a8da3834bc19e,988,1.0,1.0,0.0,1.0,0.4729241877256318,0.0,0.0,1.0,1.0,1,1,196,5,0.6210192473940519
C2_cash_reg_cash_features_cash_full_clean_apdtm5_default,hospital_billing,fit+pre,candidate,HM,heuristics_miner,f0ba1c246feb1617,988,0.9148592576033847,0.9891405829759681,0.0,0.9148592576033847,0.5332474169726289,0.07428132537258336,0.0,0.9249031667984974,1.0,84,1,196,5,0.84875467041355
C2_cash_reg_cash_features_cash_full_clean_apdtm5_default,hospital_billing,fit+gen,candidate,IM,inductive_miner_im,d281a0841299287f,988,0.9674639487291109,0.9872657861978589,0.0,0.9703358245231446,0.7961812639516811,0.019801837468747974,0.002871875794033696,0.9799427492114272,0.9835096147662741,10,2,196,5,0.9419243797075973
C2_cash_reg_cash_features_cash_full_clean_apdtm5_default,hospital_billing,fit+sim,candidate,IM,inductive_miner_im,d281a0841299287f,988,0.8130841121495327,0.8398776546991239,0.0,0.8398776546991239,0.6951263303331345,0.02679354254959121,0.02679354254959121,0.9680982790771,0.8148994997666039,12,2,196,5,0.7897952742108789
C2_cash_reg_cash_features_cash_full_clean_apdtm5_default,hospital_billing,pre+gen,candidate,HM,heuristics_miner,f0ba1c246feb1617,988,0.829572421392768,0.9583893297505974,0.0,0.829572421392768,0.6496733715260623,0.12881690835782944,0.0,0.8655902102005334,1.0,100,1,196,5,0.7880024447004526
C2_cash_reg_cash_features_cash_full_clean_apdtm5_default,hospital_billing,pre+sim,candidate,HM,heuristics_miner,f0ba1c246feb1617,988,0.692657114995882,0.8030539885899708,0.0,0.6933697622735051,0.4457061813031991,0.11039687359408878,0.0007126472776231019,0.8625287027240506,0.9971225188829498,96,2,196,5,0.6643871988424153
C2_cash_reg_cash_features_cash_full_clean_apdtm5_default,hospital_billing,gen+sim,candidate,AM,alpha_miner_classic,dd1a8da3834bc19e,988,0.9563036092525572,0.9594156800838197,0.0,0.9563036092525572,0.6098394941225178,0.0031120708312625256,0.0,0.9967562852099826,1.0,2,1,196,5,0.7542428657347945
C2_cash_reg_cash_features_cash_full_clean_apdtm5_default,hospital_billing,mix-fit,candidate,HM,heuristics_miner,f0ba1c246feb1617,988,0.8099087194531612,0.8999403930024692,0.0,0.8099087194531612,0.6791847029739135,0.09003167354930797,0.0,0.899958181398064,1.0,92,1,196,5,0.7773571563464376
C2_cash_reg_cash_features_cash_full_clean_apdtm5_default,hospital_billing,mix-prec,candidate,HM,heuristics_miner,f0ba1c246feb1617,988,0.8197405704229646,0.9266041872906543,0.0,0.8197405704229646,0.6644290372499877,0.10686361686768975,0.0,0.8846717742770472,1.0,93,1,196,5,0.782679800523445
C2_cash_reg_cash_features_cash_full_clean_apdtm5_default,hospital_billing,mix-simp,candidate,IM,inductive_miner_im,d281a0841299287f,988,0.7905026753810218,0.8448731726232275,0.0,0.8251219889751983,0.704958181302938,0.05437049724220566,0.03461931359417647,0.9356465573721652,0.7118989963384099,37,2,196,5,0.7692836114216828
C2_cash_reg_cash_features_cash_full_clean_apdtm5_default,hospital_billing,mix-gen,candidate,IM,inductive_miner_im,d281a0841299287f,988,0.7679212386125109,0.8574303226558113,0.0,0.8103663232512726,0.7045511321397954,0.08950908404330038,0.04244508463876162,0.8956077459844735,0.5988753203304678,76,2,196,5,0.7487719486324866
C2_cash_reg_cash_features_cash_full_clean_apdtm5_default,road_traffic_fines,equal,candidate,HM,heuristics_miner,9fd05dcc49e5b232,988,0.8472976270289231,0.9091484776358276,0.0,0.8472976270289231,0.7357034000201228,0.06185085060690454,0.0,0.9319683724623914,1.0,74,1,196,5,0.8295907547703703
C2_cash_reg_cash_features_cash_full_clean_apdtm5_default,road_traffic_fines,fitn,candidate,IMd,inductive_miner_imd,5ce7ac8564c4b5b7,988,1.0,1.0,0.0,1.0,0.637766272135165,0.0,0.0,1.0,1.0,1,1,196,5,0.9879795022025988
C2_cash_reg_cash_features_cash_full_clean_apdtm5_default,road_traffic_fines,prec,candidate,HM,heuristics_miner,9fd05dcc49e5b232,988,0.9913926579538832,1.0,0.0,0.9913926579538832,0.5080563293025482,0.008607342046116795,0.0,0.9913926579538832,1.0,106,1,196,5,0.8711499129547866
C2_cash_reg_cash_features_cash_full_clean_apdtm5_default,road_traffic_fines,gene,candidate,AM,alpha_miner_classic,e3a8e709ceed9a3b,988,0.9855500389488964,0.9916370973254746,0.0,0.988255529682136,0.9232130142183954,0.006087058376578192,0.0027054907332396683,0.9938616068388371,0.9584042727445266,19,2,196,5,0.9758313215422958
C2_cash_reg_cash_features_cash_full_clean_apdtm5_default,road_traffic_fines,simp,candidate,AM,alpha_miner_classic,e3a8e709ceed9a3b,988,0.6571428571428571,0.8,0.0,0.6571428571428571,0.5135135135135136,0.1428571428571429,0.0,0.8214285714285714,1.0,45,1,196,5,0.7242907592957306
C2_cash_reg_cash_features_cash_full_clean_apdtm5_default,road_traffic_fines,fit+pre,candidate,HM,heuristics_miner,9fd05dcc49e5b232,988,0.9598795032511696,0.9901742494392978,0.0,0.9598795032511696,0.6500603519943688,0.03029474618812822,0.0,0.9694046313512161,1.0,44,1,196,5,0.9006650397662672
C2_cash_reg_cash_features_cash_full_clean_apdtm5_default,road_traffic_fines,fit+gen,candidate,IMd,inductive_miner_imd,5ce7ac8564c4b5b7,988,0.994127764841068,0.9953412031561973,0.0,0.994127764841068,0.8116581555420307,0.0012134383151293227,0.0,0.9987808820620693,1.0,2,1,196,5,0.9785188892009865
C2_cash_reg_cash_features_cash_full_clean_apdtm5_default,road_traffic_fines,fit+sim,candidate,IM,inductive_miner_im,bc38a80ef2ff6b06,988,0.8118811881188119,0.869886942078606,0.0,0.8118811881188119,0.6474545646390111,0.058005753959794015,0.0,0.9333180541586376,1.0,17,1,196,5,0.7961289458311327
C2_cash_reg_cash_features_cash_full_clean_apdtm5_default,road_traffic_fines,pre+gen,candidate,HM,heuristics_miner,9fd05dcc49e5b232,988,0.9573028360861393,0.9899221054016767,0.0,0.9573028360861393,0.7481559294923421,0.03261926931553738,0.0,0.9670486504568947,1.0,41,1,196,5,0.9088134587658527
C2_cash_reg_cash_features_cash_full_clean_apdtm5_default,road_traffic_fines,pre+sim,candidate,HM,heuristics_miner,9fd05dcc49e5b232,988,0.7688055726744205,0.8710629687671056,0.0,0.7688055726744205,0.5107849214080309,0.10225739609268514,0.0,0.8826061952358975,1.0,108,1,196,5,0.7208529239634072
C2_cash_reg_cash_features_cash_full_clean_apdtm5_default,road_traffic_fines,gen+sim,candidate,AM,alpha_miner_classic,e3a8e709ceed9a3b,988,0.8213464480458768,0.8875669341178665,0.0,0.8213464480458768,0.7347157508066766,0.06622048607198971,0.0,0.9253909947222123,1.0,13,1,196,5,0.8500610404190132
C2_cash_reg_cash_features_cash_full_clean_apdtm5_default,road_traffic_fines,mix-fit,candidate,HM,heuristics_miner,9fd05dcc49e5b232,988,0.8703293357063786,0.917489504487446,0.0,0.8703293357063786,0.683796413733599,0.047160168781067435,0.0,0.9485986830907528,1.0,73,1,196,5,0.8421759279696326
C2_cash_reg_cash_features_cash_full_clean_apdtm5_default,road_traffic_fines,mix-prec,candidate,HM,heuristics_miner,9fd05dcc49e5b232,988,0.9138160858962587,0.9485628625742423,0.0,0.9138160858962587,0.7510505419770113,0.03474677667798354,0.0,0.9633690311428739,1.0,65,1,196,5,0.8754946933677424
C2_cash_reg_cash_features_cash_full_clean_apdtm5_default,road_traffic_fines,mix-simp,candidate,IM,inductive_miner_im,bc38a80ef2ff6b06,988,0.8027820914375106,0.8891275547093468,0.0,0.8027820914375106,0.717532475472829,0.08634546327183623,0.0,0.9028874284521952,1.0,73,1,196,5,0.7937821811986339
C2_cash_reg_cash_features_cash_full_clean_apdtm5_default,road_traffic_fines,mix-gen,candidate,HM,heuristics_miner,9fd05dcc49e5b232,988,0.8242659183514679,0.9083681673400874,0.0,0.8242659183514679,0.750967531787418,0.08410224898861951,0.0,0.9074139187033707,1.0,88,1,196,5,0.8170055815711079
C2_cash_reg_cash_features_cash_full_clean_apdtm5_default,sepsis,equal,candidate,HM,heuristics_miner,6e00f695b9765352,993,0.7189961247213809,0.835724100545018,0.0,0.7189961247213809,0.5249929107876445,0.11672797582363714,0.0,0.8603271393663137,1.0,112,1,196,5,0.7445802688243759
C2_cash_reg_cash_features_cash_full_clean_apdtm5_default,sepsis,fitn,candidate,IM,inductive_miner_im,9b19fee2e6fe09c3,993,1.0,1.0,0.0,1.0,0.2658896119719338,0.0,0.0,1.0,1.0,1,1,196,5,0.997944459262922
C2_cash_reg_cash_features_cash_full_clean_apdtm5_default,sepsis,prec,candidate,HM,heuristics_miner,6e00f695b9765352,993,0.7033112582781457,1.0,0.0,0.7033112582781457,0.179251018798475,0.29668874172185433,0.0,0.7033112582781457,1.0,114,1,196,5,0.7265167752471906
C2_cash_reg_cash_features_cash_full_clean_apdtm5_default,sepsis,gene,candidate,AM,alpha_miner_classic,3cde4651154418a0,993,0.9131789227698268,0.9290801678868448,0.0,0.9266596408851776,0.841792203394476,0.01590124511701796,0.013480718115350787,0.9828849590523661,0.84115558906998,15,2,196,5,0.950220616286494
C2_cash_reg_cash_features_cash_full_clean_apdtm5_default,sepsis,simp,candidate,AM,alpha_miner_classic,3cde4651154418a0,993,0.4782608695652174,0.7567567567567567,0.0,0.6223776223776223,0.4331983805668016,0.2784958871915393,0.14411675281240488,0.6319875776397517,0.23819996616477782,138,3,196,5,0.7652433359270848
C2_cash_reg_cash_features_cash_full_clean_apdtm5_default,sepsis,fit+pre,candidate,HM,heuristics_miner,6e00f695b9765352,993,0.8004969574621229,0.9487189551442285,0.0,0.8004969574621229,0.354265925407767,0.14822199768210564,0.0,0.8437661681803624,1.0,96,1,196,5,0.8154544715853316
C2_cash_reg_cash_features_cash_full_clean_apdtm5_default,sepsis,fit+gen,candidate,IMd,inductive_miner_imd,cf73e2e20e689341,993,0.9633298204425889,0.9633298204425889,0.0,0.9633298204425889,0.5895342673708803,0.0,0.0,1.0,1.0,1,1,196,5,0.9660979580322646
C2_cash_reg_cash_features_cash_full_clean_apdtm5_default,sepsis,fit+sim,candidate,IM,inductive_miner_im,9b19fee2e6fe09c3,993,0.8111888111888111,0.8140244733789898,0.0,0.8111888111888111,0.37207524076857557,0.0028356621901786117,0.0,0.9965164902494787,1.0,5,1,196,5,0.8082195457646842
C2_cash_reg_cash_features_cash_full_clean_apdtm5_default,sepsis,pre+gen,candidate,HM,heuristics_miner,6e00f695b9765352,993,0.7725517308363108,0.9381130457761724,0.0,0.7725517308363108,0.5529553298418263,0.1655613149398616,0.0,0.8235166692486617,1.0,107,1,196,5,0.7818819446408373
C2_cash_reg_cash_features_cash_full_clean_apdtm5_default,sepsis,pre+sim,candidate,HM,heuristics_miner,6e00f695b9765352,993,0.5682548194224737,0.8491941359263719,0.0,0.5682548194224737,0.3168982366719647,0.28093931650389825,0.0,0.6691695048065468,1.0,136,1,196,5,0.6183408966697738
C2_cash_reg_cash_features_cash_full_clean_apdtm5_default,sepsis,gen+sim,candidate,AM,alpha_miner_classic,3cde4651154418a0,993,0.6957198961675222,0.8216829410862796,0.0,0.7624155479965967,0.6374952919806388,0.12596304491875743,0.06669565182907455,0.8467011561025813,0.4660941791493404,76,3,196,5,0.8577319761067894
C2_cash_reg_cash_features_cash_full_clean_apdtm5_default,sepsis,mix-fit,candidate,HM,heuristics_miner,6e00f695b9765352,993,0.7408853365946917,0.8604442533384715,0.0,0.7408853365946917,0.4261185826318798,0.11955891674377983,0.0,0.8610497818075971,1.0,97,1,196,5,0.765469614765466
C2_cash_reg_cash_features_cash_full_clean_apdtm5_default,sepsis,mix-prec,candidate,HM,heuristics_miner,6e00f695b9765352,993,0.7567185337155011,0.8992786495573217,0.0,0.7567185337155011,0.5520145817192966,0.1425601158418206,0.0,0.8414728116674435,1.0,107,1,196,5,0.7736757797031514
C2_cash_reg_cash_features_cash_full_clean_apdtm5_default,sepsis,mix-simp,candidate,IM,inductive_miner_im,9b19fee2e6fe09c3,993,0.7552038190935039,0.7905131280697297,0.0,0.7552038190935039,0.4979712398559925,0.03530930897622586,0.0,0.9553336842584209,1.0,39,1,196,5,0.7620178478574327
C2_cash_reg_cash_features_cash_full_clean_apdtm5_default,sepsis,mix-gen,candidate,AM,alpha_miner_classic,3cde4651154418a0,993,0.6238672389434095,0.8286673700233692,0.0,0.6992188269981966,0.6238672389434095,0.20480013107995976,0.07535158805478714,0.7528560451533355,0.0,171,5,196,5,0.7516166387492367
C3_cash_reg_cash_features_cash_full_clean_apdtm5_hparams,bpi2012,equal,candidate,HM,heuristics_miner,e26e5e46f99ccbb3,17145,0.7343923687218626,0.8454937775108162,0.0,0.8454937775108162,0.6344315801454322,0.11110140878895358,0.11110140878895358,0.8685958291543638,0.47360820565788747,114,44,196,87,0.8119396188186243
C3_cash_reg_cash_features_cash_full_clean_apdtm5_hparams,bpi2012,fitn,candidate,IMf,inductive_miner_imf,7e2c5e206ff9ce37,17145,0.9997867134317217,1.0,0.0,1.0,0.631230892297019,0.00021328656827834802,0.00021328656827834802,0.9997867134317217,0.9994216257169509,5,5,196,87,0.9995641511163719
C3_cash_reg_cash_features_cash_full_clean_apdtm5_hparams,bpi2012,prec,candidate,HM,heuristics_miner,a980bfe3ebdce767,17145,0.3828605521505668,1.0,0.0,1.0,0.1394427299083702,0.6171394478494332,0.6171394478494332,0.3828605521505668,0.2828606888839347,154,67,196,87,0.8258678345390374
C3_cash_reg_cash_features_cash_full_clean_apdtm5_hparams,bpi2012,gene,candidate,IMf,inductive_miner_imf,7e2c5e206ff9ce37,17145,0.9765772006529632,0.9846855427449372,0.0,0.9846855427449372,0.7903916159300588,0.008108342091974086,0.008108342091974086,0.9917655518030953,0.9582676503332004,22,10,196,87,0.964446193496174
C3_cash_reg_cash_features_cash_full_clean_apdtm5_hparams,bpi2012,simp,candidate,HM,heuristics_miner,97d5c9b164ae888c,17145,0.6197183098591549,0.853658536585366,0.0,0.853658536585366,0.4444444444444444,0.23394022672621106,0.23394022672621106,0.7259557344064385,0.4283182538942261,37,25,196,87,0.679331375825716
C3_cash_reg_cash_features_cash_full_clean_apdtm5_hparams,bpi2012,fit+pre,candidate,HM,heuristics_miner,ec7bee5b1bfcdb5d,17145,0.8921120949825567,0.9301612956045748,0.0,0.9301612956045748,0.38824671604357214,0.03804920062201811,0.03804920062201811,0.9590939756343148,0.9297874571803526,8,8,196,87,0.8581225485600215
C3_cash_reg_cash_features_cash_full_clean_apdtm5_hparams,bpi2012,fit+gen,candidate,IMf,inductive_miner_imf,7e2c5e206ff9ce37,17145,0.9881819570423425,0.9923427713724686,0.0,0.9923427713724686,0.7840331977464351,0.004160814330126161,0.004160814330126161,0.9958070795191348,0.9800258132274043,5,5,196,87,0.9820051723062729
C3_cash_reg_cash_features_cash_full_clean_apdtm5_hparams,bpi2012,fit+sim,candidate,IMf,inductive_miner_imf,da01a502b50ae65f,17145,0.7534151481583533,0.8121921418178204,0.0,0.8121921418178204,0.5834069149930922,0.05877699365946709,0.05877699365946709,0.9276316641922754,0.7430909570726085,45,40,196,87,0.8122709748134472
C3_cash_reg_cash_features_cash_full_clean_apdtm5_hparams,bpi2012,pre+gen,candidate,HM,heuristics_miner,d2b4450b0869c10c,17145,0.9500035575937522,0.9634656515705695,0.0,0.9634656515705695,0.5478586290034753,0.013462093976817302,0.013462093976817302,0.9860274271792955,0.9676085983974344,11,3,196,87,0.8658396529830799
C3_cash_reg_cash_features_cash_full_clean_apdtm5_hparams,bpi2012,pre+sim,candidate,HM,heuristics_miner,d99ed3042679ac1a,17145,0.5630053685489242,0.8077460186427269,0.0,0.786257565667103,0.29194358717640734,0.24474065009380264,0.22325219711817879,0.6970079153035682,0.5483595309203237,130,51,196,87,0.7252046383826176
C3_cash_reg_cash_features_cash_full_clean_apdtm5_hparams,bpi2012,gen+sim,candidate,AM,alpha_miner_classic,f5dfdeada5f4e603,17145,0.9184776167632608,0.9184776167632608,0.0,0.9184776167632608,0.6817345950959122,0.0,0.0,1.0,1.0,1,1,196,87,0.8059324105006809
C3_cash_reg_cash_features_cash_full_clean_apdtm5_hparams,bpi2012,mix-fit,candidate,HM,heuristics_miner,ec7bee5b1bfcdb5d,17145,0.8376844109644911,0.8579335371394458,0.0,0.8579335371394458,0.565132495867034,0.020249126174954668,0.020249126174954668,0.9763977915556605,0.9308433942483298,7,7,196,87,0.8216797014096549
C3_cash_reg_cash_features_cash_full_clean_apdtm5_hparams,bpi2012,mix-prec,candidate,HM,heuristics_miner,16f0cc77977c4d21,17145,0.6699413127009065,0.9094815824532984,0.0,0.9094815824532984,0.564706057116337,0.23954026975239184,0.23954026975239184,0.7366188888550779,0.3052283235061982,149,66,196,87,0.8382258423570529
C3_cash_reg_cash_features_cash_full_clean_apdtm5_hparams,bpi2012,mix-simp,candidate,HM,heuristics_miner,e26e5e46f99ccbb3,17145,0.7469688952085023,0.8154342316428806,0.0,0.7908151071731038,0.6531919454159001,0.06846533643437835,0.04384621196460148,0.9160381870449085,0.6814038319948247,57,46,196,87,0.7966806936132658
C3_cash_reg_cash_features_cash_full_clean_apdtm5_hparams,bpi2012,mix-gen,candidate,HM,heuristics_miner,16f0cc77977c4d21,17145,0.7165652815667025,0.858090575541927,0.0,0.8354900416856049,0.6550960964129823,0.1415252939752245,0.1189247601189024,0.8350695159589135,0.34074971341651267,144,67,196,87,0.8075135096073964
C3_cash_reg_cash_features_cash_full_clean_apdtm5_hparams,bpi2013_closed_problems,equal,candidate,HM,heuristics_miner,54f7f648ad3351ff,17232,0.8816242514064788,0.9163782860150957,0.0,0.9163782860150957,0.771082125833427,0.034754034608616924,0.034754034608616924,0.9620745764724019,0.7608055535317467,17,13,196,87,0.9063326456562186
C3_cash_reg_cash_features_cash_full_clean_apdtm5_hparams,bpi2013_closed_problems,fitn,candidate,IMf,inductive_miner_imf,685e2f2ecd62d260,17232,0.9996714609038476,1.0,0.0,1.0,0.6403632397723371,0.0003285390961523804,0.0003285390961523804,0.9996714609038476,0.9990864696480293,7,6,196,87,0.999411756694458
C3_cash_reg_cash_features_cash_full_clean_apdtm5_hparams,bpi2013_closed_problems,prec,candidate,HM,heuristics_miner,41278f47d85c2522,17232,0.9979896307269072,1.0,0.0,1.0,0.7923798798798799,0.002010369273092838,0.002010369273092838,0.9979896307269072,0.9903170787497391,85,5,196,87,0.988150025238817
C3_cash_reg_cash_features_cash_full_clean_apdtm5_hparams,bpi2013_closed_problems,gene,candidate,IMf,inductive_miner_imf,9697befff4e40604,17232,0.9559026622070114,0.9751741745874558,0.0,0.9559026622070114,0.6806984046483963,0.019271512380444444,0.0,0.9802378765940996,1.0,4,1,196,87,0.9787876385673694
C3_cash_reg_cash_features_cash_full_clean_apdtm5_hparams,bpi2013_closed_problems,simp,candidate,AM,alpha_miner_classic,7c5f11f12d85d342,17232,1.0,1.0,0.0,1.0,0.6190476190476191,0.0,0.0,1.0,1.0,1,1,196,87,0.8191362598160811
C3_cash_reg_cash_features_cash_full_clean_apdtm5_hparams,bpi2013_closed_problems,fit+pre,candidate,HM,heuristics_miner,7456961d7d532990,17232,0.9796068842938441,0.9833244744389686,0.0,0.9833244744389686,0.8201816198861686,0.0037175901451245164,0.0037175901451245164,0.9962193657925116,0.9772126695017381,6,6,196,87,0.9793258981740067
C3_cash_reg_cash_features_cash_full_clean_apdtm5_hparams,bpi2013_closed_problems,fit+gen,candidate,IMf,inductive_miner_imf,a578d2e6f397c58e,17232,0.9768396200213343,0.9768396200213343,0.0,0.9768396200213343,0.7633553486363038,0.0,0.0,1.0,1.0,1,1,196,87,0.9886681993053538
C3_cash_reg_cash_features_cash_full_clean_apdtm5_hparams,bpi2013_closed_problems,fit+sim,candidate,IMf,inductive_miner_imf,9697befff4e40604,17232,0.8812412300942993,0.8813768133238105,0.0,0.8812412300942993,0.7370936537280899,0.000135583229511127,0.0,0.9998461688264753,1.0,2,1,196,87,0.8583802499053523
C3_cash_reg_cash_features_cash_full_clean_apdtm5_hparams,bpi2013_closed_problems,pre+gen,candidate,HM,heuristics_miner,8fdca8382b8de01b,17232,0.9111415126362623,0.9873630729568104,0.0,0.961577713413309,0.7720311753332957,0.07622156032054805,0.05043620077704669,0.9228029056299514,0.7339112532049725,43,15,196,87,0.9783814997115485
C3_cash_reg_cash_features_cash_full_clean_apdtm5_hparams,bpi2013_closed_problems,pre+sim,candidate,HM,heuristics_miner,41278f47d85c2522,17232,0.8739948153634536,1.0,0.0,1.0,0.7267954731728345,0.12600518463654642,0.12600518463654642,0.8739948153634536,0.5387880790267441,94,9,196,87,0.8355233062717473
C3_cash_reg_cash_features_cash_full_clean_apdtm5_hparams,bpi2013_closed_problems,gen+sim,candidate,AM,alpha_miner_classic,7c5f11f12d85d342,17232,0.9511618447181912,0.9875870872937279,0.0,0.9511618447181912,0.6585310205060162,0.0364252425755367,0.0,0.9631169311099922,1.0,4,1,196,87,0.8918504311473028
C3_cash_reg_cash_features_cash_full_clean_apdtm5_hparams,bpi2013_closed_problems,mix-fit,candidate,HM,heuristics_miner,7456961d7d532990,17232,0.9149138523154684,0.9341168759050021,0.0,0.9341168759050021,0.7931701880506052,0.01920302358953374,0.01920302358953374,0.9794425900175187,0.863756829749904,10,10,196,87,0.9225167099922941
C3_cash_reg_cash_features_cash_full_clean_apdtm5_hparams,bpi2013_closed_problems,mix-prec,candidate,HM,heuristics_miner,7456961d7d532990,17232,0.9130276824758651,0.9478472946591554,0.0,0.9478472946591554,0.7957193490561141,0.03481961218329033,0.03481961218329033,0.9632645338764073,0.7711162663423609,14,11,196,87,0.9466174287306064
C3_cash_reg_cash_features_cash_full_clean_apdtm5_hparams,bpi2013_closed_problems,mix-simp,candidate,IMf,inductive_miner_imf,d72e7fc019b98cfe,17232,0.8873108352472803,0.8876203584183078,0.0,0.8876203584183078,0.7430438586721694,0.0003095231710275037,0.0003095231710275037,0.9996512887879464,0.9978591045462368,4,4,196,87,0.8699033427977103
C3_cash_reg_cash_features_cash_full_clean_apdtm5_hparams,bpi2013_closed_problems,mix-gen,candidate,HM,heuristics_miner,54f7f648ad3351ff,17232,0.8483346504974895,0.9265291608189077,0.0,0.9249657997517868,0.7271251847810654,0.07819451032141822,0.07663114925429737,0.9156049117198789,0.6126621964572945,45,15,196,87,0.8901571627816163
C3_cash_reg_cash_features_cash_full_clean_apdtm5_hparams,bpi2013_incidents,equal,candidate,HM,heuristics_miner,6d674de5ca55a6de,17232,0.8741407348217747,0.9227713113840779,0.0,0.8984451814185139,0.6771578170832514,0.048630576562303185,0.02430444659673925,0.9472994273203384,0.8901679421699077,34,27,196,87,0.885609588498055
C3_cash_reg_cash_features_cash_full_clean_apdtm5_hparams,bpi2013_incidents,fitn,candidate,IMf,inductive_miner_imf,43ee14d3ba2a3840,17232,1.0,1.0,0.0,1.0,0.2261167659340351,0.0,0.0,1.0,1.0,1,1,196,87,0.9989847135091036
C3_cash_reg_cash_features_cash_full_clean_apdtm5_hparams,bpi2013_incidents,prec,candidate,HM,heuristics_miner,b1032953db7cbdc5,17232,0.9994277250387128,1.0,0.0,1.0,0.6000158860441103,0.0005722749612872002,0.0005722749612872002,0.9994277250387128,0.9985692557746173,54,3,196,87,0.9339141339382598
C3_cash_reg_cash_features_cash_full_clean_apdtm5_hparams,bpi2013_incidents,gene,candidate,IMf,inductive_miner_imf,d6726280fa5a23f8,17232,0.8702220201766876,0.9924026869731328,0.0,0.989726016820858,0.838386283818375,0.12218066679644524,0.11950399664417044,0.8768839822783017,0.21035940613024784,151,78,196,87,0.9864061371477472
C3_cash_reg_cash_features_cash_full_clean_apdtm5_hparams,bpi2013_incidents,simp,candidate,AM,alpha_miner_classic,ed85abd9c8a01ce2,17232,1.0,1.0,0.0,1.0,0.6000000000000001,0.0,0.0,1.0,1.0,1,1,196,87,0.8115128783094876
C3_cash_reg_cash_features_cash_full_clean_apdtm5_hparams,bpi2013_incidents,fit+pre,candidate,HM,heuristics_miner,81344b96357ba37f,17232,0.9554491226288636,0.9765794350540196,0.0,0.9673974304135688,0.41306632598907267,0.02113031242515595,0.011948307784705237,0.9783629352956965,0.9784455396975966,23,21,196,87,0.9458428574508645
C3_cash_reg_cash_features_cash_full_clean_apdtm5_hparams,bpi2013_incidents,fit+gen,candidate,IMf,inductive_miner_imf,a1365ed99f2e27fa,17232,0.9926884509215661,0.9948630084104291,0.0,0.9948630084104291,0.5543076911444477,0.0021745574888629715,0.0021745574888629715,0.9978142141475966,0.9950640534715187,2,2,196,87,0.990927953101451
C3_cash_reg_cash_features_cash_full_clean_apdtm5_hparams,bpi2013_incidents,fit+sim,candidate,IMf,inductive_miner_imf,84de51991fce9b01,17232,0.8645509542431231,0.8762171658937965,0.0,0.8645509542431231,0.6130583829670175,0.011666211650673386,0.0,0.9866857074880825,1.0,3,1,196,87,0.8718954539289114
C3_cash_reg_cash_features_cash_full_clean_apdtm5_hparams,bpi2013_incidents,pre+gen,candidate,HM,heuristics_miner,b1032953db7cbdc5,17232,0.9691953215682891,0.9962013434865664,0.0,0.9702210733904376,0.7412572511994853,0.02700602191827728,0.0010257518221484796,0.9728910003034528,0.9955200266472971,7,2,196,87,0.9309594023748795
C3_cash_reg_cash_features_cash_full_clean_apdtm5_hparams,bpi2013_incidents,pre+sim,candidate,HM,heuristics_miner,b1032953db7cbdc5,17232,0.8330471958526897,1.0,0.0,0.8518518518518519,0.6462487440701031,0.16695280414731029,0.018804655999162145,0.8330471958526897,0.9085390478672939,66,3,196,87,0.8298173570964553
C3_cash_reg_cash_features_cash_full_clean_apdtm5_hparams,bpi2013_incidents,gen+sim,candidate,AM,alpha_miner_classic,ed85abd9c8a01ce2,17232,0.94124930817743,0.9962013434865664,0.0,0.94124930817743,0.7616049210752689,0.05495203530913639,0.0,0.944838424813992,1.0,4,1,196,87,0.888745671030978
C3_cash_reg_cash_features_cash_full_clean_apdtm5_hparams,bpi2013_incidents,mix-fit,candidate,HM,heuristics_miner,81344b96357ba37f,17232,0.8914326267408512,0.9349837317539983,0.0,0.9064560765461309,0.5587013338223332,0.04355110501314707,0.015023449805279698,0.9534204676145042,0.9567987205936915,32,29,196,87,0.9005303035658432
C3_cash_reg_cash_features_cash_full_clean_apdtm5_hparams,bpi2013_incidents,mix-prec,candidate,HM,heuristics_miner,81344b96357ba37f,17232,0.9208653387907104,0.9521545943141786,0.0,0.9307850842466934,0.6499792925109091,0.031289255523468174,0.009919745455982953,0.9671384713046464,0.9646739997965689,23,21,196,87,0.9114975706484498
C3_cash_reg_cash_features_cash_full_clean_apdtm5_hparams,bpi2013_incidents,mix-simp,candidate,IMf,inductive_miner_imf,bb155433aaddeaf2,17232,0.8771345294828939,0.893388028453977,0.0,0.87749262026701,0.7043363416555937,0.01625349897108308,0.00035809078411608297,0.981806898622528,0.9979319792098346,6,4,196,87,0.8683445202191945
C3_cash_reg_cash_features_cash_full_clean_apdtm5_hparams,bpi2013_incidents,mix-gen,candidate,HM,heuristics_miner,6d674de5ca55a6de,17232,0.8568488429026982,0.9176337438459292,0.0,0.8904342862908972,0.7736190326066823,0.06078490094323097,0.03358544338819891,0.933759082694068,0.7124909433575345,64,28,196,87,0.8719049372787604
C3_cash_reg_cash_features_cash_full_clean_apdtm5_hparams,bpi2013_open_problems,equal,candidate,IMf,inductive_miner_imf,196324b5a1d06553,17232,0.8504110620922044,0.9162455491114012,0.0,0.9162455491114012,0.7971612190845068,0.06583448701919681,0.06583448701919681,0.928147550530483,0.4471607892967236,89,54,196,87,0.9051699679310791
C3_cash_reg_cash_features_cash_full_clean_apdtm5_hparams,bpi2013_open_problems,fitn,candidate,IMf,inductive_miner_imf,570cdef08cfa5e61,17232,1.0,1.0,0.0,1.0,0.5167192429022083,0.0,0.0,1.0,1.0,1,1,196,87,0.9999848368838674
C3_cash_reg_cash_features_cash_full_clean_apdtm5_hparams,bpi2013_open_problems,prec,candidate,HM,heuristics_miner,c1d7bad604679c58,17232,0.9980653898239504,1.0,0.0,1.0,0.9065645824471856,0.001934610176049567,0.001934610176049567,0.9980653898239504,0.979294680467864,83,2,196,87,0.9396834674604547
C3_cash_reg_cash_features_cash_full_clean_apdtm5_hparams,bpi2013_open_problems,gene,candidate,IMf,inductive_miner_imf,570cdef08cfa5e61,17232,0.9523525757945852,0.9656228232165908,0.0,0.9656228232165908,0.8401877722579618,0.013270247422005554,0.013270247422005554,0.986257317968313,0.8942062260860215,32,8,196,87,0.966581328203145
C3_cash_reg_cash_features_cash_full_clean_apdtm5_hparams,bpi2013_open_problems,simp,candidate,AM,alpha_miner_classic,65361c91085f4e7e,17232,0.7142857142857143,1.0,0.0,0.7391304347826086,0.6129032258064515,0.2857142857142857,0.024844720496894346,0.7142857142857143,0.8031746031746038,36,3,196,87,0.8413104568764375
C3_cash_reg_cash_features_cash_full_clean_apdtm5_hparams,bpi2013_open_problems,fit+pre,candidate,IMf,inductive_miner_imf,196324b5a1d06553,17232,0.8941509953496671,0.9819381210475933,0.0,0.9819381210475933,0.7583596214511041,0.08778712569792613,0.08778712569792613,0.9105981081534249,0.6073543482205895,99,81,196,87,0.9272596292239201
C3_cash_reg_cash_features_cash_full_clean_apdtm5_hparams,bpi2013_open_problems,fit+gen,candidate,IMf,inductive_miner_imf,570cdef08cfa5e61,17232,0.9761762878972926,0.9828114116082953,0.0,0.9828114116082953,0.7371795810261562,0.006635123711002722,0.006635123711002722,0.9932488332627876,0.9729875248852003,10,5,196,87,0.9832830825435062
C3_cash_reg_cash_features_cash_full_clean_apdtm5_hparams,bpi2013_open_problems,fit+sim,candidate,IMf,inductive_miner_imf,6453bbb0c9938050,17232,0.8444444444444444,0.8644377932873344,0.0,0.8644377932873344,0.6155024785939613,0.019993348842889946,0.019993348842889946,0.9768712693982778,0.91968456196134,6,6,196,87,0.9020690045225237
C3_cash_reg_cash_features_cash_full_clean_apdtm5_hparams,bpi2013_open_problems,pre+gen,candidate,HM,heuristics_miner,c1d7bad604679c58,17232,0.9237093411838005,0.9793652708841788,0.0,0.9788199595750521,0.8989242690923871,0.05565592970037825,0.05511061839125153,0.9431714281126881,0.31021788461532956,61,13,196,87,0.9483333994995987
C3_cash_reg_cash_features_cash_full_clean_apdtm5_hparams,bpi2013_open_problems,pre+sim,candidate,HM,heuristics_miner,3cc25bd0fc69cedc,17232,0.8124011353724702,0.9951923076923077,0.0,0.8571428571428572,0.7781942718968807,0.18279117231983755,0.044741721770387044,0.8163257785385207,0.43328025915870033,126,28,196,87,0.8510230354401891
C3_cash_reg_cash_features_cash_full_clean_apdtm5_hparams,bpi2013_open_problems,gen+sim,candidate,AM,alpha_miner_classic,65361c91085f4e7e,17232,0.8359628167179092,0.9788199595750521,0.0,0.8505529771752094,0.7336332230019579,0.1428571428571429,0.014590160457300216,0.8540516655185869,0.8752121866790744,36,3,196,87,0.8975918310093252
C3_cash_reg_cash_features_cash_full_clean_apdtm5_hparams,bpi2013_open_problems,mix-fit,candidate,IMf,inductive_miner_imf,196324b5a1d06553,17232,0.8537404992858345,0.9321610267210647,0.0,0.9321610267210647,0.7453088319330367,0.0784205274352302,0.0784205274352302,0.9158723383758283,0.5803071645789695,93,81,196,87,0.9129887534191239
C3_cash_reg_cash_features_cash_full_clean_apdtm5_hparams,bpi2013_open_problems,mix-prec,candidate,IMf,inductive_miner_imf,196324b5a1d06553,17232,0.8874921209624069,0.9501071658282663,0.0,0.9501071658282663,0.8590082960343257,0.06261504486585934,0.06261504486585934,0.9340968607354161,0.31266935575062227,111,75,196,87,0.9116220582478304
C3_cash_reg_cash_features_cash_full_clean_apdtm5_hparams,bpi2013_open_problems,mix-simp,candidate,IMf,inductive_miner_imf,fb80094bbb32a74c,17232,0.8133300032220019,0.8823839323945362,0.0,0.8823839323945362,0.7322580424149691,0.06905392917253428,0.06905392917253428,0.9217416289696688,0.5400265125360265,86,54,196,87,0.8988674684941178
C3_cash_reg_cash_features_cash_full_clean_apdtm5_hparams,bpi2013_open_problems,mix-gen,candidate,IMf,inductive_miner_imf,196324b5a1d06553,17232,0.8470816248985744,0.9253321454132266,0.0,0.9003300715017378,0.8082745256617534,0.0782505205146522,0.05324844660316341,0.9154352078845075,0.42156177428220853,61,17,196,87,0.8973511824430342
C3_cash_reg_cash_features_cash_full_clean_apdtm5_hparams,bpi2017,equal,candidate,HM,heuristics_miner,7aa6eb00c0305497,17232,0.8296442583129863,0.8802301190425359,0.0,0.8531066656815616,0.5001675983519174,0.050585860729549625,0.0234624073685753,0.9425310954088074,0.9335227818612059,26,20,196,87,0.7510070109165793
C3_cash_reg_cash_features_cash_full_clean_apdtm5_hparams,bpi2017,fitn,candidate,HM,heuristics_miner,6cfc725146e82955,17232,0.9299750929211812,1.0,0.0,1.0,0.495774473479623,0.07002490707881881,0.07002490707881881,0.9299750929211812,0.8611238356731847,25,22,196,87,0.9399395226874823
C3_cash_reg_cash_features_cash_full_clean_apdtm5_hparams,bpi2017,prec,candidate,HM,heuristics_miner,481897a008a41042,17232,0.7312690816073933,0.9982184707429071,0.0,0.9982184707429071,0.1259019512485154,0.2669493891355138,0.2669493891355138,0.7325741839490896,0.693976460184152,100,41,196,87,0.8036875679111507
C3_cash_reg_cash_features_cash_full_clean_apdtm5_hparams,bpi2017,gene,candidate,IMf,inductive_miner_imf,3ac23cfcda623d88,17232,0.9899337010463576,0.99095165942404,0.0,0.99095165942404,0.7802368441849864,0.0010179583776823709,0.0010179583776823709,0.9989727466844609,0.9951690232292043,3,3,196,87,0.94397509596278
C3_cash_reg_cash_features_cash_full_clean_apdtm5_hparams,bpi2017,simp,candidate,AM,alpha_miner_classic,9a9cd65c1066e3fa,17232,0.392,0.7701149425287357,0.0,0.6842105263157894,0.392,0.3781149425287357,0.29221052631578937,0.5090149253731343,0.0,165,87,196,87,0.694424001166602
C3_cash_reg_cash_features_cash_full_clean_apdtm5_hparams,bpi2017,fit+pre,candidate,HM,heuristics_miner,7aa6eb00c0305497,17232,0.9216595329814552,0.9550451175767805,0.0,0.9550451175767805,0.31083821236406917,0.03338558459532526,0.03338558459532526,0.9650429241709189,0.9481756803207478,25,25,196,87,0.8239443454312643
C3_cash_reg_cash_features_cash_full_clean_apdtm5_hparams,bpi2017,fit+gen,candidate,HM,heuristics_miner,779c11f388d4de08,17232,0.9204406743041746,0.9949668505231788,0.0,0.9949668505231788,0.7413842210795771,0.07452617621900415,0.07452617621900415,0.9250968249044514,0.7061069349169312,28,19,196,87,0.9016991468665784
C3_cash_reg_cash_features_cash_full_clean_apdtm5_hparams,bpi2017,fit+sim,candidate,HM,heuristics_miner,9398d42cb708f020,17232,0.7644317727347332,0.8402404432249244,0.0,0.825386541776858,0.4438872367398115,0.07580867049019124,0.06095476904212482,0.9097774082389677,0.8402231190533738,30,21,196,87,0.7230125866319776
C3_cash_reg_cash_features_cash_full_clean_apdtm5_hparams,bpi2017,pre+gen,candidate,HM,heuristics_miner,7aa6eb00c0305497,17232,0.9528194763154743,0.9859199935085099,0.0,0.95848390371448,0.5409867884187414,0.03310051719303564,0.005664427399005745,0.9664267715321975,0.9864324154791027,6,4,196,87,0.8245925593505343
C3_cash_reg_cash_features_cash_full_clean_apdtm5_hparams,bpi2017,pre+sim,candidate,HM,heuristics_miner,7aa6eb00c0305497,17232,0.7741648516453157,0.8723812160130642,0.0,0.7972159570193,0.25895097562425773,0.0982163643677485,0.02305110537398436,0.8874157735575571,0.9571751717634651,21,19,196,87,0.6184636037565634
C3_cash_reg_cash_features_cash_full_clean_apdtm5_hparams,bpi2017,gen+sim,candidate,AM,alpha_miner_classic,9a9cd65c1066e3fa,17232,0.6894969843397657,0.8792604640175905,0.0,0.8063040891652848,0.6625648418098955,0.1897634796778248,0.11680710482551915,0.7841783095639924,0.18736805030905435,107,81,196,87,0.8096534724430904
C3_cash_reg_cash_features_cash_full_clean_apdtm5_hparams,bpi2017,mix-fit,candidate,HM,heuristics_miner,7aa6eb00c0305497,17232,0.8418153245798764,0.8744182289149186,0.0,0.8744182289149186,0.413179771634357,0.032602904335042204,0.032602904335042204,0.9627147476379813,0.929314427666619,27,24,196,87,0.7654648350356623
C3_cash_reg_cash_features_cash_full_clean_apdtm5_hparams,bpi2017,mix-prec,candidate,HM,heuristics_miner,7aa6eb00c0305497,17232,0.8973174004476752,0.9247332260272323,0.0,0.9100097493038388,0.48481386579919006,0.02741582557955713,0.01269234885616366,0.9703527192406194,0.9701494079586382,21,19,196,87,0.7950286971930981
C3_cash_reg_cash_features_cash_full_clean_apdtm5_hparams,bpi2017,mix-simp,candidate,HM,heuristics_miner,9398d42cb708f020,17232,0.7981134375914688,0.8548318499663207,0.0,0.7981134375914688,0.5155213309046448,0.05671841237485187,0.0,0.9336496266756011,1.0,10,1,196,87,0.7233330663897071
C3_cash_reg_cash_features_cash_full_clean_apdtm5_hparams,bpi2017,mix-gen,candidate,HM,heuristics_miner,7aa6eb00c0305497,17232,0.8174731920460965,0.8969137795391169,0.0,0.8317951024482044,0.587155425069478,0.07944058749302041,0.014321910402107951,0.9114289586075472,0.9414571235722478,31,20,196,87,0.7365491867974964
C3_cash_reg_cash_features_cash_full_clean_apdtm5_hparams,bpi2020_domestic,equal,candidate,HM,heuristics_miner,2c6129ad4ba6531c,17145,0.9013014428805918,0.9013014428805918,0.0,0.9013014428805918,0.5280586222617515,0.0,0.0,1.0,1.0,1,1,196,87,0.8679724775156009
C3_cash_reg_cash_features_cash_full_clean_apdtm5_hparams,bpi2020_domestic,fitn,candidate,IM,inductive_miner_im,5113d39349ddacb6,17145,1.0,1.0,0.0,1.0,0.723032771051894,0.0,0.0,1.0,1.0,1,1,196,87,0.9999350219123694
C3_cash_reg_cash_features_cash_full_clean_apdtm5_hparams,bpi2020_domestic,prec,candidate,HM,heuristics_miner,ca5a0f829234aeee,17145,0.9441786760748668,0.986007752461474,0.0,0.9852620266906452,0.1111017056757099,0.041829076386607156,0.04108335061577839,0.9575773351860725,0.9530024989374043,64,31,196,87,0.9774768236436567
C3_cash_reg_cash_features_cash_full_clean_apdtm5_hparams,bpi2020_domestic,gene,candidate,IMf,inductive_miner_imf,49dca65ecc572022,17145,0.9066825262043146,0.9326053854610896,0.0,0.9326053854610896,0.7516056740657073,0.025922859256775066,0.025922859256775066,0.9722038284778309,0.8567795547466469,45,43,196,87,0.919230577949056
C3_cash_reg_cash_features_cash_full_clean_apdtm5_hparams,bpi2020_domestic,simp,candidate,IMf,inductive_miner_imf,167b503091320125,17145,0.6666666666666666,0.875,0.0,0.7391304347826086,0.3541666666666666,0.20833333333333337,0.07246376811594202,0.7619047619047619,0.8117647058823529,27,7,196,87,0.6938273266709369
C3_cash_reg_cash_features_cash_full_clean_apdtm5_hparams,bpi2020_domestic,fit+pre,candidate,HM,heuristics_miner,ca5a0f829234aeee,17145,0.9273068816791779,0.980580685505521,0.0,0.980580685505521,0.48650745759222797,0.05327380382634317,0.05327380382634317,0.945671167489008,0.8921742753572303,89,43,196,87,0.9793390245601962
C3_cash_reg_cash_features_cash_full_clean_apdtm5_hparams,bpi2020_domestic,fit+gen,candidate,IMf,inductive_miner_imf,49dca65ecc572022,17145,0.9529492086056026,0.9529492086056026,0.0,0.9529492086056026,0.7540428391238887,0.0,0.0,1.0,1.0,1,1,196,87,0.9588549048585959
C3_cash_reg_cash_features_cash_full_clean_apdtm5_hparams,bpi2020_domestic,fit+sim,candidate,IMf,inductive_miner_imf,e9289286e94060bd,17145,0.8273300792329799,0.892967594352212,0.0,0.8450925293030556,0.5385997188592803,0.0656375151192321,0.017762450070075708,0.9264950760426556,0.9420461118015878,16,2,196,87,0.8393862720176573
C3_cash_reg_cash_features_cash_full_clean_apdtm5_hparams,bpi2020_domestic,pre+gen,candidate,HM,heuristics_miner,5aab509544030eb7,17145,0.9335764537942013,0.957510356458128,0.0,0.957510356458128,0.461723072803957,0.0239339026639267,0.0239339026639267,0.9750040273689997,0.9517254607913231,16,16,196,87,0.9252641377356974
C3_cash_reg_cash_features_cash_full_clean_apdtm5_hparams,bpi2020_domestic,pre+sim,candidate,HM,heuristics_miner,5aab509544030eb7,17145,0.8148941082321586,0.8607303005919194,0.0,0.8607303005919194,0.3020744053996142,0.045836192359760775,0.045836192359760775,0.9467473233738379,0.9179527276911977,4,4,196,87,0.8216083719431295
C3_cash_reg_cash_features_cash_full_clean_apdtm5_hparams,bpi2020_domestic,gen+sim,candidate,IMf,inductive_miner_imf,14ebea71ffee4963,17145,0.7625101659627997,0.836843156586478,0.0,0.8358679101218491,0.569609786931275,0.07433299062367826,0.07335774415904939,0.9111745253114264,0.7244863620309394,56,47,196,87,0.7920017547205516
C3_cash_reg_cash_features_cash_full_clean_apdtm5_hparams,bpi2020_domestic,mix-fit,candidate,HM,heuristics_miner,ca5a0f829234aeee,17145,0.8636212953851464,0.9217713572150562,0.0,0.9217713572150562,0.5135463757134479,0.05815006182990978,0.05815006182990978,0.9369148744157137,0.8575538870354982,72,49,196,87,0.8961092467166096
C3_cash_reg_cash_features_cash_full_clean_apdtm5_hparams,bpi2020_domestic,mix-prec,candidate,HM,heuristics_miner,2c6129ad4ba6531c,17145,0.9396408568365918,0.9396408568365918,0.0,0.9396408568365918,0.5155319506888351,0.0,0.0,1.0,1.0,1,1,196,87,0.9046282920937972
C3_cash_reg_cash_features_cash_full_clean_apdtm5_hparams,bpi2020_domestic,mix-simp,candidate,HM,heuristics_miner,2c6129ad4ba6531c,17145,0.8629620289245914,0.8629620289245914,0.0,0.8629620289245914,0.5405852938346677,0.0,0.0,1.0,1.0,1,1,196,87,0.8313166629374042
C3_cash_reg_cash_features_cash_full_clean_apdtm5_hparams,bpi2020_domestic,mix-gen,candidate,HM,heuristics_miner,2c6129ad4ba6531c,17145,0.8808315285461273,0.88113234738198,0.0,0.88113234738198,0.5425708688100551,0.00030081883585264535,0.00030081883585264535,0.9996585997134864,0.9991114794361086,2,2,196,87,0.8416876395306306
C3_cash_reg_cash_features_cash_full_clean_apdtm5_hparams,bpi2020_international,equal,candidate,HM,heuristics_miner,26e88b73658ad95c,17232,0.8191450679569319,0.8501918473231604,0.0,0.8339546459567867,0.42730621361870447,0.031046779366228572,0.014809577999854828,0.9634826192888349,0.9635813719612661,15,7,196,87,0.8166623003536173
C3_cash_reg_cash_features_cash_full_clean_apdtm5_hparams,bpi2020_international,fitn,candidate,IM,inductive_miner_im,cfc3cfd9b264bc4a,17232,1.0,1.0,0.0,1.0,0.543631678095892,0.0,0.0,1.0,1.0,1,1,196,87,0.9995620826295004
C3_cash_reg_cash_features_cash_full_clean_apdtm5_hparams,bpi2020_international,prec,candidate,HM,heuristics_miner,3502fe6025e21858,17232,0.9619118334570856,1.0,0.0,0.9838819920204732,0.0,0.03808816654291436,0.021970158563387576,0.9619118334570856,0.9776699251113741,12,5,196,87,0.9197780287627585
C3_cash_reg_cash_features_cash_full_clean_apdtm5_hparams,bpi2020_international,gene,candidate,IMf,inductive_miner_imf,417d3dbab29b85e7,17232,0.9032196165727332,0.9418786896404474,0.0,0.9418786896404474,0.6807656098412334,0.03865907306771421,0.03865907306771421,0.9589553585903171,0.8519450917685106,25,9,196,87,0.9230775000222092
C3_cash_reg_cash_features_cash_full_clean_apdtm5_hparams,bpi2020_international,simp,candidate,HM,heuristics_miner,1ebb3bf23547b360,17232,0.6756756756756757,0.726190476190476,0.0,0.6969696969696969,0.2668810289389067,0.050514800514800395,0.021294021294021248,0.9304386353566683,0.9504892296011463,9,5,196,87,0.7005968471605541
C3_cash_reg_cash_features_cash_full_clean_apdtm5_hparams,bpi2020_international,fit+pre,candidate,HM,heuristics_miner,07257e3aba3414f9,17232,0.8796324591328901,0.9444725618292222,0.0,0.93993393025119,0.271815839047946,0.06484010269633211,0.060301471118299865,0.9313478174837054,0.909744292345534,63,30,196,87,0.9136349574529985
C3_cash_reg_cash_features_cash_full_clean_apdtm5_hparams,bpi2020_international,fit+gen,candidate,IMf,inductive_miner_imf,417d3dbab29b85e7,17232,0.9511551196791703,0.9642924535411258,0.0,0.9642924535411258,0.7211719127679556,0.01313733386195548,0.01313733386195548,0.9863761934320736,0.9459637025313606,9,6,196,87,0.9607718080890993
C3_cash_reg_cash_features_cash_full_clean_apdtm5_hparams,bpi2020_international,fit+sim,candidate,HM,heuristics_miner,38309ceca35764db,17232,0.8242506513210164,0.8252695672008914,0.0,0.8252695672008914,0.4052563535173993,0.0010189158798750153,0.0010189158798750153,0.998765353866942,0.9975740861318644,2,2,196,87,0.8182657493609233
C3_cash_reg_cash_features_cash_full_clean_apdtm5_hparams,bpi2020_international,pre+gen,candidate,HM,heuristics_miner,b1ebe12e87daa284,17232,0.8903352776288136,0.9244692854293903,0.0,0.9041184348832809,0.4493560737200096,0.03413400780057674,0.013783157254467326,0.9630771856474145,0.9696915170833172,10,3,196,87,0.876273980764906
C3_cash_reg_cash_features_cash_full_clean_apdtm5_hparams,bpi2020_international,pre+sim,candidate,HM,heuristics_miner,b1ebe12e87daa284,17232,0.7843807639086371,0.863095238095238,0.0,0.7843807639086371,0.13344051446945335,0.07871447418660094,0.0,0.9087997816320762,1.0,5,1,196,87,0.7517974006520761
C3_cash_reg_cash_features_cash_full_clean_apdtm5_hparams,bpi2020_international,gen+sim,candidate,HM,heuristics_miner,38309ceca35764db,17232,0.7867161272311131,0.8021013140485984,0.0,0.8021013140485984,0.5827965881894629,0.015385186817485352,0.015385186817485352,0.9808188983760309,0.9298456211683847,12,4,196,87,0.797961334121957
C3_cash_reg_cash_features_cash_full_clean_apdtm5_hparams,bpi2020_international,mix-fit,candidate,HM,heuristics_miner,07257e3aba3414f9,17232,0.817655909734262,0.8651430903153831,0.0,0.8558195195042841,0.36070009177014006,0.047487180581121,0.03816360977002209,0.9451106052713085,0.9229203952980125,39,25,196,87,0.8424354724499712
C3_cash_reg_cash_features_cash_full_clean_apdtm5_hparams,bpi2020_international,mix-prec,candidate,HM,heuristics_miner,b1ebe12e87daa284,17232,0.8694918291273743,0.8789785552291673,0.0,0.8765359941053706,0.4050280827450747,0.00948672610179302,0.0070441649779963145,0.989207101759929,0.985060346161162,9,2,196,87,0.8545400270946961
C3_cash_reg_cash_features_cash_full_clean_apdtm5_hparams,bpi2020_international,mix-simp,candidate,HM,heuristics_miner,38309ceca35764db,17232,0.7737647399348628,0.8280233355013684,0.0,0.7913732978082023,0.4495843444923341,0.054258595566505585,0.01760855787333948,0.9344721419793659,0.9484811966492482,23,13,196,87,0.801328271134247
C3_cash_reg_cash_features_cash_full_clean_apdtm5_hparams,bpi2020_international,mix-gen,candidate,HM,heuristics_miner,2536d00ac2393cf1,17232,0.7560787121107022,0.8352406043309378,0.0,0.8189557385861124,0.4939123354672689,0.07916189222023562,0.06287702647541016,0.9052226486478737,0.8065580600249227,39,19,196,87,0.7936540269719117
C3_cash_reg_cash_features_cash_full_clean_apdtm5_hparams,bpi2020_payment,equal,candidate,HM,heuristics_miner,76f9d2f741e58cc1,17232,0.8696763776738392,0.8696763776738392,0.0,0.8696763776738392,0.4539079536155171,0.0,0.0,1.0,1.0,1,1,196,87,0.8837216562929318
C3_cash_reg_cash_features_cash_full_clean_apdtm5_hparams,bpi2020_payment,fitn,candidate,IM,inductive_miner_im,560de7b4bb2edb08,17232,1.0,1.0,0.0,1.0,0.6986954515961711,0.0,0.0,1.0,1.0,1,1,196,87,0.9996543878145041
C3_cash_reg_cash_features_cash_full_clean_apdtm5_hparams,bpi2020_payment,prec,candidate,HM,heuristics_miner,76f9d2f741e58cc1,17232,0.9812575474351128,1.0,0.0,0.9843810507293146,0.0,0.018742452564887158,0.003123503294201746,0.9812575474351128,0.9968269367925281,11,4,196,87,0.9482926961720051
C3_cash_reg_cash_features_cash_full_clean_apdtm5_hparams,bpi2020_payment,gene,candidate,IMf,inductive_miner_imf,b5227fb408bd1324,17232,0.9042989365923124,0.9042989365923124,0.0,0.9042989365923124,0.6750512131653676,0.0,0.0,1.0,1.0,1,1,196,87,0.925520389521133
C3_cash_reg_cash_features_cash_full_clean_apdtm5_hparams,bpi2020_payment,simp,candidate,HM,heuristics_miner,d0ac158fa88b1db5,17232,0.6923076923076922,0.8214285714285714,0.0,0.6981132075471698,0.3333333333333333,0.12912087912087922,0.005805515239477588,0.8428093645484949,0.9840848806366046,18,8,196,87,0.7112828160426904
C3_cash_reg_cash_features_cash_full_clean_apdtm5_hparams,bpi2020_payment,fit+pre,candidate,HM,heuristics_miner,ff42212892f93877,17232,0.9511802044192164,0.9825892284678609,0.0,0.9825892284678609,0.34934772579808554,0.03140902404864454,0.03140902404864454,0.9680344307278635,0.9503996122865881,12,12,196,87,0.957677396956317
C3_cash_reg_cash_features_cash_full_clean_apdtm5_hparams,bpi2020_payment,fit+gen,candidate,IMf,inductive_miner_imf,b5227fb408bd1324,17232,0.9514970823370221,0.9514970823370221,0.0,0.9514970823370221,0.7411492405643676,0.0,0.0,1.0,1.0,1,1,196,87,0.9597101509624762
C3_cash_reg_cash_features_cash_full_clean_apdtm5_hparams,bpi2020_payment,fit+sim,candidate,HM,heuristics_miner,76f9d2f741e58cc1,17232,0.8242149562965362,0.8691224178435837,0.0,0.841625242332154,0.5160143924647522,0.0449074615470475,0.017410286035617784,0.9483301079053176,0.9465303872929671,29,14,196,87,0.8329390323489068
C3_cash_reg_cash_features_cash_full_clean_apdtm5_hparams,bpi2020_payment,pre+gen,candidate,HM,heuristics_miner,d0ac158fa88b1db5,17232,0.916868426053467,0.916868426053467,0.0,0.916868426053467,0.391801514766282,0.0,0.0,1.0,1.0,1,1,196,87,0.9357462847376954
C3_cash_reg_cash_features_cash_full_clean_apdtm5_hparams,bpi2020_payment,pre+sim,candidate,HM,heuristics_miner,d0ac158fa88b1db5,17232,0.8353662704651565,0.87,0.0,0.8353662704651565,0.16666666666666666,0.03463372953484345,0.0,0.9601911154771915,1.0,2,1,196,87,0.8296812759546319
C3_cash_reg_cash_features_cash_full_clean_apdtm5_hparams,bpi2020_payment,gen+sim,candidate,HM,heuristics_miner,d0ac158fa88b1db5,17232,0.7738098478960027,0.7955758933524278,0.0,0.783122214809832,0.5584681814329486,0.02176604545642513,0.009312366913829306,0.9726411450644808,0.9585479647355953,11,4,196,87,0.817347824825754
C3_cash_reg_cash_features_cash_full_clean_apdtm5_hparams,bpi2020_payment,mix-fit,candidate,HM,heuristics_miner,76f9d2f741e58cc1,17232,0.9053177010011466,0.9053177010011466,0.0,0.9053177010011466,0.42450515025839153,0.0,0.0,1.0,1.0,1,1,196,87,0.9018768843131233
C3_cash_reg_cash_features_cash_full_clean_apdtm5_hparams,bpi2020_payment,mix-prec,candidate,HM,heuristics_miner,76f9d2f741e58cc1,17232,0.9102277500261443,0.9102277500261443,0.0,0.9102277500261443,0.40815333251233665,0.0,0.0,1.0,1.0,1,1,196,87,0.9181905822750398
C3_cash_reg_cash_features_cash_full_clean_apdtm5_hparams,bpi2020_payment,mix-simp,candidate,HM,heuristics_miner,76f9d2f741e58cc1,17232,0.829125005321534,0.829125005321534,0.0,0.829125005321534,0.49966257471869746,0.0,0.0,1.0,1.0,1,1,196,87,0.8492527303108235
C3_cash_reg_cash_features_cash_full_clean_apdtm5_hparams,bpi2020_payment,mix-gen,candidate,HM,heuristics_miner,76f9d2f741e58cc1,17232,0.8340350543465319,0.836099433132433,0.0,0.836099433132433,0.48331075697264275,0.0020643787859010443,0.0020643787859010443,0.9975309410530673,0.9941483983885979,5,5,196,87,0.8655664282727402
C3_cash_reg_cash_features_cash_full_clean_apdtm5_hparams,bpi2020_permit,equal,candidate,HM,heuristics_miner,c481762fc01bdf3c,17232,0.8297579919726721,0.8429076490043279,0.0,0.837665970840167,0.0,0.013149657031655826,0.007907978867494947,0.9843996468092457,0.9905595080344933,10,5,196,87,0.7863718875595985
C3_cash_reg_cash_features_cash_full_clean_apdtm5_hparams,bpi2020_permit,fitn,candidate,IMd,inductive_miner_imd,533cc4ab2b8e0bb9,17232,1.0,1.0,0.0,1.0,0.0,0.0,0.0,1.0,1.0,1,1,196,87,0.992866737173008
C3_cash_reg_cash_features_cash_full_clean_apdtm5_hparams,bpi2020_permit,prec,candidate,HM,heuristics_miner,26c5d45c96873bc8,17232,0.973606544842878,0.9911533085603246,0.0,0.986129179408336,0.0,0.017546763717446567,0.01252263456545799,0.9822966199417387,0.9873012229767185,3,2,196,87,0.9056205011390369
C3_cash_reg_cash_features_cash_full_clean_apdtm5_hparams,bpi2020_permit,gene,candidate,IMd,inductive_miner_imd,83bfdaba62b71641,17232,0.8652393738255396,0.9078165537742844,0.0,0.9036644397265806,0.0,0.04257717994874477,0.038425065901041,0.9530993571644751,0.9574786124010067,41,32,196,87,0.8919345619069516
C3_cash_reg_cash_features_cash_full_clean_apdtm5_hparams,bpi2020_permit,simp,candidate,IMf,inductive_miner_imf,7d7cec2d8c8194ea,17232,0.6557377049180328,0.7142857142857143,0.0,0.7007874015748031,0.0,0.05854800936768145,0.04504969665677028,0.9180327868852459,0.9357156013998896,19,11,196,87,0.6358984147120844
C3_cash_reg_cash_features_cash_full_clean_apdtm5_hparams,bpi2020_permit,fit+pre,candidate,HM,heuristics_miner,26c5d45c96873bc8,17232,0.9115407060912478,0.9243881790529205,0.0,0.9243881790529205,0.0,0.012847472961672657,0.012847472961672657,0.9861016472810854,0.9861016472810854,6,4,196,87,0.8963743385768612
C3_cash_reg_cash_features_cash_full_clean_apdtm5_hparams,bpi2020_permit,fit+gen,candidate,IMd,inductive_miner_imd,533cc4ab2b8e0bb9,17232,0.9326196869127699,0.9448808304983668,0.0,0.9433827022400416,0.0,0.012261143585596934,0.010763015327271752,0.9870236084913164,0.9885910401985163,7,4,196,87,0.9423325953186223
C3_cash_reg_cash_features_cash_full_clean_apdtm5_hparams,bpi2020_permit,fit+sim,candidate,IMf,inductive_miner_imf,0b62cdd706a8a46d,17232,0.8047698051853329,0.8272924879786688,0.0,0.8210508173187079,0.0,0.022522682793335913,0.01628101213337496,0.9727754293425706,0.9801705183285201,9,5,196,87,0.7896232413028899
C3_cash_reg_cash_features_cash_full_clean_apdtm5_hparams,bpi2020_permit,pre+gen,candidate,HM,heuristics_miner,288a6858c2ed8937,17232,0.9322600772514231,0.9322600772514231,0.0,0.9322600772514231,0.0,0.0,0.0,1.0,1.0,1,1,196,87,0.8538839090584751
C3_cash_reg_cash_features_cash_full_clean_apdtm5_hparams,bpi2020_permit,pre+sim,candidate,HM,heuristics_miner,d72d4659f6ad9e91,17232,0.7768274971399971,0.816594001468874,0.0,0.816594001468874,0.0,0.03976650432887685,0.03976650432887685,0.9513019881883217,0.9513019881883217,6,4,196,87,0.7284183385507684
C3_cash_reg_cash_features_cash_full_clean_apdtm5_hparams,bpi2020_permit,gen+sim,candidate,IMf,inductive_miner_imf,2cadec1a9339332a,17232,0.6985175434640691,0.7992898469819344,0.0,0.7992898469819344,0.0,0.10077230351786526,0.10077230351786526,0.8739227028863499,0.8739227028863499,89,58,196,87,0.733386603058753
C3_cash_reg_cash_features_cash_full_clean_apdtm5_hparams,bpi2020_permit,mix-fit,candidate,HM,heuristics_miner,c481762fc01bdf3c,17232,0.8564205341710445,0.8639118088087243,0.0,0.8599569185601915,0.0,0.007491274637679846,0.0035363843891470514,0.9913286581323506,0.9958877191254325,4,2,196,87,0.8121772934360804
C3_cash_reg_cash_features_cash_full_clean_apdtm5_hparams,bpi2020_permit,mix-prec,candidate,HM,heuristics_miner,288a6858c2ed8937,17232,0.8885842618048085,0.8885842618048085,0.0,0.8885842618048085,0.0,0.0,0.0,1.0,1.0,1,1,196,87,0.830248796898139
C3_cash_reg_cash_features_cash_full_clean_apdtm5_hparams,bpi2020_permit,mix-simp,candidate,HM,heuristics_miner,07e7913e3089eea9,17232,0.7803200297439585,0.81761289182125,0.0,0.7972498110142302,0.0,0.03729286207729143,0.01692978127027167,0.9543881188147354,0.9787647723004985,18,12,196,87,0.7520712194425927
C3_cash_reg_cash_features_cash_full_clean_apdtm5_hparams,bpi2020_permit,mix-gen,candidate,HM,heuristics_miner,288a6858c2ed8937,17232,0.8256545805583848,0.8269571869508153,0.0,0.8269571869508153,0.0,0.0013026063924305165,0.0013026063924305165,0.998424820035444,0.998424820035444,3,3,196,87,0.7653827854643862
C3_cash_reg_cash_features_cash_full_clean_apdtm5_hparams,bpi2020_prepaid,equal,candidate,HM,heuristics_miner,c37c655dba38045b,17232,0.7766899874288093,0.8668476328686328,0.0,0.8586979426161805,0.3835715428314981,0.09015764543982341,0.08200795518737114,0.8959936648364979,0.8273976036176153,32,23,196,87,0.8311848939782186
C3_cash_reg_cash_features_cash_full_clean_apdtm5_hparams,bpi2020_prepaid,fitn,candidate,IM,inductive_miner_im,f657a1c5652eae0e,17232,1.0,1.0,0.0,1.0,0.4702681384715757,0.0,0.0,1.0,1.0,1,1,196,87,0.9993209721745893
C3_cash_reg_cash_features_cash_full_clean_apdtm5_hparams,bpi2020_prepaid,prec,candidate,HM,heuristics_miner,bd6fd87dd8783fc5,17232,0.9851180847622129,0.9997522759645756,0.0,0.9851180847622129,0.0,0.014634191202362756,0.0,0.9853621826584555,1.0,3,1,196,87,0.9010152685914075
C3_cash_reg_cash_features_cash_full_clean_apdtm5_hparams,bpi2020_prepaid,gene,candidate,IMf,inductive_miner_imf,8ed4d616fd3bcb77,17232,0.8911707006021861,0.9112866050560324,0.0,0.9112866050560324,0.5988575329285628,0.020115904453846367,0.020115904453846367,0.9779258201072653,0.9356144922210082,9,4,196,87,0.9466636280991083
C3_cash_reg_cash_features_cash_full_clean_apdtm5_hparams,bpi2020_prepaid,simp,candidate,HM,heuristics_miner,49a6424174530618,17232,0.6825396825396826,0.8241758241758241,0.0,0.7333333333333333,0.1867088607594936,0.14163614163614158,0.050793650793650724,0.8281481481481482,0.9070776129826692,41,18,196,87,0.7148054929227119
C3_cash_reg_cash_features_cash_full_clean_apdtm5_hparams,bpi2020_prepaid,fit+pre,candidate,HM,heuristics_miner,503ad4613c502b89,17232,0.9533923522906886,0.9548684615240937,0.0,0.9548684615240937,0.23513406923578786,0.0014761092334050208,0.0014761092334050208,0.9984541229573664,0.9979490917076896,4,3,196,87,0.9211785940542092
C3_cash_reg_cash_features_cash_full_clean_apdtm5_hparams,bpi2020_prepaid,fit+gen,candidate,IMf,inductive_miner_imf,8ed4d616fd3bcb77,17232,0.9452509384141062,0.949603353381388,0.0,0.949603353381388,0.6737886552832494,0.004352414967281781,0.004352414967281781,0.9954165968856539,0.9842197859748101,2,2,196,87,0.9724503403653431
C3_cash_reg_cash_features_cash_full_clean_apdtm5_hparams,bpi2020_prepaid,fit+sim,candidate,HM,heuristics_miner,49a6424174530618,17232,0.823437790696418,0.8494129668934964,0.0,0.8327493947082487,0.32848849961553467,0.025975176197078453,0.009311604011830732,0.9694198496968138,0.9815341540411958,17,7,196,87,0.8285796505104082
C3_cash_reg_cash_features_cash_full_clean_apdtm5_hparams,bpi2020_prepaid,pre+gen,candidate,HM,heuristics_miner,43677bb7a70418e1,17232,0.7266618297094016,0.9409693886867966,0.0,0.9223371416058134,0.43865458604746155,0.21430755897739495,0.19567531189641174,0.7722481075856469,0.5954468284047815,80,40,196,87,0.8690020914305966
C3_cash_reg_cash_features_cash_full_clean_apdtm5_hparams,bpi2020_prepaid,pre+sim,candidate,HM,heuristics_miner,43677bb7a70418e1,17232,0.6292266757944887,0.8334790489391193,0.0,0.821199676435816,0.0933544303797468,0.20425237314463063,0.19197300064132738,0.7549400031055249,0.7362447557615306,76,37,196,87,0.7663813743050678
C3_cash_reg_cash_features_cash_full_clean_apdtm5_hparams,bpi2020_prepaid,gen+sim,candidate,HM,heuristics_miner,49a6424174530618,17232,0.7773476064288216,0.815098321546149,0.0,0.8015541427480886,0.5320090164272083,0.037750715117327416,0.024206536319266947,0.9536856915056351,0.9101948655140948,39,21,196,87,0.7967953115035613
C3_cash_reg_cash_features_cash_full_clean_apdtm5_hparams,bpi2020_prepaid,mix-fit,candidate,HM,heuristics_miner,989ec8e29ca57bf8,17232,0.8632249837907912,0.8887029376845874,0.0,0.8869237526462591,0.3131799447500213,0.025477953893796257,0.023698768855467955,0.9713313045187224,0.9586945104604007,13,6,196,87,0.853482959243604
C3_cash_reg_cash_features_cash_full_clean_apdtm5_hparams,bpi2020_prepaid,mix-prec,candidate,HM,heuristics_miner,989ec8e29ca57bf8,17232,0.8654822587289787,0.9102502378418409,0.0,0.898416841463936,0.3759172653987413,0.04476797911286223,0.03293458273495731,0.9508179429658762,0.9369672546282641,16,9,196,87,0.8584618377875556
C3_cash_reg_cash_features_cash_full_clean_apdtm5_hparams,bpi2020_prepaid,mix-simp,candidate,HM,heuristics_miner,49a6424174530618,17232,0.7997174082873605,0.8311667650921324,0.0,0.8189790437684248,0.3912258202642548,0.0314493568047719,0.0192616354810643,0.9621623985394967,0.9549702154824872,12,5,196,87,0.8173614838650798
C3_cash_reg_cash_features_cash_full_clean_apdtm5_hparams,bpi2020_prepaid,mix-gen,candidate,HM,heuristics_miner,c37c655dba38045b,17232,0.7674627657194737,0.8449923280526782,0.0,0.8304721325861018,0.4539631409129749,0.07752956233320452,0.06300936686662806,0.9082482056235057,0.8326484406477846,25,15,196,87,0.8092234684274364
C3_cash_reg_cash_features_cash_full_clean_apdtm5_hparams,bpic15_1,equal,candidate,HM,heuristics_miner,047b46f420412034,17145,0.6415088677840908,0.7538067736145151,0.0,0.7029554252303153,0.0,0.11229790583042432,0.061446557446224515,0.8510256079393475,0.9125882591686489,10,5,196,87,0.6994333344038913
C3_cash_reg_cash_features_cash_full_clean_apdtm5_hparams,bpic15_1,fitn,candidate,IMd,inductive_miner_imd,89475fb634b40b0a,17145,1.0,1.0,0.0,1.0,0.0,0.0,0.0,1.0,1.0,1,1,196,87,1.0
C3_cash_reg_cash_features_cash_full_clean_apdtm5_hparams,bpic15_1,prec,candidate,HM,heuristics_miner,19960b4a2c175fd9,17145,0.8105507491031864,0.9967132292522596,0.0,0.8105507491031864,0.0,0.18616248014907322,0.0,0.8132236287374921,1.0,5,1,196,87,0.7793744467666266
C3_cash_reg_cash_features_cash_full_clean_apdtm5_hparams,bpic15_1,gene,candidate,HM,heuristics_miner,7ffd94991d50d424,17145,0.7436516012818184,0.7947596517508088,0.0,0.7455937309312874,0.0,0.05110805046899036,0.0019421296494690488,0.9356937026730001,0.9973951904785422,13,3,196,87,0.7682366572097843
C3_cash_reg_cash_features_cash_full_clean_apdtm5_hparams,bpic15_1,simp,candidate,HM,heuristics_miner,177bf440d5ae2bae,17145,0.6507042253521127,1.0,0.0,0.6645739910313901,0.0,0.3492957746478873,0.013869765679277446,0.6507042253521127,0.979129839767349,35,4,196,87,0.6565196903934108
C3_cash_reg_cash_features_cash_full_clean_apdtm5_hparams,bpic15_1,fit+pre,candidate,HM,heuristics_miner,19960b4a2c175fd9,17145,0.8142852813322995,0.8688577238297088,0.0,0.8142852813322995,0.0,0.054572442497409335,0.0,0.9371905882854242,1.0,3,1,196,87,0.7988506475502992
C3_cash_reg_cash_features_cash_full_clean_apdtm5_hparams,bpic15_1,fit+gen,candidate,IMf,inductive_miner_imf,85716a3b710d56aa,17145,0.871727415992749,0.871727415992749,0.0,0.871727415992749,0.0,0.0,0.0,1.0,1.0,1,1,196,87,0.8769408792060377
C3_cash_reg_cash_features_cash_full_clean_apdtm5_hparams,bpic15_1,fit+sim,candidate,HM,heuristics_miner,3d7e8fc71d399751,17145,0.7188386762878523,0.8645266546833184,0.0,0.7257317803870689,0.0,0.1456879783954661,0.006893104099216618,0.831482375232453,0.9905018571798796,27,4,196,87,0.724281905063501
C3_cash_reg_cash_features_cash_full_clean_apdtm5_hparams,bpic15_1,pre+gen,candidate,HM,heuristics_miner,19960b4a2c175fd9,17145,0.7408033827043146,0.8387467991159434,0.0,0.7408033827043146,0.0,0.09794341641162885,0.0,0.8832264796540944,1.0,4,1,196,87,0.7336909885965672
C3_cash_reg_cash_features_cash_full_clean_apdtm5_hparams,bpic15_1,pre+sim,candidate,HM,heuristics_miner,19960b4a2c175fd9,17145,0.6613729355272029,0.8214077863143173,0.0,0.6613729355272029,0.0,0.16003485078711444,0.0,0.8051700343562656,1.0,5,1,196,87,0.6446306230067782
C3_cash_reg_cash_features_cash_full_clean_apdtm5_hparams,bpic15_1,gen+sim,candidate,HM,heuristics_miner,9b5dd7580f42c27e,17145,0.6833721374918558,0.8973798258754044,0.0,0.6909541591998656,0.0,0.21400768838354867,0.007582021708009812,0.7615193898806655,0.9890267370026545,32,2,196,87,0.7077759336176721
C3_cash_reg_cash_features_cash_full_clean_apdtm5_hparams,bpic15_1,mix-fit,candidate,HM,heuristics_miner,19960b4a2c175fd9,17145,0.739917776176309,0.7829881701741386,0.0,0.739917776176309,0.0,0.043070393997829526,0.0,0.9449922800388535,1.0,4,1,196,87,0.7319211862556134
C3_cash_reg_cash_features_cash_full_clean_apdtm5_hparams,bpic15_1,mix-prec,candidate,HM,heuristics_miner,19960b4a2c175fd9,17145,0.7403605794403118,0.8104949307104616,0.0,0.7403605794403118,0.0,0.07013435127014989,0.0,0.9134672548677489,1.0,4,1,196,87,0.7328060874260903
C3_cash_reg_cash_features_cash_full_clean_apdtm5_hparams,bpic15_1,mix-simp,candidate,HM,heuristics_miner,047b46f420412034,17145,0.6645464838421924,0.7694736087116352,0.0,0.673013029128888,0.0,0.10492712486944278,0.00846654528669566,0.8636377860377472,0.9874199385149285,33,6,196,87,0.689567159334631
C3_cash_reg_cash_features_cash_full_clean_apdtm5_hparams,bpic15_1,mix-gen,candidate,HM,heuristics_miner,047b46f420412034,17145,0.6326994345947807,0.7344918748892888,0.0,0.6687467441955159,0.0,0.10179244029450807,0.03604730960073521,0.8614110737305959,0.9460972185455659,21,6,196,87,0.6829638420312469
C3_cash_reg_cash_features_cash_full_clean_apdtm5_hparams,bpic15_2,equal,candidate,HM,heuristics_miner,637b28b48831bbab,17145,0.739796087901852,0.739796087901852,0.0,0.739796087901852,0.0,0.0,0.0,1.0,1.0,1,1,196,87,0.66112595741599
C3_cash_reg_cash_features_cash_full_clean_apdtm5_hparams,bpic15_2,fitn,candidate,IMd,inductive_miner_imd,2bd4a2c68f811174,17145,1.0,1.0,0.0,1.0,0.0,0.0,0.0,1.0,1.0,1,1,196,87,0.9999997440191912
C3_cash_reg_cash_features_cash_full_clean_apdtm5_hparams,bpic15_2,prec,candidate,HM,heuristics_miner,2acb9ad2b65704cf,17145,0.9078236753758576,0.9964080459770116,0.0,0.9078236753758576,0.0,0.08858437060115398,0.0,0.9110962913649557,1.0,3,1,196,87,0.5811059294822861
C3_cash_reg_cash_features_cash_full_clean_apdtm5_hparams,bpic15_2,gene,candidate,HM,heuristics_miner,22a193e6409f0a62,17145,0.7301861081378671,0.8434264748464657,0.0,0.7765767505034231,0.0,0.1132403667085986,0.04639064236555601,0.8657377138544146,0.9402626432796464,68,46,196,87,0.8154845334243873
C3_cash_reg_cash_features_cash_full_clean_apdtm5_hparams,bpic15_2,simp,candidate,HM,heuristics_miner,417ec4206692155d,17145,0.6838235294117647,1.0,0.0,0.6989247311827957,0.0,0.3161764705882353,0.015101201771031025,0.6838235294117647,0.978393665158371,34,4,196,87,0.7263957812328669
C3_cash_reg_cash_features_cash_full_clean_apdtm5_hparams,bpic15_2,fit+pre,candidate,HM,heuristics_miner,2acb9ad2b65704cf,17145,0.8502184182082324,0.8552632687420797,0.0,0.8502184182082324,0.0,0.005044850533847289,0.0,0.9941014062941493,1.0,2,1,196,87,0.6947983019845778
C3_cash_reg_cash_features_cash_full_clean_apdtm5_hparams,bpic15_2,fit+gen,candidate,IMf,inductive_miner_imf,9495b95840cb86ce,17145,0.846016250692231,0.888226048940476,0.0,0.888226048940476,0.0,0.042209798248245,0.042209798248245,0.9524785404587096,0.9524785404587096,3,3,196,87,0.8431020597680992
C3_cash_reg_cash_features_cash_full_clean_apdtm5_hparams,bpic15_2,fit+sim,candidate,HM,heuristics_miner,417ec4206692155d,17145,0.7166171893365975,0.8502937315725136,0.0,0.7236224397366864,0.0,0.13367654223591618,0.007005250400088925,0.8427878069985323,0.9903191913138597,30,6,196,87,0.736642255620044
C3_cash_reg_cash_features_cash_full_clean_apdtm5_hparams,bpic15_2,pre+gen,candidate,HM,heuristics_miner,2acb9ad2b65704cf,17145,0.8135744140072105,0.8135744140072105,0.0,0.8135744140072105,0.0,0.0,0.0,1.0,1.0,1,1,196,87,0.6419501268850489
C3_cash_reg_cash_features_cash_full_clean_apdtm5_hparams,bpic15_2,pre+sim,candidate,HM,heuristics_miner,2acb9ad2b65704cf,17145,0.7090842514810323,0.7980406242956953,0.0,0.7090842514810323,0.0,0.08895637281466307,0.0,0.8885315232001243,1.0,4,1,196,87,0.5395147685995123
C3_cash_reg_cash_features_cash_full_clean_apdtm5_hparams,bpic15_2,gen+sim,candidate,HM,heuristics_miner,417ec4206692155d,17145,0.7126045015069312,0.9217132374232329,0.0,0.7216533402343195,0.0,0.20910873591630164,0.009048838727388264,0.7731303756677166,0.9874609619011115,34,6,196,87,0.7706594259700894
C3_cash_reg_cash_features_cash_full_clean_apdtm5_hparams,bpic15_2,mix-fit,candidate,HM,heuristics_miner,2acb9ad2b65704cf,17145,0.7633938478100979,0.7675374461630222,0.0,0.7633938478100979,0.0,0.004143598352924327,0.0,0.9946014381791554,1.0,2,1,196,87,0.6675922026115626
C3_cash_reg_cash_features_cash_full_clean_apdtm5_hparams,bpic15_2,mix-prec,candidate,HM,heuristics_miner,2acb9ad2b65704cf,17145,0.788484130908654,0.790453222686223,0.0,0.788484130908654,0.0,0.0019690917775689876,0.0,0.9975089079011186,1.0,2,1,196,87,0.6547711647483055
C3_cash_reg_cash_features_cash_full_clean_apdtm5_hparams,bpic15_2,mix-simp,candidate,HM,heuristics_miner,417ec4206692155d,17145,0.6830423524418969,0.7666984383330109,0.0,0.7004707286021397,0.0,0.08365608589111395,0.01742837616024273,0.8908878879771783,0.9751190514484127,26,3,196,87,0.7092842497869217
C3_cash_reg_cash_features_cash_full_clean_apdtm5_hparams,bpic15_2,mix-gen,candidate,HM,heuristics_miner,417ec4206692155d,17145,0.6494675155471963,0.7177077196779903,0.0,0.7177077196779903,0.0,0.06824020413079401,0.06824020413079401,0.9049192278976588,0.9049192278976588,22,6,196,87,0.6819262439537995
C3_cash_reg_cash_features_cash_full_clean_apdtm5_hparams,bpic15_3,equal,candidate,HM,heuristics_miner,8c3db9789edea2a4,17145,0.7330399184257719,0.7711497484903616,0.0,0.7330399184257719,0.0,0.03810983006458968,0.0,0.9505805063942571,1.0,2,1,196,87,0.6886678514509946
C3_cash_reg_cash_features_cash_full_clean_apdtm5_hparams,bpic15_3,fitn,candidate,IMd,inductive_miner_imd,1e1739de3216125c,17145,1.0,1.0,0.0,1.0,0.0,0.0,0.0,1.0,1.0,1,1,196,87,0.9599983909777728
C3_cash_reg_cash_features_cash_full_clean_apdtm5_hparams,bpic15_3,prec,candidate,HM,heuristics_miner,8c3db9789edea2a4,17145,0.9269511726259132,0.9713690786048932,0.0,0.9269511726259132,0.0,0.04441790597897999,0.0,0.9542728845736225,1.0,2,1,196,87,0.7440004067936785
C3_cash_reg_cash_features_cash_full_clean_apdtm5_hparams,bpic15_3,gene,candidate,HM,heuristics_miner,0eaf4cb89bf1c7ec,17145,0.7386905589536538,0.7690804510999736,0.0,0.7649368206278943,0.0,0.03038989214631982,0.02624626167424049,0.9604854185243497,0.9656883274978234,25,11,196,87,0.7613806196808162
C3_cash_reg_cash_features_cash_full_clean_apdtm5_hparams,bpic15_3,simp,candidate,HM,heuristics_miner,e329bf822f7a5a7b,17145,0.6274509803921569,1.0,0.0,0.6631016042780747,0.0,0.37254901960784315,0.03565062388591789,0.6274509803921569,0.9462365591397851,43,10,196,87,0.6665995923281739
C3_cash_reg_cash_features_cash_full_clean_apdtm5_hparams,bpic15_3,fit+pre,candidate,HM,heuristics_miner,8c3db9789edea2a4,17145,0.8726480175471594,0.8737992058502052,0.0,0.8726480175471594,0.0,0.0011511883030458359,0.0,0.9986825482383842,1.0,2,1,196,87,0.7836616542253687
C3_cash_reg_cash_features_cash_full_clean_apdtm5_hparams,bpic15_3,fit+gen,candidate,IMf,inductive_miner_imf,58cab9b9ff0f9de9,17145,0.8760132116076293,0.8764050391703524,0.0,0.8764050391703524,0.0,0.0003918275627230461,0.0003918275627230461,0.9995529149819883,0.9995529149819883,2,2,196,87,0.8204428791792548
C3_cash_reg_cash_features_cash_full_clean_apdtm5_hparams,bpic15_3,fit+sim,candidate,HM,heuristics_miner,60c21ac943a3f5cc,17145,0.7323568833248469,0.8866318702272058,0.0,0.7328912266751959,0.0,0.15427498690235886,0.0005343433503489647,0.825998825349212,0.999270910428587,25,2,196,87,0.7223155595448789
C3_cash_reg_cash_features_cash_full_clean_apdtm5_hparams,bpic15_3,pre+gen,candidate,HM,heuristics_miner,8c3db9789edea2a4,17145,0.7957133757665948,0.8335999035488251,0.0,0.7957133757665948,0.0,0.03788652778223023,0.0,0.9545507051753022,1.0,2,1,196,87,0.7099818948282359
C3_cash_reg_cash_features_cash_full_clean_apdtm5_hparams,bpic15_3,pre+sim,candidate,HM,heuristics_miner,8c3db9789edea2a4,17145,0.724669616163703,0.806269466186586,0.0,0.724669616163703,0.0,0.08159985002288306,0.0,0.8987933272373243,1.0,2,1,196,87,0.6276925606420631
C3_cash_reg_cash_features_cash_full_clean_apdtm5_hparams,bpic15_3,gen+sim,candidate,HM,heuristics_miner,e329bf822f7a5a7b,17145,0.6693355481939701,0.8774480269684266,0.0,0.6788016217022406,0.0,0.2081124787744565,0.009466073508270445,0.7628207342451007,0.9860547276175737,41,10,196,87,0.7072709253105793
C3_cash_reg_cash_features_cash_full_clean_apdtm5_hparams,bpic15_3,mix-fit,candidate,HM,heuristics_miner,8c3db9789edea2a4,17145,0.7763484666061624,0.7997195004226063,0.0,0.7763484666061624,0.0,0.023371033816443898,0.0,0.9707759610662318,1.0,2,1,196,87,0.722402563885296
C3_cash_reg_cash_features_cash_full_clean_apdtm5_hparams,bpic15_3,mix-prec,candidate,HM,heuristics_miner,8c3db9789edea2a4,17145,0.7860309211863784,0.8166597019857156,0.0,0.7860309211863784,0.0,0.030628780799337174,0.0,0.9624950506008034,1.0,2,1,196,87,0.7161922293567659
C3_cash_reg_cash_features_cash_full_clean_apdtm5_hparams,bpic15_3,mix-simp,candidate,HM,heuristics_miner,0eaf4cb89bf1c7ec,17145,0.6643347761172111,0.7807894458056361,0.0,0.6941478639113687,0.0,0.116454669688425,0.02981308779415759,0.8508500975339588,0.9570508110099663,36,11,196,87,0.6800938218264982
C3_cash_reg_cash_features_cash_full_clean_apdtm5_hparams,bpic15_3,mix-gen,candidate,HM,heuristics_miner,d3d4989f85a5bd20,17145,0.6895779790768899,0.742579996558117,0.0,0.6897313702453814,0.0,0.053002017481227126,0.00015339116849155676,0.9286245014316393,0.9997776073771489,3,2,196,87,0.6686375392962385
C3_cash_reg_cash_features_cash_full_clean_apdtm5_hparams,bpic15_4,equal,candidate,HM,heuristics_miner,342942da432f36b3,17145,0.6643185789833216,0.7570912404815519,0.0,0.7166804550536395,0.0,0.09277266149823027,0.05236187607031795,0.8774617159231406,0.92693832278934,13,6,196,87,0.6801706549973475
C3_cash_reg_cash_features_cash_full_clean_apdtm5_hparams,bpic15_4,fitn,candidate,IMd,inductive_miner_imd,f68041a3f2d86846,17145,1.0,1.0,0.0,1.0,0.0,0.0,0.0,1.0,1.0,1,1,196,87,1.0
C3_cash_reg_cash_features_cash_full_clean_apdtm5_hparams,bpic15_4,prec,candidate,HM,heuristics_miner,ef503d43d3be128e,17145,0.5860379177377892,0.9771181199752628,0.0,0.9562175795935848,0.0,0.39108020223747353,0.37017966185579554,0.59976159049494,0.6128708886390368,18,5,196,87,0.702296163300175
C3_cash_reg_cash_features_cash_full_clean_apdtm5_hparams,bpic15_4,gene,candidate,HM,heuristics_miner,140ff69851301416,17145,0.7929066888616153,0.8125621208083507,0.0,0.8125621208083507,0.0,0.019655431946735358,0.019655431946735358,0.9758105485803574,0.9758105485803574,11,8,196,87,0.7794386177516687
C3_cash_reg_cash_features_cash_full_clean_apdtm5_hparams,bpic15_4,simp,candidate,HM,heuristics_miner,140ff69851301416,17145,0.67601246105919,1.0,0.0,0.6868327402135233,0.0,0.32398753894081,0.010820279154333257,0.67601246105919,0.9842461220602713,32,3,196,87,0.6911954568720925
C3_cash_reg_cash_features_cash_full_clean_apdtm5_hparams,bpic15_4,fit+pre,candidate,HM,heuristics_miner,ef503d43d3be128e,17145,0.7105677786969731,0.8685599938464359,0.0,0.8340263293396972,0.0,0.15799221514946282,0.12345855064272415,0.818098673357276,0.8519728379073274,11,4,196,87,0.7607365003767377
C3_cash_reg_cash_features_cash_full_clean_apdtm5_hparams,bpic15_4,fit+gen,candidate,IMf,inductive_miner_imf,9a9adbfbf1882331,17145,0.8717994934557993,0.8717994934557993,0.0,0.8717994934557993,0.0,0.0,0.0,1.0,1.0,1,1,196,87,0.856487631309645
C3_cash_reg_cash_features_cash_full_clean_apdtm5_hparams,bpic15_4,fit+sim,candidate,HM,heuristics_miner,140ff69851301416,17145,0.7225165126855353,0.8675538703293734,0.0,0.7311383487964667,0.0,0.14503735764383807,0.008621836110931369,0.8328203439530809,0.9882076543719477,30,4,196,87,0.7326072333190523
C3_cash_reg_cash_features_cash_full_clean_apdtm5_hparams,bpic15_4,pre+gen,candidate,HM,heuristics_miner,ef503d43d3be128e,17145,0.6374192782505862,0.8247132962569865,0.0,0.7338448733768307,0.0,0.18729401800640033,0.09642559512624449,0.772898025463581,0.8686022092345806,19,9,196,87,0.693535541814801
C3_cash_reg_cash_features_cash_full_clean_apdtm5_hparams,bpic15_4,pre+sim,candidate,HM,heuristics_miner,ef503d43d3be128e,17145,0.5478266511765869,0.7904575186873295,0.0,0.6948643238087491,0.0,0.2426308675107426,0.14703767263216216,0.6930500858367864,0.7883936941441937,20,8,196,87,0.6054043886843913
C3_cash_reg_cash_features_cash_full_clean_apdtm5_hparams,bpic15_4,gen+sim,candidate,HM,heuristics_miner,140ff69851301416,17145,0.7344595749604026,0.8981830671938409,0.0,0.739990348233883,0.0,0.1637234922334383,0.005530773273480394,0.8177170131419274,0.9925258845785211,29,3,196,87,0.7353170373118806
C3_cash_reg_cash_features_cash_full_clean_apdtm5_hparams,bpic15_4,mix-fit,candidate,HM,heuristics_miner,ef503d43d3be128e,17145,0.6806535719832147,0.7881543306724185,0.0,0.7319172957740783,0.0,0.10750075868920372,0.051263723790863525,0.8636044306227578,0.9299596770197283,13,6,196,87,0.7085395988180369
C3_cash_reg_cash_features_cash_full_clean_apdtm5_hparams,bpic15_4,mix-prec,candidate,HM,heuristics_miner,ef503d43d3be128e,17145,0.6590364251169004,0.8064338134647024,0.0,0.7328810845754544,0.0,0.14739738834780203,0.07384465945855401,0.8172232043265463,0.8992405984917308,16,8,196,87,0.7010375703164189
C3_cash_reg_cash_features_cash_full_clean_apdtm5_hparams,bpic15_4,mix-simp,candidate,HM,heuristics_miner,140ff69851301416,17145,0.6932622670262619,0.7784157949851235,0.0,0.7037995460311011,0.0,0.08515352795886155,0.01053727900483914,0.8906066288640906,0.9850280110803403,24,4,196,87,0.6970223298471292
C3_cash_reg_cash_features_cash_full_clean_apdtm5_hparams,bpic15_4,mix-gen,candidate,HM,heuristics_miner,342942da432f36b3,17145,0.6578201998336084,0.7260281502906851,0.0,0.7014436143332008,0.0,0.06820795045707673,0.043623414499592394,0.9060532977546837,0.937809093121389,27,12,196,87,0.6692842445411696
C3_cash_reg_cash_features_cash_full_clean_apdtm5_hparams,bpic15_5,equal,candidate,HM,heuristics_miner,b7fe17a2f4b586be,17145,0.6797196727634475,0.7432661612580866,0.0,0.7432661612580866,0.0,0.06354648849463918,0.06354648849463918,0.9145037244974566,0.9145037244974566,7,5,196,87,0.6953698094032283
C3_cash_reg_cash_features_cash_full_clean_apdtm5_hparams,bpic15_5,fitn,candidate,IMd,inductive_miner_imd,9cf84c1625593f62,17145,1.0,1.0,0.0,1.0,0.0,0.0,0.0,1.0,1.0,1,1,196,87,1.0
C3_cash_reg_cash_features_cash_full_clean_apdtm5_hparams,bpic15_5,prec,candidate,HM,heuristics_miner,5cf8270e1adc63ea,17145,0.8006730007917656,0.9914236706689536,0.0,0.8510936623667975,0.0,0.19075066987718803,0.05042066157503189,0.8075992378228363,0.9407577992828455,6,3,196,87,0.750897951715496
C3_cash_reg_cash_features_cash_full_clean_apdtm5_hparams,bpic15_5,gene,candidate,HM,heuristics_miner,02c0ac1769ed3c9b,17145,0.7842728945075981,0.8420322364834529,0.0,0.7984274485451801,0.0,0.05775934197585486,0.014154554037582034,0.9314048328873097,0.9822719596334355,10,6,196,87,0.7721601141684766
C3_cash_reg_cash_features_cash_full_clean_apdtm5_hparams,bpic15_5,simp,candidate,HM,heuristics_miner,3717d5a75e1d79f1,17145,0.672316384180791,1.0,0.0,0.6866096866096866,0.0,0.327683615819209,0.014293302428895593,0.672316384180791,0.9791827835994094,36,4,196,87,0.6628118399684962
C3_cash_reg_cash_features_cash_full_clean_apdtm5_hparams,bpic15_5,fit+pre,candidate,HM,heuristics_miner,5cf8270e1adc63ea,17145,0.8057687960921467,0.8302814710249038,0.0,0.8302814710249038,0.0,0.024512674932757106,0.024512674932757106,0.9704766687103128,0.9704766687103128,6,3,196,87,0.7804932141152914
C3_cash_reg_cash_features_cash_full_clean_apdtm5_hparams,bpic15_5,fit+gen,candidate,IMf,inductive_miner_imf,ba24ee5ec94fe512,17145,0.8240169893948553,0.8491470544465778,0.0,0.8491470544465778,0.0,0.02513006505172244,0.02513006505172244,0.9704055205513247,0.9704055205513247,2,2,196,87,0.8708368860947816
C3_cash_reg_cash_features_cash_full_clean_apdtm5_hparams,bpic15_5,fit+sim,candidate,HM,heuristics_miner,02c0ac1769ed3c9b,17145,0.7126871153285965,0.8492461162887588,0.0,0.7205271092930995,0.0,0.13655900096016227,0.007839993964502967,0.839199734516384,0.9891190853704385,31,4,196,87,0.7193650094289032
C3_cash_reg_cash_features_cash_full_clean_apdtm5_hparams,bpic15_5,pre+gen,candidate,HM,heuristics_miner,5cf8270e1adc63ea,17145,0.7418555307648408,0.8116192280976056,0.0,0.8116192280976056,0.0,0.06976369733276477,0.06976369733276477,0.9140438090700643,0.9140438090700643,6,4,196,87,0.7276146615879435
C3_cash_reg_cash_features_cash_full_clean_apdtm5_hparams,bpic15_5,pre+sim,candidate,HM,heuristics_miner,5cf8270e1adc63ea,17145,0.6373798308971572,0.7827816467542539,0.0,0.6844268346076785,0.0,0.14540181585709666,0.047047003710521285,0.8142498403482062,0.9312607260095388,8,4,196,87,0.6326624618050782
C3_cash_reg_cash_features_cash_full_clean_apdtm5_hparams,bpic15_5,gen+sim,candidate,HM,heuristics_miner,f1290783f4c08588,17145,0.7425185675774333,0.9210161182417265,0.0,0.7425185675774333,0.0,0.17849755066429318,0.0,0.8061949762561643,1.0,29,1,196,87,0.7133277903195614
C3_cash_reg_cash_features_cash_full_clean_apdtm5_hparams,bpic15_5,mix-fit,candidate,HM,heuristics_miner,5cf8270e1adc63ea,17145,0.7276688750688423,0.7619159908588385,0.0,0.7619159908588385,0.0,0.034247115789996285,0.034247115789996285,0.9550513229793318,0.9550513229793318,5,3,196,87,0.7226233076456547
C3_cash_reg_cash_features_cash_full_clean_apdtm5_hparams,bpic15_5,mix-prec,candidate,HM,heuristics_miner,5cf8270e1adc63ea,17145,0.7347622029168414,0.7845385057794597,0.0,0.7845385057794597,0.0,0.04977630286261836,0.04977630286261836,0.9365533973209329,0.9365533973209329,6,4,196,87,0.725118984616799
C3_cash_reg_cash_features_cash_full_clean_apdtm5_hparams,bpic15_5,mix-simp,candidate,HM,heuristics_miner,b7fe17a2f4b586be,17145,0.6746862998423737,0.7677189214161869,0.0,0.7067950383769899,0.0,0.0930326215738132,0.032108738534616155,0.8788194233871442,0.9545713583270939,36,10,196,87,0.6882841280958315
C3_cash_reg_cash_features_cash_full_clean_apdtm5_hparams,bpic15_5,mix-gen,candidate,HM,heuristics_miner,b7fe17a2f4b586be,17145,0.6693701899661375,0.7246163316573346,0.0,0.7246163316573346,0.0,0.055246141691197126,0.055246141691197126,0.9237580782027935,0.9237580782027935,14,4,196,87,0.6833274976791883
C3_cash_reg_cash_features_cash_full_clean_apdtm5_hparams,hospital_billing,equal,candidate,HM,heuristics_miner,f07518fbf57438d0,17145,0.8592245830013778,0.8734035144022313,0.0,0.8682534093885091,0.7080210029131718,0.014178931400853467,0.009028826387131317,0.9837658869388021,0.943651683290914,11,9,196,87,0.8714512522928839
C3_cash_reg_cash_features_cash_full_clean_apdtm5_hparams,hospital_billing,fitn,candidate,IMf,inductive_miner_imf,def98b53d2d054f9,17145,0.9999612581329096,1.0,0.0,1.0,0.6797553093982478,3.874186709040828e-05,3.874186709040828e-05,0.9999612581329096,0.9998790241704941,10,9,196,87,0.9992075362965358
C3_cash_reg_cash_features_cash_full_clean_apdtm5_hparams,hospital_billing,prec,candidate,HM,heuristics_miner,97616377bd2ffcfc,17145,0.9953352618763676,1.0,0.0,1.0,0.3812349478652709,0.004664738123632439,0.004664738123632439,0.9953352618763676,0.992461212688824,33,19,196,87,0.9942461364395778
C3_cash_reg_cash_features_cash_full_clean_apdtm5_hparams,hospital_billing,gene,candidate,IMf,inductive_miner_imf,def98b53d2d054f9,17145,0.974570314262808,0.974570314262808,0.0,0.974570314262808,0.7467548005194038,0.0,0.0,1.0,1.0,1,1,196,87,0.9559708947603454
C3_cash_reg_cash_features_cash_full_clean_apdtm5_hparams,hospital_billing,simp,candidate,HM,heuristics_miner,35c7ace19149cb35,17145,0.6103896103896105,1.0,0.0,1.0,0.4647887323943662,0.3896103896103895,0.3896103896103895,0.6103896103896105,0.2720437457279565,28,16,196,87,0.6564888545869506
C3_cash_reg_cash_features_cash_full_clean_apdtm5_hparams,hospital_billing,fit+pre,candidate,HM,heuristics_miner,2cb39729215e6a14,17145,0.9860094859944556,0.9891405829759681,0.0,0.9891405829759681,0.5332474169726289,0.0031310969815124823,0.0031310969815124823,0.9968345278361826,0.9931319501694624,14,14,196,87,0.9796513415122361
C3_cash_reg_cash_features_cash_full_clean_apdtm5_hparams,hospital_billing,fit+gen,candidate,IMf,inductive_miner_imf,def98b53d2d054f9,17145,0.9872657861978589,0.9872657861978589,0.0,0.9872657861978589,0.7961812639516811,0.0,0.0,1.0,1.0,1,1,196,87,0.9775892155284406
C3_cash_reg_cash_features_cash_full_clean_apdtm5_hparams,hospital_billing,fit+sim,candidate,HM,heuristics_miner,ac83307e4d4f5113,17145,0.7551183110695285,0.8398776546991239,0.0,0.8398776546991239,0.641914649335458,0.08475934362959536,0.08475934362959536,0.8990813207669403,0.5718425092916269,60,55,196,87,0.8058369238709504
C3_cash_reg_cash_features_cash_full_clean_apdtm5_hparams,hospital_billing,pre+gen,candidate,HM,heuristics_miner,deb6ce3bd5707298,17145,0.9411109907029527,0.9583893297505974,0.0,0.9583893297505974,0.6474969122664587,0.017278339047644753,0.017278339047644753,0.981971482244965,0.9444234144162545,22,22,196,87,0.9513810867243089
C3_cash_reg_cash_features_cash_full_clean_apdtm5_hparams,hospital_billing,pre+sim,candidate,HM,heuristics_miner,6670f6fd005dae24,17145,0.7992093755119596,0.8030539885899708,0.0,0.8030539885899708,0.4457061813031991,0.0038446130780112053,0.0038446130780112053,0.9952125098279361,0.9892412573979336,3,3,196,87,0.8141840987830915
C3_cash_reg_cash_features_cash_full_clean_apdtm5_hparams,hospital_billing,gen+sim,candidate,AM,alpha_miner_classic,dd1a8da3834bc19e,17145,0.9563036092525572,0.9594156800838197,0.0,0.9563036092525572,0.6098394941225178,0.0031120708312625256,0.0,0.9967562852099826,1.0,2,1,196,87,0.7851348523177879
C3_cash_reg_cash_features_cash_full_clean_apdtm5_hparams,hospital_billing,mix-fit,candidate,HM,heuristics_miner,f07518fbf57438d0,17145,0.893828364087292,0.8999403930024692,0.0,0.8999403930024692,0.6791847029739135,0.006112028915177148,0.006112028915177148,0.9932084069537255,0.9723131534485633,6,6,196,87,0.8990319398488753
C3_cash_reg_cash_features_cash_full_clean_apdtm5_hparams,hospital_billing,mix-prec,candidate,HM,heuristics_miner,82e6753d01a7f989,17145,0.9152953821490774,0.9266041872906543,0.0,0.9266041872906543,0.6644290372499877,0.01130880514157695,0.01130880514157695,0.9877954305660507,0.9568654575392717,15,15,196,87,0.9242158370379544
C3_cash_reg_cash_features_cash_full_clean_apdtm5_hparams,hospital_billing,mix-simp,candidate,HM,heuristics_miner,ac83307e4d4f5113,17145,0.7948282677896091,0.8448731726232275,0.0,0.8251219889751983,0.6819932536640475,0.05004490483361834,0.03029372118558915,0.9407663700834114,0.7883463364660287,25,21,196,87,0.8240555510878942
C3_cash_reg_cash_features_cash_full_clean_apdtm5_hparams,hospital_billing,mix-gen,candidate,HM,heuristics_miner,f07518fbf57438d0,17145,0.8246208019154635,0.8574303226558113,0.0,0.8397114144626169,0.6999510479823836,0.03280952074034782,0.015090612547153381,0.961735058962315,0.8920250931848573,24,19,196,87,0.8438705647368924
C3_cash_reg_cash_features_cash_full_clean_apdtm5_hparams,road_traffic_fines,equal,candidate,HM,heuristics_miner,fcbe54d7b21b45c9,17145,0.8923412477311364,0.9091484776358276,0.0,0.8933839266085828,0.7357034000201228,0.01680722990469119,0.001042678877446357,0.9815132177877071,0.9933873960215284,5,2,196,87,0.8780047122654508
C3_cash_reg_cash_features_cash_full_clean_apdtm5_hparams,road_traffic_fines,fitn,candidate,IMf,inductive_miner_imf,8a4d6618dcf349b1,17145,0.9883378207431168,1.0,0.0,1.0,0.637766272135165,0.011662179256883176,0.011662179256883176,0.9883378207431168,0.9678048222466052,12,9,196,87,0.9981735392166995
C3_cash_reg_cash_features_cash_full_clean_apdtm5_hparams,road_traffic_fines,prec,candidate,HM,heuristics_miner,fcbe54d7b21b45c9,17145,0.99682952439645,1.0,0.0,1.0,0.5080563293025482,0.0031704756035499937,0.0031704756035499937,0.99682952439645,0.9935552060278465,83,17,196,87,0.9886626158360836
C3_cash_reg_cash_features_cash_full_clean_apdtm5_hparams,road_traffic_fines,gene,candidate,IMf,inductive_miner_imf,11a2a0f5b1456f60,17145,0.9915542309623429,0.9916370973254746,0.0,0.9916370973254746,0.8113477734085984,8.286636313170614e-05,8.286636313170614e-05,0.9999164347891429,0.9995403701043889,2,2,196,87,0.9650395207539121
C3_cash_reg_cash_features_cash_full_clean_apdtm5_hparams,road_traffic_fines,simp,candidate,AM,alpha_miner_classic,e3a8e709ceed9a3b,17145,0.6571428571428571,0.8,0.0,0.7142857142857143,0.5,0.1428571428571429,0.05714285714285716,0.8214285714285714,0.7333333333333333,45,31,196,87,0.6906261305034378
C3_cash_reg_cash_features_cash_full_clean_apdtm5_hparams,road_traffic_fines,fit+pre,candidate,HM,heuristics_miner,3e91b938b8f5c415,17145,0.9404686656620806,0.9901742494392978,0.0,0.9901742494392978,0.6500603519943688,0.04970558377721712,0.04970558377721712,0.9498011750907845,0.853856063658012,83,40,196,87,0.9758642042039585
C3_cash_reg_cash_features_cash_full_clean_apdtm5_hparams,road_traffic_fines,fit+gen,candidate,IMf,inductive_miner_imf,8a4d6618dcf349b1,17145,0.8998427970758576,0.9953412031561973,0.0,0.9953412031561973,0.8116581555420307,0.09549840608033977,0.09549840608033977,0.9040546038107162,0.4800913458223,110,83,196,87,0.9796421392712662
C3_cash_reg_cash_features_cash_full_clean_apdtm5_hparams,road_traffic_fines,fit+sim,candidate,IMf,inductive_miner_imf,af77e003c49349e3,17145,0.7939097648619096,0.869886942078606,0.0,0.8329591036253352,0.6474545646390111,0.07597717721669639,0.039049338763425645,0.912658561082492,0.7894965860306822,63,59,196,87,0.8206027236851584
C3_cash_reg_cash_features_cash_full_clean_apdtm5_hparams,road_traffic_fines,pre+gen,candidate,HM,heuristics_miner,ef4113231a5100ca,17145,0.944342171814906,0.9899221054016767,0.0,0.9833497696562996,0.7247273279622504,0.045579933586770705,0.039007597841393626,0.9539560402398773,0.8491716434742361,70,43,196,87,0.9410566638415201
C3_cash_reg_cash_features_cash_full_clean_apdtm5_hparams,road_traffic_fines,pre+sim,candidate,HM,heuristics_miner,fcbe54d7b21b45c9,17145,0.810914762198225,0.8710629687671056,0.0,0.8423042102743643,0.5107849214080309,0.06014820656888065,0.031389448076139304,0.9309484977256997,0.9053163748526399,19,4,196,87,0.8299424303834447
C3_cash_reg_cash_features_cash_full_clean_apdtm5_hparams,road_traffic_fines,gen+sim,candidate,AM,alpha_miner_classic,e3a8e709ceed9a3b,17145,0.8213464480458768,0.8875669341178665,0.0,0.8257904635723481,0.6997400824689752,0.06622048607198971,0.004444015526471334,0.9253909947222123,0.9647441325637339,13,5,196,87,0.8054734562864035
C3_cash_reg_cash_features_cash_full_clean_apdtm5_hparams,road_traffic_fines,mix-fit,candidate,HM,heuristics_miner,fcbe54d7b21b45c9,17145,0.9130128915309834,0.917489504487446,0.0,0.9137759554921854,0.683796413733599,0.004476612956462622,0.0007630639612019596,0.9951208019987504,0.9966820354742555,4,3,196,87,0.904252950029097
C3_cash_reg_cash_features_cash_full_clean_apdtm5_hparams,road_traffic_fines,mix-prec,candidate,HM,heuristics_miner,fcbe54d7b21b45c9,17145,0.9474222871972622,0.9485628625742423,0.0,0.9485628625742423,0.7510505419770113,0.0011405753769800908,0.0011405753769800908,0.9987975753405686,0.9942252950421966,3,3,196,87,0.9221620281617815
C3_cash_reg_cash_features_cash_full_clean_apdtm5_hparams,road_traffic_fines,mix-simp,candidate,HM,heuristics_miner,2ae4beb85b90ac80,17145,0.8370149802482647,0.8891275547093468,0.0,0.8480373795977749,0.717532475472829,0.052112574461082084,0.011022399349510215,0.9413890907046317,0.9155403436873352,18,15,196,87,0.8339999260628408
C3_cash_reg_cash_features_cash_full_clean_apdtm5_hparams,road_traffic_fines,mix-gen,candidate,HM,heuristics_miner,fcbe54d7b21b45c9,17145,0.8716696039312893,0.9083681673400874,0.0,0.8729918977249802,0.7441449528724383,0.03669856340879807,0.0013222937936908652,0.959599461178544,0.9897374843058626,6,3,196,87,0.8517564745018047
C3_cash_reg_cash_features_cash_full_clean_apdtm5_hparams,sepsis,equal,candidate,HM,heuristics_miner,a28bf9046da7a176,17232,0.8046221974010864,0.835724100545018,0.0,0.835724100545018,0.5249929107876445,0.031101903143931575,0.031101903143931575,0.9627844845880974,0.8999073663373905,22,22,196,87,0.7927729485561128
C3_cash_reg_cash_features_cash_full_clean_apdtm5_hparams,sepsis,fitn,candidate,IMf,inductive_miner_imf,d2347a45df322d9c,17232,1.0,1.0,0.0,1.0,0.2658896119719338,0.0,0.0,1.0,1.0,1,1,196,87,0.9991455547093612
C3_cash_reg_cash_features_cash_full_clean_apdtm5_hparams,sepsis,prec,candidate,HM,heuristics_miner,85ca58f2419ab5bc,17232,0.989007470651014,1.0,0.0,0.997843665768194,0.179251018798475,0.01099252934898598,0.008836195117180035,0.989007470651014,0.9892056260828997,26,9,196,87,0.8577392809753317
C3_cash_reg_cash_features_cash_full_clean_apdtm5_hparams,sepsis,gene,candidate,IMf,inductive_miner_imf,d2347a45df322d9c,17232,0.9266596408851776,0.9290801678868448,0.0,0.9266596408851776,0.6782612557950953,0.002420527001667172,0.0,0.9973947059841213,1.0,2,1,196,87,0.9514798661178517
C3_cash_reg_cash_features_cash_full_clean_apdtm5_hparams,sepsis,simp,candidate,HM,heuristics_miner,aea713d60d4d2a3f,17232,0.5609756097560976,0.7567567567567567,0.0,0.6571428571428571,0.4331983805668016,0.19578114700065907,0.09616724738675952,0.741289198606272,0.5705754888127397,61,26,196,87,0.6585610185027371
C3_cash_reg_cash_features_cash_full_clean_apdtm5_hparams,sepsis,fit+pre,candidate,HM,heuristics_miner,9bbc6ecb6371d354,17232,0.840628517292286,0.9487189551442285,0.0,0.9487189551442285,0.354265925407767,0.1080904378519425,0.1080904378519425,0.8860669566410107,0.8181682446805559,73,54,196,87,0.8490562065464373
C3_cash_reg_cash_features_cash_full_clean_apdtm5_hparams,sepsis,fit+gen,candidate,IMf,inductive_miner_imf,d2347a45df322d9c,17232,0.9633298204425889,0.9633298204425889,0.0,0.9633298204425889,0.5895342673708803,0.0,0.0,1.0,1.0,1,1,196,87,0.9753127104136065
C3_cash_reg_cash_features_cash_full_clean_apdtm5_hparams,sepsis,fit+sim,candidate,IMf,inductive_miner_imf,aca8a143c5e4f9c1,17232,0.7900670904768077,0.8140244733789898,0.0,0.8140244733789898,0.37207524076857557,0.02395738290218208,0.02395738290218208,0.9705692105266371,0.9457915499464145,19,16,196,87,0.7924296787447038
C3_cash_reg_cash_features_cash_full_clean_apdtm5_hparams,sepsis,pre+gen,candidate,HM,heuristics_miner,85ca58f2419ab5bc,17232,0.9092130397061018,0.9381130457761724,0.0,0.9381130457761724,0.5529553298418263,0.028900006070070594,0.028900006070070594,0.9691934717247649,0.9249657870673507,34,27,196,87,0.8673973170651859
C3_cash_reg_cash_features_cash_full_clean_apdtm5_hparams,sepsis,pre+sim,candidate,HM,heuristics_miner,85ca58f2419ab5bc,17232,0.7922565443142711,0.8491941359263719,0.0,0.7922565443142711,0.3168982366719647,0.05693759161210088,0.0,0.9329510306262435,1.0,2,1,196,87,0.725334952813298
C3_cash_reg_cash_features_cash_full_clean_apdtm5_hparams,sepsis,gen+sim,candidate,IMf,inductive_miner_imf,aca8a143c5e4f9c1,17232,0.7629044029207481,0.8216829410862796,0.0,0.7724018487436433,0.5856282819074967,0.05877853816553147,0.009497445822895134,0.9284656706054708,0.9491499467308075,18,5,196,87,0.781558871782713
C3_cash_reg_cash_features_cash_full_clean_apdtm5_hparams,sepsis,mix-fit,candidate,HM,heuristics_miner,29b724b9a3cc3531,17232,0.8491540806070244,0.8604442533384715,0.0,0.8604442533384715,0.4261185826318798,0.011290172731447168,0.011290172731447168,0.9868786703059007,0.9740052833785313,15,15,196,87,0.8059227694040763
C3_cash_reg_cash_features_cash_full_clean_apdtm5_hparams,sepsis,mix-prec,candidate,HM,heuristics_miner,9ef86a23b6ceb07c,17232,0.852984571027254,0.8992786495573217,0.0,0.8992786495573217,0.5520145817192966,0.04629407853006773,0.04629407853006773,0.94852087442212,0.8666891198439202,40,39,196,87,0.8266052672300743
C3_cash_reg_cash_features_cash_full_clean_apdtm5_hparams,sepsis,mix-simp,candidate,HM,heuristics_miner,43f79180cd1f397f,17232,0.7719034390750825,0.7905131280697297,0.0,0.7809212822554452,0.4979712398559925,0.01860968899464721,0.009017843180362695,0.9764587223996036,0.968129203643547,10,7,196,87,0.774793556409155
C3_cash_reg_cash_features_cash_full_clean_apdtm5_hparams,sepsis,mix-gen,candidate,HM,heuristics_miner,7da43d32b3a94cdb,17232,0.8042559097736921,0.8286673700233692,0.0,0.8117108206647771,0.6238672389434095,0.024411460249677108,0.007454910891084965,0.9705413038660027,0.9603131987647947,7,6,196,87,0.7861544008397845
C4_cash_reg_cash_features_cash_full_clean_all_algos_default,bpi2012,equal,candidate,HM,heuristics_miner,338af92936f97ac9,1977,0.8264055189438223,0.8454937775108162,0.0,0.8264055189438223,0.0,0.01908825856699392,0.0,0.9774235374940418,1.0,8,1,196,10,0.7113893681733069
C4_cash_reg_cash_features_cash_full_clean_all_algos_default,bpi2012,fitn,candidate,IMd,inductive_miner_imd,150cca891c03e36c,1977,1.0,1.0,0.0,1.0,0.0,0.0,0.0,1.0,1.0,1,1,196,10,0.9306193798675697
C4_cash_reg_cash_features_cash_full_clean_all_algos_default,bpi2012,prec,candidate,,split_miner,727d2890891ca23e,1977,0.8368884862460879,1.0,0.0,0.993641212535353,0.0,0.16311151375391209,0.15675272628926507,0.8368884862460879,0.8422441377111379,77,3,196,10,0.7033068015115146
C4_cash_reg_cash_features_cash_full_clean_all_algos_default,bpi2012,gene,candidate,AM,alpha_miner_classic,f5dfdeada5f4e603,1977,0.9832966969411556,0.9846855427449372,0.0,0.9846855427449372,0.0,0.0013888458037816243,0.0013888458037816243,0.9985895539809491,0.9985895539809491,11,3,196,10,0.9684580013325885
C4_cash_reg_cash_features_cash_full_clean_all_algos_default,bpi2012,simp,candidate,AM,alpha_miner_classic,f5dfdeada5f4e603,1977,0.853658536585366,0.853658536585366,0.0,0.853658536585366,0.0,0.0,0.0,1.0,1.0,1,1,196,10,0.5926121969472716
C4_cash_reg_cash_features_cash_full_clean_all_algos_default,bpi2012,fit+pre,candidate,HM,heuristics_miner,338af92936f97ac9,1977,0.9085934753762067,0.9301612956045748,0.0,0.9085934753762067,0.0,0.021567820228368118,0.0,0.9768128169487532,1.0,6,1,196,10,0.7714986649401137
C4_cash_reg_cash_features_cash_full_clean_all_algos_default,bpi2012,fit+gen,candidate,IMd,inductive_miner_imd,150cca891c03e36c,1977,0.9923427713724686,0.9923427713724686,0.0,0.9923427713724686,0.0,0.0,0.0,1.0,1.0,1,1,196,10,0.9288983827812209
C4_cash_reg_cash_features_cash_full_clean_all_algos_default,bpi2012,fit+sim,candidate,IM,inductive_miner_im,40ae54cd34f036ae,1977,0.7950530873536228,0.8121921418178204,0.0,0.7950530873536228,0.0,0.01713905446419761,0.0,0.9788977834409508,1.0,5,1,196,10,0.7417817334976604
C4_cash_reg_cash_features_cash_full_clean_all_algos_default,bpi2012,pre+gen,candidate,,split_miner,727d2890891ca23e,1977,0.9035722438920919,0.9634656515705695,0.0,0.9308087292333025,0.0,0.05989340767847762,0.027236485341210592,0.9378354510294749,0.9707389021118817,65,3,196,10,0.743302026547487
C4_cash_reg_cash_features_cash_full_clean_all_algos_default,bpi2012,pre+sim,candidate,,split_miner,727d2890891ca23e,1977,0.7871311118099127,0.8077460186427269,0.0,0.7871311118099127,0.0,0.020614906832814195,0.0,0.9744784791790694,1.0,8,1,196,10,0.6194923195913178
C4_cash_reg_cash_features_cash_full_clean_all_algos_default,bpi2012,gen+sim,candidate,AM,alpha_miner_classic,f5dfdeada5f4e603,1977,0.9184776167632608,0.9184776167632608,0.0,0.9184776167632608,0.0,0.0,0.0,1.0,1.0,1,1,196,10,0.78053509913993
C4_cash_reg_cash_features_cash_full_clean_all_algos_default,bpi2012,mix-fit,candidate,HM,heuristics_miner,338af92936f97ac9,1977,0.83840005945888,0.8579335371394458,0.0,0.83840005945888,0.0,0.01953347768056579,0.0,0.9772319453256308,1.0,6,1,196,10,0.732945368179505
C4_cash_reg_cash_features_cash_full_clean_all_algos_default,bpi2012,mix-prec,candidate,HM,heuristics_miner,338af92936f97ac9,1977,0.8846043943460911,0.9094815824532984,0.0,0.8846043943460911,0.0,0.024877188107207293,0.0,0.9726468478447888,1.0,6,1,196,10,0.7283866649277176
C4_cash_reg_cash_features_cash_full_clean_all_algos_default,bpi2012,mix-simp,candidate,IM,inductive_miner_im,40ae54cd34f036ae,1977,0.749841418803626,0.8154342316428806,0.0,0.7682066435415533,0.0,0.06559281283925467,0.018365224737927344,0.9195608789845592,0.9760933794411608,51,3,196,10,0.701200966726303
C4_cash_reg_cash_features_cash_full_clean_all_algos_default,bpi2012,mix-gen,candidate,HM,heuristics_miner,338af92936f97ac9,1977,0.8144109784287645,0.858090575541927,0.0,0.8379874314584572,0.0,0.043679597113162494,0.02357645302969269,0.9490967523031276,0.9718653858702158,14,2,196,10,0.6898333681671089
C4_cash_reg_cash_features_cash_full_clean_all_algos_default,bpi2013_closed_problems,equal,candidate,IMf,inductive_miner_imf,2bfbec63c5b94b8a,1987,0.8326648346142267,0.9163782860150957,0.0,0.8856717323021799,0.0,0.08371345140086905,0.05300689768795319,0.90864749560479,0.9401506271966373,104,5,196,10,0.8680866243341732
C4_cash_reg_cash_features_cash_full_clean_all_algos_default,bpi2013_closed_problems,fitn,candidate,IM,inductive_miner_im,8f8f99e301cae23f,1987,1.0,1.0,0.0,1.0,0.0,0.0,0.0,1.0,1.0,1,1,196,10,0.996500676438434
C4_cash_reg_cash_features_cash_full_clean_all_algos_default,bpi2013_closed_problems,prec,candidate,,split_miner,e7a29190228d9157,1987,0.9280977766220256,1.0,0.0,1.0,0.0,0.07190222337797436,0.07190222337797436,0.9280977766220256,0.9280977766220256,145,4,196,10,0.918239251082707
C4_cash_reg_cash_features_cash_full_clean_all_algos_default,bpi2013_closed_problems,gene,candidate,,ilp_miner,10886c3391cdc611,1987,0.9262382903865688,0.9751741745874558,0.0,0.9417621438127408,0.0,0.048935884200887014,0.015523853426172018,0.9498183140241699,0.9835161632603712,27,2,196,10,0.9437520977855166
C4_cash_reg_cash_features_cash_full_clean_all_algos_default,bpi2013_closed_problems,simp,candidate,,alpha_miner_plus,e787a9b1833ccccd,1987,0.0,1.0,0.0,1.0,0.0,1.0,1.0,0.0,0.0,191,10,196,10,0.9729440102381278
C4_cash_reg_cash_features_cash_full_clean_all_algos_default,bpi2013_closed_problems,fit+pre,candidate,IMf,inductive_miner_imf,2bfbec63c5b94b8a,1987,0.8966067939275515,0.9833244744389686,0.0,0.9314647007105864,0.0,0.08671768051141715,0.03485790678303491,0.9118117338014051,0.9625773185431044,85,2,196,10,0.9241749059353437
C4_cash_reg_cash_features_cash_full_clean_all_algos_default,bpi2013_closed_problems,fit+gen,candidate,IM,inductive_miner_im,8f8f99e301cae23f,1987,0.9385341960556188,0.9768396200213343,0.0,0.9708810719063704,0.0,0.03830542396571546,0.03234687585075158,0.9607863735452511,0.9666829678868525,24,3,196,10,0.9639225498139693
C4_cash_reg_cash_features_cash_full_clean_all_algos_default,bpi2013_closed_problems,fit+sim,candidate,IMf,inductive_miner_imf,2bfbec63c5b94b8a,1987,0.8301886792452831,0.8813768133238105,0.0,0.8421052631578947,0.0,0.0511881340785274,0.011916583912611634,0.9419225315384814,0.9858490566037736,53,2,196,10,0.8458505706130577
C4_cash_reg_cash_features_cash_full_clean_all_algos_default,bpi2013_closed_problems,pre+gen,candidate,,split_miner,e7a29190228d9157,1987,0.9223549479048988,0.9873630729568104,0.0,0.9511618447181912,0.0,0.06500812505191156,0.028806896813292404,0.9341598578755486,0.969713990344275,32,3,196,10,0.918887454934654
C4_cash_reg_cash_features_cash_full_clean_all_algos_default,bpi2013_closed_problems,pre+sim,candidate,,split_miner,e7a29190228d9157,1987,0.8871258113879359,1.0,0.0,1.0,0.0,0.11287418861206411,0.11287418861206411,0.8871258113879359,0.8871258113879359,81,4,196,10,0.907993300954669
C4_cash_reg_cash_features_cash_full_clean_all_algos_default,bpi2013_closed_problems,gen+sim,candidate,,alpha_miner_plus,e787a9b1833ccccd,1987,0.0,0.9875870872937279,0.0,0.9511618447181912,0.0,0.9875870872937279,0.9511618447181912,0.0,0.0,191,10,196,10,0.9339763756530359
C4_cash_reg_cash_features_cash_full_clean_all_algos_default,bpi2013_closed_problems,mix-fit,candidate,IMf,inductive_miner_imf,2bfbec63c5b94b8a,1987,0.8577463872657678,0.9341168759050021,0.0,0.8687322836083959,0.0,0.07637048863923435,0.010985896342628143,0.91824311217454,0.9873541060348342,84,2,196,10,0.8860747262304183
C4_cash_reg_cash_features_cash_full_clean_all_algos_default,bpi2013_closed_problems,mix-prec,candidate,IMf,inductive_miner_imf,2bfbec63c5b94b8a,1987,0.846443688624469,0.9478472946591554,0.0,0.898769754785382,0.0,0.10140360603468646,0.052326066160913065,0.8930169378484631,0.9417803437617813,108,5,196,10,0.8881987021428531
C4_cash_reg_cash_features_cash_full_clean_all_algos_default,bpi2013_closed_problems,mix-simp,candidate,IMf,inductive_miner_imf,2bfbec63c5b94b8a,1987,0.8188859806039843,0.8876203584183078,0.0,0.8725737098189776,0.0,0.06873437781432346,0.05368772921499332,0.9225633153155652,0.9384719839586604,71,5,196,10,0.8479745465254929
C4_cash_reg_cash_features_cash_full_clean_all_algos_default,bpi2013_closed_problems,mix-gen,candidate,,split_miner,e7a29190228d9157,1987,0.874525151934789,0.9265291608189077,0.0,0.9249657997517868,0.0,0.05200400888411871,0.05044064781699786,0.9438722372880792,0.945467553686273,19,2,196,10,0.8820359730134053
C4_cash_reg_cash_features_cash_full_clean_all_algos_default,bpi2013_incidents,equal,candidate,IMf,inductive_miner_imf,ecc1d0166bfd7823,1987,0.7909074147300356,0.9227713113840779,0.0,0.8512319772476271,0.6525859375637348,0.1318638966540423,0.06032456251759155,0.8571001340990351,0.6963213431609977,150,4,196,10,0.8482188702077724
C4_cash_reg_cash_features_cash_full_clean_all_algos_default,bpi2013_incidents,fitn,candidate,IM,inductive_miner_im,1d6773312dd28578,1987,1.0,1.0,0.0,1.0,0.2261167659340351,0.0,0.0,1.0,1.0,1,1,196,10,0.9892117057699303
C4_cash_reg_cash_features_cash_full_clean_all_algos_default,bpi2013_incidents,prec,candidate,,split_miner,7718689c93cef8e5,1987,0.8672789896670494,1.0,0.0,0.9998279421885754,0.0,0.13272101033295058,0.132548952521526,0.8672789896670494,0.8674282374711566,133,3,196,10,0.8811416584239389
C4_cash_reg_cash_features_cash_full_clean_all_algos_default,bpi2013_incidents,gene,candidate,IM,inductive_miner_im,1d6773312dd28578,1987,0.871132170779936,0.9924026869731328,0.0,0.9374222306098524,0.8452125351032832,0.12127051619319684,0.06629005982991643,0.8778011005158837,0.2810944720537139,149,8,196,10,0.9583460078074524
C4_cash_reg_cash_features_cash_full_clean_all_algos_default,bpi2013_incidents,simp,candidate,AM,alpha_miner_classic,ed85abd9c8a01ce2,1987,1.0,1.0,0.0,1.0,0.3846153846153846,0.0,0.0,1.0,1.0,1,1,196,10,0.8199453185703183
C4_cash_reg_cash_features_cash_full_clean_all_algos_default,bpi2013_incidents,fit+pre,candidate,IMf,inductive_miner_imf,ecc1d0166bfd7823,1987,0.8129154107367698,0.9765794350540196,0.0,0.9404450614048587,0.41306632598907267,0.1636640243172498,0.12752965066808897,0.8324109453439426,0.7581820386300854,100,2,196,10,0.8758032178738843
C4_cash_reg_cash_features_cash_full_clean_all_algos_default,bpi2013_incidents,fit+gen,candidate,IM,inductive_miner_im,1d6773312dd28578,1987,0.935566085389968,0.9948630084104291,0.0,0.9687111153049262,0.5543076911444477,0.05929692302046108,0.03314502991495816,0.9403968963373114,0.9200174805936867,60,4,196,10,0.9737788567886914
C4_cash_reg_cash_features_cash_full_clean_all_algos_default,bpi2013_incidents,fit+sim,candidate,IMf,inductive_miner_imf,ecc1d0166bfd7823,1987,0.8333333333333333,0.8762171658937965,0.0,0.8562159532363469,0.6059729607026312,0.04288383256046324,0.022882619903013657,0.9510579862736208,0.9085583988933051,24,4,196,10,0.832027874474871
C4_cash_reg_cash_features_cash_full_clean_all_algos_default,bpi2013_incidents,pre+gen,candidate,,split_miner,7718689c93cef8e5,1987,0.8892272308925537,0.9962013434865664,0.0,0.942540567067092,0.4489559218911229,0.10697411259401268,0.05331333617453826,0.8926179799962745,0.8919874499833126,134,3,196,10,0.9066642443605959
C4_cash_reg_cash_features_cash_full_clean_all_algos_default,bpi2013_incidents,pre+sim,candidate,,split_miner,7718689c93cef8e5,1987,0.8669728281668581,1.0,0.0,0.8999139710942877,0.4130434782608695,0.13302717183314194,0.03294114292742967,0.8669728281668581,0.932341056990898,59,2,196,10,0.8463486251026386
C4_cash_reg_cash_features_cash_full_clean_all_algos_default,bpi2013_incidents,gen+sim,candidate,,split_miner,7718689c93cef8e5,1987,0.8889210693923624,0.9962013434865664,0.0,0.94124930817743,0.6512229545426818,0.10728027409420404,0.05232823878506765,0.8923106510590139,0.8195741934163386,23,3,196,10,0.8718712110392955
C4_cash_reg_cash_features_cash_full_clean_all_algos_default,bpi2013_incidents,mix-fit,candidate,IMf,inductive_miner_imf,ecc1d0166bfd7823,1987,0.8081957968533888,0.9349837317539983,0.0,0.8784138891748832,0.5587013338223332,0.12678793490060947,0.07021809232149434,0.8643955711798754,0.7803711767150833,99,3,196,10,0.856014410127637
C4_cash_reg_cash_features_cash_full_clean_all_algos_default,bpi2013_incidents,mix-prec,candidate,,split_miner,7718689c93cef8e5,1987,0.7759867551166229,0.9521545943141786,0.0,0.8860812375503468,0.5292512387770385,0.17616783919755574,0.110094482433724,0.8149797939856116,0.6914651716161727,152,6,196,10,0.863169615459243
C4_cash_reg_cash_features_cash_full_clean_all_algos_default,bpi2013_incidents,mix-simp,candidate,IMf,inductive_miner_imf,ecc1d0166bfd7823,1987,0.8034761829700079,0.893388028453977,0.0,0.8352756481086132,0.6999853135369696,0.08991184548396913,0.03179946513860532,0.8993585736317028,0.7649539027360024,95,4,196,10,0.8362256023813897
C4_cash_reg_cash_features_cash_full_clean_all_algos_default,bpi2013_incidents,mix-gen,candidate,,split_miner,7718689c93cef8e5,1987,0.8324539122544927,0.9176337438459292,0.0,0.8498333989299145,0.6956253194645156,0.0851798315914365,0.017379486675421774,0.9071744776576806,0.8872984688242527,131,2,196,10,0.8675204132492693
C4_cash_reg_cash_features_cash_full_clean_all_algos_default,bpi2013_open_problems,equal,candidate,IMf,inductive_miner_imf,c3dd65d421b2ed6e,1987,0.8830533310680836,0.9162455491114012,0.0,0.9162455491114012,0.7663322567617996,0.03319221804331762,0.03319221804331762,0.9637736651757727,0.7785905604293412,21,3,196,10,0.8684614328418792
C4_cash_reg_cash_features_cash_full_clean_all_algos_default,bpi2013_open_problems,fitn,candidate,,ilp_miner,e24d0de34454f328,1987,1.0,1.0,0.0,1.0,0.1173044925124792,0.0,0.0,1.0,1.0,1,1,196,10,0.9960216526441832
C4_cash_reg_cash_features_cash_full_clean_all_algos_default,bpi2013_open_problems,prec,candidate,,split_miner,b968db3201eb6b44,1987,1.0,1.0,0.0,1.0,0.9065645824471856,0.0,0.0,1.0,1.0,1,1,196,10,0.9073326412079986
C4_cash_reg_cash_features_cash_full_clean_all_algos_default,bpi2013_open_problems,gene,candidate,IMd,inductive_miner_imd,4b39f6be45649b32,1987,0.96197551956781,0.9656228232165908,0.0,0.96197551956781,0.7939000099030549,0.003647303648780742,0.0,0.9962228485480167,1.0,5,1,196,10,0.9372938256960546
C4_cash_reg_cash_features_cash_full_clean_all_algos_default,bpi2013_open_problems,simp,candidate,,split_miner,b968db3201eb6b44,1987,0.8461538461538463,1.0,0.0,1.0,0.625,0.15384615384615374,0.15384615384615374,0.8461538461538463,0.58974358974359,10,2,196,10,0.8413789868456258
C4_cash_reg_cash_features_cash_full_clean_all_algos_default,bpi2013_open_problems,fit+pre,candidate,IMf,inductive_miner_imf,c3dd65d421b2ed6e,1987,0.9532822912235928,0.9819381210475933,0.0,0.9819381210475933,0.5538445539485473,0.0286558298240005,0.0286558298240005,0.9708170716567877,0.933061760263801,44,3,196,10,0.9140830367412403
C4_cash_reg_cash_features_cash_full_clean_all_algos_default,bpi2013_open_problems,fit+gen,candidate,IMf,inductive_miner_imf,c3dd65d421b2ed6e,1987,0.9666705247587285,0.9828114116082953,0.0,0.9803034101668853,0.5374722058312916,0.016140886849566827,0.01363288540815677,0.9835768219020234,0.9692142620603916,18,3,196,10,0.9570258038618824
C4_cash_reg_cash_features_cash_full_clean_all_algos_default,bpi2013_open_problems,fit+sim,candidate,IMf,inductive_miner_imf,c3dd65d421b2ed6e,1987,0.846153846153846,0.8644377932873344,0.0,0.8644377932873344,0.5586522462562395,0.018283947133488354,0.018283947133488354,0.9788487416035374,0.9402066339923217,3,2,196,10,0.8528751791203387
C4_cash_reg_cash_features_cash_full_clean_all_algos_default,bpi2013_open_problems,pre+gen,candidate,IMd,inductive_miner_imd,4b39f6be45649b32,1987,0.9680533049354683,0.9793652708841788,0.0,0.9793652708841788,0.8969500049515274,0.011311965948710534,0.011311965948710534,0.9884496966708877,0.8627442886860971,16,4,196,10,0.8861968070568627
C4_cash_reg_cash_features_cash_full_clean_all_algos_default,bpi2013_open_problems,pre+sim,candidate,,split_miner,b968db3201eb6b44,1987,0.9230769230769231,0.9951923076923077,0.0,0.9951923076923077,0.7866156245569261,0.07211538461538458,0.07211538461538458,0.927536231884058,0.6542500171575919,5,2,196,10,0.8743558140268122
C4_cash_reg_cash_features_cash_full_clean_all_algos_default,bpi2013_open_problems,gen+sim,candidate,,split_miner,b968db3201eb6b44,1987,0.9024421939611019,0.9788199595750521,0.0,0.9788199595750521,0.7430566289760936,0.07637776561395015,0.07637776561395015,0.9219695462206257,0.676040521569186,8,2,196,10,0.8509416154184478
C4_cash_reg_cash_features_cash_full_clean_all_algos_default,bpi2013_open_problems,mix-fit,candidate,IMf,inductive_miner_imf,c3dd65d421b2ed6e,1987,0.9037650181474399,0.9321610267210647,0.0,0.9321610267210647,0.6398011735353868,0.028396008573624787,0.028396008573624787,0.9695374428241121,0.9028730919645439,29,2,196,10,0.8835928236573156
C4_cash_reg_cash_features_cash_full_clean_all_algos_default,bpi2013_open_problems,mix-prec,candidate,IMf,inductive_miner_imf,c3dd65d421b2ed6e,1987,0.9118589170648803,0.9501071658282663,0.0,0.9501071658282663,0.806906720401373,0.03824824876338595,0.03824824876338595,0.959743226723227,0.7329041215663504,46,4,196,10,0.8838202551103674
C4_cash_reg_cash_features_cash_full_clean_all_algos_default,bpi2013_open_problems,mix-simp,candidate,IMf,inductive_miner_imf,c3dd65d421b2ed6e,1987,0.8542477450712869,0.8823839323945362,0.0,0.8823839323945362,0.7257577931222261,0.028136187323249295,0.028136187323249295,0.9681134409973947,0.820360844914068,13,2,196,10,0.8531026105733908
C4_cash_reg_cash_features_cash_full_clean_all_algos_default,bpi2013_open_problems,mix-gen,candidate,,split_miner,b968db3201eb6b44,1987,0.908576564484664,0.9253321454132266,0.0,0.908576564484664,0.8020640134652315,0.016755580928562663,0.0,0.9818923604765939,1.0,2,1,196,10,0.8588727543459604
C4_cash_reg_cash_features_cash_full_clean_all_algos_default,bpi2017,equal,candidate,AM,alpha_miner_classic,9a9cd65c1066e3fa,1987,0.5001675983519174,0.8802301190425359,0.0,0.8802301190425359,0.0,0.3800625206906185,0.3800625206906185,0.5682236809801182,0.5682236809801182,176,8,196,10,0.5991156661174794
C4_cash_reg_cash_features_cash_full_clean_all_algos_default,bpi2017,fitn,candidate,IMd,inductive_miner_imd,9d837cc3c8eeb105,1987,1.0,1.0,0.0,1.0,0.0,0.0,0.0,1.0,1.0,1,1,196,10,0.8910916204995774
C4_cash_reg_cash_features_cash_full_clean_all_algos_default,bpi2017,prec,candidate,,split_miner,03d330ed30b3abe5,1987,0.9892068764705728,0.9982184707429071,0.0,0.9977548056712652,0.0,0.009011594272334333,0.008547929200692361,0.9909723226563544,0.9914328358509469,16,2,196,10,0.62335479863617
C4_cash_reg_cash_features_cash_full_clean_all_algos_default,bpi2017,gene,candidate,AM,alpha_miner_classic,9a9cd65c1066e3fa,1987,0.9869939686795314,0.99095165942404,0.0,0.988416241415834,0.0,0.00395769074450858,0.0014222727363025767,0.9960061717371674,0.9985610589175818,19,3,196,10,0.913703553040496
C4_cash_reg_cash_features_cash_full_clean_all_algos_default,bpi2017,simp,candidate,AM,alpha_miner_classic,9a9cd65c1066e3fa,1987,0.392,0.7701149425287357,0.0,0.7555555555555554,0.0,0.3781149425287357,0.3635555555555554,0.5090149253731343,0.5188235294117648,165,8,196,10,0.8615515716260205
C4_cash_reg_cash_features_cash_full_clean_all_algos_default,bpi2017,fit+pre,candidate,,split_miner,03d330ed30b3abe5,1987,0.8913659050340706,0.9550451175767805,0.0,0.9168671249859663,0.0,0.0636792125427098,0.025501219951895693,0.9333233463312373,0.9721865696163051,49,2,196,10,0.5610065159557287
C4_cash_reg_cash_features_cash_full_clean_all_algos_default,bpi2017,fit+gen,candidate,IMd,inductive_miner_imd,9d837cc3c8eeb105,1987,0.994208120707917,0.9949668505231788,0.0,0.994208120707917,0.0,0.000758729815261816,0.0,0.9992374320663419,1.0,4,1,196,10,0.8964709015812129
C4_cash_reg_cash_features_cash_full_clean_all_algos_default,bpi2017,fit+sim,candidate,IM,inductive_miner_im,d4bdd8ab8d6977a4,1987,0.8085106382978724,0.8402404432249244,0.0,0.8085106382978724,0.0,0.03172980492705202,0.0,0.9622372319936542,1.0,13,1,196,10,0.6742572908567435
C4_cash_reg_cash_features_cash_full_clean_all_algos_default,bpi2017,pre+gen,candidate,,split_miner,03d330ed30b3abe5,1987,0.9859199935085099,0.9859199935085099,0.0,0.9859199935085099,0.0,0.0,0.0,1.0,1.0,1,1,196,10,0.6718751298429422
C4_cash_reg_cash_features_cash_full_clean_all_algos_default,bpi2017,pre+sim,candidate,,split_miner,03d330ed30b3abe5,1987,0.8723812160130642,0.8723812160130642,0.0,0.8723812160130642,0.0,0.0,0.0,1.0,1.0,1,1,196,10,0.5739456859256789
C4_cash_reg_cash_features_cash_full_clean_all_algos_default,bpi2017,gen+sim,candidate,AM,alpha_miner_classic,9a9cd65c1066e3fa,1987,0.6894969843397657,0.8792604640175905,0.0,0.8690943330510013,0.0,0.1897634796778248,0.17959734871123556,0.7841783095639924,0.7933511451159166,107,6,196,10,0.8876275623332582
C4_cash_reg_cash_features_cash_full_clean_all_algos_default,bpi2017,mix-fit,candidate,IMd,inductive_miner_imd,9d837cc3c8eeb105,1987,0.6318629809715274,0.8744182289149186,0.0,0.863546458545955,0.0,0.24255524794339123,0.23168347757442764,0.722609570657759,0.7317069912317888,168,6,196,10,0.5645289801329445
C4_cash_reg_cash_features_cash_full_clean_all_algos_default,bpi2017,mix-prec,candidate,,split_miner,03d330ed30b3abe5,1987,0.9247332260272323,0.9247332260272323,0.0,0.9247332260272323,0.0,0.0,0.0,1.0,1.0,1,1,196,10,0.6176458617459584
C4_cash_reg_cash_features_cash_full_clean_all_algos_default,bpi2017,mix-simp,candidate,,alpha_miner_plus,91c90c192aa73589,1987,0.6645590693717247,0.8548318499663207,0.0,0.8357270120578394,0.0,0.19027278059459596,0.17116794268611468,0.7774149610802493,0.7951867772412405,135,6,196,10,0.6684825884104215
C4_cash_reg_cash_features_cash_full_clean_all_algos_default,bpi2017,mix-gen,candidate,AM,alpha_miner_classic,9a9cd65c1066e3fa,1987,0.587155425069478,0.8969137795391169,0.0,0.8969137795391169,0.0,0.30975835446963884,0.30975835446963884,0.6546397641155546,0.6546397641155546,173,8,196,10,0.711610400320853
C4_cash_reg_cash_features_cash_full_clean_all_algos_default,bpi2020_domestic,equal,candidate,HM,heuristics_miner,7ff65ee42a91cefb,1977,0.782697276145632,0.9013014428805918,0.0,0.8012383524768629,0.51380247405829,0.11860416673495977,0.01854107633123092,0.868407880990519,0.9354949130455077,137,2,196,10,0.7761021033820441
C4_cash_reg_cash_features_cash_full_clean_all_algos_default,bpi2020_domestic,fitn,candidate,IM,inductive_miner_im,df7d13e54451760d,1977,1.0,1.0,0.0,1.0,0.723032771051894,0.0,0.0,1.0,1.0,1,1,196,10,0.9956915543529052
C4_cash_reg_cash_features_cash_full_clean_all_algos_default,bpi2020_domestic,prec,candidate,HM,heuristics_miner,7ff65ee42a91cefb,1977,0.8670356093278883,0.986007752461474,0.0,0.8670356093278883,0.111129923176229,0.11897214313358573,0.0,0.8793395459248843,1.0,108,1,196,10,0.8442838820957764
C4_cash_reg_cash_features_cash_full_clean_all_algos_default,bpi2020_domestic,gene,candidate,IM,inductive_miner_im,df7d13e54451760d,1977,0.8554073029005208,0.9326053854610896,0.0,0.8554073029005208,0.6904784909157251,0.07719808256056881,0.0,0.9172232074100652,1.0,76,1,196,10,0.8956549204262767
C4_cash_reg_cash_features_cash_full_clean_all_algos_default,bpi2020_domestic,simp,candidate,IM,inductive_miner_im,df7d13e54451760d,1977,0.6000000000000001,0.875,0.0,0.6799999999999999,0.0604651162790697,0.2749999999999999,0.07999999999999985,0.6857142857142858,0.8708708708708711,125,3,196,10,0.6089051455377652
C4_cash_reg_cash_features_cash_full_clean_all_algos_default,bpi2020_domestic,fit+pre,candidate,HM,heuristics_miner,7ff65ee42a91cefb,1977,0.896113454388845,0.980580685505521,0.0,0.896113454388845,0.48650745759222797,0.08446723111667598,0.0,0.9138599889175562,1.0,125,1,196,10,0.8862536314640477
C4_cash_reg_cash_features_cash_full_clean_all_algos_default,bpi2020_domestic,fit+gen,candidate,IM,inductive_miner_im,df7d13e54451760d,1977,0.9277036514502603,0.9529492086056026,0.0,0.9277036514502603,0.7540428391238887,0.02524555715534227,0.0,0.9735079719597199,1.0,32,1,196,10,0.945673237389591
C4_cash_reg_cash_features_cash_full_clean_all_algos_default,bpi2020_domestic,fit+sim,candidate,IM,inductive_miner_im,df7d13e54451760d,1977,0.8,0.892967594352212,0.0,0.8,0.5302325581395348,0.09296759435221191,0.0,0.8958891734255444,1.0,60,1,196,10,0.8022983499453352
C4_cash_reg_cash_features_cash_full_clean_all_algos_default,bpi2020_domestic,pre+gen,candidate,,split_miner,087b0ac3165af45d,1977,0.8291800224391339,0.957510356458128,0.0,0.8291800224391339,0.4732486991064734,0.12833033401899407,0.0,0.8659749911283534,1.0,127,1,196,10,0.7997341680608764
C4_cash_reg_cash_features_cash_full_clean_all_algos_default,bpi2020_domestic,pre+sim,candidate,HM,heuristics_miner,7ff65ee42a91cefb,1977,0.7269960655335093,0.8607303005919194,0.0,0.7520934933412282,0.1242791212515525,0.1337342350584101,0.025097427807718953,0.8446270161902726,0.9600241266790654,128,2,196,10,0.7128817687029219
C4_cash_reg_cash_features_cash_full_clean_all_algos_default,bpi2020_domestic,gen+sim,candidate,IM,inductive_miner_im,df7d13e54451760d,1977,0.7277036514502604,0.836843156586478,0.0,0.7570865290979056,0.43355838500456234,0.10913950513621762,0.029382877647645245,0.8695818872661841,0.9091798405051037,120,3,196,10,0.752280032982021
C4_cash_reg_cash_features_cash_full_clean_all_algos_default,bpi2020_domestic,mix-fit,candidate,HM,heuristics_miner,7ff65ee42a91cefb,1977,0.822739074332684,0.9217713572150562,0.0,0.822739074332684,0.5135463757134479,0.0990322828823722,0.0,0.8925630720598892,1.0,129,1,196,10,0.8159125975526753
C4_cash_reg_cash_features_cash_full_clean_all_algos_default,bpi2020_domestic,mix-prec,candidate,HM,heuristics_miner,7ff65ee42a91cefb,1977,0.8160298580147407,0.9396408568365918,0.0,0.8212453851375624,0.5155319506888351,0.12361099882185111,0.005215527122821695,0.86844867597818,0.9829398170472079,131,2,196,10,0.806632643122785
C4_cash_reg_cash_features_cash_full_clean_all_algos_default,bpi2020_domestic,mix-simp,candidate,IM,inductive_miner_im,df7d13e54451760d,1977,0.7501620398307685,0.8629620289245914,0.0,0.7812313198161629,0.5043256898800424,0.11279998909382294,0.031069279985394438,0.8692874248077955,0.88779830878642,156,2,196,10,0.756734007811541
C4_cash_reg_cash_features_cash_full_clean_all_algos_default,bpi2020_domestic,mix-gen,candidate,,split_miner,087b0ac3165af45d,1977,0.7891659571177342,0.88113234738198,0.0,0.7891659571177342,0.47841882162054994,0.0919663902642458,0.0,0.8956270411164721,1.0,115,1,196,10,0.7505057827807606
C4_cash_reg_cash_features_cash_full_clean_all_algos_default,bpi2020_international,equal,candidate,,split_miner,c9540fd3013c5d8d,1987,0.7950101022303788,0.8501918473231604,0.0,0.7950101022303788,0.0,0.05518174509278162,0.0,0.9350949491382186,1.0,32,1,196,10,0.773847526795246
C4_cash_reg_cash_features_cash_full_clean_all_algos_default,bpi2020_international,fitn,candidate,IM,inductive_miner_im,6150b352c065731b,1987,0.9707533277618512,1.0,0.0,1.0,0.0,0.029246672238148808,0.029246672238148808,0.9707533277618512,0.9707533277618512,11,3,196,10,0.9986140778078851
C4_cash_reg_cash_features_cash_full_clean_all_algos_default,bpi2020_international,prec,candidate,,split_miner,c9540fd3013c5d8d,1987,0.8981117607591297,1.0,0.0,0.914192461570857,0.0,0.10188823924087032,0.0160807008117273,0.8981117607591297,0.9824099393861815,38,3,196,10,0.8386564246131014
C4_cash_reg_cash_features_cash_full_clean_all_algos_default,bpi2020_international,gene,candidate,IM,inductive_miner_im,6150b352c065731b,1987,0.8766720880937127,0.9418786896404474,0.0,0.9085268002629592,0.0,0.06520660154673474,0.03185471216924651,0.9307696391648624,0.964938059988955,55,6,196,10,0.903149226793564
C4_cash_reg_cash_features_cash_full_clean_all_algos_default,bpi2020_international,simp,candidate,,split_miner,c9540fd3013c5d8d,1987,0.654320987654321,0.726190476190476,0.0,0.654320987654321,0.0,0.07186948853615505,0.0,0.9010321797207045,1.0,24,1,196,10,0.6518776341984802
C4_cash_reg_cash_features_cash_full_clean_all_algos_default,bpi2020_international,fit+pre,candidate,HM,heuristics_miner,a8fc09154990e706,1987,0.9075063812417573,0.9444725618292222,0.0,0.9081115721145704,0.0,0.036966180587464925,0.0006051908728130773,0.9608605034371035,0.9993335721166906,33,2,196,10,0.8452974357731267
C4_cash_reg_cash_features_cash_full_clean_all_algos_default,bpi2020_international,fit+gen,candidate,IM,inductive_miner_im,6150b352c065731b,1987,0.9237127079277819,0.9642924535411258,0.0,0.9542634001314796,0.0,0.040579745613343876,0.03055069220369766,0.9579175949533518,0.9679850529743796,18,3,196,10,0.9508816523007246
C4_cash_reg_cash_features_cash_full_clean_all_algos_default,bpi2020_international,fit+sim,candidate,IM,inductive_miner_im,6150b352c065731b,1987,0.7964877749920367,0.8252695672008914,0.0,0.7964877749920367,0.0,0.028781792208854684,0.0,0.9651243746858674,1.0,18,1,196,10,0.7969912258569398
C4_cash_reg_cash_features_cash_full_clean_all_algos_default,bpi2020_international,pre+gen,candidate,,split_miner,c9540fd3013c5d8d,1987,0.8880112060070884,0.9244692854293903,0.0,0.8880112060070884,0.0,0.03645807942230195,0.0,0.9605632334173566,1.0,13,1,196,10,0.8570498658067505
C4_cash_reg_cash_features_cash_full_clean_all_algos_default,bpi2020_international,pre+sim,candidate,,split_miner,c9540fd3013c5d8d,1987,0.7762163742067254,0.863095238095238,0.0,0.7762163742067254,0.0,0.08687886388851263,0.0,0.8993403508050336,1.0,8,1,196,10,0.7452670294057908
C4_cash_reg_cash_features_cash_full_clean_all_algos_default,bpi2020_international,gen+sim,candidate,,split_miner,c9540fd3013c5d8d,1987,0.766115819454684,0.8021013140485984,0.0,0.766115819454684,0.0,0.035985494593914424,0.0,0.9551359735190085,1.0,27,1,196,10,0.7636604705994399
C4_cash_reg_cash_features_cash_full_clean_all_algos_default,bpi2020_international,mix-fit,candidate,,split_miner,c9540fd3013c5d8d,1987,0.7879675945853151,0.8651430903153831,0.0,0.8026624198204434,0.0,0.07717549573006799,0.014694825235128328,0.9107945302991045,0.9816923966137401,72,3,196,10,0.7612818814712676
C4_cash_reg_cash_features_cash_full_clean_all_algos_default,bpi2020_international,mix-prec,candidate,,split_miner,c9540fd3013c5d8d,1987,0.8379894002962015,0.8789785552291673,0.0,0.8379894002962015,0.0,0.04098915493296584,0.0,0.9533672867339987,1.0,31,1,196,10,0.8091658736390089
C4_cash_reg_cash_features_cash_full_clean_all_algos_default,bpi2020_international,mix-simp,candidate,IM,inductive_miner_im,6150b352c065731b,1987,0.7380189347317311,0.8280233355013684,0.0,0.7520308041645561,0.0,0.09000440076963734,0.014011869432825064,0.8913020963169599,0.9813679581272059,76,2,196,10,0.7422450278551433
C4_cash_reg_cash_features_cash_full_clean_all_algos_default,bpi2020_international,mix-gen,candidate,,split_miner,c9540fd3013c5d8d,1987,0.8020526098754429,0.8352406043309378,0.0,0.8020526098754429,0.0,0.03318799445549492,0.0,0.9602653483518323,1.0,13,1,196,10,0.7864131721192247
C4_cash_reg_cash_features_cash_full_clean_all_algos_default,bpi2020_payment,equal,candidate,,split_miner,b9b111d877df10fd,1987,0.7808966705282737,0.8696763776738392,0.0,0.7808966705282737,0.4539079536155171,0.08877970714556549,0.0,0.8979163865724071,1.0,106,1,196,10,0.803645894550922
C4_cash_reg_cash_features_cash_full_clean_all_algos_default,bpi2020_payment,fitn,candidate,IM,inductive_miner_im,d6c08269cc6ee4f8,1987,1.0,1.0,0.0,1.0,0.6986954515961711,0.0,0.0,1.0,1.0,1,1,196,10,0.9995234368516083
C4_cash_reg_cash_features_cash_full_clean_all_algos_default,bpi2020_payment,prec,candidate,HM,heuristics_miner,67cd1ccc54854e66,1987,0.8082905921163525,1.0,0.0,0.8082905921163525,0.0,0.19170940788364754,0.0,0.8082905921163525,1.0,103,1,196,10,0.8989644540421741
C4_cash_reg_cash_features_cash_full_clean_all_algos_default,bpi2020_payment,gene,candidate,IM,inductive_miner_im,d6c08269cc6ee4f8,1987,0.8669709790187637,0.9042989365923124,0.0,0.8669709790187637,0.6532286025143847,0.037327957573548676,0.0,0.9587216615401403,1.0,4,1,196,10,0.8896824645825687
C4_cash_reg_cash_features_cash_full_clean_all_algos_default,bpi2020_payment,simp,candidate,,split_miner,b9b111d877df10fd,1987,0.6923076923076922,0.8214285714285714,0.0,0.6923076923076922,0.1719745222929936,0.12912087912087922,0.0,0.8428093645484949,1.0,18,1,196,10,0.6675907349639502
C4_cash_reg_cash_features_cash_full_clean_all_algos_default,bpi2020_payment,fit+pre,candidate,HM,heuristics_miner,67cd1ccc54854e66,1987,0.8729305234063345,0.9825892284678609,0.0,0.8729305234063345,0.34934772579808554,0.10965870506152642,0.0,0.8883982218769935,1.0,101,1,196,10,0.9053658098212252
C4_cash_reg_cash_features_cash_full_clean_all_algos_default,bpi2020_payment,fit+gen,candidate,IM,inductive_miner_im,d6c08269cc6ee4f8,1987,0.9334854895093818,0.9514970823370221,0.0,0.9334854895093818,0.7411492405643676,0.01801159282764031,0.0,0.9810702595289088,1.0,2,1,196,10,0.9446029507170886
C4_cash_reg_cash_features_cash_full_clean_all_algos_default,bpi2020_payment,fit+sim,candidate,IM,inductive_miner_im,d6c08269cc6ee4f8,1987,0.8,0.8691224178435837,0.0,0.8,0.5160143924647522,0.06912241784358364,0.0,0.9204687206031502,1.0,56,1,196,10,0.7971169179615819
C4_cash_reg_cash_features_cash_full_clean_all_algos_default,bpi2020_payment,pre+gen,candidate,,split_miner,b9b111d877df10fd,1987,0.7870840368819612,0.916868426053467,0.0,0.7870840368819612,0.3800219252001248,0.1297843891715058,0.0,0.8584481857117223,1.0,106,1,196,10,0.8514292361083364
C4_cash_reg_cash_features_cash_full_clean_all_algos_default,bpi2020_payment,pre+sim,candidate,HM,heuristics_miner,67cd1ccc54854e66,1987,0.6856579011001931,0.87,0.0,0.7395622893145799,0.16666666666666666,0.1843420988998069,0.05390438821438681,0.788112530000222,0.9059088844749037,122,2,196,10,0.743528507781489
C4_cash_reg_cash_features_cash_full_clean_all_algos_default,bpi2020_payment,gen+sim,candidate,,split_miner,b9b111d877df10fd,1987,0.7398294398750735,0.7955758933524278,0.0,0.7398294398750735,0.48751954512633744,0.055746453477354296,0.0,0.9299294335799344,1.0,50,1,196,10,0.7760289533012081
C4_cash_reg_cash_features_cash_full_clean_all_algos_default,bpi2020_payment,mix-fit,candidate,HM,heuristics_miner,67cd1ccc54854e66,1987,0.7976255228467759,0.9053177010011466,0.0,0.7976255228467759,0.42450515025839153,0.10769217815437071,0.0,0.8810448773560053,1.0,121,1,196,10,0.8267606651022228
C4_cash_reg_cash_features_cash_full_clean_all_algos_default,bpi2020_payment,mix-prec,candidate,,split_miner,b9b111d877df10fd,1987,0.7915850632003885,0.9102277500261443,0.0,0.7915850632003885,0.40815333251233665,0.11864268682575585,0.0,0.8696560428724041,1.0,114,1,196,10,0.8282826194238302
C4_cash_reg_cash_features_cash_full_clean_all_algos_default,bpi2020_payment,mix-simp,candidate,,split_miner,b9b111d877df10fd,1987,0.7702082778561588,0.829125005321534,0.0,0.7702082778561588,0.49966257471869746,0.05891672746537524,0.0,0.9289410799490634,1.0,80,1,196,10,0.7790091696780133
C4_cash_reg_cash_features_cash_full_clean_all_algos_default,bpi2020_payment,mix-gen,candidate,,split_miner,b9b111d877df10fd,1987,0.7657072515377311,0.836099433132433,0.0,0.7657072515377311,0.48331075697264275,0.07039218159470184,0.0,0.9158088394690346,1.0,67,1,196,10,0.8021557863625194
C4_cash_reg_cash_features_cash_full_clean_all_algos_default,bpi2020_permit,equal,candidate,,split_miner,dc77a286a87cc2ae,1987,0.7402210446486844,0.8429076490043279,0.0,0.7402210446486844,0.0,0.10268660435564347,0.0,0.8781757355305287,1.0,50,1,196,10,0.6859622065378757
C4_cash_reg_cash_features_cash_full_clean_all_algos_default,bpi2020_permit,fitn,candidate,IMd,inductive_miner_imd,83bfdaba62b71641,1987,1.0,1.0,0.0,1.0,0.0,0.0,0.0,1.0,1.0,1,1,196,10,0.9890069955429527
C4_cash_reg_cash_features_cash_full_clean_all_algos_default,bpi2020_permit,prec,candidate,HM,heuristics_miner,8dc0dde1f149f92e,1987,0.8137442437123628,0.9911533085603246,0.0,0.8137442437123628,0.0,0.17740906484796182,0.0,0.8210074432323159,1.0,43,1,196,10,0.86944082177231
C4_cash_reg_cash_features_cash_full_clean_all_algos_default,bpi2020_permit,gene,candidate,IMd,inductive_miner_imd,83bfdaba62b71641,1987,0.8652393738255396,0.9078165537742844,0.0,0.8652393738255396,0.0,0.04257717994874477,0.0,0.9530993571644751,1.0,41,1,196,10,0.8993344256445708
C4_cash_reg_cash_features_cash_full_clean_all_algos_default,bpi2020_permit,simp,candidate,,split_miner,dc77a286a87cc2ae,1987,0.6506550218340611,0.7142857142857143,0.0,0.6506550218340611,0.0,0.0636306924516532,0.0,0.9109170305676855,1.0,25,1,196,10,0.604009357548388
C4_cash_reg_cash_features_cash_full_clean_all_algos_default,bpi2020_permit,fit+pre,candidate,HM,heuristics_miner,8dc0dde1f149f92e,1987,0.8512783359444481,0.9243881790529205,0.0,0.8512783359444481,0.0,0.07310984310847235,0.0,0.9209100194429392,1.0,34,1,196,10,0.8461855550782176
C4_cash_reg_cash_features_cash_full_clean_all_algos_default,bpi2020_permit,fit+gen,candidate,IMd,inductive_miner_imd,83bfdaba62b71641,1987,0.9326196869127699,0.9448808304983668,0.0,0.9326196869127699,0.0,0.012261143585596934,0.0,0.9870236084913164,1.0,7,1,196,10,0.9441707105937618
C4_cash_reg_cash_features_cash_full_clean_all_algos_default,bpi2020_permit,fit+sim,candidate,IM,inductive_miner_im,1e49d93937c2bb45,1987,0.7973273942093542,0.8272924879786688,0.0,0.7973273942093542,0.0,0.029965093769314666,0.0,0.9637793232686922,1.0,15,1,196,10,0.7354218491887752
C4_cash_reg_cash_features_cash_full_clean_all_algos_default,bpi2020_permit,pre+gen,candidate,,split_miner,dc77a286a87cc2ae,1987,0.7866876858175699,0.9322600772514231,0.0,0.7866876858175699,0.0,0.14557239143385325,0.0,0.8438500210552365,1.0,37,1,196,10,0.7689532075683114
C4_cash_reg_cash_features_cash_full_clean_all_algos_default,bpi2020_permit,pre+sim,candidate,,split_miner,dc77a286a87cc2ae,1987,0.6864364404701602,0.816594001468874,0.0,0.6864364404701602,0.0,0.13015756099871378,0.0,0.8406092124549178,1.0,30,1,196,10,0.6919116704237712
C4_cash_reg_cash_features_cash_full_clean_all_algos_default,bpi2020_permit,gen+sim,candidate,IM,inductive_miner_im,1e49d93937c2bb45,1987,0.7281672934908063,0.7992898469819344,0.0,0.7509062671814708,0.0,0.07112255349112806,0.022738973690664466,0.9110178194309835,0.969717959904616,55,2,196,10,0.7184105333926648
C4_cash_reg_cash_features_cash_full_clean_all_algos_default,bpi2020_permit,mix-fit,candidate,HM,heuristics_miner,8dc0dde1f149f92e,1987,0.755106320314616,0.8639118088087243,0.0,0.755106320314616,0.0,0.10880548849410832,0.0,0.8740548660352916,1.0,52,1,196,10,0.7393767701840177
C4_cash_reg_cash_features_cash_full_clean_all_algos_default,bpi2020_permit,mix-prec,candidate,HM,heuristics_miner,8dc0dde1f149f92e,1987,0.7316826036822172,0.8885842618048085,0.0,0.7566706566096811,0.0,0.15690165812259138,0.024988052927463977,0.8234251214354084,0.9669763156411737,68,2,196,10,0.735215563713133
C4_cash_reg_cash_features_cash_full_clean_all_algos_default,bpi2020_permit,mix-simp,candidate,IM,inductive_miner_im,1e49d93937c2bb45,1987,0.7200015916100726,0.81761289182125,0.0,0.7237714326876876,0.0,0.09761130021117737,0.0037698410776150215,0.8806142843543646,0.9947913928246437,72,2,196,10,0.7009291978119503
C4_cash_reg_cash_features_cash_full_clean_all_algos_default,bpi2020_permit,mix-gen,candidate,,split_miner,dc77a286a87cc2ae,1987,0.7537884618955761,0.8269571869508153,0.0,0.7537884618955761,0.0,0.07316872505523919,0.0,0.9115205403498222,1.0,31,1,196,10,0.7005958820059839
C4_cash_reg_cash_features_cash_full_clean_all_algos_default,bpi2020_prepaid,equal,candidate,,split_miner,d00664035691ce6c,1987,0.7896156612546479,0.8668476328686328,0.0,0.7896156612546479,0.3835715428314981,0.07723197161398487,0.0,0.9109047903166057,1.0,22,1,196,10,0.7661662644930787
C4_cash_reg_cash_features_cash_full_clean_all_algos_default,bpi2020_prepaid,fitn,candidate,IM,inductive_miner_im,08b79ae23a413281,1987,0.9865754284763762,1.0,0.0,1.0,0.4702681384715757,0.013424571523623752,0.013424571523623752,0.9865754284763762,0.9746577985985396,9,3,196,10,0.9985631082235852
C4_cash_reg_cash_features_cash_full_clean_all_algos_default,bpi2020_prepaid,prec,candidate,HM,heuristics_miner,29f7ad244446d4aa,1987,0.8877260430015663,0.9997522759645756,0.0,0.9997522759645756,0.0,0.11202623296300929,0.11202623296300929,0.8879460085700482,0.8879460085700482,23,2,196,10,0.8615634849529837
C4_cash_reg_cash_features_cash_full_clean_all_algos_default,bpi2020_prepaid,gene,candidate,AM,alpha_miner_classic,a227ba81ae0c6705,1987,0.8773091720949231,0.9112866050560324,0.0,0.8904211520153033,0.4696652658125709,0.03397743296110933,0.013111979920380157,0.9627148772158017,0.9688370849931202,41,7,196,10,0.9204056320515636
C4_cash_reg_cash_features_cash_full_clean_all_algos_default,bpi2020_prepaid,simp,candidate,,split_miner,d00664035691ce6c,1987,0.6984126984126985,0.8241758241758241,0.0,0.7333333333333333,0.045045045045045,0.12576312576312565,0.0349206349206348,0.8474074074074075,0.949264522562952,26,2,196,10,0.6479423542092089
C4_cash_reg_cash_features_cash_full_clean_all_algos_default,bpi2020_prepaid,fit+pre,candidate,HM,heuristics_miner,29f7ad244446d4aa,1987,0.8946719217397086,0.9548684615240937,0.0,0.8946719217397086,0.23513406923578786,0.060196539784385106,0.0,0.9369582908955819,1.0,27,1,196,10,0.876271642913753
C4_cash_reg_cash_features_cash_full_clean_all_algos_default,bpi2020_prepaid,fit+gen,candidate,IMf,inductive_miner_imf,e8719cb81ea22b00,1987,0.9360546379156452,0.949603353381388,0.0,0.9452105760076517,0.6737886552832494,0.013548715465742767,0.009155938092006433,0.9857322371309053,0.9662667699514836,11,3,196,10,0.9537264283069657
C4_cash_reg_cash_features_cash_full_clean_all_algos_default,bpi2020_prepaid,fit+sim,candidate,IMf,inductive_miner_imf,e8719cb81ea22b00,1987,0.7884684371297543,0.8494129668934964,0.0,0.8230332638671308,0.32848849961553467,0.060944529763742095,0.034564826737376486,0.9282510014102674,0.9301077895553417,66,2,196,10,0.8091434941454788
C4_cash_reg_cash_features_cash_full_clean_all_algos_default,bpi2020_prepaid,pre+gen,candidate,,split_miner,d00664035691ce6c,1987,0.8666631085328209,0.9409693886867966,0.0,0.9409693886867966,0.43865458604746155,0.07430628015397567,0.07430628015397567,0.921032202484635,0.8520722866147984,19,2,196,10,0.8302541348701731
C4_cash_reg_cash_features_cash_full_clean_all_algos_default,bpi2020_prepaid,pre+sim,candidate,,split_miner,d00664035691ce6c,1987,0.7760895508303614,0.8334790489391193,0.0,0.7760895508303614,0.0933544303797468,0.05738949810875793,0.0,0.9311446422296934,1.0,11,1,196,10,0.7162682052704665
C4_cash_reg_cash_features_cash_full_clean_all_algos_default,bpi2020_prepaid,gen+sim,candidate,IMf,inductive_miner_imf,e8719cb81ea22b00,1987,0.7379476465690233,0.815098321546149,0.0,0.7889862561151579,0.46443078087195483,0.07715067497712569,0.051038609546134595,0.9053480139294366,0.8427430333508033,81,3,196,10,0.7648694221518235
C4_cash_reg_cash_features_cash_full_clean_all_algos_default,bpi2020_prepaid,mix-fit,candidate,HM,heuristics_miner,29f7ad244446d4aa,1987,0.7916125911463714,0.8887029376845874,0.0,0.7916125911463714,0.3131799447500213,0.09709034653821602,0.0,0.8907505056850902,1.0,40,1,196,10,0.7870181770520978
C4_cash_reg_cash_features_cash_full_clean_all_algos_default,bpi2020_prepaid,mix-prec,candidate,,split_miner,d00664035691ce6c,1987,0.8205605211938148,0.9102502378418409,0.0,0.8205605211938148,0.3759172653987413,0.08968971664802605,0.0,0.9014669670829463,1.0,25,1,196,10,0.7926490087807488
C4_cash_reg_cash_features_cash_full_clean_all_algos_default,bpi2020_prepaid,mix-simp,candidate,IMf,inductive_miner_imf,e8719cb81ea22b00,1987,0.724823854120391,0.8311667650921324,0.0,0.7586708013154808,0.3912258202642548,0.10634291097174142,0.03384694719508985,0.8720558672001838,0.9078856728475189,103,3,196,10,0.7672492426412116
C4_cash_reg_cash_features_cash_full_clean_all_algos_default,bpi2020_prepaid,mix-gen,candidate,,split_miner,d00664035691ce6c,1987,0.8047733886544866,0.8449923280526782,0.0,0.8047733886544866,0.4539631409129749,0.040218939398191655,0.0,0.9524031898717022,1.0,13,1,196,10,0.7772886462948323
C4_cash_reg_cash_features_cash_full_clean_all_algos_default,bpic15_1,equal,candidate,IMd,inductive_miner_imd,8ec8a2cb08851acf,1977,0.5006533211257762,0.7538067736145151,0.0,0.5006533211257762,0.0,0.2531534524887389,0.0,0.6641666520521378,1.0,124,1,196,10,0.4988671078508227
C4_cash_reg_cash_features_cash_full_clean_all_algos_default,bpic15_1,fitn,candidate,IMd,inductive_miner_imd,8ec8a2cb08851acf,1977,1.0,1.0,0.0,1.0,0.0,0.0,0.0,1.0,1.0,1,1,196,10,1.0
C4_cash_reg_cash_features_cash_full_clean_all_algos_default,bpic15_1,prec,candidate,IMd,inductive_miner_imd,8ec8a2cb08851acf,1977,0.0055144083252097,0.9967132292522596,0.0,0.0055144083252097,0.0,0.9911988209270499,0.0,0.00553259268901913,1.0,141,1,196,10,0.005695027150270638
C4_cash_reg_cash_features_cash_full_clean_all_algos_default,bpic15_1,gene,candidate,IMd,inductive_miner_imd,8ec8a2cb08851acf,1977,0.6526451647517064,0.7947596517508088,0.0,0.6526451647517064,0.0,0.14211448699910234,0.0,0.8211855789532942,1.0,112,1,196,10,0.6475449989969901
C4_cash_reg_cash_features_cash_full_clean_all_algos_default,bpic15_1,simp,candidate,IMd,inductive_miner_imd,8ec8a2cb08851acf,1977,0.3444537114261885,1.0,0.0,0.3444537114261885,0.0,0.6555462885738115,0.0,0.3444537114261885,1.0,137,1,196,10,0.3422284052560301
C4_cash_reg_cash_features_cash_full_clean_all_algos_default,bpic15_1,fit+pre,candidate,IMd,inductive_miner_imd,8ec8a2cb08851acf,1977,0.5027572041626048,0.8688577238297088,0.0,0.5027572041626048,0.0,0.366100519667104,0.0,0.5786415777563397,1.0,74,1,196,10,0.5028475135751354
C4_cash_reg_cash_features_cash_full_clean_all_algos_default,bpic15_1,fit+gen,candidate,IMd,inductive_miner_imd,8ec8a2cb08851acf,1977,0.8263225823758532,0.871727415992749,0.0,0.8263225823758532,0.0,0.045404833616895846,0.0,0.9479139547708414,1.0,4,1,196,10,0.8237724994984951
C4_cash_reg_cash_features_cash_full_clean_all_algos_default,bpic15_1,fit+sim,candidate,IMd,inductive_miner_imd,8ec8a2cb08851acf,1977,0.6722268557130943,0.8645266546833184,0.0,0.6722268557130943,0.0,0.1922997989702241,0.0,0.7775663735426819,1.0,85,1,196,10,0.671114202628015
C4_cash_reg_cash_features_cash_full_clean_all_algos_default,bpic15_1,pre+gen,candidate,IMd,inductive_miner_imd,8ec8a2cb08851acf,1977,0.32907978653845804,0.8387467991159434,0.0,0.32907978653845804,0.0,0.5096670125774854,0.0,0.39234699540470974,1.0,126,1,196,10,0.32662001307363037
C4_cash_reg_cash_features_cash_full_clean_all_algos_default,bpic15_1,pre+sim,candidate,IMd,inductive_miner_imd,8ec8a2cb08851acf,1977,0.17498405987569912,0.8214077863143173,0.0,0.17498405987569912,0.0,0.6464237264386182,0.0,0.21302946330817987,1.0,142,1,196,10,0.17396171620315037
C4_cash_reg_cash_features_cash_full_clean_all_algos_default,bpic15_1,gen+sim,candidate,IMd,inductive_miner_imd,8ec8a2cb08851acf,1977,0.49854943808894747,0.8973798258754044,0.0,0.49854943808894747,0.0,0.39883038778645696,0.0,0.5555612280481197,1.0,131,1,196,10,0.4948867021265101
C4_cash_reg_cash_features_cash_full_clean_all_algos_default,bpic15_1,mix-fit,candidate,IMd,inductive_miner_imd,8ec8a2cb08851acf,1977,0.5358095812579713,0.7829881701741386,0.0,0.5358095812579713,0.0,0.24717858891616729,0.0,0.6843137631808739,1.0,94,1,196,10,0.5349086890959862
C4_cash_reg_cash_features_cash_full_clean_all_algos_default,bpic15_1,mix-prec,candidate,IMd,inductive_miner_imd,8ec8a2cb08851acf,1977,0.43244468389821455,0.8104949307104616,0.0,0.43244468389821455,0.0,0.3780502468122471,0.0,0.5335563092530922,1.0,118,1,196,10,0.43076435108480815
C4_cash_reg_cash_features_cash_full_clean_all_algos_default,bpic15_1,mix-simp,candidate,IMd,inductive_miner_imd,8ec8a2cb08851acf,1977,0.5688619583533376,0.7694736087116352,0.0,0.5688619583533376,0.0,0.20061165035829753,0.0,0.7392871593163659,1.0,121,1,196,10,0.5669698646168371
C4_cash_reg_cash_features_cash_full_clean_all_algos_default,bpic15_1,mix-gen,candidate,IMd,inductive_miner_imd,8ec8a2cb08851acf,1977,0.46549706099358107,0.7344918748892888,0.0,0.46549706099358107,0.0,0.26899481389570773,0.0,0.6337674750503486,1.0,131,1,196,10,0.46282552660565923
C4_cash_reg_cash_features_cash_full_clean_all_algos_default,bpic15_2,equal,candidate,IMd,inductive_miner_imd,2bd4a2c68f811174,1977,0.4958761568622505,0.739796087901852,0.0,0.4958761568622505,0.0,0.24391993103960152,0.0,0.6702876170494672,1.0,123,1,196,10,0.5000431224239256
C4_cash_reg_cash_features_cash_full_clean_all_algos_default,bpic15_2,fitn,candidate,IMd,inductive_miner_imd,2bd4a2c68f811174,1977,1.0,1.0,0.0,1.0,0.0,0.0,0.0,1.0,1.0,1,1,196,10,0.999999963431313
C4_cash_reg_cash_features_cash_full_clean_all_algos_default,bpic15_2,prec,candidate,,split_miner,f11027af3b38ef0a,1977,0.0,0.9964080459770116,0.0,0.0047466811844114,0.0,0.9964080459770116,0.0047466811844114,0.0,0.0,145,2,196,10,0.013945157098603611
C4_cash_reg_cash_features_cash_full_clean_all_algos_default,bpic15_2,gene,candidate,IMd,inductive_miner_imd,2bd4a2c68f811174,1977,0.630479323366272,0.8434264748464657,0.0,0.630479323366272,0.0,0.21294715148019372,0.0,0.7475213811388149,1.0,119,1,196,10,0.6535240314637513
C4_cash_reg_cash_features_cash_full_clean_all_algos_default,bpic15_2,simp,candidate,IMd,inductive_miner_imd,2bd4a2c68f811174,1977,0.3482786228983187,1.0,0.0,0.3482786228983187,0.0,0.6517213771016813,0.0,0.3482786228983187,1.0,133,1,196,10,0.3406832075376475
C4_cash_reg_cash_features_cash_full_clean_all_algos_default,bpic15_2,fit+pre,candidate,IMd,inductive_miner_imd,2bd4a2c68f811174,1977,0.5023733405922057,0.8552632687420797,0.0,0.5023733405922057,0.0,0.35288992814987397,0.0,0.587390291332277,1.0,62,1,196,10,0.5029826253471519
C4_cash_reg_cash_features_cash_full_clean_all_algos_default,bpic15_2,fit+gen,candidate,IMd,inductive_miner_imd,2bd4a2c68f811174,1977,0.815239661683136,0.888226048940476,0.0,0.815239661683136,0.0,0.07298638725733997,0.0,0.9178290398661444,1.0,6,1,196,10,0.8267619974475322
C4_cash_reg_cash_features_cash_full_clean_all_algos_default,bpic15_2,fit+sim,candidate,IMd,inductive_miner_imd,2bd4a2c68f811174,1977,0.6741393114491594,0.8502937315725136,0.0,0.6741393114491594,0.0,0.17615442012335425,0.0,0.7928310963817429,1.0,81,1,196,10,0.6703415854844803
C4_cash_reg_cash_features_cash_full_clean_all_algos_default,bpic15_2,pre+gen,candidate,IMd,inductive_miner_imd,2bd4a2c68f811174,1977,0.31761300227534167,0.8135744140072105,0.0,0.31761300227534167,0.0,0.49596141173186886,0.0,0.39039207330889186,1.0,136,1,196,10,0.329744659363371
C4_cash_reg_cash_features_cash_full_clean_all_algos_default,bpic15_2,pre+sim,candidate,IMd,inductive_miner_imd,2bd4a2c68f811174,1977,0.17651265204136504,0.7980406242956953,0.0,0.17651265204136504,0.0,0.6215279722543303,0.0,0.22118253966976298,1.0,138,1,196,10,0.17332424740031913
C4_cash_reg_cash_features_cash_full_clean_all_algos_default,bpic15_2,gen+sim,candidate,IMd,inductive_miner_imd,2bd4a2c68f811174,1977,0.48937897313229534,0.9217132374232329,0.0,0.48937897313229534,0.0,0.4323342642909375,0.0,0.5309449330470905,1.0,131,1,196,10,0.49710361950069937
C4_cash_reg_cash_features_cash_full_clean_all_algos_default,bpic15_2,mix-fit,candidate,IMd,inductive_miner_imd,2bd4a2c68f811174,1977,0.5341276612716144,0.7675374461630222,0.0,0.5341276612716144,0.0,0.23340978489140785,0.0,0.695897853507681,1.0,88,1,196,10,0.5352786162053271
C4_cash_reg_cash_features_cash_full_clean_all_algos_default,bpic15_2,mix-prec,candidate,IMd,inductive_miner_imd,2bd4a2c68f811174,1977,0.42587033177347794,0.790453222686223,0.0,0.42587033177347794,0.0,0.36458289091274504,0.0,0.5387672787596828,1.0,118,1,196,10,0.432511637784349
C4_cash_reg_cash_features_cash_full_clean_all_algos_default,bpic15_2,mix-simp,candidate,IMd,inductive_miner_imd,2bd4a2c68f811174,1977,0.565881981951023,0.7666984383330109,0.0,0.565881981951023,0.0,0.20081645638198786,0.0,0.7380763461334137,1.0,118,1,196,10,0.5675746070635023
C4_cash_reg_cash_features_cash_full_clean_all_algos_default,bpic15_2,mix-gen,candidate,IMd,inductive_miner_imd,2bd4a2c68f811174,1977,0.4576246524528867,0.7177077196779903,0.0,0.4576246524528867,0.0,0.2600830672251036,0.0,0.6376197996842036,1.0,136,1,196,10,0.46480762864252423
C4_cash_reg_cash_features_cash_full_clean_all_algos_default,bpic15_3,equal,candidate,IMd,inductive_miner_imd,1e1739de3216125c,1977,0.5062291863779904,0.7711497484903616,0.0,0.5062291863779904,0.0,0.26492056211237114,0.0,0.6564602885094731,1.0,126,1,196,10,0.5010984943279612
C4_cash_reg_cash_features_cash_full_clean_all_algos_default,bpic15_3,fitn,candidate,IMd,inductive_miner_imd,1e1739de3216125c,1977,1.0,1.0,0.0,1.0,0.0,0.0,0.0,1.0,1.0,1,1,196,10,0.999999853725252
C4_cash_reg_cash_features_cash_full_clean_all_algos_default,bpic15_3,prec,candidate,IMd,inductive_miner_imd,1e1739de3216125c,1977,0.0056460981272722,0.9713690786048932,0.0,0.0056460981272722,0.0,0.965722980477621,0.0,0.005812515810551928,1.0,139,1,196,10,0.006341894537431547
C4_cash_reg_cash_features_cash_full_clean_all_algos_default,bpic15_3,gene,candidate,IMd,inductive_miner_imd,1e1739de3216125c,1977,0.6755746197508381,0.7690804510999736,0.0,0.6755746197508381,0.0,0.09350583134913548,0.0,0.8784186606025427,1.0,104,1,196,10,0.6587905531230409
C4_cash_reg_cash_features_cash_full_clean_all_algos_default,bpic15_3,simp,candidate,IMd,inductive_miner_imd,1e1739de3216125c,1977,0.3436960276338515,1.0,0.0,0.3436960276338515,0.0,0.6563039723661486,0.0,0.3436960276338515,1.0,133,1,196,10,0.33926167592612017
C4_cash_reg_cash_features_cash_full_clean_all_algos_default,bpic15_3,fit+pre,candidate,IMd,inductive_miner_imd,1e1739de3216125c,1977,0.5028230490636361,0.8737992058502052,0.0,0.5028230490636361,0.0,0.37097615678656914,0.0,0.5754446166775696,1.0,68,1,196,10,0.5031708741313418
C4_cash_reg_cash_features_cash_full_clean_all_algos_default,bpic15_3,fit+gen,candidate,IMd,inductive_miner_imd,1e1739de3216125c,1977,0.837787309875419,0.8764050391703524,0.0,0.837787309875419,0.0,0.038617729294933345,0.0,0.9559362080671161,1.0,8,1,196,10,0.8293952034241465
C4_cash_reg_cash_features_cash_full_clean_all_algos_default,bpic15_3,fit+sim,candidate,IMd,inductive_miner_imd,1e1739de3216125c,1977,0.6718480138169257,0.8866318702272058,0.0,0.6718480138169257,0.0,0.21478385641028008,0.0,0.7577530611941119,1.0,98,1,196,10,0.6696307648256861
C4_cash_reg_cash_features_cash_full_clean_all_algos_default,bpic15_3,pre+gen,candidate,IMd,inductive_miner_imd,1e1739de3216125c,1977,0.34061035893905517,0.8335999035488251,0.0,0.34061035893905517,0.0,0.4929895446097699,0.0,0.4086017254668566,1.0,124,1,196,10,0.3325662238302362
C4_cash_reg_cash_features_cash_full_clean_all_algos_default,bpic15_3,pre+sim,candidate,IMd,inductive_miner_imd,1e1739de3216125c,1977,0.17467106288056183,0.806269466186586,0.0,0.17467106288056183,0.0,0.6315984033060242,0.0,0.21664104893703073,1.0,139,1,196,10,0.17280178523177586
C4_cash_reg_cash_features_cash_full_clean_all_algos_default,bpic15_3,gen+sim,candidate,IMd,inductive_miner_imd,1e1739de3216125c,1977,0.5096353236923448,0.8774480269684266,0.0,0.5096353236923448,0.0,0.36781270327608184,0.0,0.5808153965006101,1.0,130,1,196,10,0.49902611452458057
C4_cash_reg_cash_features_cash_full_clean_all_algos_default,bpic15_3,mix-fit,candidate,IMd,inductive_miner_imd,1e1739de3216125c,1977,0.5379904969400358,0.7997195004226063,0.0,0.5379904969400358,0.0,0.26172900348257055,0.0,0.6727239946703042,1.0,101,1,196,10,0.5356339003488584
C4_cash_reg_cash_features_cash_full_clean_all_algos_default,bpic15_3,mix-prec,candidate,IMd,inductive_miner_imd,1e1739de3216125c,1977,0.4393004279395453,0.8166597019857156,0.0,0.4393004279395453,0.0,0.37735927404617026,0.0,0.5379234788632061,1.0,117,1,196,10,0.4341000620895472
C4_cash_reg_cash_features_cash_full_clean_all_algos_default,bpic15_3,mix-simp,candidate,IMd,inductive_miner_imd,1e1739de3216125c,1977,0.5731579448164354,0.7807894458056361,0.0,0.5731579448164354,0.0,0.2076315009892007,0.0,0.7340749134038795,1.0,122,1,196,10,0.568096926566375
C4_cash_reg_cash_features_cash_full_clean_all_algos_default,bpic15_3,mix-gen,candidate,IMd,inductive_miner_imd,1e1739de3216125c,1977,0.4744678758159452,0.742579996558117,0.0,0.4744678758159452,0.0,0.26811212074217183,0.0,0.6389451345513205,1.0,133,1,196,10,0.46656308830706394
C4_cash_reg_cash_features_cash_full_clean_all_algos_default,bpic15_4,equal,candidate,IMd,inductive_miner_imd,f68041a3f2d86846,1977,0.5004532568394435,0.7570912404815519,0.0,0.5004532568394435,0.0,0.2566379836421083,0.0,0.6610210633544348,1.0,134,1,196,10,0.4943153734100412
C4_cash_reg_cash_features_cash_full_clean_all_algos_default,bpic15_4,fitn,candidate,IMd,inductive_miner_imd,f68041a3f2d86846,1977,1.0,1.0,0.0,1.0,0.0,0.0,0.0,1.0,1.0,1,1,196,10,1.0
C4_cash_reg_cash_features_cash_full_clean_all_algos_default,bpic15_4,prec,candidate,IMd,inductive_miner_imd,f68041a3f2d86846,1977,0.0063677194723514,0.9771181199752628,0.0,0.0063677194723514,0.0,0.9707504005029114,0.0,0.0065168369536659585,1.0,146,1,196,10,0.004799157498970144
C4_cash_reg_cash_features_cash_full_clean_all_algos_default,bpic15_4,gene,candidate,IMd,inductive_miner_imd,f68041a3f2d86846,1977,0.6484303825122886,0.8125621208083507,0.0,0.6484303825122886,0.0,0.1641317382960621,0.0,0.7980071503545094,1.0,113,1,196,10,0.6264687659383454
C4_cash_reg_cash_features_cash_full_clean_all_algos_default,bpic15_4,simp,candidate,IMd,inductive_miner_imd,f68041a3f2d86846,1977,0.3470149253731343,1.0,0.0,0.3470149253731343,0.0,0.6529850746268657,0.0,0.3470149253731343,1.0,143,1,196,10,0.3459935702028493
C4_cash_reg_cash_features_cash_full_clean_all_algos_default,bpic15_4,fit+pre,candidate,IMd,inductive_miner_imd,f68041a3f2d86846,1977,0.5031838597361757,0.8685599938464359,0.0,0.5031838597361757,0.0,0.36537613411026015,0.0,0.5793311496052398,1.0,84,1,196,10,0.502399578749485
C4_cash_reg_cash_features_cash_full_clean_all_algos_default,bpic15_4,fit+gen,candidate,IMd,inductive_miner_imd,f68041a3f2d86846,1977,0.8242151912561443,0.8717994934557993,0.0,0.8242151912561443,0.0,0.04758430219965504,0.0,0.9454182956553099,1.0,5,1,196,10,0.8132343829691727
C4_cash_reg_cash_features_cash_full_clean_all_algos_default,bpic15_4,fit+sim,candidate,IMd,inductive_miner_imd,f68041a3f2d86846,1977,0.6735074626865671,0.8675538703293734,0.0,0.6735074626865671,0.0,0.19404640764280623,0.0,0.7763292698248986,1.0,95,1,196,10,0.6729967851014247
C4_cash_reg_cash_features_cash_full_clean_all_algos_default,bpic15_4,pre+gen,candidate,IMd,inductive_miner_imd,f68041a3f2d86846,1977,0.32739905099232,0.8247132962569865,0.0,0.32739905099232,0.0,0.49731424526466655,0.0,0.39698529474211375,1.0,138,1,196,10,0.3156339617186578
C4_cash_reg_cash_features_cash_full_clean_all_algos_default,bpic15_4,pre+sim,candidate,IMd,inductive_miner_imd,f68041a3f2d86846,1977,0.17669132242274282,0.7904575186873295,0.0,0.17669132242274282,0.0,0.6137661962645866,0.0,0.22353044691910154,1.0,146,1,196,10,0.17539636385090973
C4_cash_reg_cash_features_cash_full_clean_all_algos_default,bpic15_4,gen+sim,candidate,IMd,inductive_miner_imd,f68041a3f2d86846,1977,0.4977226539427114,0.8981830671938409,0.0,0.4977226539427114,0.0,0.40046041325112947,0.0,0.5541438846066508,1.0,135,1,196,10,0.4862311680705974
C4_cash_reg_cash_features_cash_full_clean_all_algos_default,bpic15_4,mix-fit,candidate,IMd,inductive_miner_imd,f68041a3f2d86846,1977,0.5361563391675611,0.7881543306724185,0.0,0.5361563391675611,0.0,0.25199799150485735,0.0,0.6802682143611851,1.0,112,1,196,10,0.5332853378840955
C4_cash_reg_cash_features_cash_full_clean_all_algos_default,bpic15_4,mix-prec,candidate,IMd,inductive_miner_imd,f68041a3f2d86846,1977,0.4317776950799404,0.8064338134647024,0.0,0.4317776950799404,0.0,0.37465611838476204,0.0,0.5354161592318193,1.0,128,1,196,10,0.4244596498013765
C4_cash_reg_cash_features_cash_full_clean_all_algos_default,bpic15_4,mix-simp,candidate,IMd,inductive_miner_imd,f68041a3f2d86846,1977,0.5691288185989466,0.7784157949851235,0.0,0.5691288185989466,0.0,0.20928697638617688,0.0,0.7311372948307445,1.0,129,1,196,10,0.5641710970187058
C4_cash_reg_cash_features_cash_full_clean_all_algos_default,bpic15_4,mix-gen,candidate,IMd,inductive_miner_imd,f68041a3f2d86846,1977,0.46475017451132605,0.7260281502906851,0.0,0.46475017451132605,0.0,0.2612779757793591,0.0,0.6401269349201552,1.0,141,1,196,10,0.455345408935987
C4_cash_reg_cash_features_cash_full_clean_all_algos_default,bpic15_5,equal,candidate,IMd,inductive_miner_imd,a0710095115a2fbb,1977,0.49803037626811336,0.7432661612580866,0.0,0.49803037626811336,0.0,0.24523578498997328,0.0,0.6700565722313042,1.0,128,1,196,10,0.5047857229632045
C4_cash_reg_cash_features_cash_full_clean_all_algos_default,bpic15_5,fitn,candidate,IMd,inductive_miner_imd,a0710095115a2fbb,1977,1.0,1.0,0.0,1.0,0.0,0.0,0.0,1.0,1.0,1,1,196,10,0.9999996708818172
C4_cash_reg_cash_features_cash_full_clean_all_algos_default,bpic15_5,prec,candidate,HM,heuristics_miner,5fe2fca8d068cc08,1977,0.0,0.9914236706689536,0.0,0.0050756012401533,0.0,0.9914236706689536,0.0050756012401533,0.0,0.0,147,2,196,10,0.014536848237692981
C4_cash_reg_cash_features_cash_full_clean_all_algos_default,bpic15_5,gene,candidate,IMd,inductive_miner_imd,a0710095115a2fbb,1977,0.6480339787897107,0.8420322364834529,0.0,0.6480339787897107,0.0,0.19399825769374224,0.0,0.7696070895053498,1.0,117,1,196,10,0.666679563201421
C4_cash_reg_cash_features_cash_full_clean_all_algos_default,bpic15_5,simp,candidate,IMd,inductive_miner_imd,a0710095115a2fbb,1977,0.3390119250425894,1.0,0.0,0.3390119250425894,0.0,0.6609880749574106,0.0,0.3390119250425894,1.0,135,1,196,10,0.3461371137479651
C4_cash_reg_cash_features_cash_full_clean_all_algos_default,bpic15_5,fit+pre,candidate,IMd,inductive_miner_imd,a0710095115a2fbb,1977,0.5025378006200767,0.8302814710249038,0.0,0.5025378006200767,0.0,0.3277436704048271,0.0,0.6052619721836516,1.0,69,1,196,10,0.503163107451716
C4_cash_reg_cash_features_cash_full_clean_all_algos_default,bpic15_5,fit+gen,candidate,IMd,inductive_miner_imd,a0710095115a2fbb,1977,0.8240169893948553,0.8491470544465778,0.0,0.8240169893948553,0.0,0.02513006505172244,0.0,0.9704055205513247,1.0,2,1,196,10,0.8333396170416191
C4_cash_reg_cash_features_cash_full_clean_all_algos_default,bpic15_5,fit+sim,candidate,IMd,inductive_miner_imd,a0710095115a2fbb,1977,0.6695059625212947,0.8492461162887588,0.0,0.6695059625212947,0.0,0.1797401537674641,0.0,0.7883532814339662,1.0,85,1,196,10,0.6730683923148911
C4_cash_reg_cash_features_cash_full_clean_all_algos_default,bpic15_5,pre+gen,candidate,IMd,inductive_miner_imd,a0710095115a2fbb,1977,0.326554790014932,0.8116192280976056,0.0,0.326554790014932,0.0,0.4850644380826736,0.0,0.4023497456810627,1.0,132,1,196,10,0.3365030536115179
C4_cash_reg_cash_features_cash_full_clean_all_algos_default,bpic15_5,pre+sim,candidate,IMd,inductive_miner_imd,a0710095115a2fbb,1977,0.17204376314137138,0.7827816467542539,0.0,0.17204376314137138,0.0,0.6107378836128825,0.0,0.21978512635642147,1.0,141,1,196,10,0.17623182888478994
C4_cash_reg_cash_features_cash_full_clean_all_algos_default,bpic15_5,gen+sim,candidate,IMd,inductive_miner_imd,a0710095115a2fbb,1977,0.49352295191615003,0.9210161182417265,0.0,0.49352295191615003,0.0,0.42749316632557643,0.0,0.535846161800419,1.0,133,1,196,10,0.506408338474693
C4_cash_reg_cash_features_cash_full_clean_all_algos_default,bpic15_5,mix-fit,candidate,IMd,inductive_miner_imd,a0710095115a2fbb,1977,0.534128463259535,0.7619159908588385,0.0,0.534128463259535,0.0,0.22778752759930354,0.0,0.7010332761981549,1.0,95,1,196,10,0.5377932106289465
C4_cash_reg_cash_features_cash_full_clean_all_algos_default,bpic15_5,mix-prec,candidate,IMd,inductive_miner_imd,a0710095115a2fbb,1977,0.43034162663723335,0.7845385057794597,0.0,0.43034162663723335,0.0,0.35419687914222636,0.0,0.5485283685466497,1.0,123,1,196,10,0.43714813212023207
C4_cash_reg_cash_features_cash_full_clean_all_algos_default,bpic15_5,mix-simp,candidate,IMd,inductive_miner_imd,a0710095115a2fbb,1977,0.5657191258989932,0.7677189214161869,0.0,0.5657191258989932,0.0,0.20199979551719371,0.0,0.736883135373854,1.0,123,1,196,10,0.5724233138061768
C4_cash_reg_cash_features_cash_full_clean_all_algos_default,bpic15_5,mix-gen,candidate,IMd,inductive_miner_imd,a0710095115a2fbb,1977,0.4619322892766918,0.7246163316573346,0.0,0.4619322892766918,0.0,0.26268404238064286,0.0,0.6374853409944063,1.0,136,1,196,10,0.47177823529746254
C4_cash_reg_cash_features_cash_full_clean_all_algos_default,hospital_billing,equal,candidate,IM,inductive_miner_im,d281a0841299287f,1977,0.7728985458636999,0.8734035144022313,0.0,0.7728985458636999,0.0,0.10050496853853141,0.0,0.8849272222045977,1.0,93,1,196,10,0.7606595452809076
C4_cash_reg_cash_features_cash_full_clean_all_algos_default,hospital_billing,fitn,candidate,IM,inductive_miner_im,d281a0841299287f,1977,1.0,1.0,0.0,1.0,0.0,0.0,0.0,1.0,1.0,1,1,196,10,0.9937482955326261
C4_cash_reg_cash_features_cash_full_clean_all_algos_default,hospital_billing,prec,candidate,HM,heuristics_miner,f0ba1c246feb1617,1977,0.9123900422661322,1.0,0.0,0.9629574047067224,0.0,0.08760995773386782,0.050567362440590236,0.9123900422661322,0.9474874358996274,79,2,196,10,0.7791646526211651
C4_cash_reg_cash_features_cash_full_clean_all_algos_default,hospital_billing,gene,candidate,IMd,inductive_miner_imd,8ee363d72269d593,1977,0.9406716490462892,0.974570314262808,0.0,0.9406716490462892,0.0,0.03389866521651885,0.0,0.9652168091717828,1.0,8,1,196,10,0.9100693111455872
C4_cash_reg_cash_features_cash_full_clean_all_algos_default,hospital_billing,simp,candidate,,alpha_miner_plus,7569b62a51053867,1977,1.0,1.0,0.0,1.0,0.0,0.0,0.0,1.0,1.0,1,1,196,10,0.7983573687848947
C4_cash_reg_cash_features_cash_full_clean_all_algos_default,hospital_billing,fit+pre,candidate,HM,heuristics_miner,f0ba1c246feb1617,1977,0.9148592576033847,0.9891405829759681,0.0,0.9595597272243968,0.0,0.07428132537258336,0.04470046962101204,0.9249031667984974,0.9534156464128484,84,2,196,10,0.7957118568478172
C4_cash_reg_cash_features_cash_full_clean_all_algos_default,hospital_billing,fit+gen,candidate,IMd,inductive_miner_imd,8ee363d72269d593,1977,0.9703358245231446,0.9872657861978589,0.0,0.9703358245231446,0.0,0.016929961674714278,0.0,0.9828516677966582,1.0,6,1,196,10,0.9485841218855977
C4_cash_reg_cash_features_cash_full_clean_all_algos_default,hospital_billing,fit+sim,candidate,IM,inductive_miner_im,d281a0841299287f,1977,0.8130841121495327,0.8398776546991239,0.0,0.8398776546991239,0.0,0.02679354254959121,0.02679354254959121,0.9680982790771,0.9680982790771,12,2,196,10,0.7931304877400437
C4_cash_reg_cash_features_cash_full_clean_all_algos_default,hospital_billing,pre+gen,candidate,HM,heuristics_miner,f0ba1c246feb1617,1977,0.829572421392768,0.9583893297505974,0.0,0.8588651864474877,0.0,0.12881690835782944,0.02929276505471967,0.8655902102005334,0.9658936402162452,100,2,196,10,0.7736591519907798
C4_cash_reg_cash_features_cash_full_clean_all_algos_default,hospital_billing,pre+sim,candidate,,split_miner,f4e16e5fb4180fe7,1977,0.7486094345332757,0.8030539885899708,0.0,0.7486094345332757,0.0,0.05444455405669513,0.0,0.9322031210475765,1.0,45,1,196,10,0.6720842989474172
C4_cash_reg_cash_features_cash_full_clean_all_algos_default,hospital_billing,gen+sim,candidate,,alpha_miner_plus,7569b62a51053867,1977,0.9594156800838197,0.9594156800838197,0.0,0.9594156800838197,0.0,0.0,0.0,1.0,1.0,1,1,196,10,0.8230576255002413
C4_cash_reg_cash_features_cash_full_clean_all_algos_default,hospital_billing,mix-fit,candidate,IM,inductive_miner_im,d281a0841299287f,1977,0.7778758531148892,0.8999403930024692,0.0,0.8136962546913017,0.0,0.12206453988758004,0.03582040157641253,0.864363750269797,0.9559781658451876,119,3,196,10,0.7740107287152134
C4_cash_reg_cash_features_cash_full_clean_all_algos_default,hospital_billing,mix-prec,candidate,HM,heuristics_miner,f0ba1c246feb1617,1977,0.8197405704229646,0.9266041872906543,0.0,0.8197405704229646,0.0,0.10686361686768975,0.0,0.8846717742770472,1.0,93,1,196,10,0.7541713325650923
C4_cash_reg_cash_features_cash_full_clean_all_algos_default,hospital_billing,mix-simp,candidate,IM,inductive_miner_im,d281a0841299287f,1977,0.7905026753810218,0.8448731726232275,0.0,0.8251219889751983,0.0,0.05437049724220566,0.03461931359417647,0.9356465573721652,0.9580433995739543,37,2,196,10,0.7702194247933227
C4_cash_reg_cash_features_cash_full_clean_all_algos_default,hospital_billing,mix-gen,candidate,IM,inductive_miner_im,d281a0841299287f,1977,0.7679212386125109,0.8574303226558113,0.0,0.8103663232512726,0.0,0.08950908404330038,0.04244508463876162,0.8956077459844735,0.9476223487811443,76,4,196,10,0.7473083618466019
C4_cash_reg_cash_features_cash_full_clean_all_algos_default,road_traffic_fines,equal,candidate,IM,inductive_miner_im,bc38a80ef2ff6b06,1977,0.7953185937601113,0.9091484776358276,0.0,0.8472976270289231,0.6214060482884951,0.11382988387571635,0.051979033268811814,0.8747950563897743,0.7698938864447845,140,3,196,10,0.7833536877384146
C4_cash_reg_cash_features_cash_full_clean_all_algos_default,road_traffic_fines,fitn,candidate,IM,inductive_miner_im,bc38a80ef2ff6b06,1977,1.0,1.0,0.0,1.0,0.3925932669096653,0.0,0.0,1.0,1.0,1,1,196,10,0.9838743067957718
C4_cash_reg_cash_features_cash_full_clean_all_algos_default,road_traffic_fines,prec,candidate,HM,heuristics_miner,9fd05dcc49e5b232,1977,0.9913926579538832,1.0,0.0,1.0,0.5,0.008607342046116795,0.008607342046116795,0.9913926579538832,0.9827853159077664,106,3,196,10,0.8530936427538386
C4_cash_reg_cash_features_cash_full_clean_all_algos_default,road_traffic_fines,gene,candidate,,alpha_miner_plus,ae2ccb5898920deb,1977,0.9806764943907428,0.9916370973254746,0.0,0.988255529682136,0.7759264965092517,0.010960602934731778,0.007579035291393255,0.9889469615807099,0.964305233353452,22,4,196,10,0.9835985132144713
C4_cash_reg_cash_features_cash_full_clean_all_algos_default,road_traffic_fines,simp,candidate,AM,alpha_miner_classic,e3a8e709ceed9a3b,1977,0.6571428571428571,0.8,0.0,0.7894736842105263,0.2035398230088495,0.1428571428571429,0.1323308270676692,0.8214285714285714,0.7741539859186918,45,3,196,10,0.6209912573393948
C4_cash_reg_cash_features_cash_full_clean_all_algos_default,road_traffic_fines,fit+pre,candidate,HM,heuristics_miner,9fd05dcc49e5b232,1977,0.9598795032511696,0.9901742494392978,0.0,0.9598795032511696,0.527473849381619,0.03029474618812822,0.0,0.9694046313512161,1.0,44,1,196,10,0.8680335063972568
C4_cash_reg_cash_features_cash_full_clean_all_algos_default,road_traffic_fines,fit+gen,candidate,IM,inductive_miner_im,bc38a80ef2ff6b06,1977,0.9876297053108947,0.9953412031561973,0.0,0.994127764841068,0.6866348806502041,0.007711497845302673,0.00649805953017335,0.992252407696125,0.9788676100675554,9,3,196,10,0.9672474414827668
C4_cash_reg_cash_features_cash_full_clean_all_algos_default,road_traffic_fines,fit+sim,candidate,IM,inductive_miner_im,bc38a80ef2ff6b06,1977,0.8118811881188119,0.869886942078606,0.0,0.8118811881188119,0.4212966334548326,0.058005753959794015,0.0,0.9333180541586376,1.0,17,1,196,10,0.7921468983627623
C4_cash_reg_cash_features_cash_full_clean_all_algos_default,road_traffic_fines,pre+gen,candidate,HM,heuristics_miner,9fd05dcc49e5b232,1977,0.9573028360861393,0.9899221054016767,0.0,0.9573028360861393,0.738529465585683,0.03261926931553738,0.0,0.9670486504568947,1.0,41,1,196,10,0.8369540906320772
C4_cash_reg_cash_features_cash_full_clean_all_algos_default,road_traffic_fines,pre+sim,candidate,HM,heuristics_miner,9fd05dcc49e5b232,1977,0.7688055726744205,0.8710629687671056,0.0,0.8564975021391137,0.3963759261581421,0.10225739609268514,0.08769192946469317,0.8826061952358975,0.8094157413119882,108,2,196,10,0.6964595732372507
C4_cash_reg_cash_features_cash_full_clean_all_algos_default,road_traffic_fines,gen+sim,candidate,AM,alpha_miner_classic,e3a8e709ceed9a3b,1977,0.8213464480458768,0.8875669341178665,0.0,0.8832663076909462,0.5950395622591833,0.06622048607198971,0.06191985964506941,0.9253909947222123,0.7851696255588161,13,2,196,10,0.8021731763260833
C4_cash_reg_cash_features_cash_full_clean_all_algos_default,road_traffic_fines,mix-fit,candidate,HM,heuristics_miner,9fd05dcc49e5b232,1977,0.8703293357063786,0.917489504487446,0.0,0.8703293357063786,0.5438112857590123,0.047160168781067435,0.0,0.9485986830907528,1.0,73,1,196,10,0.7991639954375858
C4_cash_reg_cash_features_cash_full_clean_all_algos_default,road_traffic_fines,mix-prec,candidate,HM,heuristics_miner,9fd05dcc49e5b232,1977,0.9138160858962587,0.9485628625742423,0.0,0.9138160858962587,0.6826633744405849,0.03474677667798354,0.0,0.9633690311428739,1.0,65,1,196,10,0.8180590430348313
C4_cash_reg_cash_features_cash_full_clean_all_algos_default,road_traffic_fines,mix-simp,candidate,IM,inductive_miner_im,bc38a80ef2ff6b06,1977,0.8027820914375106,0.8891275547093468,0.0,0.8101391065596582,0.5601487221364054,0.08634546327183623,0.007357015122147592,0.9028874284521952,0.9705708075967769,73,2,196,10,0.7853042410504223
C4_cash_reg_cash_features_cash_full_clean_all_algos_default,road_traffic_fines,mix-gen,candidate,IM,inductive_miner_im,bc38a80ef2ff6b06,1977,0.7936829947562092,0.9083681673400874,0.0,0.8259801931845809,0.6735200733679487,0.11468517258387823,0.032297198428371754,0.873745936166276,0.7881596940418488,119,4,196,10,0.7784615837380823
C4_cash_reg_cash_features_cash_full_clean_all_algos_default,sepsis,equal,candidate,HM,heuristics_miner,6e00f695b9765352,1987,0.7189961247213809,0.835724100545018,0.0,0.7356992453028625,0.0,0.11672797582363714,0.0167031205814816,0.8603271393663137,0.9772962651679689,112,2,196,10,0.7414522143086297
C4_cash_reg_cash_features_cash_full_clean_all_algos_default,sepsis,fitn,candidate,IM,inductive_miner_im,9b19fee2e6fe09c3,1987,1.0,1.0,0.0,1.0,0.0,0.0,0.0,1.0,1.0,1,1,196,10,0.9956584651398431
C4_cash_reg_cash_features_cash_full_clean_all_algos_default,sepsis,prec,candidate,HM,heuristics_miner,6e00f695b9765352,1987,0.7033112582781457,1.0,0.0,0.94229112833764,0.0,0.29668874172185433,0.23897987005949428,0.7033112582781457,0.7463842512439919,114,2,196,10,0.7157702566538966
C4_cash_reg_cash_features_cash_full_clean_all_algos_default,sepsis,gene,candidate,,alpha_miner_plus,a357d2029903386e,1987,0.9188890052402672,0.9290801678868448,0.0,0.9266596408851776,0.0,0.0101911626465776,0.007770635644910429,0.9890309114338788,0.991614358387846,13,3,196,10,0.949669179420985
C4_cash_reg_cash_features_cash_full_clean_all_algos_default,sepsis,simp,candidate,AM,alpha_miner_classic,3cde4651154418a0,1987,0.4782608695652174,0.7567567567567567,0.0,0.6875,0.0,0.2784958871915393,0.2092391304347826,0.6319875776397517,0.6956521739130435,138,4,196,10,0.6896570384740848
C4_cash_reg_cash_features_cash_full_clean_all_algos_default,sepsis,fit+pre,candidate,HM,heuristics_miner,6e00f695b9765352,1987,0.8004969574621229,0.9487189551442285,0.0,0.8139906313991154,0.0,0.14822199768210564,0.013493673936992523,0.8437661681803624,0.9834228141989803,96,2,196,10,0.820363578706412
C4_cash_reg_cash_features_cash_full_clean_all_algos_default,sepsis,fit+gen,candidate,IMd,inductive_miner_imd,cf73e2e20e689341,1987,0.9633298204425889,0.9633298204425889,0.0,0.9633298204425889,0.0,0.0,0.0,1.0,1.0,1,1,196,10,0.9683386144608195
C4_cash_reg_cash_features_cash_full_clean_all_algos_default,sepsis,fit+sim,candidate,IM,inductive_miner_im,9b19fee2e6fe09c3,1987,0.8111888111888111,0.8140244733789898,0.0,0.8111888111888111,0.0,0.0028356621901786117,0.0,0.9965164902494787,1.0,5,1,196,10,0.805792295477948
C4_cash_reg_cash_features_cash_full_clean_all_algos_default,sepsis,pre+gen,candidate,HM,heuristics_miner,6e00f695b9765352,1987,0.7725517308363108,0.9381130457761724,0.0,0.7973162305274542,0.0,0.1655613149398616,0.02476449969114336,0.8235166692486617,0.96894017863557,107,2,196,10,0.7648044838518859
C4_cash_reg_cash_features_cash_full_clean_all_algos_default,sepsis,pre+sim,candidate,,split_miner,10f1fbcb4a9f1cb0,1987,0.6512801866081229,0.8491941359263719,0.0,0.6962451657624454,0.0,0.19791394931824902,0.044964979154322515,0.766939100324394,0.9354178939180394,98,2,196,10,0.6450413846237423
C4_cash_reg_cash_features_cash_full_clean_all_algos_default,sepsis,gen+sim,candidate,AM,alpha_miner_classic,3cde4651154418a0,1987,0.6957198961675222,0.8216829410862796,0.0,0.7987879295324212,0.0,0.12596304491875743,0.103068033364899,0.8467011561025813,0.8709694656687778,76,4,196,10,0.8192707334011274
C4_cash_reg_cash_features_cash_full_clean_all_algos_default,sepsis,mix-fit,candidate,HM,heuristics_miner,6e00f695b9765352,1987,0.7408853365946917,0.8604442533384715,0.0,0.7408853365946917,0.0,0.11955891674377983,0.0,0.8610497818075971,1.0,97,1,196,10,0.7683463061590914
C4_cash_reg_cash_features_cash_full_clean_all_algos_default,sepsis,mix-prec,candidate,HM,heuristics_miner,6e00f695b9765352,1987,0.7567185337155011,0.8992786495573217,0.0,0.7567185337155011,0.0,0.1425601158418206,0.0,0.8414728116674435,1.0,107,1,196,10,0.7665753950054884
C4_cash_reg_cash_features_cash_full_clean_all_algos_default,sepsis,mix-simp,candidate,IM,inductive_miner_im,9b19fee2e6fe09c3,1987,0.7552038190935039,0.7905131280697297,0.0,0.7552038190935039,0.0,0.03530930897622586,0.0,0.9553336842584209,1.0,39,1,196,10,0.7635389053733312
C4_cash_reg_cash_features_cash_full_clean_all_algos_default,sepsis,mix-gen,candidate,,split_miner,10f1fbcb4a9f1cb0,1987,0.7663084931622224,0.8286673700233692,0.0,0.7663084931622224,0.0,0.06235887686114683,0.0,0.9247480000818805,1.0,43,1,196,10,0.729168349431703
C5_cash_reg_cash_features_cash_full_clean_all_algos_hparams,bpi2012,equal,candidate,HM,heuristics_miner,94046d19ae6f1615,38720,0.7102648514605712,0.8454937775108162,0.0,0.8454937775108162,0.0,0.13522892605024506,0.13522892605024506,0.84005922971028,0.84005922971028,135,135,196,196,0.8289275128974289
C5_cash_reg_cash_features_cash_full_clean_all_algos_hparams,bpi2012,fitn,candidate,IMf,inductive_miner_imf,7e2c5e206ff9ce37,38720,0.9997867134317217,1.0,0.0,1.0,0.0,0.00021328656827834802,0.00021328656827834802,0.9997867134317217,0.9997867134317217,5,5,196,196,0.9996047849334896
C5_cash_reg_cash_features_cash_full_clean_all_algos_hparams,bpi2012,prec,candidate,HM,heuristics_miner,2238bc808a30bd2f,38720,0.5402119205298013,1.0,0.0,1.0,0.0,0.45978807947019873,0.45978807947019873,0.5402119205298013,0.5402119205298013,126,126,196,196,0.9292440836664327
C5_cash_reg_cash_features_cash_full_clean_all_algos_hparams,bpi2012,gene,candidate,,alpha_miner_plus,c0a59a19fc71b5c9,38720,0.9833839249293814,0.9846855427449372,0.0,0.9846855427449372,0.0,0.0013016178155558222,0.0013016178155558222,0.9986781385944518,0.9986781385944518,10,10,196,196,0.968720146367131
C5_cash_reg_cash_features_cash_full_clean_all_algos_hparams,bpi2012,simp,candidate,,split_miner,66f8441883879f85,38720,0.7303370786516854,0.853658536585366,0.0,0.853658536585366,0.0,0.12332145793368054,0.12332145793368054,0.85553772070626,0.85553772070626,5,5,196,196,0.7048602171740004
C5_cash_reg_cash_features_cash_full_clean_all_algos_hparams,bpi2012,fit+pre,candidate,HM,heuristics_miner,ec7bee5b1bfcdb5d,38720,0.8921120949825567,0.9301612956045748,0.0,0.9301612956045748,0.0,0.03804920062201811,0.03804920062201811,0.9590939756343148,0.9590939756343148,8,8,196,196,0.924709515148354
C5_cash_reg_cash_features_cash_full_clean_all_algos_hparams,bpi2012,fit+gen,candidate,IMf,inductive_miner_imf,7e2c5e206ff9ce37,38720,0.9881819570423425,0.9923427713724686,0.0,0.9923427713724686,0.0,0.004160814330126161,0.004160814330126161,0.9958070795191348,0.9958070795191348,5,5,196,196,0.980177146115278
C5_cash_reg_cash_features_cash_full_clean_all_algos_hparams,bpi2012,fit+sim,candidate,IMf,inductive_miner_imf,61c5d68ced4999f4,38720,0.7819994723761131,0.8121921418178204,0.0,0.8121921418178204,0.0,0.030192669441707287,0.030192669441707287,0.9628257060279712,0.9628257060279712,13,13,196,196,0.8198012543122588
C5_cash_reg_cash_features_cash_full_clean_all_algos_hparams,bpi2012,pre+gen,candidate,HM,heuristics_miner,b7bf6ee8468bc153,38720,0.9546937588748028,0.9634656515705695,0.0,0.9634656515705695,0.0,0.008771892695766725,0.008771892695766725,0.9908954795830371,0.9908954795830371,4,4,196,196,0.9200109745896139
C5_cash_reg_cash_features_cash_full_clean_all_algos_hparams,bpi2012,pre+sim,candidate,,split_miner,66f8441883879f85,38720,0.7893799987107687,0.8077460186427269,0.0,0.8077460186427269,0.0,0.01836601993195819,0.01836601993195819,0.9772626301980182,0.9772626301980182,7,7,196,196,0.744589424116162
C5_cash_reg_cash_features_cash_full_clean_all_algos_hparams,bpi2012,gen+sim,candidate,,split_miner,66f8441883879f85,38720,0.8412354716977547,0.9184776167632608,0.0,0.9184776167632608,0.0,0.07724214506550608,0.07724214506550608,0.9159019842664109,0.9159019842664109,5,5,196,196,0.8247506380788647
C5_cash_reg_cash_features_cash_full_clean_all_algos_hparams,bpi2012,mix-fit,candidate,HM,heuristics_miner,94046d19ae6f1615,38720,0.7011465409009557,0.8579335371394458,0.0,0.8579335371394458,0.0,0.15678699623849002,0.15678699623849002,0.8172504169014594,0.8172504169014594,131,131,196,196,0.8503540001791317
C5_cash_reg_cash_features_cash_full_clean_all_algos_hparams,bpi2012,mix-prec,candidate,HM,heuristics_miner,dfc664f414a540a1,38720,0.6853588952417576,0.9094815824532984,0.0,0.9094815824532984,0.0,0.22412268721154072,0.22412268721154072,0.7535709446617086,0.7535709446617086,144,144,196,196,0.8797643165359901
C5_cash_reg_cash_features_cash_full_clean_all_algos_hparams,bpi2012,mix-simp,candidate,,split_miner,1d7d49cf82addc81,38720,0.7994258101166773,0.8154342316428806,0.0,0.8154342316428806,0.0,0.016008421526203298,0.016008421526203298,0.980368224799748,0.980368224799748,2,2,196,196,0.7982104720371457
C5_cash_reg_cash_features_cash_full_clean_all_algos_hparams,bpi2012,mix-gen,candidate,,split_miner,66f8441883879f85,38720,0.831391824555227,0.858090575541927,0.0,0.858090575541927,0.0,0.02669875098670005,0.02669875098670005,0.968885859199842,0.968885859199842,6,6,196,196,0.8257330936598493
C5_cash_reg_cash_features_cash_full_clean_all_algos_hparams,bpi2013_closed_problems,equal,candidate,IMf,inductive_miner_imf,d72e7fc019b98cfe,38916,0.911876527588001,0.9163782860150957,0.0,0.9163782860150957,0.0,0.004501758427094771,0.004501758427094771,0.995087445331479,0.995087445331479,2,2,196,196,0.898562383808589
C5_cash_reg_cash_features_cash_full_clean_all_algos_hparams,bpi2013_closed_problems,fitn,candidate,IMf,inductive_miner_imf,685e2f2ecd62d260,38916,0.9996714609038476,1.0,0.0,1.0,0.0,0.0003285390961523804,0.0003285390961523804,0.9996714609038476,0.9996714609038476,7,7,196,196,0.9995120390710678
C5_cash_reg_cash_features_cash_full_clean_all_algos_hparams,bpi2013_closed_problems,prec,candidate,,split_miner,e874144789fa0467,38916,0.9918278852568378,1.0,0.0,1.0,0.0,0.008172114743162151,0.008172114743162151,0.9918278852568378,0.9918278852568378,91,91,196,196,0.9715266575000236
C5_cash_reg_cash_features_cash_full_clean_all_algos_hparams,bpi2013_closed_problems,gene,candidate,IMf,inductive_miner_imf,a578d2e6f397c58e,38916,0.9559026622070114,0.9751741745874558,0.0,0.9751741745874558,0.0,0.019271512380444444,0.019271512380444444,0.9802378765940996,0.9802378765940996,4,4,196,196,0.9768611011885935
C5_cash_reg_cash_features_cash_full_clean_all_algos_hparams,bpi2013_closed_problems,simp,candidate,,alpha_miner_plus,e787a9b1833ccccd,38916,0.0,1.0,0.0,1.0,0.0,1.0,1.0,0.0,0.0,191,191,196,196,0.9560451052215757
C5_cash_reg_cash_features_cash_full_clean_all_algos_hparams,bpi2013_closed_problems,fit+pre,candidate,HM,heuristics_miner,41278f47d85c2522,38916,0.9652899729345528,0.9833244744389686,0.0,0.9833244744389686,0.0,0.01803450150441588,0.01803450150441588,0.9816596637496434,0.9816596637496434,34,34,196,196,0.9507019780683631
C5_cash_reg_cash_features_cash_full_clean_all_algos_hparams,bpi2013_closed_problems,fit+gen,candidate,IMf,inductive_miner_imf,a578d2e6f397c58e,38916,0.9768396200213343,0.9768396200213343,0.0,0.9768396200213343,0.0,0.0,0.0,1.0,1.0,1,1,196,196,0.987992233299086
C5_cash_reg_cash_features_cash_full_clean_all_algos_hparams,bpi2013_closed_problems,fit+sim,candidate,IMf,inductive_miner_imf,7cc54a1eb964803e,38916,0.8812412300942993,0.8813768133238105,0.0,0.8813768133238105,0.0,0.000135583229511127,0.000135583229511127,0.9998461688264753,0.9998461688264753,2,2,196,196,0.860471183223835
C5_cash_reg_cash_features_cash_full_clean_all_algos_hparams,bpi2013_closed_problems,pre+gen,candidate,,split_miner,e874144789fa0467,38916,0.9624563756843785,0.9873630729568104,0.0,0.9873630729568104,0.0,0.024906697272431888,0.024906697272431888,0.974774530307433,0.974774530307433,5,5,196,196,0.9588050103124335
C5_cash_reg_cash_features_cash_full_clean_all_algos_hparams,bpi2013_closed_problems,pre+sim,candidate,,split_miner,cd7534edeef8c83c,38916,0.8871258113879359,1.0,0.0,1.0,0.0,0.11287418861206411,0.11287418861206411,0.8871258113879359,0.8871258113879359,81,81,196,196,0.9235680721984949
C5_cash_reg_cash_features_cash_full_clean_all_algos_hparams,bpi2013_closed_problems,gen+sim,candidate,,alpha_miner_plus,e787a9b1833ccccd,38916,0.0,0.9875870872937279,0.0,0.9875870872937279,0.0,0.9875870872937279,0.9875870872937279,0.0,0.0,191,191,196,196,0.9286732739027277
C5_cash_reg_cash_features_cash_full_clean_all_algos_hparams,bpi2013_closed_problems,mix-fit,candidate,IMf,inductive_miner_imf,d72e7fc019b98cfe,38916,0.9287920181656045,0.9341168759050021,0.0,0.9341168759050021,0.0,0.005324857739397615,0.005324857739397615,0.9942995808375277,0.9942995808375277,2,2,196,196,0.9108909471431956
C5_cash_reg_cash_features_cash_full_clean_all_algos_hparams,bpi2013_closed_problems,mix-prec,candidate,IMf,inductive_miner_imf,349ee7c2c547bf69,38916,0.9364422199287216,0.9478472946591554,0.0,0.9478472946591554,0.0,0.01140507473043384,0.01140507473043384,0.9879673922216182,0.9879673922216182,2,2,196,196,0.9250283977518933
C5_cash_reg_cash_features_cash_full_clean_all_algos_hparams,bpi2013_closed_problems,mix-simp,candidate,IMf,inductive_miner_imf,d72e7fc019b98cfe,38916,0.8873108352472803,0.8876203584183078,0.0,0.8876203584183078,0.0,0.0003095231710275037,0.0003095231710275037,0.9996512887879464,0.9996512887879464,4,4,196,196,0.8721213240710852
C5_cash_reg_cash_features_cash_full_clean_all_algos_hparams,bpi2013_closed_problems,mix-gen,candidate,,split_miner,e874144789fa0467,38916,0.9098059720424396,0.9265291608189077,0.0,0.9265291608189077,0.0,0.016723188776468056,0.016723188776468056,0.9819507151165244,0.9819507151165244,5,5,196,196,0.9001470133027948
C5_cash_reg_cash_features_cash_full_clean_all_algos_hparams,bpi2013_incidents,equal,candidate,,split_miner,54b40b57dd6bca9e,38916,0.8492339108663403,0.9227713113840779,0.0,0.9227713113840779,0.0,0.0735374005177376,0.0735374005177376,0.9203080984307609,0.9203080984307609,79,79,196,196,0.8871191408987696
C5_cash_reg_cash_features_cash_full_clean_all_algos_hparams,bpi2013_incidents,fitn,candidate,IMf,inductive_miner_imf,43ee14d3ba2a3840,38916,1.0,1.0,0.0,1.0,0.0,0.0,0.0,1.0,1.0,1,1,196,196,0.9995593927075934
C5_cash_reg_cash_features_cash_full_clean_all_algos_hparams,bpi2013_incidents,prec,candidate,,split_miner,68aa01e8c94a0796,38916,0.9870135293135126,1.0,0.0,1.0,0.0,0.012986470686487395,0.012986470686487395,0.9870135293135126,0.9870135293135126,58,58,196,196,0.9479762118295822
C5_cash_reg_cash_features_cash_full_clean_all_algos_hparams,bpi2013_incidents,gene,candidate,IMf,inductive_miner_imf,43ee14d3ba2a3840,38916,0.989726016820858,0.9924026869731328,0.0,0.9924026869731328,0.0,0.002676670152274796,0.002676670152274796,0.9973028386688082,0.9973028386688082,4,4,196,196,0.9792677845902356
C5_cash_reg_cash_features_cash_full_clean_all_algos_hparams,bpi2013_incidents,simp,candidate,,heuristics_miner_plusplus,3a94e725c577464d,38916,1.0,1.0,0.0,1.0,0.0,0.0,0.0,1.0,1.0,1,1,196,196,0.9124014345769118
C5_cash_reg_cash_features_cash_full_clean_all_algos_hparams,bpi2013_incidents,fit+pre,candidate,,split_miner,01befd83094731d5,38916,0.8821056240682748,0.9765794350540196,0.0,0.9765794350540196,0.0,0.09447381098574481,0.09447381098574481,0.9032604951582675,0.9032604951582675,74,74,196,196,0.9070555173221968
C5_cash_reg_cash_features_cash_full_clean_all_algos_hparams,bpi2013_incidents,fit+gen,candidate,IMf,inductive_miner_imf,43ee14d3ba2a3840,38916,0.9948630084104291,0.9948630084104291,0.0,0.9948630084104291,0.0,0.0,0.0,1.0,1.0,1,1,196,196,0.9894135886489145
C5_cash_reg_cash_features_cash_full_clean_all_algos_hparams,bpi2013_incidents,fit+sim,candidate,IMf,inductive_miner_imf,54ff4759f4c9d4a1,38916,0.8645509542431231,0.8762171658937965,0.0,0.8762171658937965,0.0,0.011666211650673386,0.011666211650673386,0.9866857074880825,0.9866857074880825,3,3,196,196,0.8739175864063142
C5_cash_reg_cash_features_cash_full_clean_all_algos_hparams,bpi2013_incidents,pre+gen,candidate,,split_miner,68aa01e8c94a0796,38916,0.9614415361639526,0.9962013434865664,0.0,0.9962013434865664,0.0,0.034759807322613856,0.034759807322613856,0.9651076486195458,0.9651076486195458,34,34,196,196,0.959956990634357
C5_cash_reg_cash_features_cash_full_clean_all_algos_hparams,bpi2013_incidents,pre+sim,candidate,,split_miner,68aa01e8c94a0796,38916,0.9346832352449916,1.0,0.0,1.0,0.0,0.06531676475500836,0.06531676475500836,0.9346832352449916,0.9346832352449916,4,4,196,196,0.8986836606367545
C5_cash_reg_cash_features_cash_full_clean_all_algos_hparams,bpi2013_incidents,gen+sim,candidate,,heuristics_miner_plusplus,a7e4cf77f9eba0fd,38916,0.9962013434865664,0.9962013434865664,0.0,0.9962013434865664,0.0,0.0,0.0,1.0,1.0,1,1,196,196,0.9201161712407122
C5_cash_reg_cash_features_cash_full_clean_all_algos_hparams,bpi2013_incidents,mix-fit,candidate,,split_miner,01befd83094731d5,38916,0.8604655168627189,0.9349837317539983,0.0,0.9349837317539983,0.0,0.07451821489127941,0.07451821489127941,0.9202999877318874,0.9202999877318874,70,70,196,196,0.8885422660894337
C5_cash_reg_cash_features_cash_full_clean_all_algos_hparams,bpi2013_incidents,mix-prec,candidate,,split_miner,54b40b57dd6bca9e,38916,0.8600008485333489,0.9521545943141786,0.0,0.9521545943141786,0.0,0.09215374578082969,0.09215374578082969,0.9032155635953145,0.9032155635953145,110,110,196,196,0.9015413837049722
C5_cash_reg_cash_features_cash_full_clean_all_algos_hparams,bpi2013_incidents,mix-simp,candidate,,split_miner,54b40b57dd6bca9e,38916,0.8384669731993315,0.893388028453977,0.0,0.893388028453977,0.0,0.05492105525464552,0.05492105525464552,0.9385249706673512,0.9385249706673512,36,36,196,196,0.8726968980925669
C5_cash_reg_cash_features_cash_full_clean_all_algos_hparams,bpi2013_incidents,mix-gen,candidate,,split_miner,c5cb59e09ad88884,38916,0.8324539122544927,0.9176337438459292,0.0,0.9176337438459292,0.0,0.0851798315914365,0.0851798315914365,0.9071744776576806,0.9071744776576806,131,131,196,196,0.8893419924301407
C5_cash_reg_cash_features_cash_full_clean_all_algos_hparams,bpi2013_open_problems,equal,candidate,,split_miner,c84b360d64510357,38916,0.8936145129557105,0.9162455491114012,0.0,0.9162455491114012,0.0,0.02263103615569073,0.02263103615569073,0.975300249831894,0.975300249831894,3,3,196,196,0.8888606928659974
C5_cash_reg_cash_features_cash_full_clean_all_algos_hparams,bpi2013_open_problems,fitn,candidate,IMf,inductive_miner_imf,c3dd65d421b2ed6e,38916,1.0,1.0,0.0,1.0,0.0,0.0,0.0,1.0,1.0,1,1,196,196,0.999770098877257
C5_cash_reg_cash_features_cash_full_clean_all_algos_hparams,bpi2013_open_problems,prec,candidate,,heuristics_miner_plusplus,f7f12972f2897edc,38916,1.0,1.0,0.0,1.0,0.0,0.0,0.0,1.0,1.0,1,1,196,196,0.9921741211598648
C5_cash_reg_cash_features_cash_full_clean_all_algos_hparams,bpi2013_open_problems,gene,candidate,IMf,inductive_miner_imf,558fd85abaaef3d4,38916,0.9656228232165908,0.9656228232165908,0.0,0.9656228232165908,0.0,0.0,0.0,1.0,1.0,1,1,196,196,0.9515107842771121
C5_cash_reg_cash_features_cash_full_clean_all_algos_hparams,bpi2013_open_problems,simp,candidate,,genetic_miner,17dfe82f286ea63b,38916,0.8095238095238095,1.0,0.0,1.0,0.0,0.19047619047619047,0.19047619047619047,0.8095238095238095,0.8095238095238095,13,13,196,196,0.851079777761933
C5_cash_reg_cash_features_cash_full_clean_all_algos_hparams,bpi2013_open_problems,fit+pre,candidate,IMf,inductive_miner_imf,fb80094bbb32a74c,38916,0.8941509953496671,0.9819381210475933,0.0,0.9819381210475933,0.0,0.08778712569792613,0.08778712569792613,0.9105981081534249,0.9105981081534249,99,99,196,196,0.9378124560294536
C5_cash_reg_cash_features_cash_full_clean_all_algos_hparams,bpi2013_open_problems,fit+gen,candidate,IMf,inductive_miner_imf,558fd85abaaef3d4,38916,0.9828114116082953,0.9828114116082953,0.0,0.9828114116082953,0.0,0.0,0.0,1.0,1.0,1,1,196,196,0.9724546231317805
C5_cash_reg_cash_features_cash_full_clean_all_algos_hparams,bpi2013_open_problems,fit+sim,candidate,IMf,inductive_miner_imf,94227e6ad507e1bb,38916,0.8231568631706208,0.8644377932873344,0.0,0.8644377932873344,0.0,0.04128093011671363,0.04128093011671363,0.9522453432308552,0.9522453432308552,24,24,196,196,0.8627851989057702
C5_cash_reg_cash_features_cash_full_clean_all_algos_hparams,bpi2013_open_problems,pre+gen,candidate,,heuristics_miner_plusplus,e7994015fa117bc9,38916,0.8969500049515274,0.9793652708841788,0.0,0.9793652708841788,0.0,0.08241526593265136,0.08241526593265136,0.9158482862494745,0.9158482862494745,141,141,196,196,0.9676212245720286
C5_cash_reg_cash_features_cash_full_clean_all_algos_hparams,bpi2013_open_problems,pre+sim,candidate,,split_miner,fbb4c7a204282d90,38916,0.9139711465451785,0.9951923076923077,0.0,0.9951923076923077,0.0,0.08122116114712918,0.08122116114712918,0.9183864660937059,0.9183864660937059,8,8,196,196,0.9151905778662541
C5_cash_reg_cash_features_cash_full_clean_all_algos_hparams,bpi2013_open_problems,gen+sim,candidate,,split_miner,fbb4c7a204282d90,38916,0.9113778199915128,0.9788199595750521,0.0,0.9788199595750521,0.0,0.06744213958353928,0.06744213958353928,0.9310985243774362,0.9310985243774362,3,3,196,196,0.8925166631361992
C5_cash_reg_cash_features_cash_full_clean_all_algos_hparams,bpi2013_open_problems,mix-fit,candidate,IMf,inductive_miner_imf,fb80094bbb32a74c,38916,0.8537404992858345,0.9321610267210647,0.0,0.9321610267210647,0.0,0.0784205274352302,0.0784205274352302,0.9158723383758283,0.9158723383758283,93,93,196,196,0.9006655361072913
C5_cash_reg_cash_features_cash_full_clean_all_algos_hparams,bpi2013_open_problems,mix-prec,candidate,,split_miner,fbb4c7a204282d90,38916,0.8931942896951639,0.9501071658282663,0.0,0.9501071658282663,0.0,0.056912876133102364,0.056912876133102364,0.9400984665940416,0.9400984665940416,84,84,196,196,0.9077843380557887
C5_cash_reg_cash_features_cash_full_clean_all_algos_hparams,bpi2013_open_problems,mix-simp,candidate,,split_miner,c84b360d64510357,38916,0.8566329156482542,0.8823839323945362,0.0,0.8823839323945362,0.0,0.025751016746281996,0.025751016746281996,0.9708165393760048,0.9708165393760048,7,7,196,196,0.8703200170712003
C5_cash_reg_cash_features_cash_full_clean_all_algos_hparams,bpi2013_open_problems,mix-gen,candidate,,split_miner,fbb4c7a204282d90,38916,0.9022860548433385,0.9253321454132266,0.0,0.9253321454132266,0.0,0.023046090569888156,0.023046090569888156,0.9750942505519502,0.9750942505519502,5,5,196,196,0.9001505005959941
C5_cash_reg_cash_features_cash_full_clean_all_algos_hparams,bpi2017,equal,candidate,HM,heuristics_miner,f64e1aefc4a69346,38916,0.8332030392864043,0.8802301190425359,0.0,0.8802301190425359,0.0,0.04702707975613163,0.04702707975613163,0.9465741074535315,0.9465741074535315,24,24,196,196,0.7752602291459183
C5_cash_reg_cash_features_cash_full_clean_all_algos_hparams,bpi2017,fitn,candidate,IMf,inductive_miner_imf,ca720cec984123c3,38916,0.9981750826432002,1.0,0.0,1.0,0.0,0.0018249173567997934,0.0018249173567997934,0.9981750826432002,0.9981750826432002,9,9,196,196,0.983150116923616
C5_cash_reg_cash_features_cash_full_clean_all_algos_hparams,bpi2017,prec,candidate,HM,heuristics_miner,481897a008a41042,38916,0.7312690816073933,0.9982184707429071,0.0,0.9982184707429071,0.0,0.2669493891355138,0.2669493891355138,0.7325741839490896,0.7325741839490896,100,100,196,196,0.8879008661099361
C5_cash_reg_cash_features_cash_full_clean_all_algos_hparams,bpi2017,gene,candidate,IMf,inductive_miner_imf,e46c1414be585be0,38916,0.989403026704562,0.99095165942404,0.0,0.99095165942404,0.0,0.001548632719477916,0.001548632719477916,0.9984372267761497,0.9984372267761497,4,4,196,196,0.9650856244327922
C5_cash_reg_cash_features_cash_full_clean_all_algos_hparams,bpi2017,simp,candidate,AM,alpha_miner_classic,9a9cd65c1066e3fa,38916,0.392,0.7701149425287357,0.0,0.7701149425287357,0.0,0.3781149425287357,0.3781149425287357,0.5090149253731343,0.5090149253731343,165,165,196,196,0.8587876132020367
C5_cash_reg_cash_features_cash_full_clean_all_algos_hparams,bpi2017,fit+pre,candidate,HM,heuristics_miner,f64e1aefc4a69346,38916,0.9284707204762276,0.9550451175767805,0.0,0.9550451175767805,0.0,0.02657439710055287,0.02657439710055287,0.972174720742011,0.972174720742011,17,17,196,196,0.8509898011613268
C5_cash_reg_cash_features_cash_full_clean_all_algos_hparams,bpi2017,fit+gen,candidate,IMf,inductive_miner_imf,e46c1414be585be0,38916,0.9939831464251292,0.9949668505231788,0.0,0.9949668505231788,0.0,0.0009837040980495981,0.0009837040980495981,0.9990113197263484,0.9990113197263484,7,7,196,196,0.9722362154821922
C5_cash_reg_cash_features_cash_full_clean_all_algos_hparams,bpi2017,fit+sim,candidate,,split_miner,d9f964b80f4d9dc0,38916,0.7176603920905187,0.8402404432249244,0.0,0.8402404432249244,0.0,0.12258005113440573,0.12258005113440573,0.8541131266379757,0.8541131266379757,79,79,196,196,0.7783997655314592
C5_cash_reg_cash_features_cash_full_clean_all_algos_hparams,bpi2017,pre+gen,candidate,HM,heuristics_miner,481897a008a41042,38916,0.8202410775076411,0.9859199935085099,0.0,0.9859199935085099,0.0,0.16567891600086881,0.16567891600086881,0.8319550094412009,0.8319550094412009,77,77,196,196,0.8772134522895738
C5_cash_reg_cash_features_cash_full_clean_all_algos_hparams,bpi2017,pre+sim,candidate,,split_miner,dc30459a0be65696,38916,0.7650319346503849,0.8723812160130642,0.0,0.8723812160130642,0.0,0.1073492813626793,0.1073492813626793,0.876946821650649,0.876946821650649,28,28,196,196,0.7087004298946207
C5_cash_reg_cash_features_cash_full_clean_all_algos_hparams,bpi2017,gen+sim,candidate,,split_miner,dc30459a0be65696,38916,0.8792604640175905,0.8792604640175905,0.0,0.8792604640175905,0.0,0.0,0.0,1.0,1.0,1,1,196,196,0.8127782453845549
C5_cash_reg_cash_features_cash_full_clean_all_algos_hparams,bpi2017,mix-fit,candidate,HM,heuristics_miner,f64e1aefc4a69346,38916,0.8484283443957795,0.8744182289149186,0.0,0.8744182289149186,0.0,0.025989884519139084,0.025989884519139084,0.9702775129111954,0.9702775129111954,18,18,196,196,0.7871772621114475
C5_cash_reg_cash_features_cash_full_clean_all_algos_hparams,bpi2017,mix-prec,candidate,HM,heuristics_miner,f64e1aefc4a69346,38916,0.8980201102574767,0.9247332260272323,0.0,0.9247332260272323,0.0,0.026713115769755547,0.026713115769755547,0.9711126246814789,0.9711126246814789,19,19,196,196,0.8271557352302686
C5_cash_reg_cash_features_cash_full_clean_all_algos_hparams,bpi2017,mix-simp,candidate,,split_miner,8f7b9e3b70f29b9d,38916,0.7942661960491573,0.8548318499663207,0.0,0.8548318499663207,0.0,0.0605656539171634,0.0605656539171634,0.9291490438504957,0.9291490438504957,16,16,196,196,0.781850091119962
C5_cash_reg_cash_features_cash_full_clean_all_algos_hparams,bpi2017,mix-gen,candidate,,split_miner,dc30459a0be65696,38916,0.869423256707717,0.8969137795391169,0.0,0.8969137795391169,0.0,0.027490522831399855,0.027490522831399855,0.9693498712378731,0.9693498712378731,4,4,196,196,0.7937346252780872
C5_cash_reg_cash_features_cash_full_clean_all_algos_hparams,bpi2020_domestic,equal,candidate,,split_miner,2590df1e2c57e70c,38720,0.8413235137192283,0.9013014428805918,0.0,0.9013014428805918,0.0,0.059977929161363464,0.059977929161363464,0.9334540850509772,0.9334540850509772,52,52,196,196,0.8823977316020442
C5_cash_reg_cash_features_cash_full_clean_all_algos_hparams,bpi2020_domestic,fitn,candidate,IMd,inductive_miner_imd,4291c50fb5e0a873,38720,1.0,1.0,0.0,1.0,0.0,0.0,0.0,1.0,1.0,1,1,196,196,0.9992687568634733
C5_cash_reg_cash_features_cash_full_clean_all_algos_hparams,bpi2020_domestic,prec,candidate,,split_miner,c683f51b46a82958,38720,0.863880567316302,0.986007752461474,0.0,0.986007752461474,0.0,0.12212718514517196,0.12212718514517196,0.876139731315202,0.876139731315202,110,110,196,196,0.9294673807005409
C5_cash_reg_cash_features_cash_full_clean_all_algos_hparams,bpi2020_domestic,gene,candidate,IMf,inductive_miner_imf,49dca65ecc572022,38720,0.9066825262043146,0.9326053854610896,0.0,0.9326053854610896,0.0,0.025922859256775066,0.025922859256775066,0.9722038284778309,0.9722038284778309,45,45,196,196,0.9445286309406762
C5_cash_reg_cash_features_cash_full_clean_all_algos_hparams,bpi2020_domestic,simp,candidate,,heuristics_miner_plusplus,f70fdbed0663bd8d,38720,0.875,0.875,0.0,0.875,0.0,0.0,0.0,1.0,1.0,1,1,196,196,0.8111366186868338
C5_cash_reg_cash_features_cash_full_clean_all_algos_hparams,bpi2020_domestic,fit+pre,candidate,,split_miner,c683f51b46a82958,38720,0.9299613294064109,0.980580685505521,0.0,0.980580685505521,0.0,0.05061935609911017,0.05061935609911017,0.9483781836137082,0.9483781836137082,80,80,196,196,0.9549461292561534
C5_cash_reg_cash_features_cash_full_clean_all_algos_hparams,bpi2020_domestic,fit+gen,candidate,IMf,inductive_miner_imf,49dca65ecc572022,38720,0.9529492086056026,0.9529492086056026,0.0,0.9529492086056026,0.0,0.0,0.0,1.0,1.0,1,1,196,196,0.9713568794056247
C5_cash_reg_cash_features_cash_full_clean_all_algos_hparams,bpi2020_domestic,fit+sim,candidate,,heuristics_miner_plusplus,f70fdbed0663bd8d,38720,0.892967594352212,0.892967594352212,0.0,0.892967594352212,0.0,0.0,0.0,1.0,1.0,1,1,196,196,0.8724336282746272
C5_cash_reg_cash_features_cash_full_clean_all_algos_hparams,bpi2020_domestic,pre+gen,candidate,,split_miner,c683f51b46a82958,38720,0.848804298893888,0.957510356458128,0.0,0.957510356458128,0.0,0.10870605756424001,0.10870605756424001,0.8864700973404106,0.8864700973404106,117,117,196,196,0.9350103695632805
C5_cash_reg_cash_features_cash_full_clean_all_algos_hparams,bpi2020_domestic,pre+sim,candidate,,split_miner,2590df1e2c57e70c,38720,0.767761179180539,0.8607303005919194,0.0,0.8607303005919194,0.0,0.09296912141138036,0.09296912141138036,0.8919880927307358,0.8919880927307358,91,91,196,196,0.8043354393951544
C5_cash_reg_cash_features_cash_full_clean_all_algos_hparams,bpi2020_domestic,gen+sim,candidate,,heuristics_miner_plusplus,c87f2e948f724f6c,38720,0.7850417114192549,0.836843156586478,0.0,0.836843156586478,0.0,0.05180144516722307,0.05180144516722307,0.9380989797675785,0.9380989797675785,27,27,196,196,0.8384845672556155
C5_cash_reg_cash_features_cash_full_clean_all_algos_hparams,bpi2020_domestic,mix-fit,candidate,,split_miner,2590df1e2c57e70c,38720,0.8752823255043851,0.9217713572150562,0.0,0.9217713572150562,0.0,0.04648903171067109,0.04648903171067109,0.9495655496921404,0.9495655496921404,31,31,196,196,0.9018600435412651
C5_cash_reg_cash_features_cash_full_clean_all_algos_hparams,bpi2020_domestic,mix-prec,candidate,,split_miner,c683f51b46a82958,38720,0.8620432334717442,0.9396408568365918,0.0,0.9396408568365918,0.0,0.07759762336484766,0.07759762336484766,0.9174177848906135,0.9174177848906135,108,108,196,196,0.917650031355112
C5_cash_reg_cash_features_cash_full_clean_all_algos_hparams,bpi2020_domestic,mix-simp,candidate,,split_miner,2590df1e2c57e70c,38720,0.8206033216023596,0.8629620289245914,0.0,0.8629620289245914,0.0,0.04235870732223179,0.04235870732223179,0.9509147495457958,0.9509147495457958,28,28,196,196,0.8517136103634926
C5_cash_reg_cash_features_cash_full_clean_all_algos_hparams,bpi2020_domestic,mix-gen,candidate,,split_miner,c683f51b46a82958,38720,0.8073640721149347,0.88113234738198,0.0,0.88113234738198,0.0,0.07376827526704532,0.07376827526704532,0.9162801416992288,0.9162801416992288,66,66,196,196,0.8629935952459031
C5_cash_reg_cash_features_cash_full_clean_all_algos_hparams,bpi2020_international,equal,candidate,,split_miner,d668e32ff51abff6,38916,0.8489285261108875,0.8501918473231604,0.0,0.8501918473231604,0.0,0.0012633212122729054,0.0012633212122729054,0.9985140751275721,0.9985140751275721,3,3,196,196,0.8393565751173425
C5_cash_reg_cash_features_cash_full_clean_all_algos_hparams,bpi2020_international,fitn,candidate,IM,inductive_miner_im,cfc3cfd9b264bc4a,38916,1.0,1.0,0.0,1.0,0.0,0.0,0.0,1.0,1.0,1,1,196,196,0.9994856594334476
C5_cash_reg_cash_features_cash_full_clean_all_algos_hparams,bpi2020_international,prec,candidate,HM,heuristics_miner,3502fe6025e21858,38916,0.9619118334570856,1.0,0.0,1.0,0.0,0.03808816654291436,0.03808816654291436,0.9619118334570856,0.9619118334570856,12,12,196,196,0.926811698385863
C5_cash_reg_cash_features_cash_full_clean_all_algos_hparams,bpi2020_international,gene,candidate,HM,heuristics_miner,38309ceca35764db,38916,0.8845433655733372,0.9418786896404474,0.0,0.9418786896404474,0.0,0.05733532406711017,0.05733532406711017,0.9391266362667178,0.9391266362667178,40,40,196,196,0.9256551412780898
C5_cash_reg_cash_features_cash_full_clean_all_algos_hparams,bpi2020_international,simp,candidate,,heuristics_miner_plusplus,3df66697813e08ed,38916,0.6551724137931035,0.726190476190476,0.0,0.726190476190476,0.0,0.07101806239737252,0.07101806239737252,0.9022046353872247,0.9022046353872247,23,23,196,196,0.8248505825591486
C5_cash_reg_cash_features_cash_full_clean_all_algos_hparams,bpi2020_international,fit+pre,candidate,HM,heuristics_miner,3502fe6025e21858,38916,0.9201543612335759,0.9444725618292222,0.0,0.9444725618292222,0.0,0.024318200595646378,0.024318200595646378,0.97425208356657,0.97425208356657,12,12,196,196,0.9163902444617005
C5_cash_reg_cash_features_cash_full_clean_all_algos_hparams,bpi2020_international,fit+gen,candidate,IMf,inductive_miner_imf,417d3dbab29b85e7,38916,0.9511551196791703,0.9642924535411258,0.0,0.9642924535411258,0.0,0.01313733386195548,0.01313733386195548,0.9863761934320736,0.9863761934320736,9,9,196,196,0.9555238356130431
C5_cash_reg_cash_features_cash_full_clean_all_algos_hparams,bpi2020_international,fit+sim,candidate,,heuristics_miner_plusplus,3df66697813e08ed,38916,0.7730465419150024,0.8252695672008914,0.0,0.8252695672008914,0.0,0.05222302528588896,0.05222302528588896,0.9367200398979737,0.9367200398979737,51,51,196,196,0.855219436649036
C5_cash_reg_cash_features_cash_full_clean_all_algos_hparams,bpi2020_international,pre+gen,candidate,,split_miner,0136b6b42d072b6e,38916,0.865852440802336,0.9244692854293903,0.0,0.9244692854293903,0.0,0.0586168446270543,0.0586168446270543,0.9365940593690699,0.9365940593690699,23,23,196,196,0.8788278183680864
C5_cash_reg_cash_features_cash_full_clean_all_algos_hparams,bpi2020_international,pre+sim,candidate,,split_miner,0136b6b42d072b6e,38916,0.7323003275384228,0.863095238095238,0.0,0.863095238095238,0.0,0.13079491055681525,0.13079491055681525,0.8484583105272762,0.8484583105272762,31,31,196,196,0.7690430129398211
C5_cash_reg_cash_features_cash_full_clean_all_algos_hparams,bpi2020_international,gen+sim,candidate,,heuristics_miner_plusplus,3df66697813e08ed,38916,0.7474978920928612,0.8021013140485984,0.0,0.8021013140485984,0.0,0.0546034219557372,0.0546034219557372,0.9319245324756708,0.9319245324756708,48,48,196,196,0.8263912343794473
C5_cash_reg_cash_features_cash_full_clean_all_algos_hparams,bpi2020_international,mix-fit,candidate,,split_miner,d668e32ff51abff6,38916,0.8643185757317289,0.8651430903153831,0.0,0.8651430903153831,0.0,0.000824514583654179,0.000824514583654179,0.9990469616033648,0.9990469616033648,3,3,196,196,0.8550679380958537
C5_cash_reg_cash_features_cash_full_clean_all_algos_hparams,bpi2020_international,mix-prec,candidate,,split_miner,0136b6b42d072b6e,38916,0.8627865479177932,0.8789785552291673,0.0,0.8789785552291673,0.0,0.016192007311374157,0.016192007311374157,0.9815786093812578,0.9815786093812578,16,16,196,196,0.8661761907751997
C5_cash_reg_cash_features_cash_full_clean_all_algos_hparams,bpi2020_international,mix-simp,candidate,,split_miner,d668e32ff51abff6,38916,0.8251233679583388,0.8280233355013684,0.0,0.8280233355013684,0.0,0.002899967543029569,0.002899967543029569,0.9964977224448951,0.9964977224448951,3,3,196,196,0.8127671249758553
C5_cash_reg_cash_features_cash_full_clean_all_algos_hparams,bpi2020_international,mix-gen,candidate,,split_miner,0136b6b42d072b6e,38916,0.828101303379969,0.8352406043309378,0.0,0.8352406043309378,0.0,0.007139300950968819,0.007139300950968819,0.9914524019618423,0.9914524019618423,6,6,196,196,0.8241690506316445
C5_cash_reg_cash_features_cash_full_clean_all_algos_hparams,bpi2020_payment,equal,candidate,HM,heuristics_miner,76f9d2f741e58cc1,38916,0.8696763776738392,0.8696763776738392,0.0,0.8696763776738392,0.0,0.0,0.0,1.0,1.0,1,1,196,196,0.8939139252845154
C5_cash_reg_cash_features_cash_full_clean_all_algos_hparams,bpi2020_payment,fitn,candidate,IM,inductive_miner_im,560de7b4bb2edb08,38916,1.0,1.0,0.0,1.0,0.0,0.0,0.0,1.0,1.0,1,1,196,196,0.9999797218918289
C5_cash_reg_cash_features_cash_full_clean_all_algos_hparams,bpi2020_payment,prec,candidate,HM,heuristics_miner,d0ac158fa88b1db5,38916,0.9784248486226208,1.0,0.0,1.0,0.0,0.021575151377379198,0.021575151377379198,0.9784248486226208,0.9784248486226208,15,15,196,196,0.9713803463494497
C5_cash_reg_cash_features_cash_full_clean_all_algos_hparams,bpi2020_payment,gene,candidate,HM,heuristics_miner,d0ac158fa88b1db5,38916,0.8553120034843131,0.9042989365923124,0.0,0.9042989365923124,0.0,0.048986933107999286,0.048986933107999286,0.9458288281388478,0.9458288281388478,10,10,196,196,0.9273417081347712
C5_cash_reg_cash_features_cash_full_clean_all_algos_hparams,bpi2020_payment,simp,candidate,,heuristics_miner_plusplus,d8b237573094aaea,38916,0.8214285714285714,0.8214285714285714,0.0,0.8214285714285714,0.0,0.0,0.0,1.0,1.0,1,1,196,196,0.786320306019478
C5_cash_reg_cash_features_cash_full_clean_all_algos_hparams,bpi2020_payment,fit+pre,candidate,HM,heuristics_miner,76f9d2f741e58cc1,38916,0.9815103966807592,0.9825892284678609,0.0,0.9825892284678609,0.0,0.001078831787101664,0.001078831787101664,0.9989020520927306,0.9989020520927306,2,2,196,196,0.969854035220412
C5_cash_reg_cash_features_cash_full_clean_all_algos_hparams,bpi2020_payment,fit+gen,candidate,IMf,inductive_miner_imf,b5227fb408bd1324,38916,0.9514970823370221,0.9514970823370221,0.0,0.9514970823370221,0.0,0.0,0.0,1.0,1.0,1,1,196,196,0.9549904783994925
C5_cash_reg_cash_features_cash_full_clean_all_algos_hparams,bpi2020_payment,fit+sim,candidate,,heuristics_miner_plusplus,d8b237573094aaea,38916,0.8691224178435837,0.8691224178435837,0.0,0.8691224178435837,0.0,0.0,0.0,1.0,1.0,1,1,196,196,0.850275512120664
C5_cash_reg_cash_features_cash_full_clean_all_algos_hparams,bpi2020_payment,pre+gen,candidate,HM,heuristics_miner,d0ac158fa88b1db5,38916,0.916868426053467,0.916868426053467,0.0,0.916868426053467,0.0,0.0,0.0,1.0,1.0,1,1,196,196,0.9493610272421105
C5_cash_reg_cash_features_cash_full_clean_all_algos_hparams,bpi2020_payment,pre+sim,candidate,HM,heuristics_miner,d0ac158fa88b1db5,38916,0.8353662704651565,0.87,0.0,0.87,0.0,0.03463372953484345,0.03463372953484345,0.9601911154771915,0.9601911154771915,2,2,196,196,0.8464015403512936
C5_cash_reg_cash_features_cash_full_clean_all_algos_hparams,bpi2020_payment,gen+sim,candidate,HM,heuristics_miner,d0ac158fa88b1db5,38916,0.7738098478960027,0.7955758933524278,0.0,0.7955758933524278,0.0,0.02176604545642513,0.02176604545642513,0.9726411450644808,0.9726411450644808,11,11,196,196,0.8243822212439543
C5_cash_reg_cash_features_cash_full_clean_all_algos_hparams,bpi2020_payment,mix-fit,candidate,HM,heuristics_miner,76f9d2f741e58cc1,38916,0.9053177010011466,0.9053177010011466,0.0,0.9053177010011466,0.0,0.0,0.0,1.0,1.0,1,1,196,196,0.9134853999241541
C5_cash_reg_cash_features_cash_full_clean_all_algos_hparams,bpi2020_payment,mix-prec,candidate,HM,heuristics_miner,76f9d2f741e58cc1,38916,0.9102277500261443,0.9102277500261443,0.0,0.9102277500261443,0.0,0.0,0.0,1.0,1.0,1,1,196,196,0.9307110859411345
C5_cash_reg_cash_features_cash_full_clean_all_algos_hparams,bpi2020_payment,mix-simp,candidate,HM,heuristics_miner,76f9d2f741e58cc1,38916,0.829125005321534,0.829125005321534,0.0,0.829125005321534,0.0,0.0,0.0,1.0,1.0,1,1,196,196,0.8571167646278962
C5_cash_reg_cash_features_cash_full_clean_all_algos_hparams,bpi2020_payment,mix-gen,candidate,HM,heuristics_miner,76f9d2f741e58cc1,38916,0.8340350543465319,0.836099433132433,0.0,0.836099433132433,0.0,0.0020643787859010443,0.0020643787859010443,0.9975309410530673,0.9975309410530673,5,5,196,196,0.8743424506448769
C5_cash_reg_cash_features_cash_full_clean_all_algos_hparams,bpi2020_permit,equal,candidate,HM,heuristics_miner,5cc7ec79e87dedd7,38916,0.8271046223278868,0.8429076490043279,0.0,0.8429076490043279,0.0,0.015803026676441068,0.015803026676441068,0.9812517697578043,0.9812517697578043,11,11,196,196,0.8000147772577828
C5_cash_reg_cash_features_cash_full_clean_all_algos_hparams,bpi2020_permit,fitn,candidate,IMd,inductive_miner_imd,83bfdaba62b71641,38916,1.0,1.0,0.0,1.0,0.0,0.0,0.0,1.0,1.0,1,1,196,196,0.9564905487080533
C5_cash_reg_cash_features_cash_full_clean_all_algos_hparams,bpi2020_permit,prec,candidate,HM,heuristics_miner,2c03ee5b7554ea66,38916,0.82335775487396,0.9911533085603246,0.0,0.9911533085603246,0.0,0.16779555368636456,0.16779555368636456,0.8307067612677479,0.8307067612677479,41,41,196,196,0.9091699288295318
C5_cash_reg_cash_features_cash_full_clean_all_algos_hparams,bpi2020_permit,gene,candidate,AM,alpha_miner_classic,26f32bcd43f69421,38916,0.8552671808747483,0.9078165537742844,0.0,0.9078165537742844,0.0,0.052549372899536095,0.052549372899536095,0.9421145465115612,0.9421145465115612,62,62,196,196,0.8853517330170777
C5_cash_reg_cash_features_cash_full_clean_all_algos_hparams,bpi2020_permit,simp,candidate,,heuristics_miner_plusplus,18db7b1cbe4a0058,38916,0.7142857142857143,0.7142857142857143,0.0,0.7142857142857143,0.0,0.0,0.0,1.0,1.0,1,1,196,196,0.7085894787167524
C5_cash_reg_cash_features_cash_full_clean_all_algos_hparams,bpi2020_permit,fit+pre,candidate,HM,heuristics_miner,2c8e2a490446e681,38916,0.9037893999299951,0.9243881790529205,0.0,0.9243881790529205,0.0,0.020598779122925404,0.020598779122925404,0.9777163105395508,0.9777163105395508,10,10,196,196,0.9083587465310705
C5_cash_reg_cash_features_cash_full_clean_all_algos_hparams,bpi2020_permit,fit+gen,candidate,IMd,inductive_miner_imd,83bfdaba62b71641,38916,0.9326196869127699,0.9448808304983668,0.0,0.9448808304983668,0.0,0.012261143585596934,0.012261143585596934,0.9870236084913164,0.9870236084913164,7,7,196,196,0.9119767630168933
C5_cash_reg_cash_features_cash_full_clean_all_algos_hparams,bpi2020_permit,fit+sim,candidate,HM,heuristics_miner,9d8e1e9ac681354f,38916,0.8100352576635796,0.8272924879786688,0.0,0.8272924879786688,0.0,0.01725723031508919,0.01725723031508919,0.9791401099782087,0.9791401099782087,4,4,196,196,0.7854884151736656
C5_cash_reg_cash_features_cash_full_clean_all_algos_hparams,bpi2020_permit,pre+gen,candidate,HM,heuristics_miner,5cc7ec79e87dedd7,38916,0.8944839802190734,0.9322600772514231,0.0,0.9322600772514231,0.0,0.03777609703234974,0.03777609703234974,0.9594790145431039,0.9594790145431039,5,5,196,196,0.8528890719991931
C5_cash_reg_cash_features_cash_full_clean_all_algos_hparams,bpi2020_permit,pre+sim,candidate,,split_miner,69b1675b631db462,38916,0.6817076702144634,0.816594001468874,0.0,0.816594001468874,0.0,0.13488633125441052,0.13488633125441052,0.8348183662728608,0.8348183662728608,37,37,196,196,0.7647913904389863
C5_cash_reg_cash_features_cash_full_clean_all_algos_hparams,bpi2020_permit,gen+sim,candidate,,split_miner,ab7b9ae518a98cb1,38916,0.7720900950689603,0.7992898469819344,0.0,0.7992898469819344,0.0,0.02719975191297408,0.02719975191297408,0.965970102065379,0.965970102065379,14,14,196,196,0.7586437043947141
C5_cash_reg_cash_features_cash_full_clean_all_algos_hparams,bpi2020_permit,mix-fit,candidate,HM,heuristics_miner,72dd1fcc540d6286,38916,0.8432644015829521,0.8639118088087243,0.0,0.8639118088087243,0.0,0.020647407225772185,0.020647407225772185,0.9761000983951782,0.9761000983951782,14,14,196,196,0.8309492502110563
C5_cash_reg_cash_features_cash_full_clean_all_algos_hparams,bpi2020_permit,mix-prec,candidate,HM,heuristics_miner,5cc7ec79e87dedd7,38916,0.8662544868730816,0.8885842618048085,0.0,0.8885842618048085,0.0,0.022329774931726942,0.022329774931726942,0.9748703911474047,0.9748703911474047,9,9,196,196,0.838290418948882
C5_cash_reg_cash_features_cash_full_clean_all_algos_hparams,bpi2020_permit,mix-simp,candidate,HM,heuristics_miner,07e7913e3089eea9,38916,0.7803200297439585,0.81761289182125,0.0,0.81761289182125,0.0,0.03729286207729143,0.03729286207729143,0.9543881188147354,0.9543881188147354,18,18,196,196,0.7708247552226619
C5_cash_reg_cash_features_cash_full_clean_all_algos_hparams,bpi2020_permit,mix-gen,candidate,HM,heuristics_miner,5cc7ec79e87dedd7,38916,0.8161842511286834,0.8269571869508153,0.0,0.8269571869508153,0.0,0.010772935822131902,0.010772935822131902,0.986972801020263,0.986972801020263,6,6,196,196,0.7763377886169942
C5_cash_reg_cash_features_cash_full_clean_all_algos_hparams,bpi2020_prepaid,equal,candidate,HM,heuristics_miner,c37c655dba38045b,38916,0.7766899874288093,0.8668476328686328,0.0,0.8668476328686328,0.0,0.09015764543982341,0.09015764543982341,0.8959936648364979,0.8959936648364979,32,32,196,196,0.8265812123334326
C5_cash_reg_cash_features_cash_full_clean_all_algos_hparams,bpi2020_prepaid,fitn,candidate,IM,inductive_miner_im,f657a1c5652eae0e,38916,1.0,1.0,0.0,1.0,0.0,0.0,0.0,1.0,1.0,1,1,196,196,0.9996781444159651
C5_cash_reg_cash_features_cash_full_clean_all_algos_hparams,bpi2020_prepaid,prec,candidate,HM,heuristics_miner,bd6fd87dd8783fc5,38916,0.9851180847622129,0.9997522759645756,0.0,0.9997522759645756,0.0,0.014634191202362756,0.014634191202362756,0.9853621826584555,0.9853621826584555,3,3,196,196,0.8944917405204948
C5_cash_reg_cash_features_cash_full_clean_all_algos_hparams,bpi2020_prepaid,gene,candidate,IMf,inductive_miner_imf,6046e3eaa710f8f5,38916,0.859525024081783,0.9112866050560324,0.0,0.9112866050560324,0.0,0.05176158097424943,0.05176158097424943,0.9431994493422113,0.9431994493422113,68,68,196,196,0.9291983640643653
C5_cash_reg_cash_features_cash_full_clean_all_algos_hparams,bpi2020_prepaid,simp,candidate,,heuristics_miner_plusplus,b7e1e63c7acd9968,38916,0.8105263157894738,0.8241758241758241,0.0,0.8241758241758241,0.0,0.013649508386350373,0.013649508386350373,0.9834385964912282,0.9834385964912282,2,2,196,196,0.7702054186707895
C5_cash_reg_cash_features_cash_full_clean_all_algos_hparams,bpi2020_prepaid,fit+pre,candidate,HM,heuristics_miner,bd6fd87dd8783fc5,38916,0.9346981514753505,0.9548684615240937,0.0,0.9548684615240937,0.0,0.020170310048743145,0.020170310048743145,0.9788763469928112,0.9788763469928112,9,9,196,196,0.9011110660880508
C5_cash_reg_cash_features_cash_full_clean_all_algos_hparams,bpi2020_prepaid,fit+gen,candidate,IMf,inductive_miner_imf,8ed4d616fd3bcb77,38916,0.9452509384141062,0.949603353381388,0.0,0.949603353381388,0.0,0.004352414967281781,0.004352414967281781,0.9954165968856539,0.9954165968856539,2,2,196,196,0.9620483908320625
C5_cash_reg_cash_features_cash_full_clean_all_algos_hparams,bpi2020_prepaid,fit+sim,candidate,,heuristics_miner_plusplus,b7e1e63c7acd9968,38916,0.836479383032376,0.8494129668934964,0.0,0.8494129668934964,0.0,0.012933583861120423,0.012933583861120423,0.9847735031542766,0.9847735031542766,3,3,196,196,0.8232852279334195
C5_cash_reg_cash_features_cash_full_clean_all_algos_hparams,bpi2020_prepaid,pre+gen,candidate,,split_miner,ef11957285a67280,38916,0.8655576881701521,0.9409693886867966,0.0,0.9409693886867966,0.0,0.07541170051664448,0.07541170051664448,0.919857434871619,0.919857434871619,20,20,196,196,0.8694557923269824
C5_cash_reg_cash_features_cash_full_clean_all_algos_hparams,bpi2020_prepaid,pre+sim,candidate,,split_miner,ef11957285a67280,38916,0.7759225089189413,0.8334790489391193,0.0,0.8334790489391193,0.0,0.05755654002017796,0.05755654002017796,0.9309442269803447,0.9309442269803447,12,12,196,196,0.7651988422155385
C5_cash_reg_cash_features_cash_full_clean_all_algos_hparams,bpi2020_prepaid,gen+sim,candidate,HM,heuristics_miner,49a6424174530618,38916,0.7773476064288216,0.815098321546149,0.0,0.815098321546149,0.0,0.037750715117327416,0.037750715117327416,0.9536856915056351,0.9536856915056351,39,39,196,196,0.8125672545276843
C5_cash_reg_cash_features_cash_full_clean_all_algos_hparams,bpi2020_prepaid,mix-fit,candidate,HM,heuristics_miner,c37c655dba38045b,38916,0.7859172091381452,0.8887029376845874,0.0,0.8887029376845874,0.0,0.10278572854644219,0.10278572854644219,0.884341860268586,0.884341860268586,42,42,196,196,0.841372061265062
C5_cash_reg_cash_features_cash_full_clean_all_algos_hparams,bpi2020_prepaid,mix-prec,candidate,,split_miner,05bdee43b59155f1,38916,0.8672507124143802,0.9102502378418409,0.0,0.9102502378418409,0.0,0.04299952542746066,0.04299952542746066,0.9527607644141787,0.9527607644141787,12,12,196,196,0.8495423001860798
C5_cash_reg_cash_features_cash_full_clean_all_algos_hparams,bpi2020_prepaid,mix-simp,candidate,HM,heuristics_miner,280a284d0d3222a2,38916,0.7906344766538973,0.8311667650921324,0.0,0.8311667650921324,0.0,0.04053228843823509,0.04053228843823509,0.9512344692539021,0.9512344692539021,20,20,196,196,0.812347052156186
C5_cash_reg_cash_features_cash_full_clean_all_algos_hparams,bpi2020_prepaid,mix-gen,candidate,,split_miner,266d25291053242d,38916,0.8296576676798271,0.8449923280526782,0.0,0.8449923280526782,0.0,0.015334660372851139,0.015334660372851139,0.9818523081645125,0.9818523081645125,6,6,196,196,0.8186223143590322
C5_cash_reg_cash_features_cash_full_clean_all_algos_hparams,bpic15_1,equal,candidate,HM,heuristics_miner,19960b4a2c175fd9,38720,0.7029554252303153,0.7538067736145151,0.0,0.7538067736145151,0.0,0.0508513483841998,0.0508513483841998,0.9325406056775442,0.9325406056775442,5,5,196,196,0.7062834807917884
C5_cash_reg_cash_features_cash_full_clean_all_algos_hparams,bpic15_1,fitn,candidate,IMd,inductive_miner_imd,8ec8a2cb08851acf,38720,1.0,1.0,0.0,1.0,0.0,0.0,0.0,1.0,1.0,1,1,196,196,1.0
C5_cash_reg_cash_features_cash_full_clean_all_algos_hparams,bpic15_1,prec,candidate,HM,heuristics_miner,19960b4a2c175fd9,38720,0.8105507491031864,0.9967132292522596,0.0,0.9967132292522596,0.0,0.18616248014907322,0.18616248014907322,0.8132236287374921,0.8132236287374921,5,5,196,196,0.8074865923163059
C5_cash_reg_cash_features_cash_full_clean_all_algos_hparams,bpic15_1,gene,candidate,,heuristics_miner_plusplus,c94ba65f06d7de32,38720,0.7947596517508088,0.7947596517508088,0.0,0.7947596517508088,0.0,0.0,0.0,1.0,1.0,1,1,196,196,0.8181503303877156
C5_cash_reg_cash_features_cash_full_clean_all_algos_hparams,bpic15_1,simp,candidate,,heuristics_miner_plusplus,caf11f4837151737,38720,1.0,1.0,0.0,1.0,0.0,0.0,0.0,1.0,1.0,1,1,196,196,1.0
C5_cash_reg_cash_features_cash_full_clean_all_algos_hparams,bpic15_1,fit+pre,candidate,HM,heuristics_miner,19960b4a2c175fd9,38720,0.8142852813322995,0.8688577238297088,0.0,0.8688577238297088,0.0,0.054572442497409335,0.054572442497409335,0.9371905882854242,0.9371905882854242,3,3,196,196,0.8137138576472149
C5_cash_reg_cash_features_cash_full_clean_all_algos_hparams,bpic15_1,fit+gen,candidate,IMf,inductive_miner_imf,85716a3b710d56aa,38720,0.871727415992749,0.871727415992749,0.0,0.871727415992749,0.0,0.0,0.0,1.0,1.0,1,1,196,196,0.8757299188584529
C5_cash_reg_cash_features_cash_full_clean_all_algos_hparams,bpic15_1,fit+sim,candidate,,heuristics_miner_plusplus,3100e38788dd1d23,38720,0.8645266546833184,0.8645266546833184,0.0,0.8645266546833184,0.0,0.0,0.0,1.0,1.0,1,1,196,196,0.8604514603385625
C5_cash_reg_cash_features_cash_full_clean_all_algos_hparams,bpic15_1,pre+gen,candidate,HM,heuristics_miner,19960b4a2c175fd9,38720,0.7408033827043146,0.8387467991159434,0.0,0.8387467991159434,0.0,0.09794341641162885,0.09794341641162885,0.8832264796540944,0.8832264796540944,4,4,196,196,0.746719427592903
C5_cash_reg_cash_features_cash_full_clean_all_algos_hparams,bpic15_1,pre+sim,candidate,,split_miner,75171835d7aa6627,38720,0.7211064600617918,0.8214077863143173,0.0,0.8214077863143173,0.0,0.10030132625252552,0.10030132625252552,0.8778909478048891,0.8778909478048891,4,4,196,196,0.6728513450019855
C5_cash_reg_cash_features_cash_full_clean_all_algos_hparams,bpic15_1,gen+sim,candidate,,heuristics_miner_plusplus,c94ba65f06d7de32,38720,0.8973798258754044,0.8973798258754044,0.0,0.8973798258754044,0.0,0.0,0.0,1.0,1.0,1,1,196,196,0.9001704142343039
C5_cash_reg_cash_features_cash_full_clean_all_algos_hparams,bpic15_1,mix-fit,candidate,HM,heuristics_miner,19960b4a2c175fd9,38720,0.739917776176309,0.7829881701741386,0.0,0.7829881701741386,0.0,0.043070393997829526,0.043070393997829526,0.9449922800388535,0.9449922800388535,4,4,196,196,0.7411684421737361
C5_cash_reg_cash_features_cash_full_clean_all_algos_hparams,bpic15_1,mix-prec,candidate,HM,heuristics_miner,19960b4a2c175fd9,38720,0.7403605794403118,0.8104949307104616,0.0,0.8104949307104616,0.0,0.07013435127014989,0.07013435127014989,0.9134672548677489,0.9134672548677489,4,4,196,196,0.7439439348833194
C5_cash_reg_cash_features_cash_full_clean_all_algos_hparams,bpic15_1,mix-simp,candidate,,heuristics_miner_plusplus,2061bb50a1a3fd42,38720,0.7693268685987881,0.7694736087116352,0.0,0.7694736087116352,0.0,0.0001467401128470991,0.0001467401128470991,0.9998092980562481,0.9998092980562481,2,2,196,196,0.7678672871244813
C5_cash_reg_cash_features_cash_full_clean_all_algos_hparams,bpic15_1,mix-gen,candidate,,heuristics_miner_plusplus,c94ba65f06d7de32,38720,0.6858136742213338,0.7344918748892888,0.0,0.7344918748892888,0.0,0.04867820066795503,0.04867820066795503,0.9337253381117492,0.9337253381117492,5,5,196,196,0.6954648165393886
C5_cash_reg_cash_features_cash_full_clean_all_algos_hparams,bpic15_2,equal,candidate,HM,heuristics_miner,637b28b48831bbab,38720,0.739796087901852,0.739796087901852,0.0,0.739796087901852,0.0,0.0,0.0,1.0,1.0,1,1,196,196,0.6559614416889161
C5_cash_reg_cash_features_cash_full_clean_all_algos_hparams,bpic15_2,fitn,candidate,IM,inductive_miner_im,a128f54f3f029ba3,38720,1.0,1.0,0.0,1.0,0.0,0.0,0.0,1.0,1.0,1,1,196,196,0.9999998165717523
C5_cash_reg_cash_features_cash_full_clean_all_algos_hparams,bpic15_2,prec,candidate,,heuristics_miner_plusplus,865439c70c19e07f,38720,0.9017630241423126,0.9964080459770116,0.0,0.9964080459770116,0.0,0.09464502183469903,0.09464502183469903,0.9050137920736113,0.9050137920736113,4,4,196,196,0.6965590259404425
C5_cash_reg_cash_features_cash_full_clean_all_algos_hparams,bpic15_2,gene,candidate,,heuristics_miner_plusplus,c2fd9b7e6df88eea,38720,0.8434264748464657,0.8434264748464657,0.0,0.8434264748464657,0.0,0.0,0.0,1.0,1.0,1,1,196,196,0.8218882247199717
C5_cash_reg_cash_features_cash_full_clean_all_algos_hparams,bpic15_2,simp,candidate,,heuristics_miner_plusplus,c2fd9b7e6df88eea,38720,1.0,1.0,0.0,1.0,0.0,0.0,0.0,1.0,1.0,1,1,196,196,1.0
C5_cash_reg_cash_features_cash_full_clean_all_algos_hparams,bpic15_2,fit+pre,candidate,HM,heuristics_miner,2acb9ad2b65704cf,38720,0.8502184182082324,0.8552632687420797,0.0,0.8552632687420797,0.0,0.005044850533847289,0.005044850533847289,0.9941014062941493,0.9941014062941493,2,2,196,196,0.7014256439101769
C5_cash_reg_cash_features_cash_full_clean_all_algos_hparams,bpic15_2,fit+gen,candidate,IMf,inductive_miner_imf,9495b95840cb86ce,38720,0.846016250692231,0.888226048940476,0.0,0.888226048940476,0.0,0.042209798248245,0.042209798248245,0.9524785404587096,0.9524785404587096,3,3,196,196,0.8421699532978812
C5_cash_reg_cash_features_cash_full_clean_all_algos_hparams,bpic15_2,fit+sim,candidate,,heuristics_miner_plusplus,0088cc60808bb389,38720,0.8254047530607402,0.8502937315725136,0.0,0.8502937315725136,0.0,0.024888978511773407,0.024888978511773407,0.9707289639008108,0.9707289639008108,6,6,196,196,0.8444742002076129
C5_cash_reg_cash_features_cash_full_clean_all_algos_hparams,bpic15_2,pre+gen,candidate,,heuristics_miner_plusplus,865439c70c19e07f,38720,0.743295201627994,0.8135744140072105,0.0,0.8135744140072105,0.0,0.07027921237921653,0.07027921237921653,0.9136167372409604,0.9136167372409604,7,7,196,196,0.647677549672825
C5_cash_reg_cash_features_cash_full_clean_all_algos_hparams,bpic15_2,pre+sim,candidate,,split_miner,669d64647406c31e,38720,0.6600842690444948,0.7980406242956953,0.0,0.7980406242956953,0.0,0.13795635525120054,0.13795635525120054,0.8271311621849415,0.8271311621849415,8,8,196,196,0.5892847263664789
C5_cash_reg_cash_features_cash_full_clean_all_algos_hparams,bpic15_2,gen+sim,candidate,,heuristics_miner_plusplus,c2fd9b7e6df88eea,38720,0.9217132374232329,0.9217132374232329,0.0,0.9217132374232329,0.0,0.0,0.0,1.0,1.0,1,1,196,196,0.9109441123599858
C5_cash_reg_cash_features_cash_full_clean_all_algos_hparams,bpic15_2,mix-fit,candidate,HM,heuristics_miner,2acb9ad2b65704cf,38720,0.7633938478100979,0.7675374461630222,0.0,0.7675374461630222,0.0,0.004143598352924327,0.004143598352924327,0.9946014381791554,0.9946014381791554,2,2,196,196,0.6695921461361007
C5_cash_reg_cash_features_cash_full_clean_all_algos_hparams,bpic15_2,mix-prec,candidate,HM,heuristics_miner,2acb9ad2b65704cf,38720,0.788484130908654,0.790453222686223,0.0,0.790453222686223,0.0,0.0019690917775689876,0.0019690917775689876,0.9975089079011186,0.9975089079011186,2,2,196,196,0.6541381890851119
C5_cash_reg_cash_features_cash_full_clean_all_algos_hparams,bpic15_2,mix-simp,candidate,,heuristics_miner_plusplus,959836be7d8b6824,38720,0.7542404865356905,0.7666984383330109,0.0,0.7666984383330109,0.0,0.012457951797320344,0.012457951797320344,0.983751171028329,0.983751171028329,4,4,196,196,0.7680217255515143
C5_cash_reg_cash_features_cash_full_clean_all_algos_hparams,bpic15_2,mix-gen,candidate,,heuristics_miner_plusplus,c2fd9b7e6df88eea,38720,0.7056511174838063,0.7177077196779903,0.0,0.7177077196779903,0.0,0.01205660219418403,0.01205660219418403,0.9832012365707959,0.9832012365707959,3,3,196,196,0.7001558540962396
C5_cash_reg_cash_features_cash_full_clean_all_algos_hparams,bpic15_3,equal,candidate,,split_miner,303186df4c434740,38720,0.7060846537179045,0.7711497484903616,0.0,0.7711497484903616,0.0,0.06506509477245703,0.06506509477245703,0.9156258626812348,0.9156258626812348,4,4,196,196,0.6886480708718247
C5_cash_reg_cash_features_cash_full_clean_all_algos_hparams,bpic15_3,fitn,candidate,IM,inductive_miner_im,cb157b4e76e18e0f,38720,1.0,1.0,0.0,1.0,0.0,0.0,0.0,1.0,1.0,1,1,196,196,0.9999961819443438
C5_cash_reg_cash_features_cash_full_clean_all_algos_hparams,bpic15_3,prec,candidate,,heuristics_miner_plusplus,d7c29704d712763f,38720,0.7611961654027758,0.9713690786048932,0.0,0.9713690786048932,0.0,0.2101729132021174,0.2101729132021174,0.7836322796027505,0.7836322796027505,5,5,196,196,0.7944529071674509
C5_cash_reg_cash_features_cash_full_clean_all_algos_hparams,bpic15_3,gene,candidate,,heuristics_miner_plusplus,897d2fdf13e27e30,38720,0.7690804510999736,0.7690804510999736,0.0,0.7690804510999736,0.0,0.0,0.0,1.0,1.0,1,1,196,196,0.7954371327463532
C5_cash_reg_cash_features_cash_full_clean_all_algos_hparams,bpic15_3,simp,candidate,,heuristics_miner_plusplus,f962936e6a9ed9da,38720,1.0,1.0,0.0,1.0,0.0,0.0,0.0,1.0,1.0,1,1,196,196,0.9901743120998202
C5_cash_reg_cash_features_cash_full_clean_all_algos_hparams,bpic15_3,fit+pre,candidate,HM,heuristics_miner,8c3db9789edea2a4,38720,0.8726480175471594,0.8737992058502052,0.0,0.8737992058502052,0.0,0.0011511883030458359,0.0011511883030458359,0.9986825482383842,0.9986825482383842,2,2,196,196,0.7701032428914312
C5_cash_reg_cash_features_cash_full_clean_all_algos_hparams,bpic15_3,fit+gen,candidate,IMf,inductive_miner_imf,ae5fd4078833ca83,38720,0.8764050391703524,0.8764050391703524,0.0,0.8764050391703524,0.0,0.0,0.0,1.0,1.0,1,1,196,196,0.8582790115611632
C5_cash_reg_cash_features_cash_full_clean_all_algos_hparams,bpic15_3,fit+sim,candidate,,heuristics_miner_plusplus,e30bd75d50cd2bc0,38720,0.8866318702272058,0.8866318702272058,0.0,0.8866318702272058,0.0,0.0,0.0,1.0,1.0,1,1,196,196,0.852919928114789
C5_cash_reg_cash_features_cash_full_clean_all_algos_hparams,bpic15_3,pre+gen,candidate,HM,heuristics_miner,8c3db9789edea2a4,38720,0.7957133757665948,0.8335999035488251,0.0,0.8335999035488251,0.0,0.03788652778223023,0.03788652778223023,0.9545507051753022,0.9545507051753022,2,2,196,196,0.7096747149063807
C5_cash_reg_cash_features_cash_full_clean_all_algos_hparams,bpic15_3,pre+sim,candidate,,split_miner,303186df4c434740,38720,0.6302875968958161,0.806269466186586,0.0,0.806269466186586,0.0,0.17598186929076987,0.17598186929076987,0.7817331839154078,0.7817331839154078,6,6,196,196,0.6503694853890873
C5_cash_reg_cash_features_cash_full_clean_all_algos_hparams,bpic15_3,gen+sim,candidate,,heuristics_miner_plusplus,897d2fdf13e27e30,38720,0.8774480269684266,0.8774480269684266,0.0,0.8774480269684266,0.0,0.0,0.0,1.0,1.0,1,1,196,196,0.8789308942399687
C5_cash_reg_cash_features_cash_full_clean_all_algos_hparams,bpic15_3,mix-fit,candidate,HM,heuristics_miner,8c3db9789edea2a4,38720,0.7763484666061624,0.7997195004226063,0.0,0.7997195004226063,0.0,0.023371033816443898,0.023371033816443898,0.9707759610662318,0.9707759610662318,2,2,196,196,0.7090976201630863
C5_cash_reg_cash_features_cash_full_clean_all_algos_hparams,bpic15_3,mix-prec,candidate,HM,heuristics_miner,8c3db9789edea2a4,38720,0.7860309211863784,0.8166597019857156,0.0,0.8166597019857156,0.0,0.030628780799337174,0.030628780799337174,0.9624950506008034,0.9624950506008034,2,2,196,196,0.7093861675347333
C5_cash_reg_cash_features_cash_full_clean_all_algos_hparams,bpic15_3,mix-simp,candidate,,heuristics_miner_plusplus,ed9b720d3d6120a4,38720,0.7581844535217673,0.7807894458056361,0.0,0.7807894458056361,0.0,0.022604992283868808,0.022604992283868808,0.9710485427213421,0.9710485427213421,5,5,196,196,0.7689123644123634
C5_cash_reg_cash_features_cash_full_clean_all_algos_hparams,bpic15_3,mix-gen,candidate,,heuristics_miner_plusplus,ed9b720d3d6120a4,38720,0.6692190850398014,0.742579996558117,0.0,0.742579996558117,0.0,0.07336091151831559,0.07336091151831559,0.9012080693550246,0.9012080693550246,13,13,196,196,0.69202102866294
C5_cash_reg_cash_features_cash_full_clean_all_algos_hparams,bpic15_4,equal,candidate,HM,heuristics_miner,ef503d43d3be128e,38720,0.6548878951931785,0.7570912404815519,0.0,0.7570912404815519,0.0,0.10220334528837338,0.10220334528837338,0.865005246628707,0.865005246628707,16,16,196,196,0.6866132755300656
C5_cash_reg_cash_features_cash_full_clean_all_algos_hparams,bpic15_4,fitn,candidate,IMd,inductive_miner_imd,f68041a3f2d86846,38720,1.0,1.0,0.0,1.0,0.0,0.0,0.0,1.0,1.0,1,1,196,196,1.0
C5_cash_reg_cash_features_cash_full_clean_all_algos_hparams,bpic15_4,prec,candidate,HM,heuristics_miner,ef503d43d3be128e,38720,0.5860379177377892,0.9771181199752628,0.0,0.9771181199752628,0.0,0.39108020223747353,0.39108020223747353,0.59976159049494,0.59976159049494,18,18,196,196,0.7345446800303904
C5_cash_reg_cash_features_cash_full_clean_all_algos_hparams,bpic15_4,gene,candidate,,heuristics_miner_plusplus,cc6691e60725236c,38720,0.7963661343876818,0.8125621208083507,0.0,0.8125621208083507,0.0,0.016195986420668884,0.016195986420668884,0.9800680021798741,0.9800680021798741,7,7,196,196,0.8055682777862734
C5_cash_reg_cash_features_cash_full_clean_all_algos_hparams,bpic15_4,simp,candidate,,heuristics_miner_plusplus,c6f187cb03e5ba01,38720,1.0,1.0,0.0,1.0,0.0,0.0,0.0,1.0,1.0,1,1,196,196,1.0
C5_cash_reg_cash_features_cash_full_clean_all_algos_hparams,bpic15_4,fit+pre,candidate,HM,heuristics_miner,ef503d43d3be128e,38720,0.7105677786969731,0.8685599938464359,0.0,0.8685599938464359,0.0,0.15799221514946282,0.15799221514946282,0.818098673357276,0.818098673357276,11,11,196,196,0.7765512316633918
C5_cash_reg_cash_features_cash_full_clean_all_algos_hparams,bpic15_4,fit+gen,candidate,IMf,inductive_miner_imf,9a9adbfbf1882331,38720,0.8717994934557993,0.8717994934557993,0.0,0.8717994934557993,0.0,0.0,0.0,1.0,1.0,1,1,196,196,0.8551806700152558
C5_cash_reg_cash_features_cash_full_clean_all_algos_hparams,bpic15_4,fit+sim,candidate,,heuristics_miner_plusplus,b7cd85dacc03699b,38720,0.8675538703293734,0.8675538703293734,0.0,0.8675538703293734,0.0,0.0,0.0,1.0,1.0,1,1,196,196,0.846574454019074
C5_cash_reg_cash_features_cash_full_clean_all_algos_hparams,bpic15_4,pre+gen,candidate,HM,heuristics_miner,ef503d43d3be128e,38720,0.6374192782505862,0.8247132962569865,0.0,0.8247132962569865,0.0,0.18729401800640033,0.18729401800640033,0.772898025463581,0.772898025463581,19,19,196,196,0.709113031096104
C5_cash_reg_cash_features_cash_full_clean_all_algos_hparams,bpic15_4,pre+sim,candidate,,split_miner,5b48c7d654ed8287,38720,0.6721400742659136,0.7904575186873295,0.0,0.7904575186873295,0.0,0.1183174444214159,0.1183174444214159,0.850317769615375,0.850317769615375,8,8,196,196,0.6560981385845512
C5_cash_reg_cash_features_cash_full_clean_all_algos_hparams,bpic15_4,gen+sim,candidate,,heuristics_miner_plusplus,cc6691e60725236c,38720,0.8981830671938409,0.8981830671938409,0.0,0.8981830671938409,0.0,0.0,0.0,1.0,1.0,1,1,196,196,0.8952264079043117
C5_cash_reg_cash_features_cash_full_clean_all_algos_hparams,bpic15_4,mix-fit,candidate,HM,heuristics_miner,ef503d43d3be128e,38720,0.6806535719832147,0.7881543306724185,0.0,0.7881543306724185,0.0,0.10750075868920372,0.10750075868920372,0.8636044306227578,0.8636044306227578,13,13,196,196,0.7180885068701884
C5_cash_reg_cash_features_cash_full_clean_all_algos_hparams,bpic15_4,mix-prec,candidate,HM,heuristics_miner,ef503d43d3be128e,38720,0.6590364251169004,0.8064338134647024,0.0,0.8064338134647024,0.0,0.14739738834780203,0.14739738834780203,0.8172232043265463,0.8172232043265463,16,16,196,196,0.7136007689831462
C5_cash_reg_cash_features_cash_full_clean_all_algos_hparams,bpic15_4,mix-simp,candidate,,heuristics_miner_plusplus,2e08559807ced3d4,38720,0.777224606032683,0.7784157949851235,0.0,0.7784157949851235,0.0,0.001191188952440525,0.001191188952440525,0.998469726642092,0.998469726642092,2,2,196,196,0.7614262769349899
C5_cash_reg_cash_features_cash_full_clean_all_algos_hparams,bpic15_4,mix-gen,candidate,,heuristics_miner_plusplus,cc6691e60725236c,38720,0.7003930752142753,0.7260281502906851,0.0,0.7260281502906851,0.0,0.02563507507640983,0.02563507507640983,0.9646913483090895,0.9646913483090895,5,5,196,196,0.6867841805168902
C5_cash_reg_cash_features_cash_full_clean_all_algos_hparams,bpic15_5,equal,candidate,HM,heuristics_miner,5cf8270e1adc63ea,38720,0.6921655784811895,0.7432661612580866,0.0,0.7432661612580866,0.0,0.05110058277689711,0.05110058277689711,0.931248608586725,0.931248608586725,6,6,196,196,0.6947302705394466
C5_cash_reg_cash_features_cash_full_clean_all_algos_hparams,bpic15_5,fitn,candidate,IM,inductive_miner_im,4733bc57777f5304,38720,1.0,1.0,0.0,1.0,0.0,0.0,0.0,1.0,1.0,1,1,196,196,0.9999997994679112
C5_cash_reg_cash_features_cash_full_clean_all_algos_hparams,bpic15_5,prec,candidate,,heuristics_miner_plusplus,dedba80b394da480,38720,0.7815604659129839,0.9914236706689536,0.0,0.9914236706689536,0.0,0.20986320475596976,0.20986320475596976,0.7883213695973523,0.7883213695973523,7,7,196,196,0.7665623582019934
C5_cash_reg_cash_features_cash_full_clean_all_algos_hparams,bpic15_5,gene,candidate,,heuristics_miner_plusplus,4f603246d8186013,38720,0.8420322364834529,0.8420322364834529,0.0,0.8420322364834529,0.0,0.0,0.0,1.0,1.0,1,1,196,196,0.8227160441015957
C5_cash_reg_cash_features_cash_full_clean_all_algos_hparams,bpic15_5,simp,candidate,,heuristics_miner_plusplus,221a4f7fea93fc49,38720,1.0,1.0,0.0,1.0,0.0,0.0,0.0,1.0,1.0,1,1,196,196,1.0
C5_cash_reg_cash_features_cash_full_clean_all_algos_hparams,bpic15_5,fit+pre,candidate,HM,heuristics_miner,5cf8270e1adc63ea,38720,0.8057687960921467,0.8302814710249038,0.0,0.8302814710249038,0.0,0.024512674932757106,0.024512674932757106,0.9704766687103128,0.9704766687103128,6,6,196,196,0.7738252388786153
C5_cash_reg_cash_features_cash_full_clean_all_algos_hparams,bpic15_5,fit+gen,candidate,IMf,inductive_miner_imf,ba24ee5ec94fe512,38720,0.8240169893948553,0.8491470544465778,0.0,0.8491470544465778,0.0,0.02513006505172244,0.02513006505172244,0.9704055205513247,0.9704055205513247,2,2,196,196,0.8739549016909046
C5_cash_reg_cash_features_cash_full_clean_all_algos_hparams,bpic15_5,fit+sim,candidate,,heuristics_miner_plusplus,d7f9eb2c8083e016,38720,0.8417114109293543,0.8492461162887588,0.0,0.8492461162887588,0.0,0.007534705359404481,0.007534705359404481,0.9911277717791264,0.9911277717791264,2,2,196,196,0.8442572781301203
C5_cash_reg_cash_features_cash_full_clean_all_algos_hparams,bpic15_5,pre+gen,candidate,HM,heuristics_miner,5cf8270e1adc63ea,38720,0.7418555307648408,0.8116192280976056,0.0,0.8116192280976056,0.0,0.06976369733276477,0.06976369733276477,0.9140438090700643,0.9140438090700643,6,6,196,196,0.7237018612272412
C5_cash_reg_cash_features_cash_full_clean_all_algos_hparams,bpic15_5,pre+sim,candidate,HM,heuristics_miner,5cf8270e1adc63ea,38720,0.6373798308971572,0.7827816467542539,0.0,0.7827816467542539,0.0,0.14540181585709666,0.14540181585709666,0.8142498403482062,0.8142498403482062,8,8,196,196,0.6328656348126622
C5_cash_reg_cash_features_cash_full_clean_all_algos_hparams,bpic15_5,gen+sim,candidate,,heuristics_miner_plusplus,4f603246d8186013,38720,0.9210161182417265,0.9210161182417265,0.0,0.9210161182417265,0.0,0.0,0.0,1.0,1.0,1,1,196,196,0.9078027140246656
C5_cash_reg_cash_features_cash_full_clean_all_algos_hparams,bpic15_5,mix-fit,candidate,HM,heuristics_miner,5cf8270e1adc63ea,38720,0.7276688750688423,0.7619159908588385,0.0,0.7619159908588385,0.0,0.034247115789996285,0.034247115789996285,0.9550513229793318,0.9550513229793318,5,5,196,196,0.720573939737555
C5_cash_reg_cash_features_cash_full_clean_all_algos_hparams,bpic15_5,mix-prec,candidate,HM,heuristics_miner,5cf8270e1adc63ea,38720,0.7347622029168414,0.7845385057794597,0.0,0.7845385057794597,0.0,0.04977630286261836,0.04977630286261836,0.9365533973209329,0.9365533973209329,6,6,196,196,0.7221379004823981
C5_cash_reg_cash_features_cash_full_clean_all_algos_hparams,bpic15_5,mix-simp,candidate,,heuristics_miner_plusplus,c5adad8e441f40d8,38720,0.7677189214161869,0.7677189214161869,0.0,0.7677189214161869,0.0,0.0,0.0,1.0,1.0,1,1,196,196,0.7631639082869959
C5_cash_reg_cash_features_cash_full_clean_all_algos_hparams,bpic15_5,mix-gen,candidate,,heuristics_miner_plusplus,4f603246d8186013,38720,0.7059096551988334,0.7246163316573346,0.0,0.7246163316573346,0.0,0.018706676458501215,0.018706676458501215,0.9741840258889618,0.9741840258889618,4,4,196,196,0.6951779997931753
C5_cash_reg_cash_features_cash_full_clean_all_algos_hparams,hospital_billing,equal,candidate,HM,heuristics_miner,ac83307e4d4f5113,38720,0.8559084603861271,0.8734035144022313,0.0,0.8734035144022313,0.0,0.017495054016104183,0.017495054016104183,0.979969105084174,0.979969105084174,17,17,196,196,0.8521333623812863
C5_cash_reg_cash_features_cash_full_clean_all_algos_hparams,hospital_billing,fitn,candidate,IM,inductive_miner_im,2c560d263f20c6ba,38720,1.0,1.0,0.0,1.0,0.0,0.0,0.0,1.0,1.0,1,1,196,196,0.9982559750683461
C5_cash_reg_cash_features_cash_full_clean_all_algos_hparams,hospital_billing,prec,candidate,HM,heuristics_miner,7a05357aae8967ff,38720,0.994215882779832,1.0,0.0,1.0,0.0,0.005784117220168028,0.005784117220168028,0.994215882779832,0.994215882779832,43,43,196,196,0.9446514427411897
C5_cash_reg_cash_features_cash_full_clean_all_algos_hparams,hospital_billing,gene,candidate,,ilp_miner,e2125f543a253d76,38720,0.9170001683097062,0.974570314262808,0.0,0.974570314262808,0.0,0.05757014595310184,0.05757014595310184,0.9409276630833461,0.9409276630833461,29,29,196,196,0.9453405385088698
C5_cash_reg_cash_features_cash_full_clean_all_algos_hparams,hospital_billing,simp,candidate,,alpha_miner_plus,7569b62a51053867,38720,1.0,1.0,0.0,1.0,0.0,0.0,0.0,1.0,1.0,1,1,196,196,0.8614006476703114
C5_cash_reg_cash_features_cash_full_clean_all_algos_hparams,hospital_billing,fit+pre,candidate,HM,heuristics_miner,ac83307e4d4f5113,38720,0.95972912473552,0.9891405829759681,0.0,0.9891405829759681,0.0,0.029411458240448107,0.029411458240448107,0.970265643987673,0.970265643987673,54,54,196,196,0.9517794477590856
C5_cash_reg_cash_features_cash_full_clean_all_algos_hparams,hospital_billing,fit+gen,candidate,IM,inductive_miner_im,2c560d263f20c6ba,38720,0.9703358245231446,0.9872657861978589,0.0,0.9872657861978589,0.0,0.016929961674714278,0.016929961674714278,0.9828516677966582,0.9828516677966582,6,6,196,196,0.9641758442278185
C5_cash_reg_cash_features_cash_full_clean_all_algos_hparams,hospital_billing,fit+sim,candidate,IMf,inductive_miner_imf,cbe2657e29745971,38720,0.8176755977835459,0.8398776546991239,0.0,0.8398776546991239,0.0,0.022202056915577972,0.022202056915577972,0.9735651296455415,0.9735651296455415,9,9,196,196,0.8032694994004668
C5_cash_reg_cash_features_cash_full_clean_all_algos_hparams,hospital_billing,pre+gen,candidate,,split_miner,f2c69bcc39e1615b,38720,0.8856724803929459,0.9583893297505974,0.0,0.9583893297505974,0.0,0.07271684935765155,0.07271684935765155,0.9241259818944617,0.9241259818944617,58,58,196,196,0.9212312562443559
C5_cash_reg_cash_features_cash_full_clean_all_algos_hparams,hospital_billing,pre+sim,candidate,,split_miner,049d5cc2b287ea0b,38720,0.7883112050352385,0.8030539885899708,0.0,0.8030539885899708,0.0,0.014742783554732242,0.014742783554732242,0.9816416034734874,0.9816416034734874,11,11,196,196,0.8211582518108224
C5_cash_reg_cash_features_cash_full_clean_all_algos_hparams,hospital_billing,gen+sim,candidate,,alpha_miner_plus,7569b62a51053867,38720,0.9594156800838197,0.9594156800838197,0.0,0.9594156800838197,0.0,0.0,0.0,1.0,1.0,1,1,196,196,0.8709809689595167
C5_cash_reg_cash_features_cash_full_clean_all_algos_hparams,hospital_billing,mix-fit,candidate,HM,heuristics_miner,ac83307e4d4f5113,38720,0.8772786962625646,0.8999403930024692,0.0,0.8999403930024692,0.0,0.02266169673990459,0.02266169673990459,0.9748186691961915,0.9748186691961915,31,31,196,196,0.8787350052309302
C5_cash_reg_cash_features_cash_full_clean_all_algos_hparams,hospital_billing,mix-prec,candidate,HM,heuristics_miner,ac83307e4d4f5113,38720,0.916988652982645,0.9266041872906543,0.0,0.9266041872906543,0.0,0.009615534308009321,0.009615534308009321,0.9896228244595735,0.9896228244595735,14,14,196,196,0.8985761620597977
C5_cash_reg_cash_features_cash_full_clean_all_algos_hparams,hospital_billing,mix-simp,candidate,HM,heuristics_miner,ac83307e4d4f5113,38720,0.7948282677896091,0.8448731726232275,0.0,0.8448731726232275,0.0,0.05004490483361834,0.05004490483361834,0.9407663700834114,0.9407663700834114,25,25,196,196,0.8056905627027747
C5_cash_reg_cash_features_cash_full_clean_all_algos_hparams,hospital_billing,mix-gen,candidate,,split_miner,049d5cc2b287ea0b,38720,0.8574303226558113,0.8574303226558113,0.0,0.8574303226558113,0.0,0.0,0.0,1.0,1.0,1,1,196,196,0.8395888215710291
C5_cash_reg_cash_features_cash_full_clean_all_algos_hparams,road_traffic_fines,equal,candidate,,split_miner,6113e541b67a2122,38720,0.8437123399391977,0.9091484776358276,0.0,0.9091484776358276,0.0,0.06543613769662993,0.06543613769662993,0.92802480639159,0.92802480639159,77,77,196,196,0.8771058585804142
C5_cash_reg_cash_features_cash_full_clean_all_algos_hparams,road_traffic_fines,fitn,candidate,IMf,inductive_miner_imf,8a4d6618dcf349b1,38720,0.9883378207431168,1.0,0.0,1.0,0.0,0.011662179256883176,0.011662179256883176,0.9883378207431168,0.9883378207431168,12,12,196,196,0.9996823255182226
C5_cash_reg_cash_features_cash_full_clean_all_algos_hparams,road_traffic_fines,prec,candidate,,split_miner,2aeece8dc3a35a83,38720,0.9216861581503654,1.0,0.0,1.0,0.0,0.07831384184963464,0.07831384184963464,0.9216861581503654,0.9216861581503654,121,121,196,196,0.9787658785723355
C5_cash_reg_cash_features_cash_full_clean_all_algos_hparams,road_traffic_fines,gene,candidate,IMf,inductive_miner_imf,11a2a0f5b1456f60,38720,0.9915542309623429,0.9916370973254746,0.0,0.9916370973254746,0.0,8.286636313170614e-05,8.286636313170614e-05,0.9999164347891429,0.9999164347891429,2,2,196,196,0.9374710410776121
C5_cash_reg_cash_features_cash_full_clean_all_algos_hparams,road_traffic_fines,simp,candidate,,split_miner,2aeece8dc3a35a83,38720,0.8,0.8,0.0,0.8,0.0,0.0,0.0,1.0,1.0,1,1,196,196,0.6996607134614246
C5_cash_reg_cash_features_cash_full_clean_all_algos_hparams,road_traffic_fines,fit+pre,candidate,IMf,inductive_miner_imf,f3ca19198431b84a,38720,0.8549923755631552,0.9901742494392978,0.0,0.9901742494392978,0.0,0.13518187387614256,0.13518187387614256,0.8634766820560205,0.8634766820560205,146,146,196,196,0.9707613940205899
C5_cash_reg_cash_features_cash_full_clean_all_algos_hparams,road_traffic_fines,fit+gen,candidate,IMf,inductive_miner_imf,11a2a0f5b1456f60,38720,0.9953412031561973,0.9953412031561973,0.0,0.9953412031561973,0.0,0.0,0.0,1.0,1.0,1,1,196,196,0.9636417335561962
C5_cash_reg_cash_features_cash_full_clean_all_algos_hparams,road_traffic_fines,fit+sim,candidate,IMf,inductive_miner_imf,f3ca19198431b84a,38720,0.7812243881915513,0.869886942078606,0.0,0.869886942078606,0.0,0.08866255388705468,0.08866255388705468,0.8980757733008449,0.8980757733008449,73,73,196,196,0.829428495897427
C5_cash_reg_cash_features_cash_full_clean_all_algos_hparams,road_traffic_fines,pre+gen,candidate,,split_miner,2aeece8dc3a35a83,38720,0.9484100131930491,0.9899221054016767,0.0,0.9899221054016767,0.0,0.041512092208627616,0.041512092208627616,0.9580652942467798,0.9580652942467798,59,59,196,196,0.9446106521816404
C5_cash_reg_cash_features_cash_full_clean_all_algos_hparams,road_traffic_fines,pre+sim,candidate,,split_miner,2aeece8dc3a35a83,38720,0.8608430790751826,0.8710629687671056,0.0,0.8710629687671056,0.0,0.010219889691923001,0.010219889691923001,0.988267335361084,0.988267335361084,5,5,196,196,0.8392132960168801
C5_cash_reg_cash_features_cash_full_clean_all_algos_hparams,road_traffic_fines,gen+sim,candidate,,split_miner,2aeece8dc3a35a83,38720,0.8875669341178665,0.8875669341178665,0.0,0.8875669341178665,0.0,0.0,0.0,1.0,1.0,1,1,196,196,0.8050580696261849
C5_cash_reg_cash_features_cash_full_clean_all_algos_hparams,road_traffic_fines,mix-fit,candidate,IMf,inductive_miner_imf,f3ca19198431b84a,38720,0.8343983956906731,0.917489504487446,0.0,0.917489504487446,0.0,0.08309110879677295,0.08309110879677295,0.9094364476210639,0.9094364476210639,129,129,196,196,0.9042916392543341
C5_cash_reg_cash_features_cash_full_clean_all_algos_hparams,road_traffic_fines,mix-prec,candidate,,split_miner,d3dce081226a82e9,38720,0.9371214141247091,0.9485628625742423,0.0,0.9485628625742423,0.0,0.01144144844953321,0.01144144844953321,0.9879381231324164,0.9879381231324164,23,23,196,196,0.9197170707173377
C5_cash_reg_cash_features_cash_full_clean_all_algos_hparams,road_traffic_fines,mix-simp,candidate,IMf,inductive_miner_imf,f3ca19198431b84a,38720,0.8138044158181907,0.8891275547093468,0.0,0.8891275547093468,0.0,0.07532313889115605,0.07532313889115605,0.9152842148551127,0.9152842148551127,67,67,196,196,0.8378218844880783
C5_cash_reg_cash_features_cash_full_clean_all_algos_hparams,road_traffic_fines,mix-gen,candidate,,split_miner,2aeece8dc3a35a83,38720,0.9083681673400874,0.9083681673400874,0.0,0.9083681673400874,0.0,0.0,0.0,1.0,1.0,1,1,196,196,0.861507989798042
C5_cash_reg_cash_features_cash_full_clean_all_algos_hparams,sepsis,equal,candidate,,split_miner,1e39304010934723,38916,0.727641179927485,0.835724100545018,0.0,0.835724100545018,0.0,0.108082920617533,0.108082920617533,0.8706715283823374,0.8706715283823374,105,105,196,196,0.8173432380158017
C5_cash_reg_cash_features_cash_full_clean_all_algos_hparams,sepsis,fitn,candidate,IM,inductive_miner_im,be54d62d3cd08d92,38916,1.0,1.0,0.0,1.0,0.0,0.0,0.0,1.0,1.0,1,1,196,196,0.9994323526043274
C5_cash_reg_cash_features_cash_full_clean_all_algos_hparams,sepsis,prec,candidate,,heuristics_miner_plusplus,04a073ebe7505fd4,38916,0.9951224270802848,1.0,0.0,1.0,0.0,0.004877572919715245,0.004877572919715245,0.9951224270802848,0.9951224270802848,12,12,196,196,0.8869765048155702
C5_cash_reg_cash_features_cash_full_clean_all_algos_hparams,sepsis,gene,candidate,IMd,inductive_miner_imd,bb9f6a60ba9a474f,38916,0.9266596408851776,0.9290801678868448,0.0,0.9290801678868448,0.0,0.002420527001667172,0.002420527001667172,0.9973947059841213,0.9973947059841213,2,2,196,196,0.951778351133069
C5_cash_reg_cash_features_cash_full_clean_all_algos_hparams,sepsis,simp,candidate,,split_miner,b7d54f8e4cdf082a,38916,0.7288135593220337,0.7567567567567567,0.0,0.7567567567567567,0.0,0.027943197434722955,0.027943197434722955,0.9630750605326875,0.9630750605326875,3,3,196,196,0.7166681669337988
C5_cash_reg_cash_features_cash_full_clean_all_algos_hparams,sepsis,fit+pre,candidate,HM,heuristics_miner,ce0ee80f1a60502d,38916,0.9313396368894453,0.9487189551442285,0.0,0.9487189551442285,0.0,0.017379318254783227,0.017379318254783227,0.9816812785698572,0.9816812785698572,29,29,196,196,0.8670875258061128
C5_cash_reg_cash_features_cash_full_clean_all_algos_hparams,sepsis,fit+gen,candidate,IMf,inductive_miner_imf,d2347a45df322d9c,38916,0.9633298204425889,0.9633298204425889,0.0,0.9633298204425889,0.0,0.0,0.0,1.0,1.0,1,1,196,196,0.9748187248739004
C5_cash_reg_cash_features_cash_full_clean_all_algos_hparams,sepsis,fit+sim,candidate,IMf,inductive_miner_imf,aca8a143c5e4f9c1,38916,0.7900670904768077,0.8140244733789898,0.0,0.8140244733789898,0.0,0.02395738290218208,0.02395738290218208,0.9705692105266371,0.9705692105266371,19,19,196,196,0.8043759324707572
C5_cash_reg_cash_features_cash_full_clean_all_algos_hparams,sepsis,pre+gen,candidate,,split_miner,4e4eec1b8e924405,38916,0.9195596502658471,0.9381130457761724,0.0,0.9381130457761724,0.0,0.01855339551032531,0.01855339551032531,0.9802226441750688,0.9802226441750688,25,25,196,196,0.8837990010031407
C5_cash_reg_cash_features_cash_full_clean_all_algos_hparams,sepsis,pre+sim,candidate,,split_miner,b7d54f8e4cdf082a,38916,0.6110510749630302,0.8491941359263719,0.0,0.8491941359263719,0.0,0.2381430609633417,0.2381430609633417,0.7195658202425581,0.7195658202425581,119,119,196,196,0.7755656735305336
C5_cash_reg_cash_features_cash_full_clean_all_algos_hparams,sepsis,gen+sim,candidate,AM,alpha_miner_classic,3cde4651154418a0,38916,0.6957198961675222,0.8216829410862796,0.0,0.8216829410862796,0.0,0.12596304491875743,0.12596304491875743,0.8467011561025813,0.8467011561025813,76,76,196,196,0.8230075782191062
C5_cash_reg_cash_features_cash_full_clean_all_algos_hparams,sepsis,mix-fit,candidate,,split_miner,1e39304010934723,38916,0.7315930631035252,0.8604442533384715,0.0,0.8604442533384715,0.0,0.1288511902349463,0.1288511902349463,0.8502503913123813,0.8502503913123813,110,110,196,196,0.8218081474696779
C5_cash_reg_cash_features_cash_full_clean_all_algos_hparams,sepsis,mix-prec,candidate,,split_miner,1bc50cb8e444e582,38916,0.730844430207383,0.8992786495573217,0.0,0.8992786495573217,0.0,0.16843421934993874,0.16843421934993874,0.8127007469455079,0.8127007469455079,117,117,196,196,0.8302124793095602
C5_cash_reg_cash_features_cash_full_clean_all_algos_hparams,sepsis,mix-simp,candidate,,split_miner,1e39304010934723,38916,0.7445541805229394,0.7905131280697297,0.0,0.7905131280697297,0.0,0.04595894754679031,0.04595894754679031,0.9418618794364458,0.9418618794364458,47,47,196,196,0.8051577696727539
C5_cash_reg_cash_features_cash_full_clean_all_algos_hparams,sepsis,mix-gen,candidate,,split_miner,1e39304010934723,38916,0.7236892967514448,0.8286673700233692,0.0,0.8286673700233692,0.0,0.10497807327192443,0.10497807327192443,0.8733169941650243,0.8733169941650243,100,100,196,196,0.8128783285619254
